id,type,term,sense,translation,example_de,example_en,levels,part_of_speech,native_frequency_rating,native_frequency_label,native_frequency_notes,rated_by,rated_at,corpus_rank,register,regional_labels,contexts,tags,gender,plural,genitive_singular,is_reflexive,is_separable,auxiliary,present_er_sie_es,praeteritum,partizip_ii,valency,collocations,synonyms,antonyms,false_friends,source_name,source_url,review_status
1,vocabulary,ab,starting from a point in time or location,"from, starting at",Ab morgen muss ich arbeiten.,"Starting tomorrow, I have to work.",A1,preposition,5,essential,Core temporal/spatial preposition,curator,2026-03-28,45,neutral,DACH,daily life|work,preposition|time,,,,false,false,,,,,+ Dativ,ab morgen|ab sofort|ab hier,von ... an,bis,not English 'off',Goethe-Zertifikat A1 Start Deutsch 1 Wortliste,https://www.goethe.de,verified
2,vocabulary,Abend,latter part of the day between afternoon and night,evening,Heute Abend machen wir eine Party.,Tonight we are throwing a party.,A1,noun,5,essential,Core daytime and greeting noun,curator,2026-03-28,52,neutral,DACH,time|calendar,noun|time,der,Abende,Abends,false,false,,,,,,none,heute Abend|am Abend|guten Abend,Abendstunde|Feierabend,Morgen,Goethe-Zertifikat A1 Start Deutsch 1 Wortliste,https://www.goethe.de,verified
3,vocabulary,aber,signals contrast or qualification,"but, however","Ich bin oft im Büro, aber nur für wenige Stunden.","I am often at the office, but only for a few hours.",A1,conjunction,5,essential,Core coordinating conjunction,curator,2026-03-28,12,neutral,DACH,general|communication,conjunction|connector,,,,false,false,,,,,,jedoch|allerdings,jedoch,not English 'ever',,Goethe-Zertifikat A1 Start Deutsch 1 Wortliste,https://www.goethe.de,verified
4,vocabulary,abfahren,to leave or depart (vehicle),"to depart, to leave",Wir fahren um zwölf Uhr ab.,We depart at twelve o'clock.,A1,verb,4,very_common,Standard travel verb,curator,2026-03-28,410,neutral,DACH,travel|transport,verb|transport,,,,false,true,sein,fährt ab,fuhr ab,abgefahren,intransitive,pünktlich abfahren|mit dem Zug abfahren,abreisen|losfahren,ankommen,,Goethe-Zertifikat A1 Start Deutsch 1 Wortliste,https://www.goethe.de,verified
5,vocabulary,Abfahrt,the action of departing,departure,Vor der Abfahrt rufe ich an.,"Before the departure, I will call.",A1,noun,4,very_common,Standard transport noun,curator,2026-03-28,620,neutral,DACH,travel|transport,noun|transport,die,Abfahrten,Abfahrt,false,false,,,,,,intransitive,vor der Abfahrt|Abfahrt um,Abreise,Ankunft,Goethe-Zertifikat A1 Start Deutsch 1 Wortliste,https://www.goethe.de,verified
6,vocabulary,Abfahrtszeit,scheduled clock time when a vehicle departs,departure time,Wann ist die Abfahrtszeit des Busses?,When is the departure time of the bus?,A1,noun,4,very_common,Transit travel schedule noun,curator,2026-03-28,790,neutral,DACH,travel|transport,noun|time,die,Abfahrtszeiten,Abfahrtszeit,false,false,,,,,,none,Abfahrtszeit beachten|planmäßige Abfahrtszeit,Abfahrt|Startzeit,Ankunftszeit,Goethe-Zertifikat A1 Start Deutsch 1 Wortliste,https://www.goethe.de,verified
7,vocabulary,abfliegen,to depart by airplane from a runway,to depart (by air); to take off,Wann fliegst du ab?,When do you fly out?,A1,verb,3,common,Aviation and travel schedule verb,curator,2026-03-28,780,neutral,DACH,travel|transport,verb|transport,,,,false,true,sein,fliegt ab,flog ab,abgeflogen,intransitive,pünktlich abfliegen|am Vormittag abfliegen,starten,landen|ankommen,,Goethe-Zertifikat A1 Start Deutsch 1 Wortliste,https://www.goethe.de,verified
8,vocabulary,Abflug,act of an aircraft leaving the ground or departing,departure (flight),Der Abflug ist um 11.20 Uhr.,The flight departure is at 11:20.,A1,noun,4,very_common,Airport and flight schedule noun,curator,2026-03-28,680,neutral,DACH,travel|transport,noun|transport,der,Abflüge,Abflugs,false,false,,,,,,none,vor dem Abflug|Zeit des Abflugs,Start|Abflugzeit,Landung|Ankunft,Goethe-Zertifikat A1 Start Deutsch 1 Wortliste,https://www.goethe.de,verified
9,vocabulary,abgeben,to hand over or deliver something,"to hand in, to submit, to drop off",Ich muss meine Schlüssel abgeben.,I have to hand in my keys.,A1,verb,4,very_common,Everyday administrative/daily verb,curator,2026-03-28,510,neutral,DACH,daily life|administrative,verb,,,,false,true,haben,gibt ab,gab ab,abgegeben,+ Akkusativ; + Dativ,Schlüssel abgeben|Unterlagen abgeben,einreichen|aushändigen,abholen,,Goethe-Zertifikat A1 Start Deutsch 1 Wortliste,https://www.goethe.de,verified
10,vocabulary,abholen,to collect or fetch someone or something,"to pick up, to collect",Wann kann ich den Schrank bei dir abholen? / Wir müssen noch meinen Bruder abholen.,When can I pick up the cupboard from your place? / We still have to pick up my brother.,A1,verb,4,very_common,Everyday scheduling verb,curator,2026-03-28,480,neutral,DACH,daily life|travel,verb,,,,false,true,haben,holt ab,holte ab,abgeholt,+ Akkusativ,am Bahnhof abholen|ein Paket abholen,mitnehmen|herbeiholen,bringen,,Goethe-Zertifikat A1 Start Deutsch 1 Wortliste,https://www.goethe.de,verified
11,vocabulary,Absender,person sending a postal item,"sender, return address",Da ist ein Brief für dich ohne Absender.,There is a letter for you without a sender.,A1,noun,3,common,Postal correspondence vocabulary,curator,2026-03-28,1420,neutral,DACH,mail|communication,noun|post,der,Absender,Absenders,false,false,,,,,,none,Absender angeben|ohne Absender,Briefabsender,Empfänger,Goethe-Zertifikat A1 Start Deutsch 1 Wortliste,https://www.goethe.de,verified
12,vocabulary,acht,cardinal number following seven and preceding nine,eight,Die Praxis ist ab acht Uhr geöffnet.,The practice is open from eight o'clock.,A1,numeral,5,essential,Fundamental cardinal number,curator,2026-03-28,82,neutral,DACH,numbers|general,numeral,,,,false,false,,,,,none,acht Stunden|Schalter acht,Achtel,,,Goethe-Zertifikat A1 Start Deutsch 1 Wortliste,https://www.goethe.de,verified
13,vocabulary,Achtung,call for caution or alert,"attention, caution",Achtung! Das dürfen Sie nicht tun.,Attention! You must not do that.,A1,interjection,4,very_common,Standard warning signal,curator,2026-03-28,320,neutral,DACH,public|safety,interjection,,,,false,false,,,,,none,Achtung geben|Achtung baby,Vorsicht|Aufpassen,,,Goethe-Zertifikat A1 Start Deutsch 1 Wortliste,https://www.goethe.de,verified
14,vocabulary,achtzehn,cardinal number following seventeen and preceding nineteen,eighteen,Sind Sie über achtzehn?,Are you over eighteen?,A1,numeral,4,very_common,Cardinal number and age of majority,curator,2026-03-28,180,neutral,DACH,numbers|general,numeral,,,,false,false,,,,,none,achtzehn Jahre alt|um achtzehn Uhr,Achtzehntel,,,Goethe-Zertifikat A1 Start Deutsch 1 Wortliste,https://www.goethe.de,verified
15,vocabulary,achtzig,cardinal number equal to eight tens,eighty,Mein Großvater ist schon achtzig.,My grandfather is already eighty.,A1,numeral,4,very_common,Core cardinal ten-unit,curator,2026-03-28,170,neutral,DACH,numbers|general,numeral,,,,false,false,,,,,none,achtzig Jahre alt|achtzig Prozent,Achtzigstel,,,Goethe-Zertifikat A1 Start Deutsch 1 Wortliste,https://www.goethe.de,verified
16,vocabulary,Adresse,details of where someone lives or an office is located,address,Können Sie mir seine Adresse sagen?,Can you tell me his address?,A1,noun,4,very_common,Core identity and contact term,curator,2026-03-28,390,neutral,DACH,identity|communication,noun|contact,die,Adressen,Adresse,false,false,,,,,,none,Adresse angeben|genaue Adresse,Wohnanschrift|Anschrift,,Goethe-Zertifikat A1 Start Deutsch 1 Wortliste,https://www.goethe.de,verified
17,vocabulary,all-,referring to the whole quantity or every member,"all, everything, everyone",Alles Gute! / Das ist alles. / Sind alle da? / Alle Freunde kommen. / Hast du alles?,All the best! / That is all. / Is everyone here? / All friends are coming. / Do you have everything?,A1,pronoun,5,essential,Fundamental universal determiner/pronoun,curator,2026-03-28,18,neutral,DACH,general,pronoun,,,,false,false,,,,,none,alles Gute|vor allem|alle zusammen,gesamt|jeder,nichts|niemand,,Goethe-Zertifikat A1 Start Deutsch 1 Wortliste,https://www.goethe.de,verified
18,vocabulary,allein,without company or assistance,"alone, by oneself",Er kommt allein.,He is coming alone.,A1,adjective,4,very_common,Common state descriptor,curator,2026-03-28,210,neutral,DACH,personal|social,adjective|adverb,,,,false,false,,,,,none,allein leben|ganz allein,einsam|selbstständig,zusammen|gemeinsam,,Goethe-Zertifikat A1 Start Deutsch 1 Wortliste,https://www.goethe.de,verified
19,vocabulary,also,"consequently, therefore, or conversational 'well'","so, therefore, well","Also, es ist so ... / Er hat Zeit, also muss er uns helfen.","Well, it is like this ... / He has time, so he must help us.",A1,adverb,5,essential,Frequent discourse marker and conjunctional adverb,curator,2026-03-28,35,neutral,DACH,communication,discourse marker,,,,false,false,,,,,none,also gut|also dann,folglich|daher,,not English 'also' (means so/therefore),Goethe-Zertifikat A1 Start Deutsch 1 Wortliste,https://www.goethe.de,verified
20,vocabulary,alt,having lived or existed for a long time,old,Wie alt sind Sie? / Sie sehen aber nicht so alt aus. / Mein Auto ist schon sehr alt. / Wir wohnen in einem sehr alten Haus. / Köln ist eine alte Stadt.,How old are you? / But you do not look that old. / My car is already very old. / We live in a very old house. / Cologne is an old city.,A1,adjective,5,essential,Core descriptive adjective,curator,2026-03-28,65,neutral,DACH,identity|description,adjective|age,,,,false,false,,,,,none,wie alt|alt werden|altes Haus,bejahrt|antik,jung|neu,,Goethe-Zertifikat A1 Start Deutsch 1 Wortliste,https://www.goethe.de,verified
21,vocabulary,Alter,number of years someone has lived,age,Alter: 26 Jahre.,Age: 26 years.,A1,noun,4,very_common,Core form-filling vocabulary,curator,2026-03-28,490,neutral,DACH,identity|official forms,noun|identity,das,Alter,Alters,false,false,,,,,,none,im Alter von|hohes Alter,Lebensalter,,Goethe-Zertifikat A1 Start Deutsch 1 Wortliste,https://www.goethe.de,verified
22,vocabulary,an,"touching a surface, at a border, or on a specific day","at, on, to",Fahren Sie an der nächsten Straße nach rechts. / Wir treffen uns am Bahnhof. / Am nächsten Montag geht es leider nicht.,Turn right at the next street. / We meet at the train station. / Next Monday unfortunately doesn't work.,A1,preposition,5,essential,Core two-way preposition and temporal marker,curator,2026-03-28,8,neutral,DACH,spatial|temporal,preposition,,,,false,false,,,,,+ Dativ / + Akkusativ,am Bahnhof|am Montag|an der Ecke,bei|neben,,,Goethe-Zertifikat A1 Start Deutsch 1 Wortliste,https://www.goethe.de,verified
23,phrase,an sein,to be switched on or functioning (lights/appliances),to be on,Heute Nacht war das Licht an.,Last night the light was on.,A1,phrase,4,very_common,Common colloquial state predicate,curator,2026-03-28,340,neutral,DACH,household|daily life,phrase,,,,false,false,sein,ist an,war an,gewesen sein,intransitive,das Licht ist an|der Fernseher ist an,eingeschaltet sein,aus sein,,Goethe-Zertifikat A1 Start Deutsch 1 Wortliste,https://www.goethe.de,verified
24,vocabulary,anbieten,to present something for acceptance or purchase,to offer,Was darf ich dir anbieten?,What may I offer you?,A1,verb,4,very_common,Polite hospitality and commercial verb,curator,2026-03-28,320,neutral,DACH,social|shopping,verb,,,,false,true,haben,bietet an,bot an,angeboten,+ Dativ + Akkusativ,Hilfe anbieten|Kaffee anbieten,offerieren|vorschlagen,ablehnen,,Goethe-Zertifikat A1 Start Deutsch 1 Wortliste,https://www.goethe.de,verified
25,vocabulary,ander-,different from the one mentioned,"other, different","Willst du diese Jacke? - Nein, ich möchte die andere.","Do you want this jacket? - No, I would like the other one.",A1,pronoun,5,essential,Fundamental comparative determiner,curator,2026-03-28,38,neutral,DACH,general,pronoun|adjective,,,,false,false,,,,,none,die anderen|ein anderer Tag,weitere|unterschiedlich,selbe|gleiche,,Goethe-Zertifikat A1 Start Deutsch 1 Wortliste,https://www.goethe.de,verified
26,vocabulary,Anfang,the start or beginning of a period or place,"beginning, start",Sie wohnt am Anfang der Straße. / Wir machen Anfang Juli Urlaub.,She lives at the beginning of the street. / We are taking vacation at the beginning of July.,A1,noun,4,very_common,Core temporal/spatial noun,curator,2026-03-28,210,neutral,DACH,temporal|spatial,noun,der,Anfänge,Anfangs,false,false,,,,,,none,am Anfang|von Anfang an,Beginn|Start,Ende|Schluss,Goethe-Zertifikat A1 Start Deutsch 1 Wortliste,https://www.goethe.de,verified
27,vocabulary,anfangen,to commence or start an activity/location,"to begin, to start",Hier fängt die Bahnhofstraße an. / Der Unterricht fängt gleich an.,This is where Bahnhofstraße starts. / The class starts in a moment.,A1,verb,5,essential,Core action verb,curator,2026-03-28,140,neutral,DACH,general|education,verb,,,,false,true,haben,fängt an,fing an,angefangen,intransitive; mit + Dativ,gleich anfangen|von vorne anfangen,beginnen|starten,aufhören|beenden,,Goethe-Zertifikat A1 Start Deutsch 1 Wortliste,https://www.goethe.de,verified
28,vocabulary,Angebot,special promotion or price reduction; an offer,"offer, special offer, sale",Heute sind Sportschuhe im Angebot.,Today sports shoes are on special offer.,A1,noun,4,very_common,Retail and commercial term,curator,2026-03-28,290,neutral,DACH,shopping|business,noun|commerce,das,Angebote,Angebots,false,false,,,,,,none,im Angebot sein|ein Angebot machen,Sonderangebot|Offerte,Nachfrage,Goethe-Zertifikat A1 Start Deutsch 1 Wortliste,https://www.goethe.de,verified
29,vocabulary,anklicken,to select an item on a screen using a mouse,to click on,Da musst du dieses Wort anklicken.,You have to click on this word there.,A1,verb,3,common,Basic digital literacy term,curator,2026-03-28,1250,neutral,DACH,technology|internet,verb|digital,,,,false,true,haben,klickt an,klickte an,angeklickt,+ Akkusativ,einen Link anklicken|ein Symbol anklicken,klicken|auswählen,einen Link anklicken,,Goethe-Zertifikat A1 Start Deutsch 1 Wortliste,https://www.goethe.de,verified
30,vocabulary,ankommen,to reach a destination,to arrive,Wann kommt dieser Zug in Hamburg an?,When does this train arrive in Hamburg?,A1,verb,4,very_common,Essential travel verb,curator,2026-03-28,220,neutral,DACH,travel|transport,verb|transport,,,,false,true,sein,kommt an,kam an,angekommen,intransitive; in/an + Dativ,pünktlich ankommen|gut ankommen,eintreffen|erreichen,abfahren|abreisen,,Goethe-Zertifikat A1 Start Deutsch 1 Wortliste,https://www.goethe.de,verified
31,vocabulary,ankreuzen,to mark an option with a cross on a form/test,"to check, to tick, to cross",Auf dem Formular müssen Sie an mehreren Stellen etwas ankreuzen.,On the form you have to cross something in several places.,A1,verb,3,common,Instructional exam/form vocabulary,curator,2026-03-28,1310,neutral,DACH,exam|official forms,verb|instructions,,,,false,true,haben,kreuzt an,kreuzte an,angekreuzt,+ Akkusativ,die richtige Antwort ankreuzen|ein Kästchen ankreuzen,anhaken|markieren,,,Goethe-Zertifikat A1 Start Deutsch 1 Wortliste,https://www.goethe.de,verified
32,vocabulary,Ankunft,act of reaching a destination,arrival,Auf diesem Plan steht nur die Ankunft(-szeit) der Züge.,This timetable only shows the arrival (time) of the trains.,A1,noun,4,very_common,Essential travel noun,curator,2026-03-28,640,neutral,DACH,travel|transport,noun|transport,die,Ankünfte,Ankunft,false,false,,,,,,none,Ankunft der Züge|Ankunftszeit,Eintreffen,Abfahrt,Goethe-Zertifikat A1 Start Deutsch 1 Wortliste,https://www.goethe.de,verified
33,vocabulary,Ankunftszeit,scheduled clock time when a vehicle arrives,arrival time,Auf dem Plan steht die Ankunftszeit der Züge.,The arrival time of the trains is on the timetable.,A1,noun,4,very_common,Transit travel schedule noun,curator,2026-03-28,780,neutral,DACH,travel|transport,noun|time,die,Ankunftszeiten,Ankunftszeit,false,false,,,,,,none,die genaue Ankunftszeit|Ankunftszeit angeben,Ankunft|Landezeit,Abfahrtszeit,Goethe-Zertifikat A1 Start Deutsch 1 Wortliste,https://www.goethe.de,verified
34,vocabulary,anmachen,to switch on an electrical device or light,"to turn on, to switch on",Mach bitte das Licht an!,Please turn on the light!,A1,verb,4,very_common,Everyday household verb,curator,2026-03-28,580,neutral,DACH,household|daily life,verb,,,,false,true,haben,macht an,machte an,angemacht,+ Akkusativ,das Licht anmachen|die Heizung anmachen,einschalten,ausmachen|ausschalten,,Goethe-Zertifikat A1 Start Deutsch 1 Wortliste,https://www.goethe.de,verified
35,vocabulary,anmelden,to register or sign up for something (oneself or someone),"to register, to log in, to sign up",Wo kann ich mich anmelden?,Where can I register?,A1,verb,4,very_common,Administrative and course enrollment verb,curator,2026-03-28,430,neutral,DACH,official forms|education,verb,,,,false,true,haben,meldet an,meldete an,angemeldet,sich anmelden; für + Akkusativ,sich zum Kurs anmelden|online anmelden,registrieren|einschreiben,abmelden,,Goethe-Zertifikat A1 Start Deutsch 1 Wortliste,https://www.goethe.de,verified
36,vocabulary,Anmeldung,registration or reception desk/procedure,"registration, enrollment, check-in",Eine Anmeldung für diesen Kurs ist nicht mehr möglich.,Registration for this course is no longer possible.,A1,noun,4,very_common,Administrative term,curator,2026-03-28,520,neutral,DACH,education|administrative,noun,die,Anmeldungen,Anmeldung,false,false,,,,,,none,zur Anmeldung gehen|Bestätigung der Anmeldung,Registrierung|Einschreibung,Abmeldung,Goethe-Zertifikat A1 Start Deutsch 1 Wortliste,https://www.goethe.de,verified
37,vocabulary,Anrede,formal title or formula used when addressing someone,"form of address, salutation",Schreiben Sie auch eine Anrede und einen Gruß.,Also write a salutation and a greeting.,A1,noun,3,common,Letter writing and exam instruction word,curator,2026-03-28,1680,neutral,DACH,communication|exam,noun|writing,die,Anreden,Anrede,false,false,,,,,,none,passende Anrede|förmliche Anrede,Begrüßung|Grußformel,,Goethe-Zertifikat A1 Start Deutsch 1 Wortliste,https://www.goethe.de,verified
38,vocabulary,Anruf,a phone call received or made,phone call,Sie bekommt viele Anrufe auf ihrem Handy.,She receives many calls on her mobile phone.,A1,noun,4,very_common,Core telecommunications noun,curator,2026-03-28,490,neutral,DACH,communication|telecommunications,noun|phone,der,Anrufe,Anrufs,false,false,,,,,,none,einen Anruf bekommen|verpasster Anruf,Telefonanruf|Telefongespräch,,Goethe-Zertifikat A1 Start Deutsch 1 Wortliste,https://www.goethe.de,verified
39,vocabulary,Anrufbeantworter,device that records phone messages,answering machine,Wir sind im Moment nicht da. Sprechen Sie bitte auf den Anrufbeantworter.,We are currently not here. Please leave a message on the answering machine.,A1,noun,3,common,Telecommunications vocabulary,curator,2026-03-28,1890,neutral,DACH,communication|telecommunications,noun|tech,der,Anrufbeantworter,Anrufbeantworters,false,false,,,,,,none,auf den Anrufbeantworter sprechen,Mailbox|Anrufbeantworterdienst,,Goethe-Zertifikat A1 Start Deutsch 1 Wortliste,https://www.goethe.de,verified
40,vocabulary,anrufen,to make a telephone call to someone,to call (by phone),Kann man Sie anrufen? / Peter ruft kurz seine Freundin an.,Can one call you? / Peter briefly calls his girlfriend.,A1,verb,5,essential,Core communication verb,curator,2026-03-28,170,neutral,DACH,communication|telecommunications,verb|phone,,,,false,true,haben,ruft an,rief an,angerufen,+ Akkusativ,später anrufen|kurz anrufen|zu Hause anrufen,telefonieren mit,telefonieren mit,not English 'to call out / recite',Goethe-Zertifikat A1 Start Deutsch 1 Wortliste,https://www.goethe.de,verified
41,vocabulary,Ansage,spoken public announcement (e.g. at station or airport),announcement,Hören Sie die Ansagen.,Listen to the announcements.,A1,noun,4,very_common,Listening comprehension instruction term,curator,2026-03-28,820,neutral,DACH,transport|exam,noun|listening,die,Ansagen,Ansage,false,false,,,,,,none,eine Ansage hören|Lautsprecheransage,Durchsage|Mitteilung,,Goethe-Zertifikat A1 Start Deutsch 1 Wortliste,https://www.goethe.de,verified
42,vocabulary,Anschluss,transport connection or utility hookup,"connection, transfer",In Mannheim haben Sie Anschluss nach Saarbrücken. / Ist das die Anmeldung für einen Telefonanschluss?,In Mannheim you have a connection to Saarbrücken. / Is that the registration for a telephone connection?,A1,noun,4,very_common,Public transport and utility term,curator,2026-03-28,410,neutral,DACH,travel|telecommunications,noun|transport,der,Anschlüsse,Anschlusses,false,false,,,,,,none,Anschluss haben|den Anschluss verpassen,Umsteigemöglichkeit|Verbindung,,Goethe-Zertifikat A1 Start Deutsch 1 Wortliste,https://www.goethe.de,verified
43,vocabulary,Antwort,spoken or written reaction to a question,"answer, reply",Er gibt leider keine Antwort.,Unfortunately he gives no answer.,A1,noun,5,essential,Core communication noun,curator,2026-03-28,160,neutral,DACH,communication|exam,noun,die,Antworten,Antwort,false,false,,,,,,none,keine Antwort geben|die richtige Antwort,Erwiderung|Rückmeldung,Frage,Goethe-Zertifikat A1 Start Deutsch 1 Wortliste,https://www.goethe.de,verified
44,vocabulary,Antwortbogen,designated printed sheet for entering exam answers,answer sheet,Schreiben Sie Ihre Lösungen auf den Antwortbogen.,Write your solutions on the answer sheet.,A1,noun,4,very_common,Exam administration noun,curator,2026-03-28,680,neutral,DACH,exam|education,noun|documents,der,Antwortbögen,Antwortbogens,false,false,,,,,,none,den Antwortbogen ausfüllen|auf dem Antwortbogen markieren,Lösungsbogen|Antwortblatt,,Goethe-Zertifikat A1 Start Deutsch 1 Wortliste,https://www.goethe.de,verified
45,vocabulary,antworten,to give an answer to a question or person,"to answer, to reply",Er antwortet nicht.,He does not answer.,A1,verb,4,very_common,Core communication verb,curator,2026-03-28,210,neutral,DACH,communication,verb,,,,false,false,haben,antwortet,antwortete,geantwortet,+ Dativ; auf + Akkusativ,auf eine Frage antworten|schnell antworten,erwidern|reagieren,fragen,,Goethe-Zertifikat A1 Start Deutsch 1 Wortliste,https://www.goethe.de,verified
46,vocabulary,Anzeige,advertisement or announcement in press/media,"advertisement, notice",Ich habe Ihre Anzeige in der Zeitung gelesen.,I read your advertisement in the newspaper.,A1,noun,4,very_common,Media and job/housing search term,curator,2026-03-28,380,neutral,DACH,media|shopping|housing,noun|press,die,Anzeigen,Anzeige,false,false,,,,,,none,eine Anzeige aufgeben|eine Anzeige lesen,Inserat|Annonce,,Goethe-Zertifikat A1 Start Deutsch 1 Wortliste,https://www.goethe.de,verified
47,vocabulary,anziehen,to put clothes onto one's body,"to put on, to dress",Ich muss mich noch anziehen.,I still need to get dressed.,A1,verb,4,very_common,Everyday routine verb,curator,2026-03-28,450,neutral,DACH,clothing|daily life,verb|clothing,,,,false,true,haben,zieht an,zog an,angezogen,sich anziehen; + Akkusativ,sich warm anziehen|eine Jacke anziehen,bekleiden,ausziehen,,Goethe-Zertifikat A1 Start Deutsch 1 Wortliste,https://www.goethe.de,verified
48,vocabulary,Apartment,small furnished flat or studio,"apartment, studio flat",Wir haben ein Apartment gemietet.,We rented an apartment.,A1,noun,3,common,Accommodation vocabulary,curator,2026-03-28,1120,neutral,DACH,housing|travel,noun|lodging,das,Apartments,Apartments,false,false,,,,,,none,ein Apartment mieten|kleines Apartment,Studio|Einzimmerwohnung,,Goethe-Zertifikat A1 Start Deutsch 1 Wortliste,https://www.goethe.de,verified
49,vocabulary,Apfel,"round fruit with red, yellow, or green skin",apple,Ein Pfund Äpfel bitte.,"A pound of apples, please.",A1,noun,4,very_common,Essential food/grocery noun,curator,2026-03-28,680,neutral,DACH,food|shopping,noun|food,der,Äpfel,Apfels,false,false,,,,,,none,ein Kilo Äpfel|frische Äpfel,Obstsorte,,Goethe-Zertifikat A1 Start Deutsch 1 Wortliste,https://www.goethe.de,verified
50,vocabulary,Apfelsaft,beverage juice extracted from apples,apple juice,Möchtest du einen Apfelsaft?,Would you like an apple juice?,A1,noun,4,very_common,Core beverage noun,curator,2026-03-28,580,neutral,DACH,food|dining,noun|food,der,Apfelsäfte,Apfelsaftes,false,false,,,,,,none,Apfelsaftschorle|kalter Apfelsaft,Fruchtsaft|Most,,Goethe-Zertifikat A1 Start Deutsch 1 Wortliste,https://www.goethe.de,verified
51,vocabulary,Appetit,desire to eat; used in dining greeting,appetite,Guten Appetit!,Enjoy your meal!,A1,noun,4,very_common,Dining and etiquette term,curator,2026-03-28,780,neutral,DACH,food|socializing,noun|dining,der,,Appetits,false,false,,,,,,none,Guten Appetit!|Appetit haben,Esslust|Hunger,Appetitlosigkeit,Goethe-Zertifikat A1 Start Deutsch 1 Wortliste,https://www.goethe.de,verified
52,vocabulary,April,fourth month of the calendar year,April,"Berlin, 12. April 2002.","Berlin, April 12, 2002.",A1,noun,4,very_common,Core calendar month noun,curator,2026-03-28,250,neutral,DACH,time|calendar,noun|calendar,der,Aprile,Aprils,false,false,,,,,,none,im April|Mitte April,Frühlingsmonat,,Goethe-Zertifikat A1 Start Deutsch 1 Wortliste,https://www.goethe.de,verified
53,vocabulary,Arbeit,"labor, task, or employment","work, job, labor",Mein Bruder sucht Arbeit.,My brother is looking for work.,A1,noun,5,essential,Core professional and daily life noun,curator,2026-03-28,68,neutral,DACH,work|profession,noun|work,die,Arbeiten,Arbeit,false,false,,,,,,none,Arbeit suchen|zur Arbeit gehen,Beruf|Tätigkeit|Beschäftigung,Freizeit|Arbeitslosigkeit,Goethe-Zertifikat A1 Start Deutsch 1 Wortliste,https://www.goethe.de,verified
54,vocabulary,arbeiten,to perform labor or carry out one's profession,to work,Wo arbeiten Sie?,Where do you work?,A1,verb,5,essential,Core activity and professional verb,curator,2026-03-28,72,neutral,DACH,work|profession,verb|work,,,,false,false,haben,arbeitet,arbeitete,gearbeitet,intransitive; bei + Dativ; als + Nom.,hart arbeiten|bei Siemens arbeiten,tätig sein|schuften,ausruhen|faulenzen,,Goethe-Zertifikat A1 Start Deutsch 1 Wortliste,https://www.goethe.de,verified
55,vocabulary,arbeitslos,being without paid employment,"unemployed, out of work","Es gibt bei uns viele Leute, die schon lange arbeitslos sind.",Here there are many people who have been unemployed for a long time.,A1,adjective,4,very_common,Socio-economic vocabulary,curator,2026-03-28,640,neutral,DACH,work|society,adjective|work,,,,false,false,,,,,none,arbeitslos sein|arbeitslos werden,ohne Arbeit|erwerbslos,berufstätig|angestellt,,Goethe-Zertifikat A1 Start Deutsch 1 Wortliste,https://www.goethe.de,verified
56,vocabulary,Arbeitsplatz,place where one works or a specific job position,"workplace, job",An meinem Arbeitsplatz fehlt ein Drucker.,A printer is missing at my workplace.,A1,noun,4,very_common,Work environment vocabulary,curator,2026-03-28,310,neutral,DACH,work|office,noun|work,der,Arbeitsplätze,Arbeitsplatzes,false,false,,,,,,none,am Arbeitsplatz|einen Arbeitsplatz sichern,Büro|Stelle|Posten,,Goethe-Zertifikat A1 Start Deutsch 1 Wortliste,https://www.goethe.de,verified
57,vocabulary,Arm,upper limb of the human body,arm,Mein Arm tut weh.,My arm hurts.,A1,noun,4,very_common,Body parts and health vocabulary,curator,2026-03-28,450,neutral,DACH,body|health,noun|body,der,Arme,Arms,false,false,,,,,,none,der rechte Arm|der linke Arm,Körperteil,,Goethe-Zertifikat A1 Start Deutsch 1 Wortliste,https://www.goethe.de,verified
58,vocabulary,Arzt,medical practitioner / doctor,"doctor, physician",Morgen habe ich einen Termin bei meiner Ärztin.,Tomorrow I have an appointment with my (female) doctor.,A1,noun,5,essential,Health and appointments vocabulary,curator,2026-03-28,210,neutral,DACH,health|professions,noun|health,der,Ärzte,Arztes,false,false,,,,,,none,zum Arzt gehen|Termin beim Arzt,Mediziner|Doktor,,Goethe-Zertifikat A1 Start Deutsch 1 Wortliste,https://www.goethe.de,verified
59,vocabulary,Ärztin,female medical practitioner / physician,doctor (female),Morgen habe ich einen Termin bei meiner Ärztin.,Tomorrow I have an appointment with my doctor.,A1,noun,5,essential,Core medical profession noun,curator,2026-03-28,240,neutral,DACH,health|professions,noun|health,die,Ärztinnen,Ärztin,false,false,,,,,,none,zur Ärztin gehen|Termin bei der Ärztin,Medizinerin|Frau Doktor,Arzt,Goethe-Zertifikat A1 Start Deutsch 1 Wortliste,https://www.goethe.de,verified
60,vocabulary,auch,in addition; likewise,"also, too, as well",Ich bin auch Spanier.,I am also Spanish.,A1,adverb,5,essential,High-frequency connecting particle,curator,2026-03-28,14,neutral,DACH,general,adverb,,,,false,false,,,,,none,auch so|ich auch,ebenfalls|ebenso,,not English 'ouch',Goethe-Zertifikat A1 Start Deutsch 1 Wortliste,https://www.goethe.de,verified
61,vocabulary,auf,located on a surface or directed upward; in a language,"on, upon, in",Die Kinder spielen auf der Straße. / Auf Wiedersehen. / Wie heißt das auf Deutsch?,The children are playing on the street. / Goodbye. / What is that called in German?,A1,preposition,5,essential,Core two-way preposition and idiom marker,curator,2026-03-28,9,neutral,DACH,spatial|idiomatic,preposition,,,,false,false,,,,,+ Dativ / + Akkusativ,auf der Straße|auf Deutsch|auf Wiedersehen,über,,,Goethe-Zertifikat A1 Start Deutsch 1 Wortliste,https://www.goethe.de,verified
62,phrase,auf sein,"to be unclosed or open (doors, windows, venues)",to be open,Du brauchst den Schlüssel nicht. Die Wohnung ist auf.,You don't need the key. The apartment is unlocked/open.,A1,phrase,4,very_common,Colloquial state predicate,curator,2026-03-28,380,neutral,DACH,housing|daily life,phrase,,,,false,false,sein,ist auf,war auf,gewesen sein,intransitive,die Tür ist auf|das Fenster ist auf,geöffnet sein|offen sein,zu sein|geschlossen sein,,Goethe-Zertifikat A1 Start Deutsch 1 Wortliste,https://www.goethe.de,verified
63,vocabulary,Aufgabe,piece of work to be done or exercise/problem,"task, exercise, problem",Das ist eine schwere Aufgabe.,That is a difficult task.,A1,noun,4,very_common,"Education, exam, and daily work term",curator,2026-03-28,190,neutral,DACH,education|exam|work,noun|learning,die,Aufgaben,Aufgabe,false,false,,,,,,none,eine schwere Aufgabe|Hausaufgabe,Übung|Pflicht|Auftrag,,Goethe-Zertifikat A1 Start Deutsch 1 Wortliste,https://www.goethe.de,verified
64,vocabulary,aufhören,to cease or come to an end,"to stop, to end, to finish",Der Kurs hört in einer Woche auf. / Hier hört die Bahnhofstraße auf.,The course finishes in a week. / This is where Bahnhofstraße ends.,A1,verb,4,very_common,Routine temporal/spatial endpoint verb,curator,2026-03-28,340,neutral,DACH,general|education,verb,,,,false,true,haben,hört auf,hörte auf,aufgehört,intransitive; mit + Dativ,mit dem Rauchen aufhören|gleich aufhören,enden|stoppen,anfangen|beginnen,,Goethe-Zertifikat A1 Start Deutsch 1 Wortliste,https://www.goethe.de,verified
65,vocabulary,aufstehen,to rise from a sitting/lying position or get out of bed,"to get up, to stand up",Ich muss immer um vier Uhr aufstehen. / Soll ich aufstehen?,I always have to get up at four o'clock. / Should I stand up?,A1,verb,5,essential,Core morning routine and physical movement verb,curator,2026-03-28,210,neutral,DACH,daily life|routine,verb|routine,,,,false,true,sein,steht auf,stand auf,aufgestanden,intransitive,früh aufstehen|vom Stuhl aufstehen,erwachen|sich erheben,schlafen|hinsetzen,,Goethe-Zertifikat A1 Start Deutsch 1 Wortliste,https://www.goethe.de,verified
66,vocabulary,Aufzug,mechanical device for moving people between floors,"elevator, lift",In diesem Haus gibt es keinen Aufzug.,There is no elevator in this house.,A1,noun,4,very_common,Housing and public infrastructure vocabulary,curator,2026-03-28,910,neutral,DACH,housing|travel,noun|building,der,Aufzüge,Aufzuges,false,false,,,,,,none,den Aufzug nehmen|im Aufzug fahren,Fahrstuhl|Lift,,Goethe-Zertifikat A1 Start Deutsch 1 Wortliste,https://www.goethe.de,verified
67,vocabulary,Auge,organ of sight,eye,Er hat blaue Augen.,He has blue eyes.,A1,noun,5,essential,Core anatomy and physical description noun,curator,2026-03-28,110,neutral,DACH,body|description,noun|body,das,Augen,Auges,false,false,,,,,,none,blaue Augen|die Augen öffnen,Sehorgan,,Goethe-Zertifikat A1 Start Deutsch 1 Wortliste,https://www.goethe.de,verified
68,vocabulary,August,eighth month of the calendar year,August,Im August ist es sehr heiß.,In August it is very hot.,A1,noun,4,very_common,Core calendar month noun,curator,2026-03-28,215,neutral,DACH,time|calendar,noun|calendar,der,Auguste,Augusts,false,false,,,,,,none,im August|Mitte August,Spätsommermonat,,Goethe-Zertifikat A1 Start Deutsch 1 Wortliste,https://www.goethe.de,verified
69,vocabulary,aus,"indicating origin, departure from inside, or material","from, out of",Er kommt aus Brasilien.,He comes from Brazil.,A1,preposition,5,essential,Fundamental spatial and provenance preposition,curator,2026-03-28,15,neutral,DACH,spatial|origin,preposition|origin,,,,false,false,,,,,+ Dativ,kommen aus|aus dem Haus gehen,von,,,Goethe-Zertifikat A1 Start Deutsch 1 Wortliste,https://www.goethe.de,verified
70,phrase,aus sein,to be turned off (appliances) or ended (class/event),"to be off, to be over",Das Licht ist aus. / Die Schule ist aus.,The light is off. / School is out.,A1,phrase,4,very_common,Everyday state predicate,curator,2026-03-28,320,neutral,DACH,household|education,phrase,,,,false,false,sein,ist aus,war aus,gewesen sein,intransitive,die Schule ist aus|das Radio ist aus,ausgeschaltet sein|vorbei sein,an sein|geöffnet sein,,Goethe-Zertifikat A1 Start Deutsch 1 Wortliste,https://www.goethe.de,verified
71,vocabulary,Ausbildung,structured program of vocational learning and practical training,training; vocational education,Sie macht eine Ausbildung im Hotel.,She is doing vocational training at the hotel.,A1,noun,4,very_common,Core career and educational learning noun,curator,2026-03-28,280,neutral,DACH,education|work,noun|education,die,Ausbildungen,Ausbildung,false,false,,,,,,none,eine Ausbildung machen|Berufsausbildung,Lehre|Qualifikation|Schulung,,Goethe-Zertifikat A1 Start Deutsch 1 Wortliste,https://www.goethe.de,verified
72,vocabulary,Ausflug,short journey or trip for pleasure,"excursion, trip, outing",Morgen machen wir einen Ausflug nach Heidelberg.,Tomorrow we are taking a trip to Heidelberg.,A1,noun,4,very_common,Leisure and tourism vocabulary,curator,2026-03-28,870,neutral,DACH,leisure|travel,noun|leisure,der,Ausflüge,Ausflugs,false,false,,,,,,none,einen Ausflug machen|Tagesausflug,Tour|Exkursion|Trip,,Goethe-Zertifikat A1 Start Deutsch 1 Wortliste,https://www.goethe.de,verified
73,vocabulary,ausfüllen,to complete a form by entering information,"to fill out, to complete",Füllen Sie bitte dieses Formular aus.,Please fill out this form.,A1,verb,4,very_common,Administrative and exam procedure verb,curator,2026-03-28,680,neutral,DACH,official forms|exam,verb|instructions,,,,false,true,haben,füllt aus,füllte aus,ausgefüllt,+ Akkusativ,ein Formular ausfüllen|den Fragebogen ausfüllen,eintragen|ergänzen,eintragen,,Goethe-Zertifikat A1 Start Deutsch 1 Wortliste,https://www.goethe.de,verified
74,vocabulary,Ausgang,door or route leading outside a building/station,"exit, way out",Wo ist der Ausgang?,Where is the exit?,A1,noun,4,very_common,Public orientation and building navigation term,curator,2026-03-28,670,neutral,DACH,public|travel,noun|orientation,der,Ausgänge,Ausgangs,false,false,,,,,,none,zum Ausgang gehen|Notausgang,Ausweg|Abgang,Eingang,Goethe-Zertifikat A1 Start Deutsch 1 Wortliste,https://www.goethe.de,verified
75,vocabulary,Auskunft,information or an information desk,"information, inquiry desk",Können Sie mir eine Auskunft geben?,Can you give me some information?,A1,noun,4,very_common,Public service and information seeking term,curator,2026-03-28,740,neutral,DACH,services|travel,noun|service,die,Auskünfte,Auskunft,false,false,,,,,,none,eine Auskunft geben|zur Auskunft gehen,Information|Bescheid|Beratung,,Goethe-Zertifikat A1 Start Deutsch 1 Wortliste,https://www.goethe.de,verified
76,vocabulary,Ausland,countries outside one's own country,"foreign countries, abroad",Fahren Sie ins Ausland?,Are you traveling abroad?,A1,noun,4,very_common,Travel and international relations noun,curator,2026-03-28,340,neutral,DACH,travel|countries,noun|geography,das,,Auslands,false,false,,,,,,none,ins Ausland fahren|im Ausland leben,Fremde,Inland|Heimat,Goethe-Zertifikat A1 Start Deutsch 1 Wortliste,https://www.goethe.de,verified
77,vocabulary,Ausländer,person residing in a country who is not a citizen,foreigner,Sind Sie Ausländerin?,Are you a foreigner?,A1,noun,4,very_common,Official and demographic vocabulary,curator,2026-03-28,490,neutral,DACH,identity|society,noun|people,der,Ausländer,Ausländers,false,false,,,,,,none,ausländischer Bürger|für Ausländer,Nicht-Staatsbürger|Fremder,Einheimischer|Inländer,Goethe-Zertifikat A1 Start Deutsch 1 Wortliste,https://www.goethe.de,verified
78,vocabulary,Ausländerin,female resident not possessing citizenship of the host country,foreigner (female),Sind Sie Ausländerin?,Are you a foreigner?,A1,noun,4,very_common,Official demographic noun,curator,2026-03-28,520,neutral,DACH,identity|society,noun|people,die,Ausländerinnen,Ausländerin,false,false,,,,,,none,als Ausländerin leben|Ausländerbehörde,Nicht-Staatsbürgerin,Ausländer|Inländerin,Goethe-Zertifikat A1 Start Deutsch 1 Wortliste,https://www.goethe.de,verified
79,vocabulary,ausländisch,belonging to or originating from another country,foreign,Leider habe ich nur ausländisches Geld.,"Unfortunately, I only have foreign currency.",A1,adjective,4,very_common,Descriptive adjective for non-native entities,curator,2026-03-28,460,neutral,DACH,travel|finance,adjective,,,,false,false,,,,,none,ausländisches Geld|ausländische Gäste,fremd|international,inländisch|heimatlich,,Goethe-Zertifikat A1 Start Deutsch 1 Wortliste,https://www.goethe.de,verified
80,vocabulary,ausmachen,to turn off an electrical appliance or extinguish light,"to switch off, to turn off",Mach bitte das Licht aus!,Please turn off the light!,A1,verb,4,very_common,Everyday household verb,curator,2026-03-28,290,neutral,DACH,household|daily life,verb,,,,false,true,haben,macht aus,machte aus,ausgemacht,+ Akkusativ,das Licht ausmachen|das Handy ausmachen,ausschalten|löschen,anmachen|einschalten,,Goethe-Zertifikat A1 Start Deutsch 1 Wortliste,https://www.goethe.de,verified
81,vocabulary,Aussage,"statement, proposition, or testimony","statement, assertion",Ist die Aussage richtig oder falsch?,Is the statement true or false?,A1,noun,4,very_common,Core test and reading/listening exercise word,curator,2026-03-28,310,neutral,DACH,exam|communication,noun|test,die,Aussagen,Aussage,false,false,,,,,,none,richtige Aussage|Aussage treffen,Behauptung|Angabe,,Goethe-Zertifikat A1 Start Deutsch 1 Wortliste,https://www.goethe.de,verified
82,vocabulary,aussehen,to have a particular physical appearance or look,"to look, to appear",Das sieht schön aus.,That looks beautiful.,A1,verb,5,essential,Core descriptive verb,curator,2026-03-28,120,neutral,DACH,description|general,verb,,,,false,true,haben,sieht aus,sah aus,ausgesehen,intransitive; nach + Dativ / wie + Nom.,gut aussehen|müde aussehen,wirken|scheinen,wirken|scheinen,,Goethe-Zertifikat A1 Start Deutsch 1 Wortliste,https://www.goethe.de,verified
83,vocabulary,Aussehen,external physical appearance of a person,appearance; looks,Sein Aussehen ist sehr gepflegt.,His appearance is very neat.,A1,noun,4,very_common,Visual profile and description noun,curator,2026-03-28,410,neutral,DACH,description|identity,noun|description,das,,Aussehens,false,false,,,,,,none,gutes Aussehen|das äußere Aussehen,Erscheinung|Optik|Anblick,,Goethe-Zertifikat A1 Start Deutsch 1 Wortliste,https://www.goethe.de,verified
84,vocabulary,aussteigen,"to leave a vehicle (bus, train, car)","to get off, to disembark, to exit",Wo muss ich aussteigen?,Where do I have to get off?,A1,verb,4,very_common,Essential public transport action verb,curator,2026-03-28,520,neutral,DACH,travel|transport,verb|transport,,,,false,true,sein,steigt aus,stieg aus,ausgestiegen,intransitive; aus + Dativ,an der nächsten Haltestelle aussteigen,verlassen,einsteigen|umsteigen,,Goethe-Zertifikat A1 Start Deutsch 1 Wortliste,https://www.goethe.de,verified
85,vocabulary,Ausweis,official identity document,"identity card, ID",Hier ist mein Ausweis.,Here is my identity card.,A1,noun,4,very_common,Official identification and administrative term,curator,2026-03-28,620,neutral,DACH,identity|official forms,noun|documents,der,Ausweise,Ausweises,false,false,,,,,,none,den Ausweis zeigen|gültiger Ausweis,Personalausweis|ID-Karte,,Goethe-Zertifikat A1 Start Deutsch 1 Wortliste,https://www.goethe.de,verified
86,vocabulary,ausziehen,to remove clothes or shoes; to move out of an apartment,"to take off (clothes), to undress, to move out","Zieh die Schuhe aus, bitte!","Take off your shoes, please!",A1,verb,4,very_common,Everyday routine and housing action verb,curator,2026-03-28,360,neutral,DACH,clothing|housing,verb,,,,false,true,haben,zieht aus,zog aus,ausgezogen,sich ausziehen; + Akkusativ,die Schuhe ausziehen|aus der Wohnung ausziehen,ablegen|entkleiden,anziehen|einziehen,,Goethe-Zertifikat A1 Start Deutsch 1 Wortliste,https://www.goethe.de,verified
87,vocabulary,Auto,passenger motor vehicle,"car, automobile",Er kommt mit dem Auto.,He is coming by car.,A1,noun,5,essential,Core transport noun,curator,2026-03-28,95,neutral,DACH,travel|transport,noun|transport,das,Autos,Autos,false,false,,,,,,none,mit dem Auto fahren|Auto kaufen,Wagen|Kraftfahrzeug|Pkw,,Goethe-Zertifikat A1 Start Deutsch 1 Wortliste,https://www.goethe.de,verified
88,vocabulary,Autobahn,controlled-access highway / motorway,"highway, motorway, freeway",Wo geht's hier bitte zur Autobahn?,"Which way to the highway, please?",A1,noun,4,very_common,Road transport and directions term,curator,2026-03-28,510,neutral,DACH,travel|transport,noun|transport,die,Autobahnen,Autobahn,false,false,,,,,,none,auf die Autobahn fahren|Autobahnausfahrt,Schnellstraße|Fernstraße,Landstraße,Goethe-Zertifikat A1 Start Deutsch 1 Wortliste,https://www.goethe.de,verified
89,vocabulary,Automat,"self-service machine (ticket, vending, ATM)","ticket machine, vending machine, dispenser",Die Fahrkarten gibt es nur am Automaten.,Tickets are only available at the machine.,A1,noun,4,very_common,Public services and ticketing term,curator,2026-03-28,790,neutral,DACH,shopping|travel,noun|services,der,Automaten,Automaten,false,false,,,,,,none,am Automaten kaufen|Geldautomat,Fahrkartenautomat|Apparat,,Goethe-Zertifikat A1 Start Deutsch 1 Wortliste,https://www.goethe.de,verified
90,vocabulary,automatisch,working without direct human intervention; self-acting,"automatic, automatically",Du musst nichts machen. Das geht automatisch.,You don't need to do anything. It works automatically.,A1,adjective,4,very_common,Everyday descriptive adjective/adverb,curator,2026-03-28,420,neutral,DACH,technology|general,adjective|adverb,,,,false,false,,,,,none,automatisch gehen|automatische Tür,selbsttätig,manuell|von Hand,,Goethe-Zertifikat A1 Start Deutsch 1 Wortliste,https://www.goethe.de,verified
91,vocabulary,Baby,very young child or infant,"baby, infant",Mein Kind ist noch ein Baby.,My child is still a baby.,A1,noun,4,very_common,Core family vocabulary,curator,2026-03-28,950,neutral,DACH,family|childcare,noun|family,das,Babys,Babys,false,false,,,,,,none,ein Baby bekommen|Baby wickeln,Säugling|Kleinkind,Erwachsener,Goethe-Zertifikat A1 Start Deutsch 1 Wortliste,https://www.goethe.de,verified
92,vocabulary,Bäckerei,shop where bread and pastries are sold,bakery,Ich geh mal schnell zur Bäckerei.,I am just going quickly to the bakery.,A1,noun,4,very_common,Essential daily shopping venue,curator,2026-03-28,1180,neutral,DACH,shopping|food,noun|shopping,die,Bäckereien,Bäckerei,false,false,,,,,,none,zur Bäckerei gehen|frische Brötchen aus der Bäckerei,Backstube|Bäckerladen,,Goethe-Zertifikat A1 Start Deutsch 1 Wortliste,https://www.goethe.de,verified
93,vocabulary,Bad,room containing a bath or shower; a bath,bathroom; bath,Wir haben kein großes Bad.,We do not have a large bathroom.,A1,noun,4,very_common,Core household and lodging noun,curator,2026-03-28,480,neutral,DACH,housing|hygiene,noun|housing,das,Bäder,Bades,false,false,,,,,,none,ein Bad nehmen|im Bad sein,Badezimmer|Wannenbad,,Goethe-Zertifikat A1 Start Deutsch 1 Wortliste,https://www.goethe.de,verified
94,vocabulary,baden,to wash oneself in a bath or go swimming,to bathe; to swim,Ich bade nicht so gern ich dusche lieber.,"I don't really like taking a bath, I prefer taking a shower.",A1,verb,4,very_common,Everyday personal hygiene verb,curator,2026-03-28,620,neutral,DACH,hygiene|leisure,verb,,,,false,false,haben,badet,badete,gebadet,intransitive,warm baden|im See baden,ein Bad nehmen|schwimmen,duschen,,Goethe-Zertifikat A1 Start Deutsch 1 Wortliste,https://www.goethe.de,verified
95,vocabulary,Badezimmer,room containing a bath or shower and sink,bathroom,Unsere Wohnung hat ein schönes Badezimmer.,Our apartment has a nice bathroom.,A1,noun,4,very_common,Core domestic housing noun,curator,2026-03-28,420,neutral,DACH,housing|hygiene,noun|housing,das,Badezimmer,Badezimmers,false,false,,,,,,none,ins Badezimmer gehen|das Badezimmer putzen,Bad|Nasszelle,,Goethe-Zertifikat A1 Start Deutsch 1 Wortliste,https://www.goethe.de,verified
96,vocabulary,Bahn,railway or public train/tram network,train; railway; tram,Wir fahren lieber mit der Bahn. / Ich nehme die nächste Bahn.,We prefer traveling by train. / I will take the next train.,A1,noun,5,essential,Fundamental public transport noun,curator,2026-03-28,140,neutral,DACH,travel|transport,noun|transport,die,Bahnen,Bahn,false,false,,,,,,none,mit der Bahn fahren|die nächste Bahn nehmen,Eisenbahn|Zug|Straßenbahn,,Goethe-Zertifikat A1 Start Deutsch 1 Wortliste,https://www.goethe.de,verified
97,vocabulary,Bahnhof,building where trains stop for passengers,train station; railway station,Komme ich hier zum Bahnhof?,Do I get to the train station this way?,A1,noun,5,essential,Core public orientation location,curator,2026-03-28,210,neutral,DACH,travel|transport,noun|transport,der,Bahnhöfe,Bahnhofs,false,false,,,,,,none,am Bahnhof abholen|zum Bahnhof gehen,Station|Hauptbahnhof,,Goethe-Zertifikat A1 Start Deutsch 1 Wortliste,https://www.goethe.de,verified
98,vocabulary,Bahnsteig,raised platform at a station beside railway tracks,platform,Auf welchem Bahnsteig fährt der Zug?,On which platform is the train departing?,A1,noun,4,very_common,Key train travel term,curator,2026-03-28,840,neutral,DACH,travel|transport,noun|transport,der,Bahnsteige,Bahnsteigs,false,false,,,,,,none,auf Bahnsteig zwei|am Bahnsteig warten,Gleis|Perron,,Goethe-Zertifikat A1 Start Deutsch 1 Wortliste,https://www.goethe.de,verified
99,vocabulary,bald,in a short time from the present,soon,Ich komme bald.,I am coming soon.,A1,adverb,5,essential,Core temporal adverb,curator,2026-03-28,110,neutral,DACH,time|general,adverb|time,,,,false,false,,,,,none,bis bald|so bald wie möglich,demnächst|in Kürze,spät,not English 'bald' (hairless),Goethe-Zertifikat A1 Start Deutsch 1 Wortliste,https://www.goethe.de,verified
100,vocabulary,Balkon,platform projecting from the external wall of a building,balcony,Die Wohnung hat auch einen kleinen Balkon.,The apartment also has a small balcony.,A1,noun,4,very_common,Standard housing description term,curator,2026-03-28,730,neutral,DACH,housing,noun|housing,der,Balkone,Balkons,false,false,,,,,,none,auf dem Balkon sitzen|kleiner Balkon,Veranda|Terrasse,,Goethe-Zertifikat A1 Start Deutsch 1 Wortliste,https://www.goethe.de,verified
101,vocabulary,Banane,long curved fruit yellow when ripe,banana,"Drei Bananen, bitte!","Three bananas, please!",A1,noun,4,very_common,Standard grocery and fruit vocabulary,curator,2026-03-28,1150,neutral,DACH,food|shopping,noun|food,die,Bananen,Banane,false,false,,,,,,none,frische Bananen|ein Kilo Bananen,Obst,,Goethe-Zertifikat A1 Start Deutsch 1 Wortliste,https://www.goethe.de,verified
102,vocabulary,Bank,financial organization keeping money and accounts,bank (financial institution),Die Bank schließt schon um vier Uhr.,The bank already closes at four o'clock.,A1,noun,5,essential,Essential service infrastructure noun,curator,2026-03-28,130,neutral,DACH,finances|services,noun|services,die,Banken,Bank,false,false,,,,,,none,zur Bank gehen|ein Konto bei der Bank haben,Geldinstitut|Sparkasse,,Goethe-Zertifikat A1 Start Deutsch 1 Wortliste,https://www.goethe.de,verified
103,vocabulary,Bank,long rigid bench for multiple people to sit on,bench,Er sitzt im Park auf einer Bank und liest.,He sits on a bench in the park and reads.,A1,noun,4,very_common,Common public seating term,curator,2026-03-28,420,neutral,DACH,public|leisure,noun|furniture,die,Bänke,Bank,false,false,,,,,,none,auf einer Bank sitzen|Parkbank,Sitzbank,,Goethe-Zertifikat A1 Start Deutsch 1 Wortliste,https://www.goethe.de,verified
104,vocabulary,bar,using physical currency (coins/notes) for transactions,in cash; cash,Muss ich bar zahlen oder geht's auch mit Karte?,Do I have to pay cash or can I pay by card?,A1,adverb,4,very_common,Commercial payment vocabulary,curator,2026-03-28,520,neutral,DACH,shopping|finances,adverb,,,,false,false,,,,,none,bar zahlen|bar bekommen,bargeldlos,mit Karte,not English 'bar' (pub/counter),Goethe-Zertifikat A1 Start Deutsch 1 Wortliste,https://www.goethe.de,verified
105,vocabulary,Bauch,front lower abdomen of the body,stomach; belly; abdomen,Seit gestern tut mir der Bauch weh.,My stomach has been hurting since yesterday.,A1,noun,4,very_common,Body parts and health complaints noun,curator,2026-03-28,680,neutral,DACH,body|health,noun|body,der,Bäuche,Bauches,false,false,,,,,,none,Bauchschmerzen haben|der Bauch tut weh,Magen|Unterleib,,Goethe-Zertifikat A1 Start Deutsch 1 Wortliste,https://www.goethe.de,verified
106,vocabulary,Baum,large woody plant with a single trunk,tree,"Vorsicht, fahr nicht an den Baum!","Caution, do not drive into the tree!",A1,noun,4,very_common,Core nature and environment noun,curator,2026-03-28,340,neutral,DACH,nature|outdoors,noun|nature,der,Bäume,Baumes,false,false,,,,,,none,an den Baum fahren|unter dem Baum sitzen,Holzpflanze,,Goethe-Zertifikat A1 Start Deutsch 1 Wortliste,https://www.goethe.de,verified
107,vocabulary,Beamte,person employed in the public civil service,civil servant; public official,Fragen Sie die Beamtin an Schalter acht!,Ask the official at counter eight!,A1,noun,4,very_common,Administrative and official term,curator,2026-03-28,490,neutral,DACH,administrative|work,noun|professions,der,Beamten,Beamten,false,false,,,,,,none,zuständiger Beamter|Beamtin am Schalter,Staatsdiener|Angestellter im öffentlichen Dienst,,Goethe-Zertifikat A1 Start Deutsch 1 Wortliste,https://www.goethe.de,verified
108,vocabulary,Beamtin,female civil servant in public administration,civil servant (female),Fragen Sie die Beamtin an Schalter acht!,Ask the (female) official at counter eight!,A1,noun,4,very_common,Public administration noun,curator,2026-03-28,540,neutral,DACH,administrative|work,noun|professions,die,Beamtinnen,Beamtin,false,false,,,,,,none,die Beamtin fragen|zuständige Beamtin,Staatsdienerin,Beamter,Goethe-Zertifikat A1 Start Deutsch 1 Wortliste,https://www.goethe.de,verified
109,vocabulary,bedeuten,to denote or convey an idea/concept,to mean; to signify,Was bedeutet das Wort?,What does the word mean?,A1,verb,5,essential,Fundamental communication and learning verb,curator,2026-03-28,160,neutral,DACH,language|learning,verb,,,,false,false,haben,bedeutet,bedeutete,bedeutet,+ Akkusativ,was bedeutet das|viel bedeuten,heißen|sagen wollen,heißen|besagen,,Goethe-Zertifikat A1 Start Deutsch 1 Wortliste,https://www.goethe.de,verified
110,vocabulary,beginnen,to start or commence,to begin; to start,Das Spiel beginnt um 15.30 Uhr.,The match begins at 15:30.,A1,verb,5,essential,Core action verb for starting events,curator,2026-03-28,95,neutral,DACH,general|time,verb,,,,false,false,haben,beginnt,begann,begonnen,intransitive; mit + Dativ,pünktlich beginnen|mit der Arbeit beginnen,anfangen|starten,enden|aufhören,,Goethe-Zertifikat A1 Start Deutsch 1 Wortliste,https://www.goethe.de,verified
111,vocabulary,bei,in the vicinity of; at the home/employer of,at; near; with; for,Offenbach liegt bei Frankfurt. / Ich wohne bei meinen Eltern. / Bei uns regnet es heute. / Er arbeitet bei der Polizei.,Offenbach is located near Frankfurt. / I live with my parents. / It is raining at our place today. / He works for the police.,A1,preposition,5,essential,Core two-way static preposition,curator,2026-03-28,11,neutral,DACH,spatial|personal,preposition,,,,false,false,,,,,+ Dativ,bei meinen Eltern|bei der Arbeit|bei der Post,nahe|neben,nahe|neben|während,not English 'by' for agent in passive (von),Goethe-Zertifikat A1 Start Deutsch 1 Wortliste,https://www.goethe.de,verified
112,vocabulary,beide,referring to two people or things together,both,Beide Eltern arbeiten. / Wir kommen beide.,Both parents work. / We are both coming.,A1,pronoun,5,essential,Core collective quantifier,curator,2026-03-28,110,neutral,DACH,general,pronoun,,,,false,false,,,,,none,wir beide|beide Seiten,alle zwei,keiner von beiden,,Goethe-Zertifikat A1 Start Deutsch 1 Wortliste,https://www.goethe.de,verified
113,vocabulary,Bein,lower limb supporting the human or animal body,leg,Mein rechtes Bein tut weh.,My right leg hurts.,A1,noun,4,very_common,Core anatomical noun,curator,2026-03-28,410,neutral,DACH,body|health,noun|body,das,Beine,Beines,false,false,,,,,,none,das rechte Bein|auf den Beinen sein,Gliedmaße,,Goethe-Zertifikat A1 Start Deutsch 1 Wortliste,https://www.goethe.de,verified
114,vocabulary,Beispiel,representative case illustrating a rule or point,example; instance,Kannst du mir ein Beispiel sagen?,Can you give me an example?,A1,noun,5,essential,Fundamental explanatory noun,curator,2026-03-28,150,neutral,DACH,learning|communication,noun,das,Beispiele,Beispiels,false,false,,,,,,none,ein Beispiel nennen|ein gutes Beispiel,Exempel|Vorbild,,Goethe-Zertifikat A1 Start Deutsch 1 Wortliste,https://www.goethe.de,verified
115,vocabulary,bekannt,familiar to many; well-known,well-known; famous,Picasso ist sehr bekannt.,Picasso is very well known.,A1,adjective,4,very_common,Common evaluative adjective,curator,2026-03-28,210,neutral,DACH,description|society,adjective,,,,false,false,,,,,none,bekannt sein|allgemein bekannt,berühmt|vertraut,unbekannt|fremd,,Goethe-Zertifikat A1 Start Deutsch 1 Wortliste,https://www.goethe.de,verified
116,vocabulary,Bekannte,person known slightly but not a close friend,acquaintance,Ein Bekannter von mir heißt Klaus.,An acquaintance of mine is named Klaus.,A1,noun,4,very_common,Social relations noun,curator,2026-03-28,580,neutral,DACH,social|personal,noun|people,der,Bekannten,Bekannten,false,false,,,,,,none,ein alter Bekannter|Bekannte treffen,Freund|Bekanntschaft,Fremder,Goethe-Zertifikat A1 Start Deutsch 1 Wortliste,https://www.goethe.de,verified
117,vocabulary,bekommen,to receive or obtain something delivered or bought,to get; to receive; to obtain,Haben Sie meinen Brief bekommen? / Was bekommen Sie? / Dieses Medikament bekommen Sie in der Apotheke.,Did you receive my letter? / What can I get for you? / You can get this medicine at the pharmacy.,A1,verb,5,essential,Top-frequency acquisition verb,curator,2026-03-28,58,neutral,DACH,daily life|shopping,verb,,,,false,false,haben,bekommt,bekam,bekommen,+ Akkusativ,einen Brief bekommen|Geld bekommen|Hilfe bekommen,erhalten|kriegen,verlieren|abgeben,not English 'to become' (which is werden),Goethe-Zertifikat A1 Start Deutsch 1 Wortliste,https://www.goethe.de,verified
118,vocabulary,benutzen,to employ an object or machine for a task,to use; to utilize,Die Aufzüge bitte nicht benutzen!,Please do not use the elevators!,A1,verb,4,very_common,Everyday functional verb,curator,2026-03-28,310,neutral,DACH,daily life|instructions,verb,,,,false,false,haben,benutzt,benutzte,benutzt,+ Akkusativ,das Telefon benutzen|ein Handtuch benutzen,verwenden|gebrauchen,verwenden|nutzen,,Goethe-Zertifikat A1 Start Deutsch 1 Wortliste,https://www.goethe.de,verified
119,vocabulary,Berlin,capital city and state of Germany,Berlin,Der ICE fährt nach Berlin.,The ICE travels to Berlin.,A1,noun,5,essential,German capital geographical proper noun,curator,2026-03-28,35,neutral,DACH,geography|travel,noun|places,das,,Berlins,false,false,,,,,,none,nach Berlin fahren|Flugzeug aus Berlin,Bundeshauptstadt,,Goethe-Zertifikat A1 Start Deutsch 1 Wortliste,https://www.goethe.de,verified
120,vocabulary,Beruf,regular paid trade or career,profession; occupation; job,Was sind Sie von Beruf? / Was ist Ihr Beruf?,What is your occupation? / What is your profession?,A1,noun,5,essential,Core personal identity noun,curator,2026-03-28,260,neutral,DACH,work|identity,noun|professions,der,Berufe,Berufs,false,false,,,,,,none,von Beruf sein|einen Beruf ausüben,Tätigkeit|Arbeit|Job,,Goethe-Zertifikat A1 Start Deutsch 1 Wortliste,https://www.goethe.de,verified
121,vocabulary,beruflich,concerning or belonging to a person's profession or career,professional; vocational,Er reist beruflich viel.,He travels a lot for work.,A1,adjective,4,very_common,Vocational and workplace adjective,curator,2026-03-28,310,neutral,DACH,work|professions,adjective,,,,false,false,,,,,none,beruflicher Bereich|beruflicher Erfolg,geschäftlich|gewerblich,privat,,Goethe-Zertifikat A1 Start Deutsch 1 Wortliste,https://www.goethe.de,verified
122,vocabulary,besetzt,already taken or in use by another person,occupied; taken; busy,Die Nummer ist immer besetzt. / Der Platz ist besetzt.,The number is always busy. / The seat is taken.,A1,adjective,4,very_common,Standard public situational adjective,curator,2026-03-28,490,neutral,DACH,travel|telecommunications,adjective,,,,false,false,,,,,none,die Leitung ist besetzt|der Platz ist besetzt,belegt|vergeben,frei|verfügbar,,Goethe-Zertifikat A1 Start Deutsch 1 Wortliste,https://www.goethe.de,verified
123,vocabulary,besichtigen,to tour or look around a sight or monument,to visit; to view; to sightsee,Ich möchte gern den Dom besichtigen.,I would like to visit the cathedral.,A1,verb,4,very_common,Core tourism and leisure verb,curator,2026-03-28,780,neutral,DACH,travel|leisure,verb,,,,false,false,haben,besichtigt,besichtigte,besichtigt,+ Akkusativ,die Stadt besichtigen|ein Museum besichtigen,anschauen|besuchen,anschauen|besuchen,,Goethe-Zertifikat A1 Start Deutsch 1 Wortliste,https://www.goethe.de,verified
124,vocabulary,besser,comparative degree of gut (good),better,Es geht mir schon besser.,I am already feeling better.,A1,adjective,5,essential,Everyday comparative adjective/adverb,curator,2026-03-28,82,neutral,DACH,general|health,adjective|adverb,,,,false,false,,,,,none,besser gehen|viel besser,vorteilhafter,schlechter,,Goethe-Zertifikat A1 Start Deutsch 1 Wortliste,https://www.goethe.de,verified
125,vocabulary,best-,superlative degree of gut (good),best,Am besten treffen wir uns morgen.,It is best if we meet tomorrow.,A1,adjective,5,essential,Everyday superlative adjective,curator,2026-03-28,98,neutral,DACH,general,adjective,,,,false,false,,,,,none,am besten|der beste Freund,optimal,am schlechtesten,,Goethe-Zertifikat A1 Start Deutsch 1 Wortliste,https://www.goethe.de,verified
126,vocabulary,bestellen,to request food in a dining place or goods by mail,to order; to reserve,Wir möchten bestellen bitte. / Dieses Buch haben wir nicht - sollen wir es für Sie bestellen?,"We would like to order, please. / We do not have this book - should we order it for you?",A1,verb,4,very_common,Essential restaurant and commerce verb,curator,2026-03-28,290,neutral,DACH,dining|shopping,verb,,,,false,false,haben,bestellt,bestellte,bestellt,+ Akkusativ; + Dativ,Essen bestellen|einen Tisch bestellen,aufgeben|anfordern,abbestellen|stornieren,,Goethe-Zertifikat A1 Start Deutsch 1 Wortliste,https://www.goethe.de,verified
127,vocabulary,besuchen,to go to see someone socially or attend an institution,to visit; to attend,Darf ich dich besuchen?,May I visit you?,A1,verb,4,very_common,Everyday social and educational verb,curator,2026-03-28,240,neutral,DACH,social|education,verb,,,,false,false,haben,besucht,besuchte,besucht,+ Akkusativ,Freunde besuchen|einen Kurs besuchen,vorbeikommen bei|aufsuchen,zu Besuch kommen,,Goethe-Zertifikat A1 Start Deutsch 1 Wortliste,https://www.goethe.de,verified
128,vocabulary,Bett,piece of furniture designed for sleeping,bed,Wir brauchen noch ein Kinderbett.,We still need a child's bed.,A1,noun,4,very_common,Core domestic furniture noun,curator,2026-03-28,320,neutral,DACH,housing|furniture,noun|furniture,das,Betten,Betts,false,false,,,,,,none,im Bett liegen|ins Bett gehen,Schlafstätte,,Goethe-Zertifikat A1 Start Deutsch 1 Wortliste,https://www.goethe.de,verified
129,vocabulary,bezahlen,to give money owed for goods or services,to pay; to settle,Wo muss ich bezahlen?,Where do I have to pay?,A1,verb,5,essential,Essential commercial transaction verb,curator,2026-03-28,190,neutral,DACH,shopping|finances,verb,,,,false,false,haben,bezahlt,bezahlte,bezahlt,+ Akkusativ; intransitive,an der Kasse bezahlen|die Rechnung bezahlen,zahlen|begleichen,zahlen|begleichen,,Goethe-Zertifikat A1 Start Deutsch 1 Wortliste,https://www.goethe.de,verified
130,vocabulary,Beziehung,state of connection or emotional bond between people,relationship; relation,Er hat eine gute Beziehung zu seinen Eltern.,He has a good relationship with his parents.,A1,noun,4,very_common,Social and interpersonal bond noun,curator,2026-03-28,260,neutral,DACH,social|personal,noun|social,die,Beziehungen,Beziehung,false,false,,,,,,none,persönliche Beziehungen|in einer Beziehung leben,Verhältnis|Verbindung|Partnerschaft,,Goethe-Zertifikat A1 Start Deutsch 1 Wortliste,https://www.goethe.de,verified
131,vocabulary,Bier,alcoholic beverage brewed from malt and hops,beer,Noch ein Bier bitte.,"Another beer, please.",A1,noun,4,very_common,Core dining and social beverage noun,curator,2026-03-28,520,neutral,DACH,food|dining,noun|food,das,Biere,Biers,false,false,,,,,,none,ein Glas Bier|Bier trinken,Gerstensaft,,Goethe-Zertifikat A1 Start Deutsch 1 Wortliste,https://www.goethe.de,verified
132,vocabulary,Bild,visual representation,painting,"or photograph, picture; photo; painting, Hast du ein Bild von deinem Sohn?",Do you have a picture of your son?,A1,noun,5,essential,Core descriptive and media noun,curator,2026-03-28,135,neutral,DACH,media|art,noun,das,Bilder,Bildes,false,false,,,,,,none,ein Bild machen|ein Bild ansehen,Foto|Gemälde|Abbildung,,Goethe-Zertifikat A1 Start Deutsch 1 Wortliste,https://www.goethe.de,verified
133,vocabulary,Bildung,process of acquiring intellectual knowledge and formal education,education,Bildung ist für junge Menschen wichtig.,Education is important for young people.,A1,noun,4,very_common,Educational and societal noun,curator,2026-03-28,240,neutral,DACH,education|society,noun|education,die,,Bildung,false,false,,,,,,none,im Bereich Bildung|Allgemeinbildung,Gelehrsamkeit|Schulbildung,,Goethe-Zertifikat A1 Start Deutsch 1 Wortliste,https://www.goethe.de,verified
134,vocabulary,billig,costing very little money; inexpensive,cheap; inexpensive,Die Jacke kostet nur 10 Euro! Die ist aber billig!,The jacket costs only 10 euros! That is really cheap!,A1,adjective,4,very_common,Core shopping evaluative adjective,curator,2026-03-28,430,neutral,DACH,shopping|finances,adjective,,,,false,false,,,,,none,sehr billig|billig einkaufen,preiswert|kostengünstig,teuer,,Goethe-Zertifikat A1 Start Deutsch 1 Wortliste,https://www.goethe.de,verified
135,vocabulary,Birne,sweet tear-shaped edible fruit,pear,"Ein Kilo Birnen, bitte!","One kilo of pears, please!",A1,noun,4,very_common,Standard food grocery vocabulary,curator,2026-03-28,1180,neutral,DACH,food|shopping,noun|food,die,Birnen,Birne,false,false,,,,,,none,frische Birnen|Birnen kaufen,Obstsorte,,Goethe-Zertifikat A1 Start Deutsch 1 Wortliste,https://www.goethe.de,verified
136,vocabulary,bis,indicating movement or duration ending at a point,until; till; up to,Ich fahre nur bis Stuttgart. / Ich warte bis morgen.,I am only traveling as far as Stuttgart. / I will wait until tomorrow.,A1,preposition,5,essential,Core temporal and local limit preposition,curator,2026-03-28,24,neutral,DACH,time|spatial,preposition,,,,false,false,,,,,+ Akkusativ,bis morgen|bis bald|von ... bis,bis zu,,,Goethe-Zertifikat A1 Start Deutsch 1 Wortliste,https://www.goethe.de,verified
137,vocabulary,bisschen,small quantity or degree,a little; a bit,"Ich spreche Englisch, Französisch und ein bisschen Deutsch.","I speak English, French, and a little German.",A1,adverb,5,essential,High-frequency quantifier/adverb,curator,2026-03-28,90,neutral,DACH,general,pronoun|adverb,,,,false,false,,,,,none,ein bisschen Deutsch|ein kleines bisschen,etwas|ein wenig,viel,,Goethe-Zertifikat A1 Start Deutsch 1 Wortliste,https://www.goethe.de,verified
138,vocabulary,bitte,polite expression used when requesting or granting,please; you're welcome,Eine Tasse Kaffee bitte! / Sprechen Sie bitte leise!,"A cup of coffee, please! / Please speak softly!",A1,particle,5,essential,Essential polite particle,curator,2026-03-28,32,neutral,DACH,communication|politeness,particle,,,,false,false,,,,,none,bitte sehr|bitte schön,gern geschehen,,,Goethe-Zertifikat A1 Start Deutsch 1 Wortliste,https://www.goethe.de,verified
139,vocabulary,Bitte,polite request or plea addressed to someone,request; favor,Ich habe noch eine Bitte.,I have one more request.,A1,noun,4,very_common,Social request vocabulary,curator,2026-03-28,490,neutral,DACH,communication,noun,die,Bitten,Bitte,false,false,,,,,,none,eine Bitte haben|eine Bitte äußern,Wunsch|Anliegen,,Goethe-Zertifikat A1 Start Deutsch 1 Wortliste,https://www.goethe.de,verified
140,vocabulary,bitten,to ask someone politely for an item or action,to ask; to request,Darf ich Sie um etwas bitten?,May I ask you for something?,A1,verb,4,very_common,Polite social action verb,curator,2026-03-28,280,neutral,DACH,communication|social,verb,,,,false,false,haben,bittet,bat,gebeten,+ Akkusativ; um + Akkusativ,um Hilfe bitten|um Entschuldigung bitten,ersuchen|anflehen,ersuchen,,Goethe-Zertifikat A1 Start Deutsch 1 Wortliste,https://www.goethe.de,verified
141,vocabulary,bitter,having a sharp acrid taste,bitter,Der Kaffee schmeckt bitter.,The coffee tastes bitter.,A1,adjective,3,common,Food taste adjective,curator,2026-03-28,880,neutral,DACH,food|taste,adjective,,,,false,false,,,,,none,bitter schmecken|bitterer Geschmack,herb,süß,,Goethe-Zertifikat A1 Start Deutsch 1 Wortliste,https://www.goethe.de,verified
142,vocabulary,blau,of the color of the clear daytime sky,blue,Er hat blaue Augen.,He has blue eyes.,A1,adjective,5,essential,Core color adjective,curator,2026-03-28,110,neutral,DACH,description|colors,adjective,,,,false,false,,,,,none,blaue Augen|blauer Himmel,azurblau|dunkelblau,,,Goethe-Zertifikat A1 Start Deutsch 1 Wortliste,https://www.goethe.de,verified
143,vocabulary,bleiben,to continue in a place or state without leaving,to stay; to remain,Ich bleibe heute zu Hause. / Wir bleiben nur bis morgen.,I am staying at home today. / We are staying only until tomorrow.,A1,verb,5,essential,Fundamental stative verb of presence,curator,2026-03-28,42,neutral,DACH,daily life|travel,verb,,,,false,false,sein,bleibt,blieb,geblieben,intransitive,zu Hause bleiben|im Bett bleiben,verweilen|ausharren,gehen|verlassen,,Goethe-Zertifikat A1 Start Deutsch 1 Wortliste,https://www.goethe.de,verified
144,vocabulary,Bleistift,instrument containing graphite for writing/drawing,pencil,Hast du einen Bleistift?,Do you have a pencil?,A1,noun,4,very_common,School and office stationery noun,curator,2026-03-28,890,neutral,DACH,education|office,noun|stationery,der,Bleistifte,Bleistifts,false,false,,,,,,none,mit dem Bleistift schreiben|Bleistift anspitzen,Stift|Schreibstift,,Goethe-Zertifikat A1 Start Deutsch 1 Wortliste,https://www.goethe.de,verified
145,vocabulary,Blick,sightline,view,"or visual focus, view; look; glance, Von diesem Hotel hat man einen guten Blick auf den Rhein.",From this hotel you have a good view of the Rhine.,A1,noun,4,very_common,Visual orientation and lodging noun,curator,2026-03-28,210,neutral,DACH,housing|travel,noun,der,Blicke,Blicks,false,false,,,,,,none,Blick auf die Stadt|auf den ersten Blick,Aussicht|Sicht|Schau,,Goethe-Zertifikat A1 Start Deutsch 1 Wortliste,https://www.goethe.de,verified
146,vocabulary,Blume,plant cultivated or gathered for its blossoms,flower,Gefallen dir die Blumen?,Do you like the flowers?,A1,noun,4,very_common,Core nature and gifting noun,curator,2026-03-28,520,neutral,DACH,nature|gifts,noun|nature,die,Blumen,Blume,false,false,,,,,,none,Blumen schenken|Blumen gießen,Blüte|Zierpflanze,,Goethe-Zertifikat A1 Start Deutsch 1 Wortliste,https://www.goethe.de,verified
147,vocabulary,Bogen,sheet of paper prepared for exam/forms,sheet (of paper); form,Schreiben Sie Ihre Lösungen bitte auf den Antwortbogen.,Please write your solutions on the answer sheet.,A1,noun,4,very_common,Exam administration vocabulary,curator,2026-03-28,780,neutral,DACH,exam|education,noun|documents,der,Bögen,Bogens,false,false,,,,,,none,auf den Bogen schreiben|Antwortbogen,Blatt|Formularbogen,,Goethe-Zertifikat A1 Start Deutsch 1 Wortliste,https://www.goethe.de,verified
148,vocabulary,böse,feeling anger or resentment toward someone,angry; mad,Sie ist böse auf mich.,She is angry with me.,A1,adjective,4,very_common,Emotion and interpersonal description adjective,curator,2026-03-28,490,neutral,DACH,feelings|personal,adjective,,,,false,false,,,,,none,böse sein auf|nicht böse sein,wütend|sauer,lieb|nett,,Goethe-Zertifikat A1 Start Deutsch 1 Wortliste,https://www.goethe.de,verified
149,vocabulary,Brasilianer,male native or citizen of Brazil,Brazilian (male),Er ist Brasilianer.,He is a Brazilian.,A1,noun,3,common,Nationality demographic noun,curator,2026-03-28,680,neutral,DACH,identity|countries,noun|people,der,Brasilianer,Brasilianers,false,false,,,,,,none,der Brasilianer|brasilianischer Staatsbürger,brasilianischer Mann,Brasilianerin,Goethe-Zertifikat A1 Start Deutsch 1 Wortliste,https://www.goethe.de,verified
150,vocabulary,Brasilianerin,female native or citizen of Brazil,Brazilian (female),Sie ist Brasilianerin.,She is a Brazilian woman.,A1,noun,3,common,Nationality demographic noun,curator,2026-03-28,740,neutral,DACH,identity|countries,noun|people,die,Brasilianerinnen,Brasilianerin,false,false,,,,,,none,die Brasilianerin|nette Brasilianerin,brasilianische Bürgerin,Brasilianer,Goethe-Zertifikat A1 Start Deutsch 1 Wortliste,https://www.goethe.de,verified
151,vocabulary,brasilianisch,of or relating to Brazil or its culture,Brazilian,Wir hören brasilianische Musik.,We are listening to Brazilian music.,A1,adjective,3,common,National origin and cultural adjective,curator,2026-03-28,520,neutral,DACH,identity|music,adjective,,,,false,false,,,,,none,brasilianischer Kaffee|brasilianischer Fußball,südamerikanisch,,,Goethe-Zertifikat A1 Start Deutsch 1 Wortliste,https://www.goethe.de,verified
152,vocabulary,Brasilien,largest country in South America and Latin America,Brazil,Er kommt aus Brasilien.,He comes from Brazil.,A1,noun,4,very_common,Country name noun,curator,2026-03-28,240,neutral,DACH,geography|countries,noun|geography,das,,Brasiliens,false,false,,,,,,none,nach Brasilien reisen|in Brasilien leben,Föderative Republik Brasilien,,Goethe-Zertifikat A1 Start Deutsch 1 Wortliste,https://www.goethe.de,verified
153,vocabulary,brauchen,to have need of something for a purpose,to need; to require,Brauchst du die Zeitung noch?,Do you still need the newspaper?,A1,verb,5,essential,Core necessity and daily action verb,curator,2026-03-28,62,neutral,DACH,daily life|general,verb,,,,false,false,haben,braucht,brauchte,gebraucht,+ Akkusativ,Hilfe brauchen|Zeit brauchen|Geld brauchen,benötigen|bedürfen,entbehren,,Goethe-Zertifikat A1 Start Deutsch 1 Wortliste,https://www.goethe.de,verified
154,vocabulary,braun,of the color of chocolate coffee or earth,brown,Sie hat braune Haare.,She has brown hair.,A1,adjective,4,very_common,Core color adjective,curator,2026-03-28,180,neutral,DACH,description|colors,adjective,,,,false,false,,,,,none,braune Augen|braune Schuhe,haselnussbraun|dunkelbraun,,,Goethe-Zertifikat A1 Start Deutsch 1 Wortliste,https://www.goethe.de,verified
155,vocabulary,breit,having a specific or extensive horizontal span,wide; broad,Wie breit ist der Schrank?,How wide is the wardrobe?,A1,adjective,4,very_common,Physical dimensions adjective,curator,2026-03-28,340,neutral,DACH,description|housing,adjective,,,,false,false,,,,,none,zwei Meter breit|eine breite Straße,weit|geräumig,schmal|eng,,Goethe-Zertifikat A1 Start Deutsch 1 Wortliste,https://www.goethe.de,verified
156,vocabulary,Brief,written message sent in an envelope by mail,letter,Haben Sie einen Brief für mich?,Do you have a letter for me?,A1,noun,5,essential,Core postal communication noun,curator,2026-03-28,210,neutral,DACH,mail|communication,noun|post,der,Briefe,Briefs,false,false,,,,,,none,einen Brief schreiben|einen Brief abschicken,Schreiben|Postsendung,,Goethe-Zertifikat A1 Start Deutsch 1 Wortliste,https://www.goethe.de,verified
157,vocabulary,Briefmarke,small adhesive stamp showing postage payment,postage stamp; stamp,Kaufst du bitte Briefmarken bei der Post.,Please buy postage stamps at the post office.,A1,noun,4,very_common,Postal service vocabulary,curator,2026-03-28,980,neutral,DACH,mail|services,noun|post,die,Briefmarken,Briefmarke,false,false,,,,,,none,Briefmarken kaufen|Briefmarke aufkleben,Postwertzeichen|Portozeichen,,Goethe-Zertifikat A1 Start Deutsch 1 Wortliste,https://www.goethe.de,verified
158,vocabulary,bringen,to take or carry someone or something to a destination,to bring; to take,Bringen Sie mir bitte noch einen Kaffee! / Wir müssen ihn zum Arzt bringen.,Please bring me another coffee! / We have to take him to the doctor.,A1,verb,5,essential,Fundamental transfer verb,curator,2026-03-28,74,neutral,DACH,daily life|social,verb,,,,false,false,haben,bringt,brachte,gebracht,+ Dativ + Akkusativ,nach Hause bringen|zum Arzt bringen|Kaffee bringen,befördern|überbringen,holen|nehmen,,Goethe-Zertifikat A1 Start Deutsch 1 Wortliste,https://www.goethe.de,verified
159,vocabulary,Brot,baked staple food made from flour and water,bread; loaf,Haben Sie auch Weißbrot? / Nimm noch ein paar Brote für die Fahrt mit.,Do you also have white bread? / Take a few sandwiches/slices of bread for the journey.,A1,noun,5,essential,Core food and grocery noun,curator,2026-03-28,240,neutral,DACH,food|shopping,noun|food,das,Brote,Brots,false,false,,,,,,none,Brot backen|Brot schneiden|frisches Brot,Laib Brot|Backware,,Goethe-Zertifikat A1 Start Deutsch 1 Wortliste,https://www.goethe.de,verified
160,vocabulary,Brötchen,small individually baked bread roll,bread roll; bun,Möchtest du Brötchen zum Frühstück?,Would you like bread rolls for breakfast?,A1,noun,4,very_common,Core German breakfast vocabulary,curator,2026-03-28,520,neutral,DACH,food|breakfast,noun|food,das,Brötchen,Brötchens,false,false,,,,,,none,Brötchen holen|Brötchen mit Butter,Semmel|Schrippe|Wecke,,Goethe-Zertifikat A1 Start Deutsch 1 Wortliste,https://www.goethe.de,verified
161,vocabulary,Bruder,male sibling sharing the same parents,brother,Sein Bruder arbeitet auch hier.,His brother also works here.,A1,noun,5,essential,Core family relations noun,curator,2026-03-28,280,neutral,DACH,family|personal,noun|family,der,Brüder,Bruders,false,false,,,,,,none,älterer Bruder|jüngerer Bruder,männliches Geschwisterteil,Schwester,Goethe-Zertifikat A1 Start Deutsch 1 Wortliste,https://www.goethe.de,verified
162,vocabulary,Buch,bound set of printed or blank sheets,book,Gute Bücher sind oft sehr teuer. / In diesem Wörterbuch finden Sie mehr als 20.000 Wörter.,"Good books are often very expensive. / In this dictionary you find more than 20,000 words.",A1,noun,5,essential,Core educational and leisure noun,curator,2026-03-28,120,neutral,DACH,media|reading|education,noun,das,Bücher,Buchs,false,false,,,,,,none,ein Buch lesen|Buch aufschlagen|Wörterbuch,Band|Werk,,Goethe-Zertifikat A1 Start Deutsch 1 Wortliste,https://www.goethe.de,verified
163,vocabulary,Buchstabe,written typographic symbol of an alphabet,letter (alphabet),Diesen Buchstaben gibt es in meiner Sprache nicht.,This letter does not exist in my language.,A1,noun,4,very_common,Linguistic and spelling vocabulary,curator,2026-03-28,680,neutral,DACH,language|learning,noun|language,der,Buchstaben,Buchstabens,false,false,,,,,,none,großer Buchstabe|kleiner Buchstabe,Schriftzeichen|Letter,,Goethe-Zertifikat A1 Start Deutsch 1 Wortliste,https://www.goethe.de,verified
164,vocabulary,buchstabieren,to state or spell the letters of a word sequentially,to spell,Bitte buchstabieren Sie Ihren Namen.,Please spell your name.,A1,verb,4,very_common,Essential exam and registration instruction verb,curator,2026-03-28,790,neutral,DACH,language|exam,verb,,,,false,false,haben,buchstabiert,buchstabierte,buchstabiert,+ Akkusativ,den Namen buchstabieren|laut buchstabieren,nach Buchstaben aufsagen,einzeln sprechen,,Goethe-Zertifikat A1 Start Deutsch 1 Wortliste,https://www.goethe.de,verified
165,vocabulary,Bus,large public automotive vehicle for many riders,bus,Wann kommt der nächste Bus?,When does the next bus arrive?,A1,noun,5,essential,Fundamental public transit noun,curator,2026-03-28,190,neutral,DACH,travel|transport,noun|transport,der,Busse,Busses,false,false,,,,,,none,mit dem Bus fahren|an der Bushaltestelle warten,Omnibus|Linienbus,,Goethe-Zertifikat A1 Start Deutsch 1 Wortliste,https://www.goethe.de,verified
166,vocabulary,Butter,solid yellow dairy fat made from milk or cream,butter,Für mich bitte ein Brötchen mit Butter und Käse.,For me please a bread roll with butter and cheese.,A1,noun,4,very_common,Basic food and grocery term,curator,2026-03-28,540,neutral,DACH,food|shopping,noun|food,die,,Butter,false,false,,,,,,none,Butter aufs Brot schmieren|Butter und Marmelade,Milchfett|Streichfett,,Goethe-Zertifikat A1 Start Deutsch 1 Wortliste,https://www.goethe.de,verified
167,vocabulary,Café,public establishment serving coffee and light meals,café; coffee shop,Sollen wir uns im Café treffen?,Shall we meet at the café?,A1,noun,4,very_common,Social meeting venue noun,curator,2026-03-28,490,neutral,DACH,dining|leisure,noun|dining,das,Cafés,Cafés,false,false,,,,,,none,ins Café gehen|im Café sitzen,Kaffeehaus|Bistro,,Goethe-Zertifikat A1 Start Deutsch 1 Wortliste,https://www.goethe.de,verified
168,vocabulary,CD,optical disc format for digital audio storage,CD; compact disc,Bring bitte deine Lieblings-CD mit.,Please bring your favorite CD with you.,A1,noun,3,common,Entertainment and audio medium noun,curator,2026-03-28,910,neutral,DACH,media|music,noun|media,die,CDs,CD,false,false,,,,,,none,eine CD anhören|Musik auf CD,Compact Disc|Datenträger,,Goethe-Zertifikat A1 Start Deutsch 1 Wortliste,https://www.goethe.de,verified
169,vocabulary,Cent,monetary unit equal to one hundredth of a euro,cent,Ein Euro hat 100 Cent.,One euro has 100 cents.,A1,noun,4,very_common,Core currency and retail subunit noun,curator,2026-03-28,280,neutral,DACH,shopping|finances,noun|money,der,Cent,Cents,false,false,,,,,,none,fünfzig Cent|Euro und Cent,Untereinheit,,Goethe-Zertifikat A1 Start Deutsch 1 Wortliste,https://www.goethe.de,verified
170,vocabulary,Chef,individual in charge of an organization or workers,boss; supervisor; head,Wir haben eine neue Chefin.,We have a new (female) boss.,A1,noun,4,very_common,Workplace hierarchy noun,curator,2026-03-28,310,neutral,DACH,work|office,noun|work,der,Chefs,Chefs,false,false,,,,,,none,der Chef der Firma|mit dem Chef sprechen,Vorgesetzter|Leiter|Boss,Mitarbeiter|Angestellter,Goethe-Zertifikat A1 Start Deutsch 1 Wortliste,https://www.goethe.de,verified
171,vocabulary,Chefin,female head executive or supervisor of an organization,boss (female); supervisor,Wir haben eine neue Chefin.,We have a new female boss.,A1,noun,4,very_common,Workplace leadership noun,curator,2026-03-28,360,neutral,DACH,work|office,noun|work,die,Chefinnen,Chefin,false,false,,,,,,none,unsere Chefin|die Chefin anrufen,Vorgesetzte|Leiterin,Chef,Goethe-Zertifikat A1 Start Deutsch 1 Wortliste,https://www.goethe.de,verified
172,vocabulary,China,sovereign country located in East Asia,China,Yin kommt aus China.,Yin comes from China.,A1,noun,4,very_common,Country name noun,curator,2026-03-28,160,neutral,DACH,geography|countries,noun|geography,das,,Chinas,false,false,,,,,,none,nach China fliegen|in China geboren,Volksrepublik China,,Goethe-Zertifikat A1 Start Deutsch 1 Wortliste,https://www.goethe.de,verified
173,vocabulary,Chinese,male native or citizen of China,Chinese (male),Er ist Chinese.,He is Chinese.,A1,noun,4,very_common,Nationality demographic noun,curator,2026-03-28,440,neutral,DACH,identity|countries,noun|people,der,Chinesen,Chinesen,false,false,,,,,,none,der Chinese|chinesischer Bürger,chinesischer Mann,Chinesin,Goethe-Zertifikat A1 Start Deutsch 1 Wortliste,https://www.goethe.de,verified
174,vocabulary,Chinesin,female native or citizen of China,Chinese (female),Yin ist Chinesin.,Yin is a Chinese woman.,A1,noun,4,very_common,Nationality demographic noun,curator,2026-03-28,510,neutral,DACH,identity|countries,noun|people,die,Chinesinnen,Chinesin,false,false,,,,,,none,die Chinesin|eine Chinesin kennenlernen,chinesische Bürgerin,Chinese,Goethe-Zertifikat A1 Start Deutsch 1 Wortliste,https://www.goethe.de,verified
175,vocabulary,chinesisch,of or relating to China its language or culinary tradition,Chinese,Ich mag chinesisches Essen.,I like Chinese food.,A1,adjective,4,very_common,National origin cuisine and linguistic adjective,curator,2026-03-28,260,neutral,DACH,language|food|identity,adjective,,,,false,false,,,,,none,chinesische Küche|Chinesisch sprechen|chinesische Schrift,sinomarxistisch|ostasiatisch,,,Goethe-Zertifikat A1 Start Deutsch 1 Wortliste,https://www.goethe.de,verified
176,vocabulary,circa,approximately or close to in number/quantity,approximately; roughly; about,Von Mainz nach Frankfurt sind es circa fünfzig Kilometer.,From Mainz to Frankfurt it is approximately fifty kilometers.,A1,adverb,4,very_common,Approximation adverb,curator,2026-03-28,270,neutral,DACH,general|measurements,adverb,,,,false,false,,,,,none,circa zwei Stunden|circa zehn Euro,ungefähr|etwa|rund,exakt|genau,,Goethe-Zertifikat A1 Start Deutsch 1 Wortliste,https://www.goethe.de,verified
177,vocabulary,Computer,electronic device for processing data,computer,Wann bekommst du deinen neuen Computer?,When do you get your new computer?,A1,noun,4,very_common,Everyday digital machine noun,curator,2026-03-28,280,neutral,DACH,technology|work,noun|tech,der,Computer,Computers,false,false,,,,,,none,am Computer arbeiten|neuer Computer,Rechner|PC,,Goethe-Zertifikat A1 Start Deutsch 1 Wortliste,https://www.goethe.de,verified
178,vocabulary,da,in or at that identified location; present,there; here; present,Da hinten ist er ja. / Wir sprechen gerade über Paul. Da kommt er ja gerade. / Ich nehme das da. / Ist Herr Klein schon da?,There he is back there. / We are just talking about Paul. There he comes right now. / I'll take that one there. / Is Mr. Klein already here?,A1,adverb,5,essential,Core deictic locative and situational adverb,curator,2026-03-28,19,neutral,DACH,spatial|general,adverb,,,,false,false,,,,,none,da sein|da hinten|da vorne,dort|hier|anwesend,weg|abwesend,,Goethe-Zertifikat A1 Start Deutsch 1 Wortliste,https://www.goethe.de,verified
179,vocabulary,Dame,courteous term for a woman; formal title,lady; woman,Damen (an der Toilette) / Sehr geehrte Damen und Herren!,Ladies (on restroom signs) / Dear Ladies and Gentlemen!,A1,noun,4,very_common,Polite title and signpost term,curator,2026-03-28,290,neutral,DACH,communication|identity,noun|people,die,Damen,Dame,false,false,,,,,,none,Damen und Herren|feine Dame,Frau|Edelfrau,Herr,Goethe-Zertifikat A1 Start Deutsch 1 Wortliste,https://www.goethe.de,verified
180,vocabulary,daneben,in a position immediately adjacent to that object,next to it; beside it,Du kennst doch die Post. Daneben ist die Bank.,You know the post office. Next to it is the bank.,A1,adverb,4,very_common,Spatial orientation adverb,curator,2026-03-28,390,neutral,DACH,spatial|orientation,adverb,,,,false,false,,,,,none,daneben liegen|gleich daneben,nebenan|an der Seite,,,Goethe-Zertifikat A1 Start Deutsch 1 Wortliste,https://www.goethe.de,verified
181,vocabulary,Dank,feeling or verbalization of appreciation,gratitude; thanks,Vielen Dank! / Herzlichen Dank!,Many thanks! / Heartfelt thanks!,A1,noun,5,essential,Core gratitude noun,curator,2026-03-28,180,neutral,DACH,communication|politeness,noun,der,,Danks,false,false,,,,,,none,vielen Dank|herzlichen Dank|zum Dank,Dankbarkeit|Anerkennung,,Goethe-Zertifikat A1 Start Deutsch 1 Wortliste,https://www.goethe.de,verified
182,vocabulary,danke,polite conversational reply conveying thanks,thank you; thanks,"Soll ich Ihnen helfen? Nein, danke!","Shall I help you? - No, thank you!",A1,interjection,5,essential,Everyday etiquette word,curator,2026-03-28,22,neutral,DACH,communication|politeness,interjection,,,,false,false,,,,,none,nein danke|danke sehr|danke schön,vielen Dank,,,Goethe-Zertifikat A1 Start Deutsch 1 Wortliste,https://www.goethe.de,verified
183,vocabulary,danken,to express one's gratitude to an individual,to thank,Ich danke Ihnen für die Einladung.,I thank you for the invitation.,A1,verb,5,essential,Polite social interaction verb,curator,2026-03-28,220,neutral,DACH,communication|politeness,verb,,,,false,false,haben,dankt,dankte,gedankt,+ Dativ; für + Akkusativ,jemandem herzlich danken|danke für die Hilfe,Dank aussprechen|sich bedanken,bedanken bei,,Goethe-Zertifikat A1 Start Deutsch 1 Wortliste,https://www.goethe.de,verified
184,vocabulary,dann,at that following time or subsequent step,then; after that,"Ich muss noch schnell zur Post, dann komme ich.","I still have to go quickly to the post office, then I'll come.",A1,adverb,5,essential,Core temporal sequencing adverb,curator,2026-03-28,16,neutral,DACH,time|general,adverb|sequence,,,,false,false,,,,,none,erst ... dann|und dann|bis dann,danach|daraufhin,vorher|zuerst,,Goethe-Zertifikat A1 Start Deutsch 1 Wortliste,https://www.goethe.de,verified
185,vocabulary,Datum,calendar day recorded by day month and year,date (calendar),Bitte schreiben Sie noch das Datum auf das Formular.,Please write the date on the form as well.,A1,noun,4,very_common,Core form-filling and calendar noun,curator,2026-03-28,410,neutral,DACH,official forms|calendar,noun|time,das,Daten,Datums,false,false,,,,,,none,das heutige Datum|Datum angeben,Kalendertag|Termin,,Goethe-Zertifikat A1 Start Deutsch 1 Wortliste,https://www.goethe.de,verified
186,vocabulary,dauern,to extend over a duration of time,to last; to take (time),Wie lange dauert der Film?,How long does the film last?,A1,verb,4,very_common,Temporal duration verb,curator,2026-03-28,260,neutral,DACH,time|general,verb,,,,false,false,haben,dauert,dauerte,gedauert,intransitive; + Akkusativ,lange dauern|wie lange dauert es,währen|Zeit in Anspruch nehmen,währen|Zeit beanspruchen,,Goethe-Zertifikat A1 Start Deutsch 1 Wortliste,https://www.goethe.de,verified
187,vocabulary,dein-,belonging to the addressed person (singular informal),your; yours,Ist das dein Auto? / Ist das deins?,Is that your car? / Is that yours?,A1,pronoun,5,essential,Core 2nd-person informal possessive pronoun,curator,2026-03-28,34,neutral,DACH,personal,pronoun|possessive,,,,false,false,,,,,none,dein Buch|deine Mutter,deinige,mein-,,Goethe-Zertifikat A1 Start Deutsch 1 Wortliste,https://www.goethe.de,verified
188,vocabulary,denn,introducing a clause stating the reason,because; for,"Ich kann nicht kommen, denn ich bin krank.","I cannot come, because I am ill.",A1,conjunction,5,essential,Coordinating causal conjunction,curator,2026-03-28,46,neutral,DACH,communication|reason,conjunction|connector,,,,false,false,,,,,none,denn es ist so|was ist denn los,weil|da,,,Goethe-Zertifikat A1 Start Deutsch 1 Wortliste,https://www.goethe.de,verified
189,vocabulary,"der, die, das",grammatical definite article marking specific entities,the; that; this; which,"Ich nehme das da. / Hier ist der Brief, den du suchst. / Die Fahrkarte bekommst du am Bahnhof.",I will take that one. / Here is the letter that you are looking for. / You get the ticket at the station.,A1,article,5,essential,Most frequent word class in the language,curator,2026-03-28,1,neutral,DACH,general,article|pronoun,,,,false,false,,,,,none,der Mann|die Frau|das Kind,dieser|jener,ein/eine,,Goethe-Zertifikat A1 Start Deutsch 1 Wortliste,https://www.goethe.de,verified
190,vocabulary,deutsch,of relating to Germany or the German language,German (adjective/language),Wie heißt das auf Deutsch?,What is that called in German?,A1,adjective,5,essential,Core linguistic and national adjective,curator,2026-03-28,38,neutral,DACH,language|identity,adjective,,,,false,false,,,,,none,auf Deutsch|Deutsch lernen|deutsche Sprache,germanisch,ausländisch,,Goethe-Zertifikat A1 Start Deutsch 1 Wortliste,https://www.goethe.de,verified
191,vocabulary,Deutsche,native or citizen of Germany,German (person),Ein Deutscher und eine Deutsche arbeiten hier.,A German man and a German woman work here.,A1,noun,5,essential,Nationality and citizenship noun,curator,2026-03-28,95,neutral,DACH,identity|countries,noun|people,der,Deutschen,Deutschen,false,false,,,,,,none,der Deutsche|die Deutsche|viele Deutsche,Bundesbürger,,Goethe-Zertifikat A1 Start Deutsch 1 Wortliste,https://www.goethe.de,verified
192,vocabulary,Deutsche,female citizen or native of Germany,German (female),Eine Deutsche arbeitet hier.,A German woman works here.,A1,noun,5,essential,Core national demographic noun,curator,2026-03-28,110,neutral,DACH,identity|countries,noun|people,die,Deutschen,Deutschen,false,false,,,,,,none,die Deutsche|eine junge Deutsche,Bundesbürgerin,Ausländerin,Goethe-Zertifikat A1 Start Deutsch 1 Wortliste,https://www.goethe.de,verified
193,vocabulary,Deutschkurs,instructional class teaching the German language,German course,Der Deutschkurs geht bis zum Sommer.,The German course runs until summer.,A1,noun,4,very_common,Core educational course noun,curator,2026-03-28,410,neutral,DACH,education|language,noun|education,der,Deutschkurse,Deutschkurses,false,false,,,,,,none,einen Deutschkurs besuchen|Deutschkurs A1,Sprachkurs|Deutschunterricht,,Goethe-Zertifikat A1 Start Deutsch 1 Wortliste,https://www.goethe.de,verified
194,vocabulary,Deutschland,federal country situated in central Europe,Germany,Wir lernen Deutsch in Deutschland.,We are learning German in Germany.,A1,noun,5,essential,Core country geographical noun,curator,2026-03-28,65,neutral,DACH,geography|countries,noun|geography,das,,Deutschlands,false,false,,,,,,none,in Deutschland leben|nach Deutschland reisen,Bundesrepublik Deutschland,,Goethe-Zertifikat A1 Start Deutsch 1 Wortliste,https://www.goethe.de,verified
195,vocabulary,Deutschlehrer,instructor who teaches the German language,German teacher,Unser Deutschlehrer heißt Herr Winter.,Our German teacher is named Mr. Winter.,A1,noun,4,very_common,Educational profession noun,curator,2026-03-28,480,neutral,DACH,education|professions,noun|professions,der,Deutschlehrer,Deutschlehrers,false,false,,,,,,none,der neue Deutschlehrer|Deutschlehrer fragen,Sprachlehrer|Germanist,Deutschlehrerin,Goethe-Zertifikat A1 Start Deutsch 1 Wortliste,https://www.goethe.de,verified
196,vocabulary,Dezember,twelfth and last month of the calendar year,December,Im Dezember feiern wir Weihnachten.,In December we celebrate Christmas.,A1,noun,4,very_common,Core calendar month noun,curator,2026-03-28,235,neutral,DACH,time|calendar,noun|calendar,der,Dezember,Dezembers,false,false,,,,,,none,im Dezember|Ende Dezember,Wintermonat,,Goethe-Zertifikat A1 Start Deutsch 1 Wortliste,https://www.goethe.de,verified
197,vocabulary,dich,accusative form of personal pronoun du,you (accusative),Die Blumen sind für dich.,The flowers are for you.,A1,pronoun,5,essential,Core direct object personal pronoun,curator,2026-03-28,66,neutral,DACH,personal,pronoun|personal,,,,false,false,,,,,none,für dich|ohne dich|ich liebe dich,deine Person,,,Goethe-Zertifikat A1 Start Deutsch 1 Wortliste,https://www.goethe.de,verified
198,vocabulary,Dienstag,second day of the week,Tuesday,Meine Schwester kommt am Dienstag.,My sister is coming on Tuesday.,A1,noun,5,essential,Core calendar weekday noun,curator,2026-03-28,170,neutral,DACH,time|calendar,noun|calendar,der,Dienstage,Dienstags,false,false,,,,,,none,am Dienstag|nächsten Dienstag,Wochentag,,Goethe-Zertifikat A1 Start Deutsch 1 Wortliste,https://www.goethe.de,verified
199,vocabulary,Dienstleistung,commercial transaction providing intangible service/labor,service,Die Post bietet viele Dienstleistungen an.,The post office offers many services.,A1,noun,4,very_common,Commercial service and public administration noun,curator,2026-03-28,390,neutral,DACH,services|business,noun|services,die,Dienstleistungen,Dienstleistung,false,false,,,,,,none,eine Dienstleistung anbieten|im Bereich Dienstleistungen,Kundendienst|Serviceleistung|Leistung,Ware|Produkt,Goethe-Zertifikat A1 Start Deutsch 1 Wortliste,https://www.goethe.de,verified
200,vocabulary,dies-,indicating a specific entity close at hand,this; this one; these,Ich nehme lieber diesen Kuchen.,I prefer taking this cake.,A1,pronoun,5,essential,Core proximal demonstrative pronoun,curator,2026-03-28,26,neutral,DACH,general,pronoun|demonstrative,,,,false,false,,,,,none,dieses Jahr|dieser Mann|diese Woche,der da|jener,,,Goethe-Zertifikat A1 Start Deutsch 1 Wortliste,https://www.goethe.de,verified
201,vocabulary,dir,dative form of personal pronoun du,you (dative); to you,Gefallen dir die Blumen?,Do you like the flowers?,A1,pronoun,5,essential,Core indirect object personal pronoun,curator,2026-03-28,52,neutral,DACH,personal,pronoun|personal,,,,false,false,,,,,none,wie geht es dir|gehört das dir,deiner Person,,,Goethe-Zertifikat A1 Start Deutsch 1 Wortliste,https://www.goethe.de,verified
202,vocabulary,Disco,nightclub or dance club with music and lighting,disco; dance club,Heute abend gehen wir in die Disco tanzen.,Tonight we are going to the disco to dance.,A1,noun,3,common,Youth leisure and nightlife term,curator,2026-03-28,950,neutral,DACH,leisure|entertainment,noun|leisure,die,Discos,Disco,false,false,,,,,,none,in die Disco gehen|Diskothek,Club|Tanzlokal,,Goethe-Zertifikat A1 Start Deutsch 1 Wortliste,https://www.goethe.de,verified
203,vocabulary,Doktor,medical doctor or holder of an academic degree,doctor; physician,Meine Tochter ist krank. Wir gehen zum Doktor.,My daughter is sick. We are going to the doctor.,A1,noun,4,very_common,Health services and medical noun,curator,2026-03-28,360,neutral,DACH,health|professions,noun|health,der,Doktoren,Doktors,false,false,,,,,,none,zum Doktor gehen|Herr Doktor,Arzt|Mediziner,,Goethe-Zertifikat A1 Start Deutsch 1 Wortliste,https://www.goethe.de,verified
204,vocabulary,Donnerstag,fourth day of the week,Thursday,Wir treffen uns am Donnerstag um 18 Uhr.,We meet on Thursday at 18:00.,A1,noun,5,essential,Core calendar weekday noun,curator,2026-03-28,180,neutral,DACH,time|calendar,noun|calendar,der,Donnerstage,Donnerstags,false,false,,,,,,none,am Donnerstag|bis Donnerstag,Wochentag,,Goethe-Zertifikat A1 Start Deutsch 1 Wortliste,https://www.goethe.de,verified
205,vocabulary,Doppelzimmer,hotel guest room arranged with a double bed or two beds,double room,Wollen Sie ein Doppelzimmer oder ein Einzelzimmer?,Do you want a double room or a single room?,A1,noun,4,very_common,Accommodation and travel booking noun,curator,2026-03-28,920,neutral,DACH,travel|lodging,noun|lodging,das,Doppelzimmer,Doppelzimmers,false,false,,,,,,none,ein Doppelzimmer buchen|Doppelzimmer mit Bad,Zweibettzimmer,Einzelzimmer,Goethe-Zertifikat A1 Start Deutsch 1 Wortliste,https://www.goethe.de,verified
206,vocabulary,Dorf,small rural community distinctly smaller than a town,village,Meine Familie lebt in einem Dorf.,My family lives in a village.,A1,noun,4,very_common,Geographical living environment noun,curator,2026-03-28,390,neutral,DACH,housing|geography,noun|settlement,das,Dörfer,Dorfes,false,false,,,,,,none,auf dem Dorf wohnen|kleines Dorf,Gemeinde|Ortschaft,Stadt|Metropole,Goethe-Zertifikat A1 Start Deutsch 1 Wortliste,https://www.goethe.de,verified
207,vocabulary,"dort, her, hin",specifying location away from speaker or motion towards/away,there; here; there (direction),Deine Tasche kannst du dorthin stellen. / Dort ist unser Haus.,You can put your bag over there. / Over there is our house.,A1,adverb,5,essential,Core spatial deictic and directional adverbs,curator,2026-03-28,45,neutral,DACH,spatial|orientation,adverb,,,,false,false,,,,,none,dort drüben|dorthin gehen|hierher kommen,da,hier,,Goethe-Zertifikat A1 Start Deutsch 1 Wortliste,https://www.goethe.de,verified
208,vocabulary,draußen,in the open air exterior to an enclosed building,outside; outdoors,Wollen wir draußen sitzen?,Shall we sit outside?,A1,adverb,4,very_common,Environmental spatial adverb,curator,2026-03-28,290,neutral,DACH,spatial|daily life,adverb,,,,false,false,,,,,none,draußen bleiben|nach draußen gehen,im Freien|vor der Tür,drinnen,,Goethe-Zertifikat A1 Start Deutsch 1 Wortliste,https://www.goethe.de,verified
209,vocabulary,drei,cardinal number following two and preceding four,three,Wir brauchen noch drei Gläser.,We still need three glasses.,A1,numeral,5,essential,Fundamental cardinal number,curator,2026-03-28,40,neutral,DACH,numbers|general,numeral,,,,false,false,,,,,none,drei Tage|alle drei,Trio,,,Goethe-Zertifikat A1 Start Deutsch 1 Wortliste,https://www.goethe.de,verified
210,vocabulary,dreißig,cardinal number equal to three tens,thirty,Heute haben wir dreißig Grad.,Today we have thirty degrees.,A1,numeral,4,very_common,Core cardinal ten-unit,curator,2026-03-28,120,neutral,DACH,numbers|general,numeral,,,,false,false,,,,,none,dreißig Grad|dreißig Minuten,Dreißigstel,,,Goethe-Zertifikat A1 Start Deutsch 1 Wortliste,https://www.goethe.de,verified
211,vocabulary,dreizehn,cardinal number following twelve and preceding fourteen,thirteen,Dreizehn Uhr siebzehn.,13:17.,A1,numeral,4,very_common,Cardinal number,curator,2026-03-28,210,neutral,DACH,numbers|general,numeral,,,,false,false,,,,,none,dreizehn Uhr|dreizehn Gäste,Dreizehntel,,,Goethe-Zertifikat A1 Start Deutsch 1 Wortliste,https://www.goethe.de,verified
212,vocabulary,dritt-,coming next after the second in order,third,Gehen Sie bitte zum Schalter drei!,Please go to counter three (third counter)!,A1,adjective,4,very_common,Core ordinal number adjective,curator,2026-03-28,68,neutral,DACH,numbers|general,adjective|ordinal,,,,false,false,,,,,none,die dritte Tür|dritter Stock|der dritte März,nachfolgend,,,Goethe-Zertifikat A1 Start Deutsch 1 Wortliste,https://www.goethe.de,verified
213,vocabulary,drucken,to reproduce words or images on paper by machine,to print,Bitte drucke das Formular für mich.,Please print the form for me.,A1,verb,4,very_common,Office and digital hardware action verb,curator,2026-03-28,520,neutral,DACH,office|technology,verb,,,,false,false,haben,druckt,druckte,gedruckt,+ Akkusativ,ein Formular drucken|doppelseitig drucken,ausdrucken|vervielfältigen,ausdrucken,,Goethe-Zertifikat A1 Start Deutsch 1 Wortliste,https://www.goethe.de,verified
214,vocabulary,drücken,to apply mechanical pressure against an object or button,to press; to push,Drück hier dann geht der Computer an.,"Press here, then the computer turns on.",A1,verb,4,very_common,Everyday mechanical action verb,curator,2026-03-28,280,neutral,DACH,daily life|technology,verb,,,,false,false,haben,drückt,drückte,gedrückt,+ Akkusativ; intransitive,den Knopf drücken|auf die Taste drücken,pressen|betätigen,ziehen,,Goethe-Zertifikat A1 Start Deutsch 1 Wortliste,https://www.goethe.de,verified
215,vocabulary,Drucker,output device that transfers documents onto paper,printer,Mein Drucker ist kaputt.,My printer is broken.,A1,noun,4,very_common,Core computer accessory noun,curator,2026-03-28,680,neutral,DACH,technology|office,noun|tech,der,Drucker,Druckers,false,false,,,,,,none,der Drucker geht nicht|neuer Drucker,Printgerät,,Goethe-Zertifikat A1 Start Deutsch 1 Wortliste,https://www.goethe.de,verified
216,vocabulary,durch,moving from one side across to the other or by means of,through; by; via,Am besten gehen Sie durch die Breite Straße.,It is best if you go through Breite Straße.,A1,preposition,5,essential,Core spatial and instrumental preposition,curator,2026-03-28,32,neutral,DACH,spatial|movement,preposition,,,,false,false,,,,,+ Akkusativ,durch die Stadt|durch den Park|durch das Fenster,hindurch|mittels,,,Goethe-Zertifikat A1 Start Deutsch 1 Wortliste,https://www.goethe.de,verified
217,vocabulary,Durchsage,oral broadcast communicated across an audio speaker,public announcement; announcement,Ich habe die Durchsage nicht verstanden.,I did not understand the announcement.,A1,noun,4,very_common,Listening comprehension and public transit noun,curator,2026-03-28,780,neutral,DACH,travel|exam,noun|listening,die,Durchsagen,Durchsage,false,false,,,,,,none,eine Durchsage machen|Durchsage am Bahnhof,Ansage|Lautsprecherdurchsage,,Goethe-Zertifikat A1 Start Deutsch 1 Wortliste,https://www.goethe.de,verified
218,vocabulary,dürfen,modal verb signifying having permission or authorization,may; to be allowed to,Sie dürfen hier nicht rauchen. / Darf ich Sie zu einem Kaffee einladen? / Es darf nicht mehr als 15 Euro kosten.,You are not allowed to smoke here. / May I invite you for a coffee? / It must not cost more than 15 euros.,A1,verb,5,essential,Core modal verb of permission,curator,2026-03-28,48,neutral,DACH,grammar|modal,verb|modal,,,,false,false,haben,darf,durfte,gedurft,+ Infinitiv,das darf man nicht|darf ich fragen,die Erlaubnis haben,müssen|verbieten,,Goethe-Zertifikat A1 Start Deutsch 1 Wortliste,https://www.goethe.de,verified
219,vocabulary,Durst,physiological sensation of needing a drink,thirst,Hast du etwas zu trinken? Ich habe großen Durst.,Do you have something to drink? I am very thirsty.,A1,noun,4,very_common,Basic biological need noun,curator,2026-03-28,590,neutral,DACH,food|health,noun,der,,Durstes,false,false,,,,,,none,Durst haben|großen Durst haben|den Durst löschen,Trinkbedürfnis,Hunger,Goethe-Zertifikat A1 Start Deutsch 1 Wortliste,https://www.goethe.de,verified
220,vocabulary,Dusche,apparatus or cubicle used for washing the body,shower,Unsere Wohnung hat nur eine Dusche.,Our apartment only has a shower.,A1,noun,4,very_common,Core bathroom plumbing fixture noun,curator,2026-03-28,620,neutral,DACH,housing|hygiene,noun|housing,die,Duschen,Dusche,false,false,,,,,,none,unter der Dusche stehen|eine Wohnung mit Dusche,Brause|Duschkabine,Badewanne,Goethe-Zertifikat A1 Start Deutsch 1 Wortliste,https://www.goethe.de,verified
221,vocabulary,duschen,to clean one's body beneath a spray of water,to shower; to take a shower,Ich bade nicht so gern ich dusche lieber.,"I don't really like taking a bath, I prefer showering.",A1,verb,4,very_common,Core personal hygiene action verb,curator,2026-03-28,510,neutral,DACH,hygiene|daily life,verb,,,,false,false,haben,duscht,duschte,geduscht,intransitive; sich duschen,kalt duschen|sich morgens duschen,brausen,baden,,Goethe-Zertifikat A1 Start Deutsch 1 Wortliste,https://www.goethe.de,verified
222,vocabulary,E-Mail,electronic mail message sent over the internet,email,Ich habe Ihre E-Mail nicht bekommen.,I did not receive your email.,A1,noun,5,essential,Core digital communication noun,curator,2026-03-28,180,neutral,DACH,communication|technology,noun|digital,die,E-Mails,E-Mail,false,false,,,,,,none,eine E-Mail schreiben|per E-Mail schicken,elektronische Post|Mail,,Goethe-Zertifikat A1 Start Deutsch 1 Wortliste,https://www.goethe.de,verified
223,vocabulary,Ecke,point or area where two streets or edges meet,corner,An der nächsten Ecke links.,At the next corner turn left.,A1,noun,4,very_common,Core urban orientation noun,curator,2026-03-28,420,neutral,DACH,spatial|directions,noun|orientation,die,Ecken,Ecke,false,false,,,,,,none,an der Ecke|um die Ecke,Winkel|Strassenecke,,Goethe-Zertifikat A1 Start Deutsch 1 Wortliste,https://www.goethe.de,verified
224,vocabulary,Ehefrau,married female partner,wife,Das ist meine (Ehe-) Frau.,That is my wife.,A1,noun,4,very_common,Family status vocabulary,curator,2026-03-28,490,neutral,DACH,family|personal,noun|family,die,Ehefrauen,Ehefrau,false,false,,,,,,none,meine Ehefrau|Ehefrau und Kinder,Frau|Gattin|Partnerin,Ehemann,Goethe-Zertifikat A1 Start Deutsch 1 Wortliste,https://www.goethe.de,verified
225,vocabulary,Ehemann,married male partner,husband,Das ist mein (Ehe-) Mann.,That is my husband.,A1,noun,4,very_common,Family status vocabulary,curator,2026-03-28,510,neutral,DACH,family|personal,noun|family,der,Ehemänner,Ehemanns,false,false,,,,,,none,mein Ehemann|mit ihrem Ehemann,Mann|Gatte|Partner,Ehefrau,Goethe-Zertifikat A1 Start Deutsch 1 Wortliste,https://www.goethe.de,verified
226,vocabulary,Ei,oval reproductive body laid by birds eaten as food,egg,Möchtest du ein Ei zum Frühstück?,Would you like an egg for breakfast?,A1,noun,4,very_common,Core breakfast and grocery noun,curator,2026-03-28,640,neutral,DACH,food|shopping,noun|food,das,Eier,Eies,false,false,,,,,,none,ein gekochtes Ei|Ei zum Frühstück,Hühnerei,,Goethe-Zertifikat A1 Start Deutsch 1 Wortliste,https://www.goethe.de,verified
227,vocabulary,eilig,requiring immediate speed or haste,hurried; in a hurry,Hast du es eilig?,Are you in a hurry?,A1,adjective,4,very_common,Common state and time descriptor,curator,2026-03-28,680,neutral,DACH,time|daily life,adjective,,,,false,false,,,,,none,es eilig haben|eilig sein,dringend|hastig,ruhig|gelassen,,Goethe-Zertifikat A1 Start Deutsch 1 Wortliste,https://www.goethe.de,verified
228,vocabulary,ein-,referring to a single unnamed person or object,one; a; an,Ich nehme ein Bier. Willst du auch eins? / Ist hier einer der das kann?,I will take a beer. Do you want one too? / Is there anyone here who can do that?,A1,pronoun,5,essential,Core indefinite pronoun and numeral,curator,2026-03-28,4,neutral,DACH,general,pronoun|numeral,,,,false,false,,,,,none,einer von uns|keins von beiden,jemand|ein einzelner,kein-,,Goethe-Zertifikat A1 Start Deutsch 1 Wortliste,https://www.goethe.de,verified
229,vocabulary,einfach,not complicated; single (ticket); humble (room),simple; easy; single (ticket); basic,"Die Prüfung ist ganz einfach. / Hin und zurück? Nein, bitte nur einfach. / Ich brauche nur ein einfaches Zimmer.","The exam is quite easy. / Round trip? No, just one-way please. / I only need a basic room.",A1,adjective,5,essential,Essential descriptive adjective,curator,2026-03-28,78,neutral,DACH,general|travel,adjective,,,,false,false,,,,,none,ganz einfach|eine einfache Fahrt,leicht|unkompliziert|schlicht,schwer|kompliziert,,Goethe-Zertifikat A1 Start Deutsch 1 Wortliste,https://www.goethe.de,verified
230,vocabulary,Eingang,opening door or portal through which one enters,entrance; entry,Der Eingang ist um die Ecke.,The entrance is around the corner.,A1,noun,4,very_common,Orientation and building navigation noun,curator,2026-03-28,520,neutral,DACH,spatial|travel,noun|orientation,der,Eingänge,Eingangs,false,false,,,,,,none,am Eingang|Haupteingang,Zutritt|Tor,Ausgang,Goethe-Zertifikat A1 Start Deutsch 1 Wortliste,https://www.goethe.de,verified
231,vocabulary,einkaufen,to buy provisions groceries or goods,to shop; to purchase,Ich muss noch für morgen einkaufen.,I still have to shop for tomorrow.,A1,verb,5,essential,Fundamental daily routine verb,curator,2026-03-28,240,neutral,DACH,shopping|daily life,verb,,,,false,true,haben,kauft ein,kaufte ein,eingekauft,intransitive; + Akkusativ,im Supermarkt einkaufen|fürs Wochenende einkaufen,besorgen|shoppen|einkäufe machen,verkaufen,,Goethe-Zertifikat A1 Start Deutsch 1 Wortliste,https://www.goethe.de,verified
232,vocabulary,einladen,to request courteously the presence or participation of someone,to invite,Darf ich Sie zu einem Kaffee einladen?,May I invite you for a coffee?,A1,verb,4,very_common,Social interaction and dining verb,curator,2026-03-28,280,neutral,DACH,social|politeness,verb,,,,false,true,haben,lädt ein,lud ein,eingeladen,+ Akkusativ; zu + Dativ,zum Essen einladen|Freunde einladen,bitten|auffordern,ausladen,,Goethe-Zertifikat A1 Start Deutsch 1 Wortliste,https://www.goethe.de,verified
233,vocabulary,Einladung,request or card asking someone to attend,invitation,Danke für die Einladung!,Thank you for the invitation!,A1,noun,4,very_common,Social etiquette and correspondence noun,curator,2026-03-28,460,neutral,DACH,social|communication,noun,die,Einladungen,Einladung,false,false,,,,,,none,eine Einladung annehmen|danke für die Einladung,Aufforderung|Gastfreundschaft,Ausladung,Goethe-Zertifikat A1 Start Deutsch 1 Wortliste,https://www.goethe.de,verified
234,vocabulary,einmal,on a single occasion; once,once; one time,Diese Prüfung mache ich nicht noch einmal.,I will not take this exam once again.,A1,adverb,5,essential,Frequency and repetition adverb,curator,2026-03-28,65,neutral,DACH,time|general,adverb|frequency,,,,false,false,,,,,none,noch einmal|auf einmal|nicht einmal,einst|ein einziges Mal,mehrmals|oft,,Goethe-Zertifikat A1 Start Deutsch 1 Wortliste,https://www.goethe.de,verified
235,vocabulary,Einrichtung,furniture and technical equipment fitting out a room/flat,furnishing; furnishings; interior,Die Einrichtung der Wohnung ist sehr modern.,The furnishings of the apartment are very modern.,A1,noun,4,very_common,Housing furniture and interior noun,curator,2026-03-28,360,neutral,DACH,housing|furniture,noun|housing,die,Einrichtungen,Einrichtung,false,false,,,,,,none,schöne Einrichtung|Einrichtung und Möbel,Mobiliar|Ausstattung|Interieur,,Goethe-Zertifikat A1 Start Deutsch 1 Wortliste,https://www.goethe.de,verified
236,vocabulary,eins,cardinal number following zero and preceding two,one,Ich habe nur ein Buch.,I only have one book.,A1,numeral,5,essential,Fundamental cardinal number,curator,2026-03-28,30,neutral,DACH,numbers|general,numeral,,,,false,false,,,,,none,eins bitte|Nummer eins,ein|eine|einzeln,null,,Goethe-Zertifikat A1 Start Deutsch 1 Wortliste,https://www.goethe.de,verified
237,vocabulary,einsteigen,to board or enter a bus train or vehicle,to board; to get in,Schnell steig ein der Zug fährt gleich.,"Quick, get in, the train is leaving in a moment.",A1,verb,4,very_common,Core public transport action verb,curator,2026-03-28,480,neutral,DACH,travel|transport,verb|transport,,,,false,true,sein,steigt ein,stieg ein,eingestiegen,intransitive; in + Akkusativ,in den Zug einsteigen|bitte einsteigen,hineingehen,aussteigen|umsteigen,,Goethe-Zertifikat A1 Start Deutsch 1 Wortliste,https://www.goethe.de,verified
238,vocabulary,Eintritt,fee or permission required to enter a venue,admission; entrance fee,Der Preis für den Eintritt ist 5 Euro.,The admission price is 5 euros.,A1,noun,4,very_common,Leisure culture and ticketing term,curator,2026-03-28,540,neutral,DACH,leisure|finances,noun|fees,der,Eintritte,Eintritts,false,false,,,,,,none,freier Eintritt|Eintritt bezahlen,Einlass|Zutritt,Austritt,Goethe-Zertifikat A1 Start Deutsch 1 Wortliste,https://www.goethe.de,verified
239,vocabulary,einundzwanzig,cardinal number following twenty,twenty-one,Claudia ist einundzwanzig.,Claudia is twenty-one.,A1,numeral,4,very_common,Cardinal compound number,curator,2026-03-28,190,neutral,DACH,numbers|general,numeral,,,,false,false,,,,,none,einundzwanzig Jahre|bis einundzwanzig Uhr,Einundzwanzigstel,,,Goethe-Zertifikat A1 Start Deutsch 1 Wortliste,https://www.goethe.de,verified
240,vocabulary,Einzelzimmer,hotel bedroom intended for one guest,single room,Haben Sie noch ein Einzelzimmer?,Do you still have a single room?,A1,noun,4,very_common,Hotel booking and lodging vocabulary,curator,2026-03-28,910,neutral,DACH,travel|lodging,noun|lodging,das,Einzelzimmer,Einzelzimmers,false,false,,,,,,none,ein Einzelzimmer reservieren|Einzelzimmer mit Dusche,Einbettzimmer,Doppelzimmer,Goethe-Zertifikat A1 Start Deutsch 1 Wortliste,https://www.goethe.de,verified
241,vocabulary,elf,cardinal number following ten and preceding twelve,eleven,Der Abflug ist um elf Uhr.,The flight departure is at eleven o'clock.,A1,numeral,4,very_common,Fundamental cardinal number,curator,2026-03-28,110,neutral,DACH,numbers|general,numeral,,,,false,false,,,,,none,elf Uhr|elf Jahre alt,Elftel,,,Goethe-Zertifikat A1 Start Deutsch 1 Wortliste,https://www.goethe.de,verified
242,vocabulary,Eltern,mother and father considered together,parents,Meine Eltern leben in Spanien.,My parents live in Spain.,A1,noun,5,essential,Core immediate family noun,curator,2026-03-28,190,neutral,DACH,family|personal,noun|family,die,Eltern,Eltern,false,false,,,,,,none,bei den Eltern wohnen|meine Eltern,Mutter und Vater,Kinder,Goethe-Zertifikat A1 Start Deutsch 1 Wortliste,https://www.goethe.de,verified
243,vocabulary,Empfänger,person who receives a sent letter or package,recipient; addressee,"Auf dem Brief steht dein Name, also bist du der Empfänger.","Your name is on the letter, so you are the recipient.",A1,noun,4,very_common,Postal correspondence term,curator,2026-03-28,680,neutral,DACH,mail|communication,noun|post,der,Empfänger,Empfängers,false,false,,,,,,none,Name des Empfängers|an den Empfänger,Adressat|Empfangender,Absender,Goethe-Zertifikat A1 Start Deutsch 1 Wortliste,https://www.goethe.de,verified
244,vocabulary,empfehlen,to suggest or endorse as suitable or good,to recommend,Welchen Wein können Sie mir empfehlen?,Which wine can you recommend to me?,A1,verb,4,very_common,Customer service and dining verb,curator,2026-03-28,320,neutral,DACH,dining|shopping,verb,,,,false,false,haben,empfiehlt,empfahl,empfohlen,+ Dativ + Akkusativ,ein Restaurant empfehlen|wärmstens empfehlen,anraten|vorschlagen,abraten,,Goethe-Zertifikat A1 Start Deutsch 1 Wortliste,https://www.goethe.de,verified
245,vocabulary,Ende,final point in time or space,end; conclusion,Sie wohnt am Ende der Straße. / Er bekommt sein Geld am Ende des Monats.,She lives at the end of the street. / He receives his money at the end of the month.,A1,noun,5,essential,Core spatial and temporal noun,curator,2026-03-28,95,neutral,DACH,time|spatial,noun,das,Enden,Endes,false,false,,,,,,none,am Ende|zu Ende sein|Ende des Monats,Schluss|Ausgang,Anfang|Beginn,Goethe-Zertifikat A1 Start Deutsch 1 Wortliste,https://www.goethe.de,verified
246,vocabulary,enden,to come to a spatial or temporal stopping point,to end; to terminate,Die Straße endet hier.,The street ends here.,A1,verb,4,very_common,Spatial and temporal termination verb,curator,2026-03-28,310,neutral,DACH,general|time,verb,,,,false,false,haben,endet,endete,geendet,intransitive,hier enden|pünktlich enden,aufhören|abschließen,anfangen|beginnen,,Goethe-Zertifikat A1 Start Deutsch 1 Wortliste,https://www.goethe.de,verified
247,vocabulary,England,country that is part of the United Kingdom,England,Er fliegt nach England.,He is flying to England.,A1,noun,4,very_common,Country name noun,curator,2026-03-28,190,neutral,DACH,geography|countries,noun|geography,das,,Englands,false,false,,,,,,none,nach England fahren|in England arbeiten,Großbritannien,,Goethe-Zertifikat A1 Start Deutsch 1 Wortliste,https://www.goethe.de,verified
248,vocabulary,Engländer,male native or citizen of England,Englishman (male),Mein Kollege ist Engländer.,My colleague is an Englishman.,A1,noun,4,very_common,Nationality demographic noun,curator,2026-03-28,420,neutral,DACH,identity|countries,noun|people,der,Engländer,Engländers,false,false,,,,,,none,der Engländer|britischer Bürger,Brite,Engländerin,Goethe-Zertifikat A1 Start Deutsch 1 Wortliste,https://www.goethe.de,verified
249,vocabulary,Engländerin,female native or citizen of England,Englishwoman (female),Sie ist Engländerin.,She is an Englishwoman.,A1,noun,4,very_common,Nationality demographic noun,curator,2026-03-28,490,neutral,DACH,identity|countries,noun|people,die,Engländerinnen,Engländerin,false,false,,,,,,none,die Engländerin|englische Freundin,Britin,Engländer,Goethe-Zertifikat A1 Start Deutsch 1 Wortliste,https://www.goethe.de,verified
250,vocabulary,englisch,of or relating to England or the English language,English,Ich spreche gut Englisch.,I speak English well.,A1,adjective,5,essential,Core language and nationality adjective,curator,2026-03-28,85,neutral,DACH,language|identity,adjective,,,,false,false,,,,,none,auf Englisch|Englisch lernen|englische Sprache,angelsächsisch,,,Goethe-Zertifikat A1 Start Deutsch 1 Wortliste,https://www.goethe.de,verified
251,vocabulary,entschuldigen,to pardon forgive or apologize for an offense,to excuse; to apologize,Entschuldigen Sie bitte!,"Excuse me, please!",A1,verb,5,essential,Core politeness and apology verb,curator,2026-03-28,190,neutral,DACH,communication|politeness,verb,,,,false,false,haben,entschuldigt,entschuldigte,entschuldigt,sich entschuldigen; + Akkusativ,sich bei jemandem entschuldigen|entschuldigen Sie,verzeihen|um Verzeihung bitten,um Verzeihung bitten|verzeihen,,Goethe-Zertifikat A1 Start Deutsch 1 Wortliste,https://www.goethe.de,verified
252,vocabulary,Entschuldigung,expression of apology or seeking polite attention,excuse me; apology,Entschuldigung! - Bitte.,Excuse me! - You're welcome.,A1,noun,5,essential,Everyday social formula and apology noun,curator,2026-03-28,210,neutral,DACH,communication|politeness,noun,die,Entschuldigungen,Entschuldigung,false,false,,,,,,none,um Entschuldigung bitten|Entschuldigung sagen,Verzeihung|Abbitte,,Goethe-Zertifikat A1 Start Deutsch 1 Wortliste,https://www.goethe.de,verified
253,vocabulary,er,third-person singular masculine personal pronoun,he,Er heißt Ali.,His name is Ali.,A1,pronoun,5,essential,Fundamental personal subject pronoun,curator,2026-03-28,10,neutral,DACH,general|personal,pronoun|personal,,,,false,false,,,,,none,er selbst|wer ist er,der Mann|derselbe,sie|es,,Goethe-Zertifikat A1 Start Deutsch 1 Wortliste,https://www.goethe.de,verified
254,vocabulary,ergänzen,to fill in missing parts or complete blank spaces,to fill in; to complete,Ergänzen Sie die Lücken im Text.,Complete the gaps in the text.,A1,verb,4,very_common,Core test rubric and learning verb,curator,2026-03-28,340,neutral,DACH,education|exam,verb|instructions,,,,false,false,haben,ergänzt,ergänzte,ergänzt,+ Akkusativ,die Sätze ergänzen|ein Formular ergänzen,vervollständigen|ausfüllen|hinzufügen,löschen|weglassen,,Goethe-Zertifikat A1 Start Deutsch 1 Wortliste,https://www.goethe.de,verified
255,vocabulary,Ergebnis,consequence or score obtained from a test or inquiry,result; outcome,Das Ergebnis des Tests bekommen Sie in zwei Wochen.,You will receive the result of the test in two weeks.,A1,noun,4,very_common,Exam and evaluation vocabulary,curator,2026-03-28,210,neutral,DACH,education|exam,noun,das,Ergebnisse,Ergebnisses,false,false,,,,,,none,das Ergebnis mitteilen|gutes Ergebnis,Resultat|Ausgang|Befund,,Goethe-Zertifikat A1 Start Deutsch 1 Wortliste,https://www.goethe.de,verified
256,vocabulary,erklären,to make plain or comprehensible; to explain,to explain,Kannst du mir das erklären?,Can you explain that to me?,A1,verb,4,very_common,Learning and communicative clarification verb,curator,2026-03-28,140,neutral,DACH,education|communication,verb,,,,false,false,haben,erklärt,erklärte,erklärt,+ Dativ + Akkusativ,eine Regel erklären|genau erklären,erläutern|verständlich machen,erläutern|verständlich machen,,Goethe-Zertifikat A1 Start Deutsch 1 Wortliste,https://www.goethe.de,verified
257,vocabulary,erlauben,to give permission or license to do something,to allow; to permit,Rauchen ist hier nicht erlaubt.,Smoking is not permitted here.,A1,verb,4,very_common,Rules regulations and permissions verb,curator,2026-03-28,280,neutral,DACH,rules|public,verb,,,,false,false,haben,erlaubt,erlaubte,erlaubt,+ Dativ + Akkusativ,hier ist es erlaubt|jemandem etwas erlauben,gestatten|genehmigen,verbieten,,Goethe-Zertifikat A1 Start Deutsch 1 Wortliste,https://www.goethe.de,verified
258,vocabulary,erst-,coming before all others in order or time,first,Die erste Gruppe beginnt um 16 Uhr.,The first group starts at 16:00.,A1,adjective,5,essential,Core ordinal number adjective,curator,2026-03-28,20,neutral,DACH,numbers|general,adjective|ordinal,,,,false,false,,,,,none,der erste Tag|zum ersten Mal|erste Klasse,anfänglich|vorderste,letzt-,,Goethe-Zertifikat A1 Start Deutsch 1 Wortliste,https://www.goethe.de,verified
259,vocabulary,Erwachsene,person who has attained maturity or legal majority,adult; grown-up,Dieser Film ist nur für Erwachsene.,This film is only for adults.,A1,noun,4,very_common,Demographic and legal age noun,curator,2026-03-28,410,neutral,DACH,society|identity,noun|people,der,Erwachsenen,Erwachsenen,false,false,,,,,,none,nur für Erwachsene|Eintritt für Erwachsene,Volljähriger|Großer,Kind|Jugendlicher,Goethe-Zertifikat A1 Start Deutsch 1 Wortliste,https://www.goethe.de,verified
260,vocabulary,erzählen,to narrate or relate a story or occurrence,to tell; to narrate,Wir müssen euch etwas erzählen!,We have to tell you something!,A1,verb,5,essential,Core conversational and narration verb,curator,2026-03-28,125,neutral,DACH,communication|social,verb,,,,false,false,haben,erzählt,erzählte,erzählt,+ Dativ + Akkusativ; von + Dativ,eine Geschichte erzählen|vom Urlaub erzählen,berichten|schildern,verschweigen,,Goethe-Zertifikat A1 Start Deutsch 1 Wortliste,https://www.goethe.de,verified
261,vocabulary,es,third-person singular neuter personal pronoun,it,Es regnet.,It is raining.,A1,pronoun,5,essential,Fundamental impersonal and neuter pronoun,curator,2026-03-28,6,neutral,DACH,general,pronoun|personal,,,,false,false,,,,,none,es gibt|es ist|wie geht es,das Ding|jenes,,,Goethe-Zertifikat A1 Start Deutsch 1 Wortliste,https://www.goethe.de,verified
262,vocabulary,essen,to take solid food into the mouth and swallow it,to eat,Was gibt es zu essen?,What is there to eat?,A1,verb,5,essential,Fundamental biological and daily activity verb,curator,2026-03-28,95,neutral,DACH,food|dining,verb|food,,,,false,false,haben,isst,aß,gegessen,+ Akkusativ; intransitive,zu Mittag essen|gern essen|im Restaurant essen,speisen|zu sich nehmen,hungern|fasten,,Goethe-Zertifikat A1 Start Deutsch 1 Wortliste,https://www.goethe.de,verified
263,vocabulary,Essen,food prepared for consumption or a meal,food; meal,Das Essen ist heute sehr gut.,The food is very good today.,A1,noun,5,essential,Core dining and nourishment noun,curator,2026-03-28,140,neutral,DACH,food|dining,noun|food,das,Essen,Essens,false,false,,,,,,none,das Essen kochen|zum Essen einladen,Mahlzeit|Speise|Gericht,Fasten,Goethe-Zertifikat A1 Start Deutsch 1 Wortliste,https://www.goethe.de,verified
264,vocabulary,euer,belonging to the addressed plural informal group,your; yours (plural informal),Euer Kurs beginnt heute.,Your course begins today.,A1,pronoun,5,essential,Core 2nd-person plural informal possessive,curator,2026-03-28,88,neutral,DACH,personal,pronoun|possessive,,,,false,false,,,,,none,euer Haus|eure Freunde,euer eigen,unser-,,Goethe-Zertifikat A1 Start Deutsch 1 Wortliste,https://www.goethe.de,verified
265,vocabulary,Euro,official currency of many European Union countries,euro,Das Buch kostet zehn Euro.,The book costs ten euros.,A1,noun,5,essential,Core currency and pricing noun,curator,2026-03-28,45,neutral,DACH,shopping|finances,noun|money,der,Euro,Euros,false,false,,,,,,none,fünf Euro|Euro und Cent|in Euro zahlen,Währungseinheit,,Goethe-Zertifikat A1 Start Deutsch 1 Wortliste,https://www.goethe.de,verified
266,vocabulary,Europa,continent located in the northern hemisphere,Europe,Wir leben in Europa.,We live in Europe.,A1,noun,5,essential,Continental geography noun,curator,2026-03-28,88,neutral,DACH,geography|countries,noun|geography,das,,Europas,false,false,,,,,,none,in Europa|Länder in Europa,europäischer Kontinent,,Goethe-Zertifikat A1 Start Deutsch 1 Wortliste,https://www.goethe.de,verified
267,vocabulary,Europäer,native or citizen of a European country,European,Er ist Europäer.,He is a European.,A1,noun,4,very_common,Continental demographic noun,curator,2026-03-28,380,neutral,DACH,identity|countries,noun|people,der,Europäer,Europäers,false,false,,,,,,none,die Europäer|als Europäerin leben,Bürger Europas,,Goethe-Zertifikat A1 Start Deutsch 1 Wortliste,https://www.goethe.de,verified
268,vocabulary,Europäerin,female native or citizen of a European nation,European (female),Sie fühlt sich als Europäerin.,She feels like a European.,A1,noun,3,common,Continental demographic noun,curator,2026-03-28,840,neutral,DACH,identity|countries,noun|people,die,Europäerinnen,Europäerin,false,false,,,,,,none,die Europäerin|moderne Europäerin,Bürgerin Europas,,Goethe-Zertifikat A1 Start Deutsch 1 Wortliste,https://www.goethe.de,verified
269,vocabulary,europäisch,of or relating to the continent of Europe,European,Das ist ein europäisches Land.,That is a European country.,A1,adjective,4,very_common,Continental geographic adjective,curator,2026-03-28,140,neutral,DACH,geography|identity,adjective,,,,false,false,,,,,none,europäische Union|europäische Kultur,kontinental,außereuropäisch,,Goethe-Zertifikat A1 Start Deutsch 1 Wortliste,https://www.goethe.de,verified
270,vocabulary,fahren,to travel in or operate a vehicle,to drive; to ride; to travel,Ich fahre mit dem Auto zur Arbeit.,I drive to work by car.,A1,verb,5,essential,Core movement and transport verb,curator,2026-03-28,48,neutral,DACH,travel|transport,verb|transport,,,,false,false,sein,fährt,fuhr,gefahren,intransitive; mit + Dativ; nach + Dativ,Rad fahren|mit dem Zug fahren|Auto fahren,reisen|steuern,gehen|laufen,,Goethe-Zertifikat A1 Start Deutsch 1 Wortliste,https://www.goethe.de,verified
271,vocabulary,Fahrer,individual operating a road vehicle,driver,Bitte nicht mit dem Fahrer sprechen!,Please do not speak with the driver!,A1,noun,4,very_common,Transport personnel vocabulary,curator,2026-03-28,380,neutral,DACH,travel|transport,noun|professions,der,Fahrer,Fahrers,false,false,,,,,,none,der Fahrer des Busses|Taxifahrer,Chauffeur|Fahrzeugführer,Fahrgast|Passagier,Goethe-Zertifikat A1 Start Deutsch 1 Wortliste,https://www.goethe.de,verified
272,vocabulary,Fahrkarte,document entitling the bearer to travel on public transit,ticket (transit),Hast du schon eine Fahrkarte?,Do you already have a ticket?,A1,noun,4,very_common,Essential public transport noun,curator,2026-03-28,510,neutral,DACH,travel|transport,noun|transport,die,Fahrkarten,Fahrkarte,false,false,,,,,,none,eine Fahrkarte kaufen|Fahrkarte entwerten,Fahrschein|Ticket,,Goethe-Zertifikat A1 Start Deutsch 1 Wortliste,https://www.goethe.de,verified
273,vocabulary,Fahrrad,two-wheeled vehicle propelled by pedals,bicycle; bike,Fährst du mit dem Fahrrad oder mit dem Auto?,Do you ride by bicycle or by car?,A1,noun,4,very_common,Everyday eco-friendly transport noun,curator,2026-03-28,410,neutral,DACH,travel|transport,noun|transport,das,Fahrräder,Fahrrads,false,false,,,,,,none,mit dem Fahrrad fahren|Fahrrad abstellen,Rad|Velo|Drahtesel,,Goethe-Zertifikat A1 Start Deutsch 1 Wortliste,https://www.goethe.de,verified
274,vocabulary,falsch,not in accordance with truth fact or correctness,wrong; incorrect,Das ist falsch.,That is wrong.,A1,adjective,5,essential,Fundamental evaluative and test adjective,curator,2026-03-28,110,neutral,DACH,general|exam,adjective,,,,false,false,,,,,none,richtig oder falsch|eine falsche Antwort,fehlerhaft|unrichtig,richtig|korrekt,,Goethe-Zertifikat A1 Start Deutsch 1 Wortliste,https://www.goethe.de,verified
275,vocabulary,Familie,group of individuals related by blood or marriage,family,Meine Familie lebt in Spanien.,My family lives in Spain.,A1,noun,5,essential,Core social and personal relations noun,curator,2026-03-28,140,neutral,DACH,family|personal,noun|family,die,Familien,Familie,false,false,,,,,,none,eine große Familie|Familie gründen,Angehörige|Verwandtschaft,,Goethe-Zertifikat A1 Start Deutsch 1 Wortliste,https://www.goethe.de,verified
276,vocabulary,Familienname,hereditary surname shared by members of a family,surname; last name,Meine Familiennamen sind García González.,My surnames are García González.,A1,noun,4,very_common,Official form registration term,curator,2026-03-28,680,neutral,DACH,identity|official forms,noun|identity,der,Familiennamen,Familiennamens,false,false,,,,,,none,den Familiennamen angeben|Geburtsname,Nachname|Zuname,Vorname,Goethe-Zertifikat A1 Start Deutsch 1 Wortliste,https://www.goethe.de,verified
277,vocabulary,Familienstand,legal marital condition of an individual,marital status,Bei Familienstand musst du ledig ankreuzen.,Under marital status you must cross single.,A1,noun,4,very_common,Official form and identity term,curator,2026-03-28,840,neutral,DACH,identity|official forms,noun|identity,der,,Familienstands,false,false,,,,,,none,Angabe zum Familienstand|ledig oder verheiratet,Zivilstand|Personenstand,,Goethe-Zertifikat A1 Start Deutsch 1 Wortliste,https://www.goethe.de,verified
278,vocabulary,Farbe,visual attribute of hue,color,Die Farbe gefällt mir gut.,I like the color a lot.,A1,noun,4,very_common,Visual description noun,curator,2026-03-28,260,neutral,DACH,description|general,noun|description,die,Farben,Farbe,false,false,,,,,,none,welche Farbe|helle Farbe|bunte Farben,Farbton|Kolorit,,Goethe-Zertifikat A1 Start Deutsch 1 Wortliste,https://www.goethe.de,verified
279,vocabulary,Fax,document sent electronically via telephonic scanning,fax,Schicken Sie uns einfach ein Fax!,Just send us a fax!,A1,noun,3,common,Office telecommunication noun,curator,2026-03-28,950,neutral,DACH,office|communication,noun|office,das,Faxe,Faxes,false,false,,,,,,none,ein Fax senden|Fax schicken,Telefax|Fernkopie,,Goethe-Zertifikat A1 Start Deutsch 1 Wortliste,https://www.goethe.de,verified
280,vocabulary,Februar,second month of the calendar year,February,Mein Geburtstag ist im Februar.,My birthday is in February.,A1,noun,4,very_common,Core calendar month noun,curator,2026-03-28,250,neutral,DACH,time|calendar,noun|calendar,der,Februare,Februars,false,false,,,,,,none,im Februar|Ende Februar,zweiter Monat,,Goethe-Zertifikat A1 Start Deutsch 1 Wortliste,https://www.goethe.de,verified
281,vocabulary,fehlen,to be absent missing or ailing,to be missing; to lack; to ail,Herr Müller ist nicht da er fehlt schon seit drei Tagen. / Was fehlt Ihnen?,"Mr. Müller is not here, he has been missing for three days. / What ails you?",A1,verb,5,essential,Core state and health consultation verb,curator,2026-03-28,120,neutral,DACH,work|health,verb,,,,false,false,haben,fehlt,fehlte,gefehlt,intransitive; + Dativ,bei der Arbeit fehlen|was fehlt Ihnen,mangeln|nicht anwesend sein,da sein|anwesend sein,,Goethe-Zertifikat A1 Start Deutsch 1 Wortliste,https://www.goethe.de,verified
282,vocabulary,Fehler,mistake inaccuracy or defect,mistake; error,Diesen Fehler mache ich immer.,I always make this mistake.,A1,noun,4,very_common,Exam learning and performance noun,curator,2026-03-28,220,neutral,DACH,education|exam,noun,der,Fehler,Fehlers,false,false,,,,,,none,einen Fehler machen|ohne Fehler,Irrtum|Versehen|Schnitzer,Korrektur|Richtigkeit,Goethe-Zertifikat A1 Start Deutsch 1 Wortliste,https://www.goethe.de,verified
283,vocabulary,Feier-,element forming compounds denoting holiday or closing time,holiday; closing celebration,Am Montag ist Feiertag.,Monday is a public holiday.,A1,noun,4,very_common,Calendar and leisure compound root,curator,2026-03-28,490,neutral,DACH,calendar|leisure,noun|calendar,der,Feiertage,Feiertags,false,false,,,,,,none,Feierabend machen|gesetzlicher Feiertag,Festtag|freier Tag,Arbeitstag,Goethe-Zertifikat A1 Start Deutsch 1 Wortliste,https://www.goethe.de,verified
284,vocabulary,Feierabend,end of the working day or evening rest period,end of work; closing time,Am Montag ist Feiertag und wir haben früher Feierabend.,On Monday is a holiday and we finish work earlier.,A1,noun,4,very_common,Daily work schedule noun,curator,2026-03-28,410,neutral,DACH,work|daily life,noun|time,der,Feierabende,Feierabends,false,false,,,,,,none,Feierabend machen|schönen Feierabend,Dienstschluss|Arbeitsende,Arbeitsbeginn,Goethe-Zertifikat A1 Start Deutsch 1 Wortliste,https://www.goethe.de,verified
285,vocabulary,feiern,to observe a festive milestone or holiday with joy,to celebrate,Wir feiern heute meinen Geburtstag.,We are celebrating my birthday today.,A1,verb,4,very_common,Social leisure and festive verb,curator,2026-03-28,290,neutral,DACH,social|leisure,verb,,,,false,false,haben,feiert,feierte,gefeiert,+ Akkusativ; intransitive,ein Fest feiern|Geburtstag feiern,zelebrieren|Party machen,trauern,,Goethe-Zertifikat A1 Start Deutsch 1 Wortliste,https://www.goethe.de,verified
286,vocabulary,fernsehen,to watch television broadcasts,to watch television,Wollen wir heute Abend mal fernsehen?,Shall we watch television tonight?,A1,verb,4,very_common,Domestic leisure activity verb,curator,2026-03-28,450,neutral,DACH,media|leisure,verb|media,,,,false,true,haben,sieht fern,sah fern,ferngesehen,intransitive,jeden Abend fernsehen|auf der Couch fernsehen,TV schauen|glotzen,abends fernsehen,,Goethe-Zertifikat A1 Start Deutsch 1 Wortliste,https://www.goethe.de,verified
287,vocabulary,fertig,having completed a task; prepared for use,ready; finished,Bist du fertig? / Ist mein Auto schon fertig?,Are you ready? / Is my car already finished?,A1,adjective,5,essential,State of completion adjective,curator,2026-03-28,110,neutral,DACH,daily life|work,adjective,,,,false,false,,,,,none,fertig sein|fertig machen,bereit|beendet|abgeschlossen,unvollendet|angefangen,,Goethe-Zertifikat A1 Start Deutsch 1 Wortliste,https://www.goethe.de,verified
288,vocabulary,Feuer,combustion producing flame; light for a cigarette,fire; light (for smoking),Haben Sie Feuer?,Do you have a light?,A1,noun,4,very_common,Essential elemental and smoking inquiry noun,curator,2026-03-28,340,neutral,DACH,general|daily life,noun,das,Feuer,Feuers,false,false,,,,,,none,Feuer machen|nach Feuer fragen,Flamme|Brand,,Goethe-Zertifikat A1 Start Deutsch 1 Wortliste,https://www.goethe.de,verified
289,vocabulary,Fieber,abnormally high body temperature caused by illness,fever; temperature,Mein Mann hat noch immer Fieber.,My husband still has a fever.,A1,noun,4,very_common,Health medical and sickness noun,curator,2026-03-28,620,neutral,DACH,health|illness,noun|health,das,,Fiebers,false,false,,,,,,none,Fieber haben|hohes Fieber messen,erhöhte Temperatur|Schüttelfrost,,Goethe-Zertifikat A1 Start Deutsch 1 Wortliste,https://www.goethe.de,verified
290,vocabulary,Film,motion picture recorded for exhibition,film; movie,Ich möchte gern diesen Film sehen.,I would like to see this film.,A1,noun,5,essential,Core leisure and entertainment noun,curator,2026-03-28,180,neutral,DACH,media|leisure,noun|culture,der,Filme,Films,false,false,,,,,,none,einen Film sehen|im Film mitspielen,Streifen|Kinofilm,,Goethe-Zertifikat A1 Start Deutsch 1 Wortliste,https://www.goethe.de,verified
291,vocabulary,finden,to discover locate or judge something to be so,to find; to consider,Wir müssen den Schlüssel finden.,We have to find the key.,A1,verb,5,essential,Top-tier action and opinion verb,curator,2026-03-28,30,neutral,DACH,general|daily life,verb,,,,false,false,haben,findet,fand,gefunden,+ Akkusativ,eine Arbeit finden|gut finden|den Weg finden,entdecken|meinen,verlieren|suchen,,Goethe-Zertifikat A1 Start Deutsch 1 Wortliste,https://www.goethe.de,verified
292,vocabulary,Finne,male native or citizen of Finland,Finn (male),Ein Finne wohnt nebenan.,A Finnish man lives next door.,A1,noun,3,common,Nationality demographic noun,curator,2026-03-28,950,neutral,DACH,identity|countries,noun|people,der,Finnen,Finnen,false,false,,,,,,none,der Finne|finnischer Bürger,Bürger Finnlands,,Goethe-Zertifikat A1 Start Deutsch 1 Wortliste,https://www.goethe.de,verified
293,vocabulary,Finnin,female native or citizen of Finland,Finn (female),Sie ist Finnin.,She is Finnish (a Finn).,A1,noun,3,common,Nationality demographic noun,curator,2026-03-28,1100,neutral,DACH,identity|countries,noun|people,die,Finninnen,Finnin,false,false,,,,,,none,die Finnin|als Finnin leben,Bürgerin Finnlands,,Goethe-Zertifikat A1 Start Deutsch 1 Wortliste,https://www.goethe.de,verified
294,vocabulary,finnisch,of or relating to Finland or the Finnish language,Finnish,Sie spricht finnisch.,She speaks Finnish.,A1,adjective,3,common,National origin and linguistic adjective,curator,2026-03-28,780,neutral,DACH,language|identity,adjective,,,,false,false,,,,,none,finnische Sprache|finnische Sauna,suomi,,,Goethe-Zertifikat A1 Start Deutsch 1 Wortliste,https://www.goethe.de,verified
295,vocabulary,Finnland,Nordic country situated in northern Europe,Finland,Er macht Urlaub in Finnland.,He takes a vacation in Finland.,A1,noun,3,common,Country name vocabulary,curator,2026-03-28,680,neutral,DACH,geography|countries,noun|geography,das,,Finnlands,false,false,,,,,,none,nach Finnland reisen|aus Finnland kommen,Republik Finnland,,Goethe-Zertifikat A1 Start Deutsch 1 Wortliste,https://www.goethe.de,verified
296,vocabulary,Firma,commercial business organization or company,firm; company,Er arbeitet jetzt bei einer anderen Firma.,He now works at another company.,A1,noun,4,very_common,Workplace and business entity noun,curator,2026-03-28,210,neutral,DACH,work|business,noun|business,die,Firmen,Firma,false,false,,,,,,none,in einer Firma arbeiten|Firma gründen,Unternehmen|Betrieb|Gesellschaft,,Goethe-Zertifikat A1 Start Deutsch 1 Wortliste,https://www.goethe.de,verified
297,vocabulary,Fisch,limbless cold-blooded aquatic animal eaten as food,fish,Ich esse gern Fisch. Fleisch mag ich nicht.,I like eating fish. I don't like meat.,A1,noun,4,very_common,Core grocery and dietary noun,curator,2026-03-28,420,neutral,DACH,food|animals,noun|food,der,Fische,Fisches,false,false,,,,,,none,frischer Fisch|Fisch braten,Meerestier|Wassertier,Fleisch,Goethe-Zertifikat A1 Start Deutsch 1 Wortliste,https://www.goethe.de,verified
298,vocabulary,Flasche,narrow-necked container for liquids,bottle,Eine Flasche Bier bitte.,"A bottle of beer, please.",A1,noun,4,very_common,Core shopping and dining container noun,curator,2026-03-28,450,neutral,DACH,food|shopping,noun|container,die,Flaschen,Flasche,false,false,,,,,,none,eine Flasche Wein|aus der Flasche trinken,Glasflasche|Gefäß,,Goethe-Zertifikat A1 Start Deutsch 1 Wortliste,https://www.goethe.de,verified
299,vocabulary,Fleisch,edible muscular tissue of animals,meat,Fleisch mag ich nicht.,I do not like meat.,A1,noun,4,very_common,Core grocery and dietary noun,curator,2026-03-28,360,neutral,DACH,food|shopping,noun|food,das,,Fleisches,false,false,,,,,,none,frisches Fleisch|Fleisch braten,Fleischware,,Goethe-Zertifikat A1 Start Deutsch 1 Wortliste,https://www.goethe.de,verified
300,vocabulary,fliegen,to travel through the air by aircraft,to fly,Ich fliege nicht gern. Deshalb fahre ich mit dem Zug.,I do not like flying. That is why I travel by train.,A1,verb,4,very_common,Core long-distance travel verb,curator,2026-03-28,210,neutral,DACH,travel|transport,verb|transport,,,,false,false,sein,fliegt,flog,geflogen,intransitive; nach + Dativ,in den Urlaub fliegen|mit Lufthansa fliegen,per Flugzeug reisen,fahren,,Goethe-Zertifikat A1 Start Deutsch 1 Wortliste,https://www.goethe.de,verified
301,vocabulary,Flughafen,complex of runways and buildings for civil air travel,airport,Kannst du mich zum Flughafen bringen?,Can you take me to the airport?,A1,noun,4,very_common,Core international travel transport noun,curator,2026-03-28,340,neutral,DACH,travel|transport,noun|transport,der,Flughäfen,Flughafens,false,false,,,,,,none,zum Flughafen fahren|am Flughafen ankommen,Airport|Flugplatz,,Goethe-Zertifikat A1 Start Deutsch 1 Wortliste,https://www.goethe.de,verified
302,vocabulary,Flugzeug,powered flying vehicle with fixed wings,airplane; plane,Das Flugzeug aus Berlin kommt heute später an.,The airplane from Berlin arrives later today.,A1,noun,4,very_common,Core aviation transport noun,curator,2026-03-28,320,neutral,DACH,travel|transport,noun|transport,das,Flugzeuge,Flugzeugs,false,false,,,,,,none,mit dem Flugzeug reisen|ins Flugzeug steigen,Maschine|Flieger,,Goethe-Zertifikat A1 Start Deutsch 1 Wortliste,https://www.goethe.de,verified
303,vocabulary,Formular,official printed or electronic sheet with blanks,form,Sie müssen dieses Formular ausfüllen.,You have to fill out this form.,A1,noun,4,very_common,Official administrative and registration noun,curator,2026-03-28,490,neutral,DACH,official forms|administrative,noun|documents,das,Formulare,Formulars,false,false,,,,,,none,ein Formular ausfüllen|Formular unterschreiben,Fragebogen|Vordruck,,Goethe-Zertifikat A1 Start Deutsch 1 Wortliste,https://www.goethe.de,verified
304,vocabulary,Foto,picture made using a camera,photograph; photo,Darf ich ein Foto machen?,May I take a photo?,A1,noun,4,very_common,Personal media and tourism noun,curator,2026-03-28,240,neutral,DACH,media|leisure,noun|media,das,Fotos,Fotos,false,false,,,,,,none,ein Foto machen|Fotos zeigen,Fotografie|Aufnahme|Bild,,Goethe-Zertifikat A1 Start Deutsch 1 Wortliste,https://www.goethe.de,verified
305,vocabulary,Frage,sentence worded to elicit information,question,Ich habe eine Frage.,I have a question.,A1,noun,5,essential,Core communicative interaction noun,curator,2026-03-28,92,neutral,DACH,communication|education,noun,die,Fragen,Frage,false,false,,,,,,none,eine Frage stellen|eine Frage beantworten,Erkundigung|Rätsel,Antwort,Goethe-Zertifikat A1 Start Deutsch 1 Wortliste,https://www.goethe.de,verified
306,vocabulary,fragen,to pose an inquiry or request information,to ask,Er möchte Sie etwas fragen. Wann kommen Sie?,He would like to ask you something. When are you coming?,A1,verb,5,essential,Core communication and inquiry verb,curator,2026-03-28,78,neutral,DACH,communication,verb,,,,false,false,haben,fragt,fragte,gefragt,+ Akkusativ; nach + Dativ,nach dem Weg fragen|den Lehrer fragen,sich erkundigen|vernehmen,antworten,,Goethe-Zertifikat A1 Start Deutsch 1 Wortliste,https://www.goethe.de,verified
307,vocabulary,Frankfurt,major financial hub on the River Main in Germany,Frankfurt,Offenbach liegt bei Frankfurt.,Offenbach is located near Frankfurt.,A1,noun,5,essential,Major German transportation hub proper noun,curator,2026-03-28,72,neutral,DACH,geography|travel,noun|places,das,,Frankfurts,false,false,,,,,,none,Frankfurt am Main|einmal Frankfurt und zurück,Finanzmetropole,,Goethe-Zertifikat A1 Start Deutsch 1 Wortliste,https://www.goethe.de,verified
308,vocabulary,Frankreich,republic in Western Europe,France,Woher kommen Sie? - Aus Frankreich.,Where do you come from? - From France.,A1,noun,5,essential,European country name noun,curator,2026-03-28,130,neutral,DACH,geography|countries,noun|geography,das,,Frankreichs,false,false,,,,,,none,nach Frankreich fahren|aus Frankreich kommen,Französische Republik,,Goethe-Zertifikat A1 Start Deutsch 1 Wortliste,https://www.goethe.de,verified
309,vocabulary,Franzose,male native or citizen of France,Frenchman (male),Er ist Franzose.,He is a Frenchman.,A1,noun,4,very_common,Nationality demographic noun,curator,2026-03-28,410,neutral,DACH,identity|countries,noun|people,der,Franzosen,Franzosen,false,false,,,,,,none,der Franzose|französischer Staatsbürger,französischer Mann,Französin,Goethe-Zertifikat A1 Start Deutsch 1 Wortliste,https://www.goethe.de,verified
310,vocabulary,Französin,female native or citizen of France,Frenchwoman (female),Sie ist Französin.,She is a Frenchwoman.,A1,noun,4,very_common,Nationality demographic noun,curator,2026-03-28,480,neutral,DACH,identity|countries,noun|people,die,Französinnen,Französin,false,false,,,,,,none,die Französin|als Französin in Deutschland leben,französische Staatsbürgerin,Franzose,Goethe-Zertifikat A1 Start Deutsch 1 Wortliste,https://www.goethe.de,verified
311,vocabulary,französisch,of or relating to France or the French language,French,Ich spreche Englisch und Französisch.,I speak English and French.,A1,adjective,5,essential,National origin and linguistic adjective,curator,2026-03-28,190,neutral,DACH,language|identity,adjective,,,,false,false,,,,,none,auf Französisch|französisches Brot|französische Küche,gallisch,,,Goethe-Zertifikat A1 Start Deutsch 1 Wortliste,https://www.goethe.de,verified
312,vocabulary,Frau,adult female human or marital title,woman; Mrs.; Ms.; wife,"Das ist Frau Becker. / Guten Tag, Frau Schmitt! / Hier arbeiten mehr Frauen als Männer.","That is Mrs. Becker. / Good day, Mrs. Schmitt! / More women than men work here.",A1,noun,5,essential,Fundamental demographic and social noun,curator,2026-03-28,25,neutral,DACH,identity|social,noun|people,die,Frauen,Frau,false,false,,,,,,none,junge Frau|meine Frau|sehr geehrte Frau,Dame|Ehefrau,Mann,Goethe-Zertifikat A1 Start Deutsch 1 Wortliste,https://www.goethe.de,verified
313,vocabulary,frei,unoccupied vacant or unconstrained,free; vacant; unoccupied,Ist der Platz noch frei?,Is this seat still free?,A1,adjective,5,essential,Core public situational adjective,curator,2026-03-28,115,neutral,DACH,travel|daily life,adjective,,,,false,false,,,,,none,frei haben|freier Eintritt|der Platz ist frei,unbesetzt|verfügbar|offen,besetzt|belegt,,Goethe-Zertifikat A1 Start Deutsch 1 Wortliste,https://www.goethe.de,verified
314,vocabulary,Freitag,fifth day of the working week,Friday,Wir treffen uns immer freitags.,We always meet on Fridays.,A1,noun,5,essential,Core calendar weekday noun,curator,2026-03-28,165,neutral,DACH,time|calendar,noun|calendar,der,Freitage,Freitags,false,false,,,,,,none,am Freitag|Freitagabend|bis Freitag,Wochentag,,Goethe-Zertifikat A1 Start Deutsch 1 Wortliste,https://www.goethe.de,verified
315,vocabulary,Freizeit,time free from employment and duties,free time; leisure,In meiner Freizeit spiele ich oft Fußball.,In my free time I often play soccer.,A1,noun,4,very_common,Core lifestyle and hobby noun,curator,2026-03-28,340,neutral,DACH,leisure|daily life,noun|leisure,die,,Freizeit,false,false,,,,,,none,in der Freizeit|Freizeit verbringen,Feierabend|Muse,Arbeitszeit,Goethe-Zertifikat A1 Start Deutsch 1 Wortliste,https://www.goethe.de,verified
316,vocabulary,fremd,unfamiliar unknown or originating elsewhere,foreign; strange; unfamiliar,Das weiß ich nicht; ich bin fremd hier.,I do not know that; I am a stranger here.,A1,adjective,4,very_common,Social and spatial orientation adjective,curator,2026-03-28,240,neutral,DACH,social|orientation,adjective,,,,false,false,,,,,none,fremd sein in|eine fremde Stadt,unbekannt|ausländisch,bekannt|vertraut,,Goethe-Zertifikat A1 Start Deutsch 1 Wortliste,https://www.goethe.de,verified
317,vocabulary,freuen,to feel joy or look forward to anticipation,to be happy; to look forward to,Ich freue mich auf den Urlaub.,I am looking forward to vacation.,A1,verb,5,essential,Core emotion verb,curator,2026-03-28,160,neutral,DACH,feelings|personal,verb,,,,false,false,haben,freut,freute,gefreut,sich freuen auf/über + Akkusativ,sich sehr freuen|sich auf die Ferien freuen,jubeln|frohlocken,ärSelected|trauern,,Goethe-Zertifikat A1 Start Deutsch 1 Wortliste,https://www.goethe.de,verified
318,vocabulary,Freund,companion with whom one has a bond of mutual affection,friend; boyfriend,Das ist ein Freund von mir. / Das ist meine Freundin.,That is a friend of mine. / That is my friend/girlfriend.,A1,noun,5,essential,Core social relationship noun,curator,2026-03-28,85,neutral,DACH,social|personal,noun|people,der,Freunde,Freunds,false,false,,,,,,none,guter Freund|Freunde treffen|feste Freundin,Kamerad|Kumpel|Kollege,Feind,Goethe-Zertifikat A1 Start Deutsch 1 Wortliste,https://www.goethe.de,verified
319,vocabulary,Freundin,female friend or romantic female partner,friend (female); girlfriend,Das ist meine Freundin.,That is my girlfriend / female friend.,A1,noun,5,essential,Core personal relationship noun,curator,2026-03-28,110,neutral,DACH,social|personal,noun|people,die,Freundinnen,Freundin,false,false,,,,,,none,meine Freundin|beste Freundin|feste Freundin,Kameradin|Geliebte,Freund,Goethe-Zertifikat A1 Start Deutsch 1 Wortliste,https://www.goethe.de,verified
320,vocabulary,früher,in previous times; earlier,earlier; in the past,Früher waren wir oft zusammen im Kino.,In the past we often went to the cinema together.,A1,adverb,5,essential,Temporal comparison adverb,curator,2026-03-28,130,neutral,DACH,time|general,adverb|time,,,,false,false,,,,,none,früher oder später|wie früher,damals|ehedem|eher,später|heute,,Goethe-Zertifikat A1 Start Deutsch 1 Wortliste,https://www.goethe.de,verified
321,vocabulary,Frühjahr,spring season of the year,spring; springtime,Im Frühjahr beginnen die neuen Kurse.,In spring the new courses begin.,A1,noun,4,very_common,Calendar season noun,curator,2026-03-28,420,neutral,DACH,time|nature,noun|season,das,Frühjahre,Frühjahrs,false,false,,,,,,none,im Frühjahr|jedes Frühjahr,Frühling|Frühlingszeit,Herbst,Goethe-Zertifikat A1 Start Deutsch 1 Wortliste,https://www.goethe.de,verified
322,vocabulary,Frühling,season between winter and summer; springtime,spring; springtime,Im Frühling blühen die Bäume.,In spring the trees bloom.,A1,noun,4,very_common,Core calendar season noun,curator,2026-03-28,340,neutral,DACH,time|nature,noun|season,der,Frühlinge,Frühlings,false,false,,,,,,none,im Frühling|schöner Frühling,Frühjahr|Lenz,Herbst,Goethe-Zertifikat A1 Start Deutsch 1 Wortliste,https://www.goethe.de,verified
323,vocabulary,Frühstück,first meal consumed in the morning,breakfast,Möchtest du ein Ei zum Frühstück?,Would you like an egg for breakfast?,A1,noun,4,very_common,Core meal and hotel catering noun,curator,2026-03-28,410,neutral,DACH,food|travel,noun|food,das,Frühstücke,Frühstücks,false,false,,,,,,none,zum Frühstück|Zimmer mit Frühstück,Morgenmahlzeit|Morgenbrot,Abendessen,Goethe-Zertifikat A1 Start Deutsch 1 Wortliste,https://www.goethe.de,verified
324,vocabulary,frühstücken,to eat the initial morning meal of the day,to have breakfast,Am Sonntag frühstücke ich gern im Bett.,On Sunday I like to have breakfast in bed.,A1,verb,4,very_common,Morning daily routine verb,curator,2026-03-28,620,neutral,DACH,food|routine,verb|routine,,,,false,false,haben,frühstückt,frühstückte,gefrühstückt,intransitive,gemeinsam frühstücken|ausgiebig frühstücken,Frühstück zu sich nehmen,ausgiebig frühstücken,,Goethe-Zertifikat A1 Start Deutsch 1 Wortliste,https://www.goethe.de,verified
325,vocabulary,Führung,guided sightseeing tour of a building or site,guided tour,Die Führung durch das Haus beginnt in 3 Minuten.,The tour of the house begins in 3 minutes.,A1,noun,4,very_common,Tourism and cultural visit noun,curator,2026-03-28,490,neutral,DACH,travel|leisure,noun|tourism,die,Führungen,Führung,false,false,,,,,,none,an einer Führung teilnehmen|Stadtführung,Rundgang|Besichtigungstour,,Goethe-Zertifikat A1 Start Deutsch 1 Wortliste,https://www.goethe.de,verified
326,vocabulary,fünf,cardinal number following four and preceding six,five,Der Zug kommt in fünf Minuten.,The train arrives in five minutes.,A1,numeral,5,essential,Fundamental cardinal number,curator,2026-03-28,60,neutral,DACH,numbers|general,numeral,,,,false,false,,,,,none,fünf Euro|fünf Minuten vor eins,Quintett,,,Goethe-Zertifikat A1 Start Deutsch 1 Wortliste,https://www.goethe.de,verified
327,vocabulary,fünfzehn,cardinal number following fourteen and preceding sixteen,fifteen,Ich kriege fünfzehn Euro in der Stunde.,I get fifteen euros an hour.,A1,numeral,4,very_common,Cardinal number,curator,2026-03-28,190,neutral,DACH,numbers|general,numeral,,,,false,false,,,,,none,fünfzehn Euro|fünfzehn Minuten,Fünfzehntel,,,Goethe-Zertifikat A1 Start Deutsch 1 Wortliste,https://www.goethe.de,verified
328,vocabulary,fünfzig,cardinal number equal to five tens,fifty,Zur Hochzeit kommen mehr als fünfzig Gäste.,More than fifty guests are coming to the wedding.,A1,numeral,4,very_common,Core cardinal ten-unit,curator,2026-03-28,130,neutral,DACH,numbers|general,numeral,,,,false,false,,,,,none,fünfzig Kilometer|fünfzig Euro,Fünfzigstel,,,Goethe-Zertifikat A1 Start Deutsch 1 Wortliste,https://www.goethe.de,verified
329,vocabulary,für,indicating destination intended recipient or purpose,for,Das ist für Sie. / Das ist der Schlüssel für die Haustür. / Das ist das Brot für morgen.,That is for you. / That is the key for the front door. / That is the bread for tomorrow.,A1,preposition,5,essential,Top-frequency beneficiary/purpose preposition,curator,2026-03-28,7,neutral,DACH,general,preposition,,,,false,false,,,,,+ Akkusativ,für mich|für immer|Schritt für Schritt,zugunsten|bestimmt für,gegen,,Goethe-Zertifikat A1 Start Deutsch 1 Wortliste,https://www.goethe.de,verified
330,vocabulary,Fuß,terminal lower part of the leg upon which one stands,foot,Der linke Fuß tut mir weh.,My left foot hurts.,A1,noun,4,very_common,Core anatomy noun,curator,2026-03-28,290,neutral,DACH,body|health,noun|body,der,Füße,Fußes,false,false,,,,,,none,zu Fuß gehen|kalte Füße,Körperteil,,Goethe-Zertifikat A1 Start Deutsch 1 Wortliste,https://www.goethe.de,verified
331,vocabulary,Fußball,popular team ball game; the inflated spherical ball,soccer; football,Spielt ihr gerne Fußball?,Do you like playing soccer?,A1,noun,5,essential,Popular sports and leisure noun,curator,2026-03-28,210,neutral,DACH,sports|leisure,noun|sports,der,Fußbälle,Fußballs,false,false,,,,,,none,Fußball spielen|Fußball gucken,Kick|Fußballspiel,,Goethe-Zertifikat A1 Start Deutsch 1 Wortliste,https://www.goethe.de,verified
332,vocabulary,Garten,plot of ground adjoining a house for growing plants,garden; yard,Wir haben leider keinen Garten.,Unfortunately we do not have a garden.,A1,noun,4,very_common,Housing environment noun,curator,2026-03-28,310,neutral,DACH,housing|nature,noun|housing,der,Gärten,Gartens,false,false,,,,,,none,im Garten sitzen|im Garten arbeiten,Hof|Park|Grünanlage,,Goethe-Zertifikat A1 Start Deutsch 1 Wortliste,https://www.goethe.de,verified
333,vocabulary,Gast,visitor entertained at one's home or commercial lodger,guest; visitor,Am Wochenende haben wir mehrere Gäste.,On the weekend we have several guests.,A1,noun,4,very_common,Hospitality dining and personal hosting noun,curator,2026-03-28,280,neutral,DACH,social|lodging,noun|people,der,Gäste,Gastes,false,false,,,,,,none,Gäste empfangen|zu Gast sein|Hotelgast,Besucher|Logierender,Gastgeber,Goethe-Zertifikat A1 Start Deutsch 1 Wortliste,https://www.goethe.de,verified
334,vocabulary,geben,to transfer possession; impersonal 'there is',to give; there is / there are,Kannst du mir bitte deinen Kugelschreiber geben? / Es gibt keine Karten mehr.,Can you please give me your pen? / There are no tickets left.,A1,verb,5,essential,Top-tier transfer and existence verb,curator,2026-03-28,15,neutral,DACH,general|communication,verb,,,,false,false,haben,gibt,gab,gegeben,+ Dativ + Akkusativ; es gibt + Akkusativ,die Hand geben|Auskunft geben|es gibt viele,reichen|überreichen|existieren,nehmen,,Goethe-Zertifikat A1 Start Deutsch 1 Wortliste,https://www.goethe.de,verified
335,vocabulary,geboren,brought into life by birth,born,Ich bin in Zagreb geboren.,I was born in Zagreb.,A1,adjective,4,very_common,Biographical and identity term,curator,2026-03-28,310,neutral,DACH,identity|personal,adjective,,,,false,false,,,,,none,in Deutschland geboren|geboren am,zur Welt gekommen,gestorben,,Goethe-Zertifikat A1 Start Deutsch 1 Wortliste,https://www.goethe.de,verified
336,vocabulary,Gebrauchsartikel,everyday commodity article used in regular daily life,consumer good; everyday item,Wo finde ich Gebrauchsartikel für die Küche?,Where do I find everyday articles for the kitchen?,A1,noun,3,common,Shopping retail product noun,curator,2026-03-28,880,neutral,DACH,shopping|household,noun|commerce,der,Gebrauchsartikel,Gebrauchsartikels,false,false,,,,,,none,Gebrauchsartikel kaufen|nützliche Gebrauchsartikel,Verbrauchsartikel|Gebrauchsgegenstand|Bedarfsartikel,,Goethe-Zertifikat A1 Start Deutsch 1 Wortliste,https://www.goethe.de,verified
337,vocabulary,Geburtsdatum,calendar date on which a person was born,date of birth,Bitte schreiben Sie Ihr Geburtsdatum hierhin.,Please write your date of birth here.,A1,noun,4,very_common,Official form registration noun,curator,2026-03-28,520,neutral,DACH,identity|official forms,noun|identity,das,Geburtsdaten,Geburtsdatums,false,false,,,,,,none,Geburtsdatum angeben|mein Geburtsdatum ist,Geburtstag|Geburtszeitpunkt,,Goethe-Zertifikat A1 Start Deutsch 1 Wortliste,https://www.goethe.de,verified
338,vocabulary,Geburtsjahr,calendar year in which a person was born,year of birth,Das Geburtsjahr Ihres Sohnes bitte?,"The year of birth of your son, please?",A1,noun,3,common,Official form registration noun,curator,2026-03-28,950,neutral,DACH,identity|official forms,noun|identity,das,Geburtsjahre,Geburtsjahrs,false,false,,,,,,none,das Geburtsjahr angeben|Geburtsjahr 1990,Geburtsdatum,,Goethe-Zertifikat A1 Start Deutsch 1 Wortliste,https://www.goethe.de,verified
339,vocabulary,Geburtsort,town or city where a person was born,place of birth,Bitte schreiben Sie Ihren Geburtsort auf das Formular.,Please write your place of birth on the form.,A1,noun,4,very_common,Official form registration noun,curator,2026-03-28,880,neutral,DACH,identity|official forms,noun|identity,der,Geburtsorte,Geburtsorts,false,false,,,,,,none,Geburtsort eintragen|mein Geburtsort ist,Heimatort|Geburtsstadt,,Goethe-Zertifikat A1 Start Deutsch 1 Wortliste,https://www.goethe.de,verified
340,vocabulary,Geburtstag,anniversary of the day on which someone was born,birthday,Herzlichen Glückwunsch zum Geburtstag!,Happy birthday!,A1,noun,4,very_common,Core celebration and family noun,curator,2026-03-28,360,neutral,DACH,family|social,noun|celebration,der,Geburtstage,Geburtstags,false,false,,,,,,none,Geburtstag feiern|zum Geburtstag gratulieren,Ehrentag|Wiegenfest,,Goethe-Zertifikat A1 Start Deutsch 1 Wortliste,https://www.goethe.de,verified
341,vocabulary,gefallen,to suit or be pleasing to someone,to please; to like,Das gefällt mir.,I like that.,A1,verb,5,essential,Core aesthetic and opinion verb,curator,2026-03-28,140,neutral,DACH,general|feelings,verb,,,,false,false,haben,gefällt,gefiel,gefallen,+ Dativ,gut gefallen|sehr gefallen,zusagen|behagen,missfallen,,Goethe-Zertifikat A1 Start Deutsch 1 Wortliste,https://www.goethe.de,verified
342,vocabulary,gegen,in physical opposition or collision with; opposed to,against; into; around (time),Fahr nicht gegen den Baum! / Ich bin gegen diese Lösung. / Wer spielt gegen wen?,Do not drive into the tree! / I am against this solution. / Who is playing against whom?,A1,preposition,5,essential,Core spatial and oppositional preposition,curator,2026-03-28,35,neutral,DACH,general|sports,preposition,,,,false,false,,,,,+ Akkusativ,gegen acht Uhr|gegen die Wand|für und gegen,wider|kontra,für,,Goethe-Zertifikat A1 Start Deutsch 1 Wortliste,https://www.goethe.de,verified
343,vocabulary,gehen,to move on foot; to work/function; to depart,to go; to walk; to work,"Ich weiß nicht, wie das geht. / Wie geht's? / Jetzt muss ich (aber) leider gehen. / Ich muss zum Arzt gehen. / Das geht nicht!",I do not know how that works. / How are you? / Now I unfortunately have to leave. / I have to go to the doctor. / That is not possible!,A1,verb,5,essential,Fundamental motion function and greeting verb,curator,2026-03-28,18,neutral,DACH,general|movement,verb,,,,false,false,sein,geht,ging,gegangen,intransitive; nach + Dativ / zu + Dativ,zu Fuß gehen|wie geht es dir|das geht nicht,laufen|funktionieren|aufbrechen,bleiben|stehen,,Goethe-Zertifikat A1 Start Deutsch 1 Wortliste,https://www.goethe.de,verified
344,vocabulary,gehören,to be the property or possession of someone,to belong to,Wem gehört das?,To whom does that belong?,A1,verb,4,very_common,Ownership and attribution verb,curator,2026-03-28,210,neutral,DACH,general|social,verb,,,,false,false,haben,gehört,gehörte,gehört,+ Dativ,gehört mir|zu der Familie gehören,sein Eigentum sein,im Besitz sein von,,Goethe-Zertifikat A1 Start Deutsch 1 Wortliste,https://www.goethe.de,verified
345,vocabulary,gelb,of the color of ripe lemons or egg yolks,yellow,Die Banane ist gelb.,The banana is yellow.,A1,adjective,4,very_common,Core color adjective,curator,2026-03-28,240,neutral,DACH,description|colors,adjective,,,,false,false,,,,,none,gelbe Blüte|gelbes T-Shirt,goldgelb|zitronengelb,,,Goethe-Zertifikat A1 Start Deutsch 1 Wortliste,https://www.goethe.de,verified
346,vocabulary,Geld,medium of exchange in notes and coins,money,Hast du noch Geld?,Do you still have money?,A1,noun,5,essential,Core financial and commercial noun,curator,2026-03-28,90,neutral,DACH,shopping|finances,noun|money,das,,Geldes,false,false,,,,,,none,Geld wechseln|Geld verdienen|viel Geld,Bargeld|Finanzen|Währung,,Goethe-Zertifikat A1 Start Deutsch 1 Wortliste,https://www.goethe.de,verified
347,vocabulary,Gemüse,edible plants consumed as food,vegetables,Gemüse brauchen wir auch noch.,We also still need vegetables.,A1,noun,4,very_common,Core culinary and grocery noun,curator,2026-03-28,520,neutral,DACH,food|shopping,noun|food,das,,Gemüses,false,false,,,,,,none,frisches Gemüse|Gemüse kaufen,Gemüsepflanzen,Obst|Fleisch,Goethe-Zertifikat A1 Start Deutsch 1 Wortliste,https://www.goethe.de,verified
348,vocabulary,geöffnet,accessible to customers or visitors; not closed,open,Der Laden ist samstags bis 16.00 Uhr geöffnet.,The shop is open on Saturdays until 16:00.,A1,adjective,4,very_common,Core business hours and signage adjective,curator,2026-03-28,340,neutral,DACH,shopping|services,adjective,,,,false,false,,,,,none,täglich geöffnet|von 8 bis 18 Uhr geöffnet,offen|auf,geschlossen|zu,,Goethe-Zertifikat A1 Start Deutsch 1 Wortliste,https://www.goethe.de,verified
349,vocabulary,Gepäck,suitcases and bags taken on a trip,luggage; baggage,Wollen Sie Ihr Gepäck mitnehmen?,Do you want to take your luggage with you?,A1,noun,4,very_common,Core travel transit noun,curator,2026-03-28,580,neutral,DACH,travel|transport,noun|travel,das,,Gepäcks,false,false,,,,,,none,Gepäck abgeben|schweres Gepäck,Reisegepäck|Koffer,,Goethe-Zertifikat A1 Start Deutsch 1 Wortliste,https://www.goethe.de,verified
350,vocabulary,gerade,at this precise moment,just; right now,Da kommt er ja gerade.,There he comes right now.,A1,adverb,5,essential,Temporal immediacy adverb,curator,2026-03-28,80,neutral,DACH,time|general,adverb|time,,,,false,false,,,,,none,gerade jetzt|gerade eben,im Moment|soeben,später,,Goethe-Zertifikat A1 Start Deutsch 1 Wortliste,https://www.goethe.de,verified
351,vocabulary,geradeaus,in a straight direction without turning,straight ahead,Gehen Sie immer geradeaus!,Keep going straight ahead!,A1,adverb,4,very_common,Direction and wayfinding adverb,curator,2026-03-28,590,neutral,DACH,spatial|directions,adverb|directions,,,,false,false,,,,,none,immer geradeaus gehen|geradeaus fahren,geradewegs|schnurstracks,rückwärts|seitwärts,,Goethe-Zertifikat A1 Start Deutsch 1 Wortliste,https://www.goethe.de,verified
352,vocabulary,gern,with pleasure or liking to do an action,gladly; with pleasure; like to,Ich gehe gerne einkaufen.,I like to go shopping.,A1,adverb,5,essential,Core preference adverb,curator,2026-03-28,55,neutral,DACH,general|feelings,adverb|preference,,,,false,false,,,,,none,gern geschehen|gern haben|sehr gerne,mit Vergnügen|lieber,ungern,,Goethe-Zertifikat A1 Start Deutsch 1 Wortliste,https://www.goethe.de,verified
353,vocabulary,Geschäft,commercial establishment selling goods or trade,shop; store; business,Die Geschäfte schließen um 18.30 Uhr.,The shops close at 18:30.,A1,noun,5,essential,Retail and commerce noun,curator,2026-03-28,160,neutral,DACH,shopping|business,noun|commerce,das,Geschäfte,Geschäfts,false,false,,,,,,none,im Geschäft kaufen|ein Geschäft eröffnen,Laden|Kaufhaus|Handlung,,Goethe-Zertifikat A1 Start Deutsch 1 Wortliste,https://www.goethe.de,verified
354,vocabulary,Geschenk,item given voluntarily to another without payment,gift; present,Danke für das schöne Geschenk.,Thank you for the lovely gift.,A1,noun,4,very_common,Celebration and social gifting noun,curator,2026-03-28,480,neutral,DACH,social|celebration,noun|gifts,das,Geschenke,Geschenks,false,false,,,,,,none,ein Geschenk bekommen|Geschenk einpacken,Präsent|Gabe,,Goethe-Zertifikat A1 Start Deutsch 1 Wortliste,https://www.goethe.de,verified
355,vocabulary,Geschlecht,biological or demographic sex category,gender; sex,Kreuzen Sie Ihr Geschlecht an.,Check your sex/gender.,A1,noun,4,very_common,Official demographic form noun,curator,2026-03-28,440,neutral,DACH,identity|official forms,noun|identity,das,Geschlechter,Geschlechts,false,false,,,,,,none,weibliches Geschlecht|männliches Geschlecht,Sexus|Gender,,Goethe-Zertifikat A1 Start Deutsch 1 Wortliste,https://www.goethe.de,verified
356,vocabulary,geschlossen,not open for business or entrance,closed,Die Bank hat am Samstag geschlossen.,The bank is closed on Saturday.,A1,adjective,4,very_common,Business hours and entrance status adjective,curator,2026-03-28,260,neutral,DACH,shopping|services,adjective,,,,false,false,,,,,none,heute geschlossen|geschlossen halten,zu|versperrt,geöffnet|offen,,Goethe-Zertifikat A1 Start Deutsch 1 Wortliste,https://www.goethe.de,verified
357,vocabulary,Geschwister,brothers and sisters belonging to one family,siblings; brothers and sisters,Ich habe leider keine Geschwister.,Unfortunately I have no siblings.,A1,noun,4,very_common,Core family demography noun,curator,2026-03-28,620,neutral,DACH,family|personal,noun|family|gender:plural_only,,Geschwister,Geschwister,false,false,,,,,,none,keine Geschwister haben|Geschwister haben,Brüder und Schwestern,Einzelkind,Goethe-Zertifikat A1 Start Deutsch 1 Wortliste,https://www.goethe.de,verified
358,vocabulary,Gespräch,oral communication between two or more people,conversation; talk; call,Das Gespräch mit Frau Kunz ist um 14 Uhr.,The conversation with Mrs. Kunz is at 14:00.,A1,noun,4,very_common,Communication and professional dialogue noun,curator,2026-03-28,190,neutral,DACH,communication|work,noun,das,Gespräche,Gesprächs,false,false,,,,,,none,ein Gespräch führen|Telefongespräch,Unterhaltung|Dialog|Telefonat,Monolog,Goethe-Zertifikat A1 Start Deutsch 1 Wortliste,https://www.goethe.de,verified
359,vocabulary,gestern,on the day immediately preceding today,yesterday,Gestern war ich krank.,Yesterday I was ill.,A1,adverb,5,essential,Core temporal calendar adverb,curator,2026-03-28,95,neutral,DACH,time|general,adverb|time,,,,false,false,,,,,none,gestern Abend|seit gestern,am Vortag,morgen|heute,,Goethe-Zertifikat A1 Start Deutsch 1 Wortliste,https://www.goethe.de,verified
360,vocabulary,gestorben,having ceased to live; deceased,died; dead,Meine Frau ist gestern gestorben.,My wife died yesterday.,A1,adjective,4,very_common,Mortality and family status descriptor,curator,2026-03-28,340,neutral,DACH,family|personal,adjective,,,,false,false,,,,,none,gestorben sein|gestern gestorben,tot|verschieden,lebendig|geboren,,Goethe-Zertifikat A1 Start Deutsch 1 Wortliste,https://www.goethe.de,verified
361,vocabulary,Getränk,liquid prepared for human consumption,drink; beverage,Mein Lieblingsgetränk ist Tomatensaft.,My favorite beverage is tomato juice.,A1,noun,4,very_common,Core dining and grocery noun,curator,2026-03-28,490,neutral,DACH,food|dining,noun|food,das,Getränke,Getränks,false,false,,,,,,none,kalte Getränke|Getränke bestellen,Trank|Fluidum,Speise|Essen,Goethe-Zertifikat A1 Start Deutsch 1 Wortliste,https://www.goethe.de,verified
362,vocabulary,Gewicht,heaviness of a person or object measured in mass,weight,Bei Gewicht schreibst du: 62 Kilo.,Under weight you write: 62 kilos.,A1,noun,4,very_common,Physical measurement and medical form noun,curator,2026-03-28,480,neutral,DACH,health|official forms,noun|measurements,das,Gewichte,Gewichts,false,false,,,,,,none,das Gewicht wiegen|Gewicht verlieren,Masse|Schwere,,Goethe-Zertifikat A1 Start Deutsch 1 Wortliste,https://www.goethe.de,verified
363,vocabulary,gewinnen,to be successful or emerge victorious in a competition,to win,Wer gewinnt das Spiel?,Who is winning the game?,A1,verb,4,very_common,Games sports and contest verb,curator,2026-03-28,210,neutral,DACH,sports|leisure,verb,,,,false,false,haben,gewinnt,gewann,gewonnen,+ Akkusativ; intransitive,das Spiel gewinnen|Geld gewinnen,siegen|abräumen,verlieren,,Goethe-Zertifikat A1 Start Deutsch 1 Wortliste,https://www.goethe.de,verified
364,vocabulary,Gewohnheit,settled regular tendency or daily practice,habit; custom,Das ist eine alte Gewohnheit von mir.,That is an old habit of mine.,A1,noun,4,very_common,Daily routine and behavioral noun,curator,2026-03-28,480,neutral,DACH,daily life|routine,noun|lifestyle,die,Gewohnheiten,Gewohnheit,false,false,,,,,,none,Gewohnheiten im Tagesablauf|aus Gewohnheit,Brauch|Ritual|Routine,Ausnahme,Goethe-Zertifikat A1 Start Deutsch 1 Wortliste,https://www.goethe.de,verified
365,vocabulary,Glas,transparent brittle material or drinking vessel made from it,glass; tumbler,Bitte noch ein Glas Wein! / Wir brauchen noch drei Gläser.,"Another glass of wine, please! / We still need three glasses.",A1,noun,5,essential,Core table setting and grocery noun,curator,2026-03-28,190,neutral,DACH,food|dining,noun|food,das,Gläser,Glases,false,false,,,,,,none,ein Glas Wasser|ein Glas trinken,Trinkglas|Gefäß,,Goethe-Zertifikat A1 Start Deutsch 1 Wortliste,https://www.goethe.de,verified
366,vocabulary,glauben,to accept as true or have an opinion/supposition,to believe; to think,Sie können mir glauben es ist so. / Ich glaube er kommt gleich.,"You can believe me, it is so. / I think he is coming in a moment.",A1,verb,5,essential,Core cognition and opinion verb,curator,2026-03-28,68,neutral,DACH,communication|general,verb,,,,false,false,haben,glaubt,glaubte,geglaubt,+ Dativ; an + Akkusativ,ich glaube ja|fest glauben,meinen|annehmen|vertrauen,bezweifeln|wissen,,Goethe-Zertifikat A1 Start Deutsch 1 Wortliste,https://www.goethe.de,verified
367,vocabulary,gleich,identical in condition; occurring immediately in a moment,same; equal; right away; in a moment,Das ist mir gleich. / Das ist der gleiche Preis. / Ich komme gleich.,It's all the same to me. / That is the same price. / I am coming right away.,A1,adjective,5,essential,Everyday comparison and temporal adverb,curator,2026-03-28,60,neutral,DACH,general|time,adjective|adverb,,,,false,false,,,,,none,ich komme gleich|der gleiche Preis|mir gleich,sofort|identisch|egal,anders|später,,Goethe-Zertifikat A1 Start Deutsch 1 Wortliste,https://www.goethe.de,verified
368,vocabulary,Gleis,pair of parallel steel rails for train tracks,track; platform track,Der ICE nach Berlin hält heute an Gleis 12.,The ICE to Berlin stops today on track 12.,A1,noun,4,very_common,Railway travel and orientation noun,curator,2026-03-28,620,neutral,DACH,travel|transport,noun|transport,das,Gleise,Gleises,false,false,,,,,,none,auf Gleis vier|das Gleis wechseln,Bahnsteig|Schienenweg,,Goethe-Zertifikat A1 Start Deutsch 1 Wortliste,https://www.goethe.de,verified
369,vocabulary,Glück,good fortune or favorable chance,luck; good fortune; happiness,Viel Glück!,Good luck!,A1,noun,5,essential,Core emotional well-being and social phrase noun,curator,2026-03-28,180,neutral,DACH,feelings|social,noun|feelings,das,,Glücks,false,false,,,,,,none,viel Glück wünschen|Glück haben,Dusel|Zufall|Freude,Pech|Unglück,Goethe-Zertifikat A1 Start Deutsch 1 Wortliste,https://www.goethe.de,verified
370,vocabulary,glücklich,experiencing joy satisfaction or good fortune,happy; fortunate,Meine Kinder sind glücklich verheiratet.,My children are happily married.,A1,adjective,4,very_common,Core emotional state adjective,curator,2026-03-28,240,neutral,DACH,feelings|personal,adjective,,,,false,false,,,,,none,glücklich sein|glücklich verheiratet,froh|zufrieden|selig,traurig|unglücklich,,Goethe-Zertifikat A1 Start Deutsch 1 Wortliste,https://www.goethe.de,verified
371,vocabulary,Glückwunsch,expression of pleasure or congratulations to another,congratulation; best wishes,Herzlichen Glückwunsch zum Geburtstag.,Congratulations on your birthday.,A1,noun,4,very_common,Celebration and etiquette greeting noun,curator,2026-03-28,540,neutral,DACH,social|celebration,noun,der,Glückwünsche,Glückwunsches,false,false,,,,,,none,herzlichen Glückwunsch|Glückwunsch aussprechen,Gratulation|Segenswunsch,,Goethe-Zertifikat A1 Start Deutsch 1 Wortliste,https://www.goethe.de,verified
372,vocabulary,Grad,unit of temperature measurement on the Celsius scale,degree (Celsius),Heute haben wir dreißig Grad.,Today we have thirty degrees.,A1,noun,4,very_common,Weather and temperature measurement noun,curator,2026-03-28,340,neutral,DACH,weather|measurements,noun|measurements,der,Grad,Grads,false,false,,,,,,none,zehn Grad über Null|bei wie viel Grad,Temperaturgrad,,Goethe-Zertifikat A1 Start Deutsch 1 Wortliste,https://www.goethe.de,verified
373,vocabulary,Gramm,metric unit of mass equal to one thousandth of a kilogram,gram,Ich brauche 100 Gramm Käse.,I need 100 grams of cheese.,A1,noun,4,very_common,Core grocery weight noun,curator,2026-03-28,380,neutral,DACH,food|measurements,noun|measurements,das,Gramm,Gramms,false,false,,,,,,none,ein Gramm|fünfhundert Gramm,Gewichtseinheit,,Goethe-Zertifikat A1 Start Deutsch 1 Wortliste,https://www.goethe.de,verified
374,vocabulary,gratulieren,to offer warm wishes or congratulations on an occasion,to congratulate,Ich gratuliere dir!,I congratulate you!,A1,verb,4,very_common,Social etiquette and greeting verb,curator,2026-03-28,510,neutral,DACH,social|celebration,verb,,,,false,false,haben,gratuliert,gratulierte,gratuliert,+ Dativ; zu + Dativ,zum Geburtstag gratulieren|herzlich gratulieren,beglückwünschen,beglückwünschen|beglücken,,Goethe-Zertifikat A1 Start Deutsch 1 Wortliste,https://www.goethe.de,verified
375,vocabulary,grau,of intermediate color between black and white,gray; grey,Der Himmel ist heute grau.,The sky is gray today.,A1,adjective,4,very_common,Core color adjective,curator,2026-03-28,210,neutral,DACH,description|colors,adjective,,,,false,false,,,,,none,graue Haare|grauer Anzug,aschfarben|trüb,bunt,,Goethe-Zertifikat A1 Start Deutsch 1 Wortliste,https://www.goethe.de,verified
376,vocabulary,grillen,to cook food over an open fire or hot grate outdoors,to barbecue; to grill,Heute grillen wir im Garten.,Today we are barbecuing in the garden.,A1,verb,3,common,Outdoor culinary and social verb,curator,2026-03-28,820,neutral,DACH,food|leisure,verb,,,,false,false,haben,grillt,grillte,gegrillt,+ Akkusativ; intransitive,Würstchen grillen|im Sommer grillen,brutzeln|rösten,brutzeln|rösten,,Goethe-Zertifikat A1 Start Deutsch 1 Wortliste,https://www.goethe.de,verified
377,vocabulary,groß,of considerable size extent height or age,big; large; tall,Mein Bruder und ich sind gleich groß. / Frankfurt ist eine große Stadt.,My brother and I are the same height. / Frankfurt is a large city.,A1,adjective,5,essential,Core spatial and physical adjective,curator,2026-03-28,35,neutral,DACH,description|general,adjective,,,,false,false,,,,,none,groß sein|eine große Familie|ein großes Haus,riesig|weit|hochgewachsen,klein,,Goethe-Zertifikat A1 Start Deutsch 1 Wortliste,https://www.goethe.de,verified
378,vocabulary,Größe,spatial dimensions or clothing/shoe size,size; height,Haben Sie das auch in Größe 40?,Do you have this in size 40 as well?,A1,noun,4,very_common,Shopping and physical description noun,curator,2026-03-28,310,neutral,DACH,shopping|clothing,noun|clothing,die,Größen,Größe,false,false,,,,,,none,Größe M|in meiner Größe|Schuhgröße,Ausmaß|Konfektionsgröße,Kleine,Goethe-Zertifikat A1 Start Deutsch 1 Wortliste,https://www.goethe.de,verified
379,vocabulary,Großeltern,parents of one's father or mother,grandparents,Meine Großeltern leben in Japan.,My grandparents live in Japan.,A1,noun,4,very_common,Family genealogy vocabulary,curator,2026-03-28,680,neutral,DACH,family|personal,noun|family|gender:plural_only,,Großeltern,Großeltern,false,false,,,,,,none,die Großeltern besuchen|bei den Großeltern,Oma und Opa,Enkelkinder,Goethe-Zertifikat A1 Start Deutsch 1 Wortliste,https://www.goethe.de,verified
380,vocabulary,Großmutter,mother of one's father or mother,grandmother; grandma,Meine Großmutter heißt Eva.,My grandmother is named Eva.,A1,noun,4,very_common,Core extended family noun,curator,2026-03-28,640,neutral,DACH,family|personal,noun|family,die,Großmütter,Großmutter,false,false,,,,,,none,meine Großmutter|Großmutter mütterlicherseits,Oma|Ahne,Großvater,Goethe-Zertifikat A1 Start Deutsch 1 Wortliste,https://www.goethe.de,verified
381,vocabulary,Großvater,father of one's father or mother,grandfather; grandpa,Mein Großvater ist schon 80.,My grandfather is already 80.,A1,noun,4,very_common,Core extended family noun,curator,2026-03-28,660,neutral,DACH,family|personal,noun|family,der,Großväter,Großvaters,false,false,,,,,,none,mein Großvater|der alte Großvater,Opa|Ahn,Großmutter,Goethe-Zertifikat A1 Start Deutsch 1 Wortliste,https://www.goethe.de,verified
382,vocabulary,grün,of the color of growing grass and fresh leaves,green,Die Tomate ist noch grün.,The tomato is still green.,A1,adjective,5,essential,Core color adjective,curator,2026-03-28,130,neutral,DACH,description|colors,adjective,,,,false,false,,,,,none,grüne Farbe|grüner Tee|grüne Wiese,grasgrün|unreif,reif,,Goethe-Zertifikat A1 Start Deutsch 1 Wortliste,https://www.goethe.de,verified
383,vocabulary,Gruppe,number of people or things placed or acting together,group,Die erste Gruppe beginnt um 16 Uhr.,The first group starts at 16:00.,A1,noun,4,very_common,Social and organizational unit noun,curator,2026-03-28,210,neutral,DACH,education|social,noun|social,die,Gruppen,Gruppe,false,false,,,,,,none,in der Gruppe arbeiten|eine Gruppe von Leuten,Team|Menge|Kreis,Einzelner,Goethe-Zertifikat A1 Start Deutsch 1 Wortliste,https://www.goethe.de,verified
384,vocabulary,Gruß,words or signs sent to show goodwill or polite regards,greeting; regards,Viele Grüße an Ihre Frau. / Mit freundlichen Grüßen,Many regards to your wife. / Yours sincerely (With kind regards),A1,noun,5,essential,Letter-writing and social etiquette noun,curator,2026-03-28,190,neutral,DACH,communication|politeness,noun,der,Grüße,Grußes,false,false,,,,,,none,viele Grüße|mit freundlichen Grüßen|liebe Grüße,Begrüßung|Grußformel,,Goethe-Zertifikat A1 Start Deutsch 1 Wortliste,https://www.goethe.de,verified
385,vocabulary,gültig,having legal force or accepted as valid,valid,Der Pass ist nicht mehr gültig.,The passport is no longer valid.,A1,adjective,4,very_common,Administrative tickets and documents adjective,curator,2026-03-28,490,neutral,DACH,travel|official forms,adjective,,,,false,false,,,,,none,gültig bis|eine gültige Fahrkarte,wirksam|rechtskräftig|zulässig,ungültig|abgelaufen,,Goethe-Zertifikat A1 Start Deutsch 1 Wortliste,https://www.goethe.de,verified
386,vocabulary,günstig,offered at an attractive reasonable price; favorable,inexpensive; affordable; favorable,Dort gibt es günstige Angebote.,There are affordable offers there.,A1,adjective,4,very_common,Retail pricing and consumer evaluation adjective,curator,2026-03-28,320,neutral,DACH,shopping|finances,adjective,,,,false,false,,,,,none,günstig kaufen|günstiger Preis,preiswert|billig|vorteilhaft,teuer|ungünstig,,Goethe-Zertifikat A1 Start Deutsch 1 Wortliste,https://www.goethe.de,verified
387,vocabulary,gut,of high quality satisfactory or agreeable,good; well; fine,Das finde ich gut. / Ich komme um 13 Uhr. - Gut! / Guten Morgen! / Ein gutes neues Jahr! / Guten Appetit!,I think that is good. / I will come at 13:00. - Good! / Good morning! / Happy New Year! / Enjoy your meal!,A1,adjective,5,essential,Top-tier evaluative adjective adverb and greeting particle,curator,2026-03-28,12,neutral,DACH,general|politeness,adjective|adverb,,,,false,false,,,,,none,guten Tag|alles Gute|gut gemacht,prima|toll|fein|angenehm,schlecht,,Goethe-Zertifikat A1 Start Deutsch 1 Wortliste,https://www.goethe.de,verified
388,vocabulary,Haar,fine threadlike strands growing from the skin or head,hair,Sie hat lange Haare.,She has long hair.,A1,noun,5,essential,Core physical appearance noun,curator,2026-03-28,240,neutral,DACH,body|description,noun|body,das,Haare,Haares,false,false,,,,,,none,lange Haare|kurze Haare|blonde Haare,Kopfhaar|Behaarung,,Goethe-Zertifikat A1 Start Deutsch 1 Wortliste,https://www.goethe.de,verified
389,vocabulary,haben,to possess or hold something; auxiliary verb,to have,Ich habe ein neues Auto.,I have a new car.,A1,verb,5,essential,Top-tier auxiliary and possession verb,curator,2026-03-28,3,neutral,DACH,general|possession,verb|auxiliary,,,,false,false,haben,hat,hatte,gehabt,+ Akkusativ,Zeit haben|Hunger haben|ein Auto haben,besitzen|verfügen über,fehlen,,Goethe-Zertifikat A1 Start Deutsch 1 Wortliste,https://www.goethe.de,verified
390,vocabulary,Hähnchen,roast or fried young chicken served as food,chicken (poultry/meat),Ein Hähnchen mit Pommes bitte!,"A chicken with fries, please!",A1,noun,4,very_common,Core dining and takeaway food noun,curator,2026-03-28,780,neutral,DACH,food|dining,noun|food,das,Hähnchen,Hähnchens,false,false,,,,,,none,halbes Hähnchen|Brathähnchen,Hendl|Poulet|Geflügel,,Goethe-Zertifikat A1 Start Deutsch 1 Wortliste,https://www.goethe.de,verified
391,vocabulary,halb,forming or consisting of one of two equal parts,half,Es ist halb drei.,It is half past two (half to three).,A1,adjective,5,essential,Core time and fraction adjective,curator,2026-03-28,82,neutral,DACH,time|measurements,adjective,,,,false,false,,,,,none,halb drei|ein halbes Pfund|ein halber Liter,hälftig,ganz,,Goethe-Zertifikat A1 Start Deutsch 1 Wortliste,https://www.goethe.de,verified
392,vocabulary,Halbpension,hotel arrangement providing bed breakfast and one meal,half board,Möchten Sie Vollpension oder Halbpension?,Would you like full board or half board?,A1,noun,3,common,Hotel accommodation and travel noun,curator,2026-03-28,1180,neutral,DACH,travel|lodging,noun|lodging,die,,Halbpension,false,false,,,,,,none,Zimmer mit Halbpension|Halbpension buchen,Teilverpflegung,Vollpension,Goethe-Zertifikat A1 Start Deutsch 1 Wortliste,https://www.goethe.de,verified
393,vocabulary,Halle,large room or spacious public building,hall; concourse; arena,Wir treffen uns in Halle B.,We meet in Hall B.,A1,noun,4,very_common,Orientation and public building noun,curator,2026-03-28,390,neutral,DACH,spatial|travel,noun|orientation,die,Hallen,Halle,false,false,,,,,,none,in der Halle|Messehalle|Abflughalle,Saal|Vorraum,,Goethe-Zertifikat A1 Start Deutsch 1 Wortliste,https://www.goethe.de,verified
394,vocabulary,hallo,informal greeting used upon meeting or answering,hello; hi,Hallo Inge! Wie geht's?,Hello Inge! How are you?,A1,interjection,5,essential,Top-frequency informal greeting,curator,2026-03-28,45,informal,DACH,communication|social,greeting,,,,false,false,,,,,none,hallo zusammen|sag mal hallo,hi|servus|grüß dich,tschüss|auf Wiedersehen,,Goethe-Zertifikat A1 Start Deutsch 1 Wortliste,https://www.goethe.de,verified
395,vocabulary,halten,to come to a stop (vehicle); to hold,to stop (transit); to hold,Dieser Zug hält nicht in Rüdesheim.,This train does not stop in Rüdesheim.,A1,verb,5,essential,Core transport and movement verb,curator,2026-03-28,85,neutral,DACH,travel|transport,verb|transport,,,,false,false,haben,hält,hielt,gehalten,intransitive; an + Dativ; in + Dativ,an der Haltestelle halten|den Zug anhalten,stoppen|anhalten,abfahren|durchfahren,,Goethe-Zertifikat A1 Start Deutsch 1 Wortliste,https://www.goethe.de,verified
396,vocabulary,Haltestelle,designated place where public buses or trams stop,stop; station (bus/tram),An der nächsten Haltestelle müssen Sie aussteigen.,You have to get off at the next stop.,A1,noun,4,very_common,Core public transit noun,curator,2026-03-28,520,neutral,DACH,travel|transport,noun|transport,die,Haltestellen,Haltestelle,false,false,,,,,,none,an der Haltestelle warten|nächste Haltestelle,Station|Halt,,Goethe-Zertifikat A1 Start Deutsch 1 Wortliste,https://www.goethe.de,verified
397,vocabulary,Hamburg,major port and city-state in northern Germany,Hamburg,Wann kommt dieser Zug in Hamburg an?,When does this train arrive in Hamburg?,A1,noun,5,essential,Major German port city proper noun,curator,2026-03-28,82,neutral,DACH,geography|travel,noun|places,das,,Hamburgs,false,false,,,,,,none,nach Hamburg fahren|in Hamburg ankommen,Hansestadt,,Goethe-Zertifikat A1 Start Deutsch 1 Wortliste,https://www.goethe.de,verified
398,vocabulary,Hand,terminal part of the human arm beyond the wrist,hand,Er gibt mir die Hand.,He shakes my hand.,A1,noun,5,essential,Fundamental body and social interaction noun,curator,2026-03-28,95,neutral,DACH,body|social,noun|body,die,Hände,Hand,false,false,,,,,,none,die Hand geben|Hände waschen,Greiforgan,,Goethe-Zertifikat A1 Start Deutsch 1 Wortliste,https://www.goethe.de,verified
399,vocabulary,Handy,portable mobile cellular telephone,mobile phone; cellphone,In der Schule bitte die Handys ausmachen!,Please turn off mobile phones in school!,A1,noun,5,essential,Everyday digital device noun,curator,2026-03-28,280,neutral,DACH,technology|communication,noun|tech,das,Handys,Handys,false,false,,,,,,none,das Handy ausschalten|Handynummer,Mobiltelefon|Smartphone,,Goethe-Zertifikat A1 Start Deutsch 1 Wortliste,https://www.goethe.de,verified
400,vocabulary,Hauptbahnhof,primary main passenger railway station of a city,central station; main train station,Wir treffen uns am Hauptbahnhof.,We meet at the central station.,A1,noun,4,very_common,Urban public transit noun,curator,2026-03-28,310,neutral,DACH,travel|transport,noun|transport,der,Hauptbahnhöfe,Hauptbahnhofs,false,false,,,,,,none,zum Hauptbahnhof fahren|Frankfurt Hauptbahnhof,Zentralbahnhof|Hbf,Regionalbahnhof,Goethe-Zertifikat A1 Start Deutsch 1 Wortliste,https://www.goethe.de,verified
401,vocabulary,Haus,building for human habitation; home,house; home,In welchem Haus wohnst du? / Ich gehe jetzt nach Hause. / Paul ist nicht zu Hause.,Which house do you live in? / I am going home now. / Paul is not at home.,A1,noun,5,essential,Fundamental domestic building and home noun,curator,2026-03-28,38,neutral,DACH,housing|personal,noun|housing,das,Häuser,Hauses,false,false,,,,,,none,nach Hause gehen|zu Hause sein|altes Haus,Gebäude|Heim|Wohnhaus,,Goethe-Zertifikat A1 Start Deutsch 1 Wortliste,https://www.goethe.de,verified
402,vocabulary,Hausaufgabe,school work assigned to be done outside the classroom,homework,Kannst du mir bei den Hausaufgaben helfen?,Can you help me with the homework?,A1,noun,4,very_common,Core educational vocabulary,curator,2026-03-28,540,neutral,DACH,education|children,noun|education,die,Hausaufgaben,Hausaufgabe,false,false,,,,,,none,Hausaufgaben machen|Hausaufgaben aufgeben,Schulaufgaben|Heimarbeit,,Goethe-Zertifikat A1 Start Deutsch 1 Wortliste,https://www.goethe.de,verified
403,vocabulary,Hausfrau,woman whose main occupation is managing household affairs,homemaker; housewife,Die Hausfrau wäscht kocht und kauft ein.,"The homemaker washes, cooks, and shops.",A1,noun,3,common,Domestic lifestyle and family role noun,curator,2026-03-28,890,neutral,DACH,family|work,noun|professions,die,Hausfrauen,Hausfrau,false,false,,,,,,none,Hausfrau und Mutter|als Hausfrau arbeiten,Familienmanagerin,Hausmann,Goethe-Zertifikat A1 Start Deutsch 1 Wortliste,https://www.goethe.de,verified
404,vocabulary,Haushalt,domestic household unit or management of home,household,Wer macht bei Ihnen den Haushalt?,Who manages the household at your place?,A1,noun,4,very_common,Domestic life and family management noun,curator,2026-03-28,290,neutral,DACH,housing|family,noun|housing,der,Haushalte,Haushalts,false,false,,,,,,none,den Haushalt führen|im Haushalt helfen,Hauswirtschaft|Heim|Familie,,Goethe-Zertifikat A1 Start Deutsch 1 Wortliste,https://www.goethe.de,verified
405,vocabulary,Hausmann,man whose main occupation is managing household affairs,stay-at-home dad; homemaker,Der Hausmann wäscht kocht und kauft ein.,"The homemaker washes, cooks, and shops.",A1,noun,3,common,Domestic lifestyle and family role noun,curator,2026-03-28,1120,neutral,DACH,family|work,noun|professions,der,Hausmänner,Hausmanns,false,false,,,,,,none,als Hausmann leben|Vollzeit-Hausmann,Familienmanager,Hausfrau,Goethe-Zertifikat A1 Start Deutsch 1 Wortliste,https://www.goethe.de,verified
406,vocabulary,Haustür,exterior main entrance door of a residential building,front door,Das ist der Schlüssel für die Haustür.,That is the key for the front door.,A1,noun,4,very_common,Core domestic housing noun,curator,2026-03-28,410,neutral,DACH,housing|building,noun|housing,die,Haustüren,Haustür,false,false,,,,,,none,vor der Haustür stehen|die Haustür aufschließen,Eingangstür|Portaltür,,Goethe-Zertifikat A1 Start Deutsch 1 Wortliste,https://www.goethe.de,verified
407,vocabulary,Heidelberg,university city in Baden-Württemberg on the Neckar,Heidelberg,Morgen machen wir einen Ausflug nach Heidelberg.,Tomorrow we are taking a trip to Heidelberg.,A1,noun,4,very_common,German cultural city proper noun,curator,2026-03-28,290,neutral,DACH,geography|travel,noun|places,das,,Heidelbergs,false,false,,,,,,none,Heidelberg liegt am Neckar|Ausflug nach Heidelberg,Universitätsstadt,,Goethe-Zertifikat A1 Start Deutsch 1 Wortliste,https://www.goethe.de,verified
408,vocabulary,Heimat,place or country where one was born or feels at home,home country; homeland,Ich komme aus der Schweiz. Das ist meine Heimat.,I come from Switzerland. That is my homeland.,A1,noun,4,very_common,Origin and identity vocabulary,curator,2026-03-28,420,neutral,DACH,identity|travel,noun|identity,die,,Heimat,false,false,,,,,,none,meine Heimat|in die Heimat zurückkehren,Heimatland|Ursprungsland,Fremde|Ausland,Goethe-Zertifikat A1 Start Deutsch 1 Wortliste,https://www.goethe.de,verified
409,vocabulary,heiraten,to take someone as husband or wife in marriage,to marry; to get married,Meine Schwester heiratet einen Japaner.,My sister is marrying a Japanese man.,A1,verb,4,very_common,Family and relationship lifecycle verb,curator,2026-03-28,340,neutral,DACH,family|social,verb,,,,false,false,haben,heiratet,heiratete,geheiratet,+ Akkusativ; intransitive,jung heiraten|kirchlich heiraten,die Ehe eingehen|ehelichen,sich scheiden lassen,,Goethe-Zertifikat A1 Start Deutsch 1 Wortliste,https://www.goethe.de,verified
410,vocabulary,heißen,to be named or called; to mean,to be called; to be named; to mean,Ich heiße Charlotte Meier. / Wie heißt das auf Deutsch?,My name is Charlotte Meier. / What is that called in German?,A1,verb,5,essential,Top-frequency identity and naming verb,curator,2026-03-28,30,neutral,DACH,identity|communication,verb|identity,,,,false,false,haben,heißt,hieß,geheißen,+ Prädikativ; + Akkusativ,wie heißen Sie|das heißt,genannt werden|bedeuten,benannt sein,,Goethe-Zertifikat A1 Start Deutsch 1 Wortliste,https://www.goethe.de,verified
411,vocabulary,helfen,to give assistance or make it easier to do something,to help; to assist,Können Sie mir helfen bitte?,Can you please help me?,A1,verb,5,essential,Fundamental social and support verb,curator,2026-03-28,95,neutral,DACH,social|daily life,verb,,,,false,false,haben,hilft,half,geholfen,+ Dativ; bei + Dativ,jemandem gerne helfen|bei den Hausaufgaben helfen,unterstützen|beistehen,im Stich lassen|behindern,,Goethe-Zertifikat A1 Start Deutsch 1 Wortliste,https://www.goethe.de,verified
412,vocabulary,hell,illuminated with light; not dark,bright; light,Im Sommer ist es bis 21 Uhr hell.,In summer it is light until 21:00.,A1,adjective,4,very_common,Core visual and temporal adjective,curator,2026-03-28,290,neutral,DACH,description|weather,adjective,,,,false,false,,,,,none,heller Tag|helles Zimmer|draußen hell,licht|leuchtend,dunkel,,Goethe-Zertifikat A1 Start Deutsch 1 Wortliste,https://www.goethe.de,verified
413,vocabulary,Herbst,season of the year between summer and winter,autumn; fall,Im Herbst fallen die Blätter.,In autumn the leaves fall.,A1,noun,4,very_common,Core calendar season noun,curator,2026-03-28,290,neutral,DACH,time|nature,noun|season,der,Herbste,Herbstes,false,false,,,,,,none,im Herbst|goldener Herbst,Herbstzeit,Frühling,Goethe-Zertifikat A1 Start Deutsch 1 Wortliste,https://www.goethe.de,verified
414,vocabulary,Herd,kitchen appliance used for cooking and baking food,cooker; stove,In der neuen Küche fehlt noch der Herd.,The stove is still missing in the new kitchen.,A1,noun,4,very_common,Core kitchen equipment noun,curator,2026-03-28,680,neutral,DACH,housing|food,noun|appliances,der,Herde,Herdes,false,false,,,,,,none,am Herd stehen|Elektroherd|Gasherd,Kochherd|Kochstelle,,Goethe-Zertifikat A1 Start Deutsch 1 Wortliste,https://www.goethe.de,verified
415,vocabulary,Herkunft,social cultural or geographic origin of a person,origin; background,Wo ist Ihre Herkunft?,Where is your origin?,A1,noun,4,very_common,Identity and background noun,curator,2026-03-28,460,neutral,DACH,identity|personal,noun|identity,die,,Herkunft,false,false,,,,,,none,Herkunft angeben|Land der Herkunft,Ursprung|Abstammung|Provenienz,,Goethe-Zertifikat A1 Start Deutsch 1 Wortliste,https://www.goethe.de,verified
416,vocabulary,Herr,title used to address or refer to a man; gentleman,Mr.; gentleman; sir,Guten Tag Herr Sommer!,"Good day, Mr. Sommer!",A1,noun,5,essential,Fundamental polite address noun,curator,2026-03-28,22,neutral,DACH,identity|communication,noun|people,der,Herren,Herrn,false,false,,,,,,none,sehr geehrter Herr|Damen und Herren,Mann|Gentleman,Frau|Dame,Goethe-Zertifikat A1 Start Deutsch 1 Wortliste,https://www.goethe.de,verified
417,vocabulary,herzlich,warmly affectionate and sincere,cordial; warm; heartfelt,Herzlichen Glückwunsch!,Congratulations!,A1,adjective,4,very_common,Core etiquette and celebration adjective,curator,2026-03-28,320,neutral,DACH,social|feelings,adjective,,,,false,false,,,,,none,herzlichen Dank|herzlich willkommen,warmherzig|liebevoll,kühl|distanziert,,Goethe-Zertifikat A1 Start Deutsch 1 Wortliste,https://www.goethe.de,verified
418,vocabulary,heute,on this present day or nowadays,today; nowadays,Heute ist ein schöner Tag.,Today is a beautiful day.,A1,adverb,5,essential,Top-frequency calendar day adverb,curator,2026-03-28,25,neutral,DACH,time|general,adverb|time,,,,false,false,,,,,none,heute Morgen|ab heute|heute Abend,am heutigen Tag,gestern|morgen,,Goethe-Zertifikat A1 Start Deutsch 1 Wortliste,https://www.goethe.de,verified
419,vocabulary,hier,in at or to this present place,here,"Hier ist 06131-553221, Pamela Linke. / Hier wohne ich.","This is 06131-553221, Pamela Linke. / Here is where I live.",A1,adverb,5,essential,Top-tier deictic locative adverb,curator,2026-03-28,14,neutral,DACH,spatial|general,adverb,,,,false,false,,,,,none,hier sein|hier wohnen|von hier,an dieser Stelle,dort|da,,Goethe-Zertifikat A1 Start Deutsch 1 Wortliste,https://www.goethe.de,verified
420,vocabulary,Hilfe,assistance advice or emergency support,help; assistance,Hilfe! Bitte helfen Sie mir! / Brauchen Sie meine Hilfe?,Help! Please help me! / Do you need my help?,A1,noun,5,essential,Fundamental emergency and social support noun,curator,2026-03-28,140,neutral,DACH,social|emergency,noun|services,die,Hilfen,Hilfe,false,false,,,,,,none,um Hilfe bitten|Hilfe brauchen|erste Hilfe,Unterstützung|Beistand,,Goethe-Zertifikat A1 Start Deutsch 1 Wortliste,https://www.goethe.de,verified
421,vocabulary,hinten,at or towards the back or rear part,at the back; behind; in the rear,Die Tür zum Aussteigen ist hinten.,The exit door is at the back.,A1,adverb,4,very_common,Core spatial orientation adverb,curator,2026-03-28,310,neutral,DACH,spatial|directions,adverb|orientation,,,,false,false,,,,,none,nach hinten gehen|da hinten,im Hintergrund|rückwärtig,vorne,,Goethe-Zertifikat A1 Start Deutsch 1 Wortliste,https://www.goethe.de,verified
422,vocabulary,Hobby,leisure activity pursued for pleasure in free time,hobby,Meine Hobbys sind Wandern und Schwimmen.,My hobbies are hiking and swimming.,A1,noun,4,very_common,Core personal interests and profile noun,curator,2026-03-28,620,neutral,DACH,leisure|personal,noun|leisure,das,Hobbys,Hobbys,false,false,,,,,,none,ein Hobby haben|mein liebstes Hobby,Freizeitbeschäftigung|Steckenpferd,Beruf|Arbeit,Goethe-Zertifikat A1 Start Deutsch 1 Wortliste,https://www.goethe.de,verified
423,vocabulary,hoch,of great vertical extent or elevated altitude,high; tall,Der Mount Everest ist 8.880 Meter hoch.,"Mount Everest is 8,880 meters high.",A1,adjective,5,essential,Core spatial and measurement adjective,curator,2026-03-28,85,neutral,DACH,description|measurements,adjective,,,,false,false,,,,,none,sehr hoch|hoher Preis|wie hoch,ragend|erhaben,tief|niedrig,,Goethe-Zertifikat A1 Start Deutsch 1 Wortliste,https://www.goethe.de,verified
424,vocabulary,Hochzeit,ceremony and festivities of getting married,wedding,Zur dieser Hochzeit kommen mehr als fünfzig Gäste.,More than fifty guests are coming to this wedding.,A1,noun,4,very_common,Social celebration and family noun,curator,2026-03-28,490,neutral,DACH,family|celebration,noun|celebration,die,Hochzeiten,Hochzeit,false,false,,,,,,none,Hochzeit feiern|goldene Hochzeit,Heirat|Trauung|Eheschließung,Scheidung,Goethe-Zertifikat A1 Start Deutsch 1 Wortliste,https://www.goethe.de,verified
425,vocabulary,holen,to go somewhere and bring back an object or person,to fetch; to get,Ich hole zwei Flaschen Wasser aus der Küche.,I am fetching two bottles of water from the kitchen.,A1,verb,5,essential,Core action verb of retrieval,curator,2026-03-28,120,neutral,DACH,daily life|general,verb,,,,false,false,haben,holt,holte,geholt,+ Akkusativ; + Dativ + Akkusativ,etwas zu trinken holen|Hilfe holen,besorgen|herbeischaffen,bringen,,Goethe-Zertifikat A1 Start Deutsch 1 Wortliste,https://www.goethe.de,verified
426,vocabulary,hören,to perceive sound with the ears or listen to,to hear; to listen to,Hör mal! Was ist das? / Ich habe das Lied schon mal gehört.,Listen! What is that? / I have heard that song before.,A1,verb,5,essential,Core sensory perception verb,curator,2026-03-28,65,neutral,DACH,sensory|communication,verb|listening,,,,false,false,haben,hört,hörte,gehört,+ Akkusativ; intransitive,Musik hören|Radio hören|gut hören,lauschen|vernehmen,taub sein,,Goethe-Zertifikat A1 Start Deutsch 1 Wortliste,https://www.goethe.de,verified
427,vocabulary,Hotel,commercial establishment providing lodging and meals,hotel,Im Urlaub sind wir in einem Hotel am Meer.,On vacation we stay in a hotel by the sea.,A1,noun,5,essential,Core travel lodging noun,curator,2026-03-28,210,neutral,DACH,travel|lodging,noun|lodging,das,Hotels,Hotels,false,false,,,,,,none,im Hotel übernachten|Hotel reservieren,Herberge|Gasthof|Pension,,Goethe-Zertifikat A1 Start Deutsch 1 Wortliste,https://www.goethe.de,verified
428,vocabulary,Hund,domesticated carnivorous canine animal kept as pet,dog,Der Hund ist noch jung.,The dog is still young.,A1,noun,4,very_common,Core domestic animal noun,curator,2026-03-28,280,neutral,DACH,animals|home,noun|animals,der,Hunde,Hundes,false,false,,,,,,none,einen Hund haben|mit dem Hund spazieren gehen,Vierbeiner|Köter,,Goethe-Zertifikat A1 Start Deutsch 1 Wortliste,https://www.goethe.de,verified
429,vocabulary,hundert,cardinal number equal to ten times ten,hundred,Ein Euro hat hundert Cent.,One euro has one hundred cents.,A1,numeral,5,essential,Core large base numeral,curator,2026-03-28,68,neutral,DACH,numbers|general,numeral,,,,false,false,,,,,none,einhundert Euro|zweihundert Kilometer,Hunderter,,,Goethe-Zertifikat A1 Start Deutsch 1 Wortliste,https://www.goethe.de,verified
430,vocabulary,hunderteins,cardinal number following one hundred,one hundred and one,Seite hunderteins.,Page one hundred and one.,A1,numeral,3,common,Compound cardinal number,curator,2026-03-28,890,neutral,DACH,numbers|general,numeral,,,,false,false,,,,,none,Zimmer hunderteins|hunderteins Euro,hundertundeins,,,Goethe-Zertifikat A1 Start Deutsch 1 Wortliste,https://www.goethe.de,verified
431,vocabulary,Hunger,feeling of physical discomfort caused by lack of food,hunger,Ich habe Hunger! Wann ist das Essen fertig?,I am hungry! When is the food ready?,A1,noun,4,very_common,Basic physiological need noun,curator,2026-03-28,490,neutral,DACH,food|health,noun,der,,Hungers,false,false,,,,,,none,Hunger haben|großen Hunger haben,Essensdrang|Appetit,Sättigung|Durst,Goethe-Zertifikat A1 Start Deutsch 1 Wortliste,https://www.goethe.de,verified
432,vocabulary,ich,first-person singular subject personal pronoun,I,Ich heiße Veronika.,My name is Veronika.,A1,pronoun,5,essential,Fundamental self-referential subject pronoun,curator,2026-03-28,2,neutral,DACH,identity|general,pronoun|personal,,,,false,false,,,,,none,ich bin|ich selbst|ich auch,meine Wenigkeit,,,Goethe-Zertifikat A1 Start Deutsch 1 Wortliste,https://www.goethe.de,verified
433,vocabulary,ihr/ihm/ihn,third-person singular oblique pronouns,her; to her; to him; him,Gib ihr/ihm bitte das Buch. / Ruf ihn bitte an.,Please give her/him the book. / Please call him.,A1,pronoun,5,essential,Core direct and indirect object pronouns,curator,2026-03-28,8,neutral,DACH,personal|communication,pronoun|personal,,,,false,false,,,,,none,ruf ihn an|gib ihr das,den Mann|die Frau,,,Goethe-Zertifikat A1 Start Deutsch 1 Wortliste,https://www.goethe.de,verified
434,vocabulary,immer,at all times or on every occasion,always; all the time,Frau Bast kommt immer zu spät.,Mrs. Bast always comes too late.,A1,adverb,5,essential,Core frequency temporal adverb,curator,2026-03-28,22,neutral,DACH,time|general,adverb|frequency,,,,false,false,,,,,none,immer noch|wie immer|fast immer,stets|allzeit,nie|niemals,,Goethe-Zertifikat A1 Start Deutsch 1 Wortliste,https://www.goethe.de,verified
435,vocabulary,in,expressing inclusion inside a space location or time,in; into; inside,"Ich wohne in Wiesbaden. / Der Zug kommt in fünf Minuten. / Frau Rausch arbeitet in einem Geschäft. / Komm, wir gehen ins Kino.","I live in Wiesbaden. / The train arrives in five minutes. / Mrs. Rausch works in a shop. / Come on, let's go to the cinema.",A1,preposition,5,essential,Top-tier spatial and temporal two-way preposition,curator,2026-03-28,5,neutral,DACH,spatial|temporal,preposition,,,,false,false,,,,,+ Dativ / + Akkusativ,in der Stadt|in der Schule|ins Kino gehen,innerhalb|drinnen,außerhalb,,Goethe-Zertifikat A1 Start Deutsch 1 Wortliste,https://www.goethe.de,verified
436,vocabulary,Information,knowledge communicated or help desk facility,information; details; information desk,Wenn Sie Fragen haben gehen Sie zur Information. / Wir haben hier wichtige Informationen für Sie.,"If you have questions, go to the information desk. / We have important information for you here.",A1,noun,5,essential,Essential public service and knowledge noun,curator,2026-03-28,140,neutral,DACH,services|communication,noun|services,die,Informationen,Information,false,false,,,,,,none,zur Information gehen|Informationen bekommen,Auskunft|Nachricht|Hinweis,,Goethe-Zertifikat A1 Start Deutsch 1 Wortliste,https://www.goethe.de,verified
437,vocabulary,Interesse,feeling of curiosity or desire to know about something,interest,Haben Sie besondere Interessen?,Do you have particular interests?,A1,noun,4,very_common,Leisure hobbies and personal profile noun,curator,2026-03-28,220,neutral,DACH,leisure|personal,noun|personality,das,Interessen,Interesses,false,false,,,,,,none,Interesse haben an|persönliche Interessen,Vorliebe|Neigung|Hobby,Desinteresse|Gleichgültigkeit,Goethe-Zertifikat A1 Start Deutsch 1 Wortliste,https://www.goethe.de,verified
438,vocabulary,international,involving two or more nations,international,"Unser Deutschkurs ist international: Silvana kommt aus Italien, Conchi aus Spanien, Yin aus China ....","Our German course is international: Silvana comes from Italy, Conchi from Spain, Yin from China ....",A1,adjective,4,very_common,Demographic and cultural diversity adjective,curator,2026-03-28,220,neutral,DACH,society|countries,adjective,,,,false,false,,,,,none,international bekannt|internationale Schule,weltweit|global|überstaatlich,national|lokal,,Goethe-Zertifikat A1 Start Deutsch 1 Wortliste,https://www.goethe.de,verified
439,vocabulary,Internet,global computer network providing information/communication,internet,Das findest du im Internet.,You can find that on the internet.,A1,noun,5,essential,Core digital infrastructure noun,curator,2026-03-28,160,neutral,DACH,technology|media,noun|digital,das,,Internets,false,false,,,,,,none,im Internet surfen|aus dem Internet laden,Netz|Web|World Wide Web,,Goethe-Zertifikat A1 Start Deutsch 1 Wortliste,https://www.goethe.de,verified
440,vocabulary,Italien,republic in southern Europe on the Mediterranean,Italy,Italien ist ein schönes Land.,Italy is a beautiful country.,A1,noun,5,essential,European country name noun,curator,2026-03-28,150,neutral,DACH,geography|countries,noun|geography,das,,Italiens,false,false,,,,,,none,nach Italien reisen|aus Italien kommen,Italienische Republik,,Goethe-Zertifikat A1 Start Deutsch 1 Wortliste,https://www.goethe.de,verified
441,vocabulary,Italiener,male native or citizen of Italy,Italian (male),Silvana ist mit einem Italiener verheiratet.,Silvana is married to an Italian.,A1,noun,4,very_common,Nationality demographic noun,curator,2026-03-28,420,neutral,DACH,identity|countries,noun|people,der,Italiener,Italieners,false,false,,,,,,none,der Italiener|netter Italiener,italienischer Bürger,Italienerin,Goethe-Zertifikat A1 Start Deutsch 1 Wortliste,https://www.goethe.de,verified
442,vocabulary,Italienerin,female native or citizen of Italy,Italian (female),Silvana kommt aus Italien sie ist Italienerin.,"Silvana comes from Italy, she is Italian.",A1,noun,4,very_common,Nationality demographic noun,curator,2026-03-28,490,neutral,DACH,identity|countries,noun|people,die,Italienerinnen,Italienerin,false,false,,,,,,none,die Italienerin|italienische Lebensart,italienische Bürgerin,Italiener,Goethe-Zertifikat A1 Start Deutsch 1 Wortliste,https://www.goethe.de,verified
443,vocabulary,italienisch,of or relating to Italy its culture or language,Italian,Wir essen gerne italienisch.,We like eating Italian food.,A1,adjective,5,essential,National origin and cuisine adjective,curator,2026-03-28,180,neutral,DACH,language|food|identity,adjective,,,,false,false,,,,,none,italienisches Restaurant|Italienisch lernen,apenninisch,,,Goethe-Zertifikat A1 Start Deutsch 1 Wortliste,https://www.goethe.de,verified
444,vocabulary,ja,affirmative response expressing agreement or assent,yes,Sind Sie Herr Watanabe? - Ja.,Are you Mr. Watanabe? - Yes.,A1,particle,5,essential,Fundamental affirmative response particle,curator,2026-03-28,10,neutral,DACH,communication|general,particle,,,,false,false,,,,,none,ja bitte|ja gerne|ja genau,freilich|gewiss,nein,,Goethe-Zertifikat A1 Start Deutsch 1 Wortliste,https://www.goethe.de,verified
445,vocabulary,Jacke,short coat reaching to the waist or hips,jacket; coat,Zieh dir eine Jacke an. Es ist kalt.,Put on a jacket. It is cold.,A1,noun,4,very_common,Core clothing and weather wear noun,curator,2026-03-28,490,neutral,DACH,clothing|daily life,noun|clothing,die,Jacken,Jacke,false,false,,,,,,none,eine Jacke anziehen|warme Jacke,Anorak|Strickjacke|Sakko,Hose,Goethe-Zertifikat A1 Start Deutsch 1 Wortliste,https://www.goethe.de,verified
446,vocabulary,Jahr,period of 365 days divided into twelve months,year,Alter: 26 Jahre.,Age: 26 years.,A1,noun,5,essential,Core calendar cycle noun,curator,2026-03-28,18,neutral,DACH,time|calendar,noun|time,das,Jahre,Jahres,false,false,,,,,,none,ein gutes neues Jahr|seit drei Jahren|jedes Jahr,Kalenderjahr|Lebensjahr,,Goethe-Zertifikat A1 Start Deutsch 1 Wortliste,https://www.goethe.de,verified
447,vocabulary,Januar,first month of the calendar year,January,Im Januar fahre ich Ski.,In January I go skiing.,A1,noun,4,very_common,Core calendar month noun,curator,2026-03-28,240,neutral,DACH,time|calendar,noun|calendar,der,Januare,Januars,false,false,,,,,,none,im Januar|Anfang Januar,Jänner,,Goethe-Zertifikat A1 Start Deutsch 1 Wortliste,https://www.goethe.de,verified
448,vocabulary,Japan,island country in East Asia situated in the northwest Pacific,Japan,Meine Großeltern leben in Japan.,My grandparents live in Japan.,A1,noun,4,very_common,Country name noun,curator,2026-03-28,190,neutral,DACH,geography|countries,noun|geography,das,,Japans,false,false,,,,,,none,nach Japan fliegen|aus Japan kommen,Nippon,,Goethe-Zertifikat A1 Start Deutsch 1 Wortliste,https://www.goethe.de,verified
449,vocabulary,Japaner,male native or citizen of Japan,Japanese (male),Meine Schwester heiratet einen Japaner.,My sister is marrying a Japanese man.,A1,noun,4,very_common,Nationality demographic noun,curator,2026-03-28,420,neutral,DACH,identity|countries,noun|people,der,Japaner,Japaners,false,false,,,,,,none,der Japaner|japanischer Mann,Bürger Japans,Japanerin,Goethe-Zertifikat A1 Start Deutsch 1 Wortliste,https://www.goethe.de,verified
450,vocabulary,Japanerin,female native or citizen of Japan,Japanese (female),Sie ist Japanerin.,She is a Japanese woman.,A1,noun,4,very_common,Nationality demographic noun,curator,2026-03-28,490,neutral,DACH,identity|countries,noun|people,die,Japanerinnen,Japanerin,false,false,,,,,,none,die Japanerin|junge Japanerin,Bürgerin Japans,Japaner,Goethe-Zertifikat A1 Start Deutsch 1 Wortliste,https://www.goethe.de,verified
451,vocabulary,japanisch,of or relating to Japan its culture or language,Japanese,Ich lerne Japanisch.,I am learning Japanese.,A1,adjective,4,very_common,National origin and linguistic adjective,curator,2026-03-28,280,neutral,DACH,language|identity,adjective,,,,false,false,,,,,none,japanische Autos|Japanisch sprechen|japanische Kultur,ostasiatisch,,,Goethe-Zertifikat A1 Start Deutsch 1 Wortliste,https://www.goethe.de,verified
452,vocabulary,jed-,referring to every single member of a group individually,every; each,Blumen kannst du in jedem Bahnhof kaufen.,You can buy flowers in every train station.,A1,pronoun,5,essential,Universal distributive determiner/pronoun,curator,2026-03-28,32,neutral,DACH,general,pronoun|determiner,,,,false,false,,,,,none,jeden Tag|jedes Mal|jeder Mensch,aller|jeglicher,keiner,,Goethe-Zertifikat A1 Start Deutsch 1 Wortliste,https://www.goethe.de,verified
453,vocabulary,jetzt,at the present moment,now,Jetzt machen wir eine Pause.,Now we take a break.,A1,adverb,5,essential,Core temporal present adverb,curator,2026-03-28,24,neutral,DACH,time|general,adverb|time,,,,false,false,,,,,none,jetzt gleich|ab jetzt|bis jetzt,nun|im Moment,früher|später,,Goethe-Zertifikat A1 Start Deutsch 1 Wortliste,https://www.goethe.de,verified
454,vocabulary,Job,regular paid employment or specific post,job; employment,Jenny hat einen neuen Job bei der Post.,Jenny has a new job at the post office.,A1,noun,4,very_common,Core work and career colloquial noun,curator,2026-03-28,260,neutral,DACH,work|employment,noun|work,der,Jobs,Jobs,false,false,,,,,,none,einen Job suchen|einen Job finden,Arbeitsplatz|Stelle|Beruf,,Goethe-Zertifikat A1 Start Deutsch 1 Wortliste,https://www.goethe.de,verified
455,vocabulary,Jugendliche,person between childhood and adult age; teenager,adolescent; youth; teenager,Viele Jugendliche kaufen gern ein.,Many young people like to shop.,A1,noun,4,very_common,Demographic stage noun,curator,2026-03-28,380,neutral,DACH,society|identity,noun|people,der,Jugendlichen,Jugendlichen,false,false,,,,,,none,für Jugendliche|Jugendliche und Kinder,Teenager|Heranwachsender,Erwachsener,Goethe-Zertifikat A1 Start Deutsch 1 Wortliste,https://www.goethe.de,verified
456,vocabulary,Juli,seventh month of the calendar year,July,Wir machen Anfang Juli Urlaub.,We take vacation at the beginning of July.,A1,noun,4,very_common,Core calendar month noun,curator,2026-03-28,210,neutral,DACH,time|calendar,noun|calendar,der,Julis,Julis,false,false,,,,,,none,im Juli|Anfang Juli,Sommermonat,,Goethe-Zertifikat A1 Start Deutsch 1 Wortliste,https://www.goethe.de,verified
457,vocabulary,jung,having lived or existed for only a short time,young,Claudia ist 21. Was? Noch so jung?,Claudia is 21. What? Still that young?,A1,adjective,5,essential,Core age descriptive adjective,curator,2026-03-28,95,neutral,DACH,identity|description,adjective|age,,,,false,false,,,,,none,junger Mann|noch sehr jung,jugendlich|frisch,alt,,Goethe-Zertifikat A1 Start Deutsch 1 Wortliste,https://www.goethe.de,verified
458,vocabulary,Junge,male child from birth to young manhood,boy,Ich habe zwei Kinder. Einen Jungen und ein Mädchen.,I have two children. A boy and a girl.,A1,noun,5,essential,Core demographic child noun,curator,2026-03-28,210,neutral,DACH,family|personal,noun|people,der,Jungen,Jungen,false,false,,,,,,none,kleiner Junge|der Junge da drüben,Bub|Knabe,Mädchen,Goethe-Zertifikat A1 Start Deutsch 1 Wortliste,https://www.goethe.de,verified
459,vocabulary,Juni,sixth month of the calendar year,June,Die Schule endet im Juni.,School ends in June.,A1,noun,4,very_common,Core calendar month noun,curator,2026-03-28,220,neutral,DACH,time|calendar,noun|calendar,der,Junis,Junis,false,false,,,,,,none,im Juni|Ende Juni,Sommermonat,,Goethe-Zertifikat A1 Start Deutsch 1 Wortliste,https://www.goethe.de,verified
460,vocabulary,Kaffee,hot dark beverage made from brewed roasted beans,coffee,Zum Frühstück trinke ich immer Kaffee.,For breakfast I always drink coffee.,A1,noun,5,essential,Core breakfast and beverage noun,curator,2026-03-28,240,neutral,DACH,food|dining,noun|food,der,,Kaffees,false,false,,,,,,none,Kaffee kochen|eine Tasse Kaffee|schwarzer Kaffee,Bohnenkaffee,,Goethe-Zertifikat A1 Start Deutsch 1 Wortliste,https://www.goethe.de,verified
461,vocabulary,kaputt,damaged fractured or no longer functioning,broken; out of order,Das Glas war teuer. Es geht sehr leicht kaputt.,The glass was expensive. It breaks very easily.,A1,adjective,4,very_common,Core household condition adjective,curator,2026-03-28,340,informal,DACH,household|technology,adjective,,,,false,false,,,,,none,kaputt gehen|mein Handy ist kaputt,defekt|beschädigt|hinüber,ganz|intakt|heil,,Goethe-Zertifikat A1 Start Deutsch 1 Wortliste,https://www.goethe.de,verified
462,vocabulary,Karte,paper card,postcard,"menu, or playing card, card; postcard; menu, Ich schreibe meinen Bekannten eine Karte aus dem Urlaub. / Wollen wir Karten spielen? / Ich möchte auch etwas essen. Bringen Sie mir die Karte bitte.",I am writing a postcard to my acquaintances from vacation. / Do we want to play cards? / I would also like to eat something. Please bring me the menu.,A1,noun,5,essential,Polysemous dining leisure and postal noun,curator,2026-03-28,130,neutral,DACH,dining|leisure|mail,noun|leisure,die,Karten,Karte,false,false,,,,,,none,Karten spielen|Speisekarte|Postkarte schreiben,Postkarte|Menükarte|Spielkarte,,Goethe-Zertifikat A1 Start Deutsch 1 Wortliste,https://www.goethe.de,verified
463,vocabulary,Kartoffel,starchy edible tuber consumed as a staple vegetable,potato,Für Pommes frites braucht man Kartoffeln.,For French fries you need potatoes.,A1,noun,4,very_common,Core grocery and culinary noun,curator,2026-03-28,520,neutral,DACH,food|shopping,noun|food,die,Kartoffeln,Kartoffel,false,false,,,,,,none,gekochte Kartoffeln|Kartoffeln schälen,Erdapfel|Grundbirne,,Goethe-Zertifikat A1 Start Deutsch 1 Wortliste,https://www.goethe.de,verified
464,vocabulary,Kasse,counter or till where payment is made in a shop,checkout; cash desk; till,Zahlen Sie bitte an der Kasse.,Please pay at the cash desk.,A1,noun,4,very_common,Core retail and shopping noun,curator,2026-03-28,340,neutral,DACH,shopping|finances,noun|commerce,die,Kassen,Kasse,false,false,,,,,,none,an der Kasse zahlen|bitte zur Kasse gehen,Zahlstelle|Kassenbereich,,Goethe-Zertifikat A1 Start Deutsch 1 Wortliste,https://www.goethe.de,verified
465,vocabulary,kaufen,to acquire something by paying money,to buy; to purchase,Tim kauft sich ein neues Auto.,Tim is buying himself a new car.,A1,verb,5,essential,Core commercial transaction verb,curator,2026-03-28,68,neutral,DACH,shopping|finances,verb,,,,false,false,haben,kauft,kaufte,gekauft,+ Akkusativ; + Dativ + Akkusativ,ein Ticket kaufen|im Supermarkt kaufen,erwerben|anschaffen,verkaufen,,Goethe-Zertifikat A1 Start Deutsch 1 Wortliste,https://www.goethe.de,verified
466,vocabulary,kein,negative determiner negating indefinite nouns,no; not any; none,Es gibt keine Eintrittskarten mehr.,There are no more admission tickets.,A1,pronoun,5,essential,Core negative determiner and pronoun,curator,2026-03-28,12,neutral,DACH,general,pronoun|negation,,,,false,false,,,,,none,keine Zeit|gar kein|kein Problem,nicht ein|keineswegs,ein|viele,,Goethe-Zertifikat A1 Start Deutsch 1 Wortliste,https://www.goethe.de,verified
467,vocabulary,kennen,to be acquainted or familiar with a person place or fact,to know; to be familiar with,"Kennen Sie diese Frau? Nein, leider nicht.","Do you know this woman? - No, unfortunately not.",A1,verb,5,essential,Core cognitive acquaintance verb,curator,2026-03-28,48,neutral,DACH,social|communication,verb,,,,false,false,haben,kennt,kannte,gekannt,+ Akkusativ,gut kennen|jemanden vom Sehen kennen,vertraut sein mit,fremd sein,not English 'can' (which is können),Goethe-Zertifikat A1 Start Deutsch 1 Wortliste,https://www.goethe.de,verified
468,vocabulary,kennenlernen,to meet someone and get to know them for the first time,to get to know; to meet,Wir sind neu hier. Wir möchten Sie kennenlernen.,We are new here. We would like to get to know you.,A1,verb,4,very_common,Social greeting and integration verb,curator,2026-03-28,260,neutral,DACH,social|personal,verb,,,,false,true,haben,lernt kennen,lernte kennen,kennengelernt,+ Akkusativ,neue Freunde kennenlernen|sich kennenlernen,Bekanntschaft machen mit,Bekanntschaft machen,,Goethe-Zertifikat A1 Start Deutsch 1 Wortliste,https://www.goethe.de,verified
469,vocabulary,Kilogramm,fundamental metric unit of mass,kilogram; kilo,Ein Kilo Äpfel bitte.,"One kilo of apples, please.",A1,noun,4,very_common,Core grocery and body weight noun,curator,2026-03-28,310,neutral,DACH,food|measurements,noun|measurements,das,Kilogramm,Kilogramms,false,false,,,,,,none,ein Kilo|zwei Kilogramm wiegen,Kilo|kg,,Goethe-Zertifikat A1 Start Deutsch 1 Wortliste,https://www.goethe.de,verified
470,vocabulary,Kilometer,metric unit of length equal to one thousand meters,kilometer,Von Mainz nach Frankfurt sind es circa 50 Kilometer.,From Mainz to Frankfurt it is about 50 kilometers.,A1,noun,5,essential,Core travel distance noun,curator,2026-03-28,160,neutral,DACH,travel|measurements,noun|measurements,der,Kilometer,Kilometers,false,false,,,,,,none,zweihundert Kilometer|Kilometer pro Stunde,km,,Goethe-Zertifikat A1 Start Deutsch 1 Wortliste,https://www.goethe.de,verified
471,vocabulary,Kind,young human being below the age of puberty; son/daughter,child; kid,Wie viele Kinder haben Sie?,How many children do you have?,A1,noun,5,essential,Core family demography noun,curator,2026-03-28,40,neutral,DACH,family|personal,noun|family,das,Kinder,Kindes,false,false,,,,,,none,zwei Kinder haben|Kinderspielplatz,Nachwuchs|Sprössling,Erwachsener,Goethe-Zertifikat A1 Start Deutsch 1 Wortliste,https://www.goethe.de,verified
472,vocabulary,Kinderbetreuung,care and supervision provided for young children,childcare,In der Stadt gibt es gute Kinderbetreuung.,In the city there is good childcare.,A1,noun,3,common,Family and preschool education noun,curator,2026-03-28,580,neutral,DACH,family|childcare,noun|education,die,Kinderbetreuungen,Kinderbetreuung,false,false,,,,,,none,einen Platz für die Kinderbetreuung suchen|Kinderbetreuung anbieten,Kita|Kinderpflege|Tagesmutter,,Goethe-Zertifikat A1 Start Deutsch 1 Wortliste,https://www.goethe.de,verified
473,vocabulary,Kinderbett,small specialized bed designed for infants or children,child's bed; crib; cot,Wir brauchen noch ein Kinderbett.,We still need a child's bed.,A1,noun,3,common,Family furniture noun,curator,2026-03-28,880,neutral,DACH,housing|childcare,noun|furniture,das,Kinderbetten,Kinderbettes,false,false,,,,,,none,ein Kinderbett aufbauen|Matratze fürs Kinderbett,Gitterbett|Wiege,,Goethe-Zertifikat A1 Start Deutsch 1 Wortliste,https://www.goethe.de,verified
474,vocabulary,Kindergarten,preschool educational facility for young children,kindergarten; preschool,Die kleine Laura geht schon in den Kindergarten.,Little Laura already goes to kindergarten.,A1,noun,4,very_common,Childcare and education facility noun,curator,2026-03-28,490,neutral,DACH,education|childcare,noun|education,der,Kindergärten,Kindergartens,false,false,,,,,,none,in den Kindergarten gehen|Kindergartenplatz,Kita|Vorschule,Schule,Goethe-Zertifikat A1 Start Deutsch 1 Wortliste,https://www.goethe.de,verified
475,vocabulary,Kino,venue where motion pictures are screened for audiences,cinema; movie theater,Wir sehen heute Abend im Kino einen schönen Film.,We are watching a nice film at the cinema tonight.,A1,noun,4,very_common,Leisure culture and entertainment noun,curator,2026-03-28,340,neutral,DACH,leisure|entertainment,noun|leisure,das,Kinos,Kinos,false,false,,,,,,none,ins Kino gehen|im Kino sitzen,Filmtheater|Lichtspielhaus,,Goethe-Zertifikat A1 Start Deutsch 1 Wortliste,https://www.goethe.de,verified
476,vocabulary,Kiosk,small street stall selling snacks newspapers and drinks,kiosk; newsstand,"Am Kiosk bekommen Sie Getränke, Zigaretten und Zeitungen.","At the kiosk you can get beverages, cigarettes, and newspapers.",A1,noun,4,very_common,Everyday urban convenience retail noun,curator,2026-03-28,680,neutral,DACH,shopping|daily life,noun|shopping,der,Kioske,Kiosks,false,false,,,,,,none,am Kiosk kaufen|Zeitungkiosk,Büdchen|Trinkhalle|Verkaufsstand,,Goethe-Zertifikat A1 Start Deutsch 1 Wortliste,https://www.goethe.de,verified
477,vocabulary,klar,plain to understand; sure / of course,clear; sure; of course,Kommst du mit? - Klar!,Are you coming along? - Sure!,A1,adjective,5,essential,Core assent and comprehension word,curator,2026-03-28,88,neutral,DACH,communication|general,adjective|particle,,,,false,false,,,,,none,na klar|alles klar|ganz klar,verständlich|sicher|natürlich,unklar|verwirrend,,Goethe-Zertifikat A1 Start Deutsch 1 Wortliste,https://www.goethe.de,verified
478,vocabulary,Klasse,group of school students; travel booking tier,class; classroom; travel class,In unserer Klasse sind fünfundzwanzig Schüler. / Im Zug fahre ich immer 2. Klasse.,In our class there are twenty-five students. / On the train I always travel 2nd class.,A1,noun,5,essential,Education and transit classification noun,curator,2026-03-28,140,neutral,DACH,education|travel,noun|education,die,Klassen,Klasse,false,false,,,,,,none,in die 1. Klasse gehen|zweite Klasse fahren,Schulklasse|Wagenklasse|Kategorie,,Goethe-Zertifikat A1 Start Deutsch 1 Wortliste,https://www.goethe.de,verified
479,vocabulary,Klassenzimmer,room in a school where lessons are held,classroom,Der Lehrer steht in der Mitte des Klassenzimmers.,The teacher stands in the middle of the classroom.,A1,noun,4,very_common,Educational school facility noun,curator,2026-03-28,460,neutral,DACH,education|school,noun|education,das,Klassenzimmer,Klassenzimmers,false,false,,,,,,none,ins Klassenzimmer kommen|im Klassenzimmer sitzen,Klassenraum|Schulzimmer,,Goethe-Zertifikat A1 Start Deutsch 1 Wortliste,https://www.goethe.de,verified
480,vocabulary,Kleidung,items worn to cover the human body,clothing; clothes,"Wo finde ich Kleidung? Jacken im ersten, Jeans im zweiten Stock.","Where do I find clothing? Jackets on the first, jeans on the second floor.",A1,noun,4,very_common,Core shopping and apparel noun,curator,2026-03-28,450,neutral,DACH,shopping|clothing,noun|clothing,die,,Kleidung,false,false,,,,,,none,warme Kleidung|neue Kleidung kaufen,Klamotten|Bekleidung|Anziehsachen,,Goethe-Zertifikat A1 Start Deutsch 1 Wortliste,https://www.goethe.de,verified
481,vocabulary,klein,of modest or limited physical size,small; little,Eltville ist eine kleine Stadt am Rhein.,Eltville is a small town on the Rhine.,A1,adjective,5,essential,Core spatial and physical adjective,curator,2026-03-28,32,neutral,DACH,description|general,adjective,,,,false,false,,,,,none,kleine Stadt|kleines Kind|ganz klein,winzig|gering,groß,,Goethe-Zertifikat A1 Start Deutsch 1 Wortliste,https://www.goethe.de,verified
482,vocabulary,Klima,prevailing regional weather conditions over long periods,climate,Das Klima hier ist sehr angenehm.,The climate here is very pleasant.,A1,noun,4,very_common,Weather and nature environment noun,curator,2026-03-28,260,neutral,DACH,weather|nature,noun|weather,das,Klimate,Klimas,false,false,,,,,,none,warmes Klima|Klima und Wetter,Witterung|Klimazone,,Goethe-Zertifikat A1 Start Deutsch 1 Wortliste,https://www.goethe.de,verified
483,vocabulary,kochen,to prepare food by heating it; to boil,to cook; to boil,Herr Georgi kann gut kochen.,Mr. Georgi can cook well.,A1,verb,5,essential,Core culinary action verb,curator,2026-03-28,190,neutral,DACH,food|household,verb,,,,false,false,haben,kocht,kochte,gekocht,+ Akkusativ; intransitive,das Essen kochen|gerne kochen|Wasser kochen,zubereiten|garen,essen,,Goethe-Zertifikat A1 Start Deutsch 1 Wortliste,https://www.goethe.de,verified
484,vocabulary,Koffer,sturdy rectangular luggage case with handles,suitcase; luggage,Ist das Ihr Koffer?,Is that your suitcase?,A1,noun,4,very_common,Core travel transit container noun,curator,2026-03-28,490,neutral,DACH,travel|transport,noun|travel,der,Koffer,Koffers,false,false,,,,,,none,den Koffer packen|schwerer Koffer,Reisekoffer|Gepäckstück,,Goethe-Zertifikat A1 Start Deutsch 1 Wortliste,https://www.goethe.de,verified
485,vocabulary,Kollege,individual with whom one works closely in a job,colleague; coworker,Wie heißt die neue Kollegin?,What is the name of the new (female) colleague?,A1,noun,4,very_common,Workplace and vocational peer noun,curator,2026-03-28,190,neutral,DACH,work|social,noun|work,der,Kollegen,Kollegen,false,false,,,,,,none,nette Kollegen|liebe Kollegin,Mitarbeiter|Arbeitskollege,,Goethe-Zertifikat A1 Start Deutsch 1 Wortliste,https://www.goethe.de,verified
486,vocabulary,Kollegin,female coworker or professional associate,colleague (female); coworker,Wie heißt die neue Kollegin?,What is the name of the new colleague?,A1,noun,4,very_common,Workplace peer noun,curator,2026-03-28,220,neutral,DACH,work|social,noun|work,die,Kolleginnen,Kollegin,false,false,,,,,,none,die neue Kollegin|nette Kollegin,Mitarbeiterin|Arbeitskollegin,Kollege,Goethe-Zertifikat A1 Start Deutsch 1 Wortliste,https://www.goethe.de,verified
487,vocabulary,Köln,major historic cathedral city on the River Rhine,Cologne,Köln ist eine alte Stadt.,Cologne is an old city.,A1,noun,4,very_common,Major German cultural city proper noun,curator,2026-03-28,95,neutral,DACH,geography|travel,noun|places,das,,Kölns,false,false,,,,,,none,in Köln wohnen|von Köln kommen,Domstadt,,Goethe-Zertifikat A1 Start Deutsch 1 Wortliste,https://www.goethe.de,verified
488,vocabulary,kommen,to move towards the speaker or arrive at a place,to come; to arrive,Woher kommen Sie? - Aus Frankreich. / Kommst du mit ins Schwimmbad?,Where do you come from? - From France. / Are you coming along to the swimming pool?,A1,verb,5,essential,Top-tier movement and origin verb,curator,2026-03-28,9,neutral,DACH,movement|identity,verb,,,,false,false,sein,kommt,kam,gekommen,intransitive; aus + Dativ; nach + Dativ,aus Deutschland kommen|pünktlich kommen|mitkommen,erscheinen|eintreffen,gehen|abfahren,,Goethe-Zertifikat A1 Start Deutsch 1 Wortliste,https://www.goethe.de,verified
489,vocabulary,können,to have the ability power or possibility to do something,can; to be able to,Ich kann Deutsch und Russisch. / Können Sie mir helfen?,I can speak German and Russian. / Can you help me?,A1,verb,5,essential,Fundamental modal verb of capability/ability,curator,2026-03-28,11,neutral,DACH,grammar|modal,verb|modal,,,,false,false,haben,kann,konnte,gekonnt,+ Infinitiv; + Akkusativ,Deutsch sprechen können|mir helfen können,vermögen|fähig sein,fähig sein|vermögen,,Goethe-Zertifikat A1 Start Deutsch 1 Wortliste,https://www.goethe.de,verified
490,vocabulary,Konto,financial arrangement held at a bank,bank account; account,Das Geld überweisen wir am ersten März auf Ihr Konto.,We transfer the money to your account on the first of March.,A1,noun,4,very_common,Core financial and banking noun,curator,2026-03-28,290,neutral,DACH,shopping|finances,noun|finances,das,Konten,Kontos,false,false,,,,,,none,ein Konto eröffnen|Geld auf das Konto überweisen,Bankkonto|Girokonto,,Goethe-Zertifikat A1 Start Deutsch 1 Wortliste,https://www.goethe.de,verified
491,vocabulary,Kopf,upper anatomical part of the body containing the brain,head,Mein Kopf tut weh!,My head hurts!,A1,noun,5,essential,Core anatomy and health symptoms noun,curator,2026-03-28,110,neutral,DACH,body|health,noun|body,der,Köpfe,Kopfes,false,false,,,,,,none,Kopfschmerzen haben|der Kopf tut weh,Haupt,,Goethe-Zertifikat A1 Start Deutsch 1 Wortliste,https://www.goethe.de,verified
492,vocabulary,kosten,to have a specified price or cost money,to cost,Wie viel kostet das? 10 Euro.,How much does that cost? - 10 euros.,A1,verb,5,essential,Core commercial pricing verb,curator,2026-03-28,140,neutral,DACH,shopping|finances,verb,,,,false,false,haben,kostet,kostete,gekostet,+ Akkusativ + Akkusativ; intransitive,was kostet das|viel kosten|Geld kosten,einen Preis haben|betragen,im Preis liegen|erfordern,,Goethe-Zertifikat A1 Start Deutsch 1 Wortliste,https://www.goethe.de,verified
493,vocabulary,krank,affected by physical or mental illness; unwell,ill; sick,"Ich kann heute nicht zur Arbeit kommen, ich bin krank und liege im Bett.","I cannot come to work today, I am sick and lying in bed.",A1,adjective,4,very_common,Health medical condition and absence adjective,curator,2026-03-28,240,neutral,DACH,health|work,adjective|health,,,,false,false,,,,,none,krank sein|krank werden|krank im Bett,unwohl|leidend,gesund,,Goethe-Zertifikat A1 Start Deutsch 1 Wortliste,https://www.goethe.de,verified
494,vocabulary,Kreditkarte,plastic payment card issued by a bank,credit card; card,Kann ich auch mit Karte (be-) zahlen?,Can I also pay by card?,A1,noun,4,very_common,Commercial banking and retail payment noun,curator,2026-03-28,490,neutral,DACH,shopping|finances,noun|finances,die,Kreditkarten,Kreditkarte,false,false,,,,,,none,mit Kreditkarte zahlen|Karte einstecken,Bankkarte|EC-Karte,Bargeld,Goethe-Zertifikat A1 Start Deutsch 1 Wortliste,https://www.goethe.de,verified
495,vocabulary,kriegen,to obtain receive or catch something,to get; to receive,Ich kriege 15 Euro in der Stunde für meine Arbeit.,I get 15 euros per hour for my work.,A1,verb,4,very_common,Colloquial verb of obtaining/receiving,curator,2026-03-28,180,informal,DACH,daily life|work,verb,,,,false,false,haben,kriegt,kriegte,gekriegt,+ Akkusativ,Geld kriegen|einen Brief kriegen,bekommen|erhalten,hergeben|abgeben,,Goethe-Zertifikat A1 Start Deutsch 1 Wortliste,https://www.goethe.de,verified
496,vocabulary,Küche,room equipped for preparing and cooking food,kitchen,Der neue Herd kommt in die Küche.,The new stove goes into the kitchen.,A1,noun,4,very_common,Core domestic room noun,curator,2026-03-28,290,neutral,DACH,housing|food,noun|housing,die,Küchen,Küche,false,false,,,,,,none,in der Küche kochen|neue Küche,Kochbereich,,Goethe-Zertifikat A1 Start Deutsch 1 Wortliste,https://www.goethe.de,verified
497,vocabulary,Kuchen,sweet baked confectionery food,cake,Ich nehme ein Stück Kuchen.,I will take a piece of cake.,A1,noun,4,very_common,Dining café and bakery food noun,curator,2026-03-28,460,neutral,DACH,food|dining,noun|food,der,Kuchen,Kuchens,false,false,,,,,,none,ein Stück Kuchen essen|Kuchen backen,Torte|Gebäck,,Goethe-Zertifikat A1 Start Deutsch 1 Wortliste,https://www.goethe.de,verified
498,vocabulary,Kugelschreiber,pen that dispenses ink over a metal ball,ballpoint pen; pen,Hast du einen Kugelschreiber für mich?,Do you have a ballpoint pen for me?,A1,noun,4,very_common,Stationery and exam writing tool noun,curator,2026-03-28,740,neutral,DACH,education|office,noun|stationery,der,Kugelschreiber,Kugelschreibers,false,false,,,,,,none,mit dem Kugelschreiber schreiben|Kuli,Kuli|Schreiber|Stift,,Goethe-Zertifikat A1 Start Deutsch 1 Wortliste,https://www.goethe.de,verified
499,vocabulary,Kühlschrank,insulated domestic cabinet kept cold for preserving food,refrigerator; fridge,Haben wir noch Milch? Ja im Kühlschrank.,"Do we still have milk? Yes, in the fridge.",A1,noun,4,very_common,Core domestic kitchen appliance noun,curator,2026-03-28,520,neutral,DACH,housing|appliances,noun|appliances,der,Kühlschränke,Kühlschranks,false,false,,,,,,none,in den Kühlschrank stellen|Milch im Kühlschrank,Eisschrank|Frigo,,Goethe-Zertifikat A1 Start Deutsch 1 Wortliste,https://www.goethe.de,verified
500,vocabulary,Kuli,colloquial short term for ballpoint pen,ballpen; pen,Hast du einen Kuli für mich?,Do you have a pen for me?,A1,noun,4,very_common,Colloquial writing tool noun,curator,2026-03-28,420,informal,DACH,education|office,noun|stationery,der,Kulis,Kulis,false,false,,,,,,none,mit dem Kuli schreiben|Kuli leihen,Kugelschreiber|Stift,,Goethe-Zertifikat A1 Start Deutsch 1 Wortliste,https://www.goethe.de,verified
501,vocabulary,kulturell,relating to the arts culture and intellectual development,cultural,Ich bin kulturell interessiert. Ich gehe oft ins Museum.,I am culturally interested. I often go to museums.,A1,adjective,3,common,Interests and cultural leisure adjective,curator,2026-03-28,490,neutral,DACH,leisure|culture,adjective,,,,false,false,,,,,none,kulturell interessiert|kulturelle Angebote,bildungsmäßig|künstlerisch,,,Goethe-Zertifikat A1 Start Deutsch 1 Wortliste,https://www.goethe.de,verified
502,vocabulary,kümmern,to look after tend or take care of someone/something,to take care of; to look after,Jede Mutter kümmert sich um ihre kleinen Kinder.,Every mother takes care of her young children.,A1,verb,4,very_common,Core social responsibility and care verb,curator,2026-03-28,290,neutral,DACH,family|social,verb,,,,false,false,haben,kümmert,kümmerte,gekümmert,sich kümmern um + Akkusativ,sich um die Kinder kümmern|sich darum kümmern,sorgen für|pflegen,vernachlässigen,,Goethe-Zertifikat A1 Start Deutsch 1 Wortliste,https://www.goethe.de,verified
503,vocabulary,Kunde,person who buys goods or services from a shop/business,customer; client,Einen Moment bitte. Ich habe eine Kundin.,One moment please. I have a (female) customer.,A1,noun,4,very_common,Commercial customer service noun,curator,2026-03-28,210,neutral,DACH,shopping|work,noun|commerce,der,Kunden,Kunden,false,false,,,,,,none,Kunden bedienen|neue Kunden gewinnen,Käufer|Klient|Mandant,Verkäufer,Goethe-Zertifikat A1 Start Deutsch 1 Wortliste,https://www.goethe.de,verified
504,vocabulary,Kundin,female purchaser of goods or client of a service,customer (female); client,Einen Moment bitte. Ich habe eine Kundin.,One moment please. I have a customer.,A1,noun,4,very_common,Retail and commercial client noun,curator,2026-03-28,260,neutral,DACH,shopping|work,noun|commerce,die,Kundinnen,Kundin,false,false,,,,,,none,eine Kundin bedienen|Königin Kundin,Käuferin|Klientin,Kunde,Goethe-Zertifikat A1 Start Deutsch 1 Wortliste,https://www.goethe.de,verified
505,vocabulary,Kurs,series of educational lessons or lectures,course; class,Der Deutschkurs geht bis zum Sommer.,The German course runs until the summer.,A1,noun,4,very_common,Educational study and training noun,curator,2026-03-28,260,neutral,DACH,education|learning,noun|education,der,Kurse,Kurses,false,false,,,,,,none,einen Deutschkurs machen|sich für einen Kurs anmelden,Lehrgang|Unterrichtskurs,,Goethe-Zertifikat A1 Start Deutsch 1 Wortliste,https://www.goethe.de,verified
506,vocabulary,Kurstag,day on which a course session takes place,class day; course day,Morgen ist der letzte Kurstag.,Tomorrow is the last day of the course.,A1,noun,3,common,Educational schedule noun,curator,2026-03-28,820,neutral,DACH,education|calendar,noun|time,der,Kurstage,Kurstages,false,false,,,,,,none,am ersten Kurstag|jeder Kurstag,Unterrichtstag,,Goethe-Zertifikat A1 Start Deutsch 1 Wortliste,https://www.goethe.de,verified
507,vocabulary,kurz,measuring a small distance or brief period of duration,short; brief,Ricardo hat kurzes Haar.,Ricardo has short hair.,A1,adjective,5,essential,Core temporal and spatial dimension adjective,curator,2026-03-28,62,neutral,DACH,description|time,adjective,,,,false,false,,,,,none,kurze Haare|vor kurzem|kurz warten,knapp|bündig|flüchtig,lang,,Goethe-Zertifikat A1 Start Deutsch 1 Wortliste,https://www.goethe.de,verified
508,vocabulary,lachen,to express mirth or amusement with vocal sounds,to laugh,Die Kinder lachen viel.,The children laugh a lot.,A1,verb,5,essential,Core emotional expression verb,curator,2026-03-28,190,neutral,DACH,feelings|social,verb,,,,false,false,haben,lacht,lachte,gelacht,intransitive; über + Akkusativ,laut lachen|über einen Witz lachen,kichern|schmunzeln,weinen,,Goethe-Zertifikat A1 Start Deutsch 1 Wortliste,https://www.goethe.de,verified
509,vocabulary,Laden,commercial establishment selling retail goods,shop; store,Im Buchladen können Sie Bücher kaufen.,In the bookstore you can buy books.,A1,noun,4,very_common,Retail and commerce noun,curator,2026-03-28,240,neutral,DACH,shopping|business,noun|commerce,der,Läden,Ladens,false,false,,,,,,none,in den Laden gehen|kleiner Laden,Geschäft|Kaufhaus,,Goethe-Zertifikat A1 Start Deutsch 1 Wortliste,https://www.goethe.de,verified
510,vocabulary,Land,sovereign geographical territory or the countryside,country; state; countryside,Italien ist ein schönes Land.,Italy is a beautiful country.,A1,noun,5,essential,Fundamental geographic and political noun,curator,2026-03-28,42,neutral,DACH,geography|travel,noun|geography,das,Länder,Landes,false,false,,,,,,none,ein schönes Land|auf dem Land leben,Staat|Region|Landschaft,Stadt,Goethe-Zertifikat A1 Start Deutsch 1 Wortliste,https://www.goethe.de,verified
511,vocabulary,lang,measuring a considerable spatial or physical distance,long,Die Jeans ist zu lang.,The jeans are too long.,A1,adjective,5,essential,Core physical measurement adjective,curator,2026-03-28,68,neutral,DACH,description|measurements,adjective,,,,false,false,,,,,none,zu lang sein|zwei Meter lang,ausgedehnt,kurz,,Goethe-Zertifikat A1 Start Deutsch 1 Wortliste,https://www.goethe.de,verified
512,vocabulary,lange,extending over a substantial duration of time,for a long time; long,Wie lange fährt der Zug von Hamburg nach Berlin?,How long does the train take from Hamburg to Berlin?,A1,adverb,5,essential,Core temporal duration adverb,curator,2026-03-28,75,neutral,DACH,time|general,adverb|time,,,,false,false,,,,,none,wie lange|schon lange|noch lange,langwierig|dauerhaft,kurz,,Goethe-Zertifikat A1 Start Deutsch 1 Wortliste,https://www.goethe.de,verified
513,vocabulary,langsam,moving or operating at a low speed; unhurried,slow; slowly,Könnten Sie bitte etwas langsamer sprechen?,Could you please speak a little more slowly?,A1,adjective,4,very_common,Core speed and communication manner adjective/adverb,curator,2026-03-28,210,neutral,DACH,general|communication,adjective|adverb,,,,false,false,,,,,none,langsam sprechen|langsamer fahren,gemächlich|träge,schnell|rasch,,Goethe-Zertifikat A1 Start Deutsch 1 Wortliste,https://www.goethe.de,verified
514,vocabulary,laufen,to move rapidly on foot or go on foot,to run; to walk,Ich möchte nicht Auto fahren ich möchte laufen.,"I do not want to drive, I want to walk.",A1,verb,5,essential,Core physical locomotion verb,curator,2026-03-28,110,neutral,DACH,movement|daily life,verb,,,,false,false,sein,läuft,lief,gelaufen,intransitive; nach + Dativ,zu Fuß laufen|schnell laufen,gehen|rennen|joggen,stehen|fahren,,Goethe-Zertifikat A1 Start Deutsch 1 Wortliste,https://www.goethe.de,verified
515,vocabulary,laut,producing a high volume of sound; noisy,loud; loudly,Nicht so laut! Das Baby schläft.,Not so loud! The baby is sleeping.,A1,adjective,4,very_common,Acoustic property adjective/adverb,curator,2026-03-28,260,neutral,DACH,sensory|general,adjective|adverb,,,,false,false,,,,,none,laut sprechen|laute Musik,geräuschvoll|lärmend,leise|still,,Goethe-Zertifikat A1 Start Deutsch 1 Wortliste,https://www.goethe.de,verified
516,vocabulary,leben,to be alive or reside in a specified location,to live; to reside,Sie lebt bei ihrer Schwester. / Ihre Eltern leben nicht mehr.,She lives with her sister. / Her parents are no longer alive.,A1,verb,5,essential,Fundamental biological and residential verb,curator,2026-03-28,45,neutral,DACH,personal|housing,verb,,,,false,false,haben,lebt,lebte,gelebt,intransitive; in/bei + Dativ,in Berlin leben|lange leben,wohnen|existieren,sterben|tot sein,,Goethe-Zertifikat A1 Start Deutsch 1 Wortliste,https://www.goethe.de,verified
517,vocabulary,Leben,state of organic existence or human experience,life,Das Leben in diesem Land ist teuer.,Life in this country is expensive.,A1,noun,5,essential,Core philosophical and societal noun,curator,2026-03-28,62,neutral,DACH,personal|society,noun,das,,Lebens,false,false,,,,,,none,das tägliche Leben|am Leben sein,Dasein|Existenz,Tod|Sterben,Goethe-Zertifikat A1 Start Deutsch 1 Wortliste,https://www.goethe.de,verified
518,vocabulary,Lebensmittel,substances taken in as food and sustenance,groceries; foodstuffs; food,Lebensmittel bekommen Sie im Supermarkt.,You can get groceries at the supermarket.,A1,noun,4,very_common,Core grocery shopping noun,curator,2026-03-28,410,neutral,DACH,food|shopping,noun|food|gender:plural_only,,Lebensmittel,Lebensmittel,false,false,,,,,,none,Lebensmittel einkaufen|frische Lebensmittel,Nahrungsmittel|Esswaren,,Goethe-Zertifikat A1 Start Deutsch 1 Wortliste,https://www.goethe.de,verified
519,vocabulary,ledig,not married or legally bound in matrimony,single; unmarried,Sind Sie verheiratet? - Nein. Ledig.,Are you married? - No. Single.,A1,adjective,4,very_common,Official marital status adjective,curator,2026-03-28,780,neutral,DACH,identity|official forms,adjective,,,,false,false,,,,,none,Familienstand ledig|ledig sein,unverheiratet|ehelos,verheiratet,,Goethe-Zertifikat A1 Start Deutsch 1 Wortliste,https://www.goethe.de,verified
520,vocabulary,legen,to place or put an object into a horizontal position,to lay; to put; to place,Legen Sie das Buch auf den Tisch.,Put the book on the table.,A1,verb,4,very_common,Core spatial placement action verb,curator,2026-03-28,140,neutral,DACH,daily life|spatial,verb,,,,false,false,haben,legt,legte,gelegt,+ Akkusativ + Direktiv,auf den Tisch legen|sich ins Bett legen,platzieren|hinlegen,stellen|aufstehen,,Goethe-Zertifikat A1 Start Deutsch 1 Wortliste,https://www.goethe.de,verified
521,vocabulary,Lehrer,person whose profession is instructing pupils/students,teacher; instructor,Unsere Deutschlehrerin heißt Frau Müller.,Our (female) German teacher is named Mrs. Müller.,A1,noun,5,essential,Core educational profession noun,curator,2026-03-28,210,neutral,DACH,education|professions,noun|professions,der,Lehrer,Lehrers,false,false,,,,,,none,der Deutschlehrer|die Lehrerin fragen,Lehrkraft|Pädagoge,Schüler,Goethe-Zertifikat A1 Start Deutsch 1 Wortliste,https://www.goethe.de,verified
522,vocabulary,Lehrerin,female teacher or educator,teacher (female),Unsere Deutschlehrerin heißt Frau Müller.,Our German teacher is named Mrs. Müller.,A1,noun,5,essential,Core school education noun,curator,2026-03-28,240,neutral,DACH,education|professions,noun|education,die,Lehrerinnen,Lehrerin,false,false,,,,,,none,die Lehrerin fragen|nette Lehrerin,Pädagogin|Lehrkraft,Lehrer,Goethe-Zertifikat A1 Start Deutsch 1 Wortliste,https://www.goethe.de,verified
523,vocabulary,leicht,having little weight or presenting little difficulty,light (weight); easy,Der Koffer ist leicht. / Deutsch ist nicht leicht.,The suitcase is light. / German is not easy.,A1,adjective,5,essential,Core descriptive physical and mental adjective,curator,2026-03-28,95,neutral,DACH,general|description,adjective,,,,false,false,,,,,none,ganz leicht|leicht fallen|leichter Koffer,einfach|mühelos|gewichtslos,schwer|schwierig,,Goethe-Zertifikat A1 Start Deutsch 1 Wortliste,https://www.goethe.de,verified
524,vocabulary,leider,expressing regret,unfortunately; regrettably,Leider kann ich nicht kommen. Ich muss zum Arzt.,Unfortunately I cannot come. I have to go to the doctor.,A1,adverb,5,essential,Core conversational polite regret adverb,curator,2026-03-28,88,neutral,DACH,communication|social,adverb,,,,false,false,,,,,none,leider nicht|leider wahr|tut mir leid,bedauerlicherweise|unglücklicherweise,glücklicherweise|zum Glück,,Goethe-Zertifikat A1 Start Deutsch 1 Wortliste,https://www.goethe.de,verified
525,vocabulary,leise,making little sound; soft; subdued,quiet; softly; low,Seid leise. Die anderen schlafen schon.,Be quiet. The others are already sleeping.,A1,adjective,4,very_common,Core acoustic volume adjective/adverb,curator,2026-03-28,290,neutral,DACH,sensory|general,adjective|adverb,,,,false,false,,,,,none,leise sprechen|leise sein|bitte leise,still|ruhig|sanft,laut,,Goethe-Zertifikat A1 Start Deutsch 1 Wortliste,https://www.goethe.de,verified
526,vocabulary,Lektüre,material intended for reading or act of reading,reading; reading material,Ich habe gute Lektüre für die Zugfahrt.,I have good reading material for the train ride.,A1,noun,3,common,Books print media and leisure noun,curator,2026-03-28,680,neutral,DACH,media|reading,noun|culture,die,Lektüren,Lektüre,false,false,,,,,,none,spannende Lektüre|Lektüre und Presse,Lesestoff|Buch|Lektüre lesen,,Goethe-Zertifikat A1 Start Deutsch 1 Wortliste,https://www.goethe.de,verified
527,vocabulary,lernen,to gain knowledge or skill through study,to learn; to study,Wie lange lernen Sie schon Deutsch?,How long have you been learning German?,A1,verb,5,essential,Core educational activity verb,curator,2026-03-28,90,neutral,DACH,education|language,verb|education,,,,false,false,haben,lernt,lernte,gelernt,+ Akkusativ; intransitive,Deutsch lernen|für die Schule lernen,studieren|einprägen|büffeln,lehren|vergessen,,Goethe-Zertifikat A1 Start Deutsch 1 Wortliste,https://www.goethe.de,verified
528,vocabulary,lesen,to interpret written words or read printed text,to read,Ich lese ein Buch von García Márquez.,I am reading a book by García Márquez.,A1,verb,5,essential,Fundamental literacy and leisure verb,curator,2026-03-28,82,neutral,DACH,media|education,verb,,,,false,false,haben,liest,las,gelesen,+ Akkusativ; intransitive,Zeitung lesen|ein Buch lesen,schmökern|durchlesen,schreiben,,Goethe-Zertifikat A1 Start Deutsch 1 Wortliste,https://www.goethe.de,verified
529,vocabulary,letzt-,coming after all others in time or order; most recent,last; latest,Morgen ist der letzte Kurstag.,Tomorrow is the last day of the course.,A1,adjective,5,essential,Core ordinal and temporal sequence adjective,curator,2026-03-28,42,neutral,DACH,time|general,adjective,,,,false,false,,,,,none,letzte Woche|letztes Jahr|zum letzten Mal,vergangen|final|allerletzte,erst-,,Goethe-Zertifikat A1 Start Deutsch 1 Wortliste,https://www.goethe.de,verified
530,vocabulary,Leute,human beings in general or plural persons,people,In der Disko sind viele Leute.,There are many people in the disco.,A1,noun,5,essential,Everyday collective social noun,curator,2026-03-28,78,neutral,DACH,social|society,noun|people|gender:plural_only,,Leute,Leute,false,false,,,,,,none,viele Leute|nette Leute|junge Leute,Menschen|Personen,,Goethe-Zertifikat A1 Start Deutsch 1 Wortliste,https://www.goethe.de,verified
531,vocabulary,Licht,natural or artificial illumination that stimulates sight,light,Wo macht man hier das Licht an?,Where do you turn on the light here?,A1,noun,5,essential,Core physical and household noun,curator,2026-03-28,140,neutral,DACH,household|general,noun,das,Lichter,Lichtes,false,false,,,,,,none,das Licht anmachen|das Licht ausmachen,Beleuchtung|Helligkeit,Dunkelheit|Finsternis,Goethe-Zertifikat A1 Start Deutsch 1 Wortliste,https://www.goethe.de,verified
532,vocabulary,lieb-,dear or beloved; epistolary salutation,dear,"Liebe Susanne, lieber Hans,","Dear Susanne, dear Hans,",A1,adjective,5,essential,Core salutation and emotional adjective,curator,2026-03-28,68,neutral,DACH,communication|feelings,adjective,,,,false,false,,,,,none,liebe Grüße|lieber Freund,geschätzt|teuer|herzlich,böse|gehasst,,Goethe-Zertifikat A1 Start Deutsch 1 Wortliste,https://www.goethe.de,verified
533,vocabulary,lieben,to feel deep affection or romantic love for someone,to love,Ich liebe dich!,I love you!,A1,verb,5,essential,Core emotion verb,curator,2026-03-28,110,neutral,DACH,feelings|personal,verb,,,,false,false,haben,liebt,liebte,geliebt,+ Akkusativ,von Herzen lieben|jemanden lieben,verehren|gernhaben,hassen,,Goethe-Zertifikat A1 Start Deutsch 1 Wortliste,https://www.goethe.de,verified
534,vocabulary,lieber,expressing preference; rather,rather; preferably,Sie fährt lieber mit der Bahn.,She prefers traveling by train.,A1,adverb,5,essential,Comparative preference adverb,curator,2026-03-28,72,neutral,DACH,general|preference,adverb,,,,false,false,,,,,none,lieber wollen|lieber machen|ich möchte lieber,eher|vorzugsweise,ungern,,Goethe-Zertifikat A1 Start Deutsch 1 Wortliste,https://www.goethe.de,verified
535,vocabulary,Lieblings-,element forming compound nouns denoting favourite,favorite,Mein Lieblingsfilm ist Schwarze Augen.,My favorite movie is 'Black Eyes'.,A1,prefix,4,very_common,Personal preference compound prefix,curator,2026-03-28,340,neutral,DACH,general|personal,prefix,,,,false,false,,,,,none,Lieblingsessen|Lieblingsfarbe|Lieblingslied,bevorzugt|favorisiert,,,Goethe-Zertifikat A1 Start Deutsch 1 Wortliste,https://www.goethe.de,verified
536,vocabulary,Lied,short musical composition with words,song,Welches ist dein Lieblingslied?,Which one is your favorite song?,A1,noun,4,very_common,Music and arts noun,curator,2026-03-28,290,neutral,DACH,leisure|music,noun|culture,das,Lieder,Liedes,false,false,,,,,,none,ein Lied singen|ein schönes Lied,Song|Musikstück|Gesang,,Goethe-Zertifikat A1 Start Deutsch 1 Wortliste,https://www.goethe.de,verified
537,vocabulary,liegen,to rest in a horizontal position; to be situated,to lie; to be situated,Um neun Uhr liegt Judith noch im Bett. / Frankfurt liegt am Main.,At nine o'clock Judith is still lying in bed. / Frankfurt is situated on the Main.,A1,verb,5,essential,Fundamental stative locative verb,curator,2026-03-28,48,neutral,DACH,spatial|geography,verb,,,,false,false,haben,liegt,lag,gelegen,intransitive; in/an/auf + Dativ,im Bett liegen|am Fluss liegen,sich befinden|ruhen,stehen|aufstehen,,Goethe-Zertifikat A1 Start Deutsch 1 Wortliste,https://www.goethe.de,verified
538,vocabulary,links,on or towards the left-hand side,left; on the left,Gehen Sie die nächste Straße links.,Take the next street on the left.,A1,adverb,5,essential,Core spatial direction adverb,curator,2026-03-28,140,neutral,DACH,spatial|directions,adverb|directions,,,,false,false,,,,,none,nach links abbiegen|auf der linken Seite,linker Hand,rechts,,Goethe-Zertifikat A1 Start Deutsch 1 Wortliste,https://www.goethe.de,verified
539,vocabulary,Liter,metric unit of liquid capacity,liter,Ich trinke zwei Liter Wasser am Tag.,I drink two liters of water a day.,A1,noun,4,very_common,Core culinary and liquid measurement noun,curator,2026-03-28,340,neutral,DACH,food|measurements,noun|measurements,der,Liter,Liters,false,false,,,,,,none,ein Liter Milch|Liter Wasser,Hohlmaß,,Goethe-Zertifikat A1 Start Deutsch 1 Wortliste,https://www.goethe.de,verified
540,vocabulary,Lkw,heavy commercial motor vehicle for cargo transport,truck; lorry,Dieser Lastkraftwagen ist sehr groß.,This truck is very large.,A1,noun,4,very_common,Road freight vehicle noun,curator,2026-03-28,520,neutral,DACH,travel|transport,noun|transport,der,Lkws,Lkw,false,false,,,,,,none,Lkw fahren|Lastkraftwagen,Lastwagen|Truck,Pkw,Goethe-Zertifikat A1 Start Deutsch 1 Wortliste,https://www.goethe.de,verified
541,vocabulary,Lokal,public venue serving food and drink; restaurant/bar,restaurant; pub; bar,In unserer Straße gibt es ein neues Lokal.,There is a new restaurant/pub on our street.,A1,noun,4,very_common,Hospitality and dining venue noun,curator,2026-03-28,390,neutral,DACH,dining|leisure,noun|dining,das,Lokale,Lokals,false,false,,,,,,none,ins Lokal gehen|gemütliches Lokal,Gaststätte|Restaurant|Kneipe,,Goethe-Zertifikat A1 Start Deutsch 1 Wortliste,https://www.goethe.de,verified
542,vocabulary,Lösung,answer to a problem or correct test result,solution; answer,Die Lösung ist ganz einfach.,The solution is quite simple.,A1,noun,4,very_common,Exam and problem-solving noun,curator,2026-03-28,240,neutral,DACH,exam|education,noun|exam,die,Lösungen,Lösung,false,false,,,,,,none,die richtige Lösung|Lösung finden,Antwort|Resultat|Aufklärung,Problem|Rätsel,Goethe-Zertifikat A1 Start Deutsch 1 Wortliste,https://www.goethe.de,verified
543,vocabulary,lustig,humorous amusing or cheerful,funny; cheerful; amusing,Frau Mertens ist lustig. Sie lacht immer.,Mrs. Mertens is cheerful. She always laughs.,A1,adjective,4,very_common,Character and humor adjective,curator,2026-03-28,290,neutral,DACH,description|feelings,adjective,,,,false,false,,,,,none,lustig sein|ein lustiger Mensch,witzig|fröhlich|heiter,traurig|ernst,,Goethe-Zertifikat A1 Start Deutsch 1 Wortliste,https://www.goethe.de,verified
544,vocabulary,machen,to perform an activity create produce or cost,to do; to make; to cost,Was machst du heute Abend? / Ich muss jetzt das Essen machen. / Das macht 5 Euro 95. / Das macht nichts.,What are you doing tonight? / I have to make dinner now. / That comes to 5 euros 95. / That doesn't matter.,A1,verb,5,essential,Top-tier general activity and pricing verb,curator,2026-03-28,10,neutral,DACH,general|daily life,verb,,,,false,false,haben,macht,machte,gemacht,+ Akkusativ; intransitive,das macht nichts|Urlaub machen|sauber machen,tun|herstellen|betragen,unterlassen,,Goethe-Zertifikat A1 Start Deutsch 1 Wortliste,https://www.goethe.de,verified
545,vocabulary,Mädchen,female child or adolescent,girl,Familie Kurz bekommt ein Baby. - Junge oder Mädchen?,The Kurz family is having a baby. - Boy or girl?,A1,noun,5,essential,Core demographic child noun,curator,2026-03-28,140,neutral,DACH,family|personal,noun|people,das,Mädchen,Mädchens,false,false,,,,,,none,ein kleines Mädchen|Mädchen und Jungen,Mädel|Tochter,Junge,Goethe-Zertifikat A1 Start Deutsch 1 Wortliste,https://www.goethe.de,verified
546,vocabulary,Mahlzeit,occasion when food is eaten,meal; greeting (at lunchtime),Wir kochen eine warme Mahlzeit.,We cook a warm meal.,A1,noun,4,very_common,Core dining food and lunchtime greeting noun,curator,2026-03-28,420,neutral,DACH,food|dining,noun|food,die,Mahlzeiten,Mahlzeit,false,false,,,,,,none,Mahlzeit!|warme Mahlzeit am Tag,Essen|Speise|Gericht,,Goethe-Zertifikat A1 Start Deutsch 1 Wortliste,https://www.goethe.de,verified
547,vocabulary,Mai,fifth month of the calendar year,May,Der Kurs beginnt im Mai.,The course begins in May.,A1,noun,4,very_common,Core calendar month noun,curator,2026-03-28,230,neutral,DACH,time|calendar,noun|calendar,der,Maie,Mais,false,false,,,,,,none,im Mai|erster Mai,Wonnemonat,,Goethe-Zertifikat A1 Start Deutsch 1 Wortliste,https://www.goethe.de,verified
548,vocabulary,Mainz,capital city of Rhineland-Palatinate on the Rhine,Mainz,Ich studiere in Mainz.,I study in Mainz.,A1,noun,4,very_common,German state capital proper noun,curator,2026-03-28,310,neutral,DACH,geography|travel,noun|places,das,,Mainz,false,false,,,,,,none,in Mainz studieren|von Mainz nach Frankfurt,Landeshauptstadt Rheinland-Pfalz,,Goethe-Zertifikat A1 Start Deutsch 1 Wortliste,https://www.goethe.de,verified
549,vocabulary,man,impersonal indefinite pronoun referring to people in general,one; you; people,Hier darf man nicht rauchen.,One is not allowed to smoke here.,A1,pronoun,5,essential,Fundamental impersonal pronoun,curator,2026-03-28,20,neutral,DACH,general|rules,pronoun|indefinite,,,,false,false,,,,,none,man kann|man muss|darf man das,jemand|jedermann,,,Goethe-Zertifikat A1 Start Deutsch 1 Wortliste,https://www.goethe.de,verified
550,vocabulary,Mann,adult male human being or husband,man; husband,Mein Mann arbeitet bei der Polizei.,My husband works for the police.,A1,noun,5,essential,Core demographic and family noun,curator,2026-03-28,28,neutral,DACH,family|identity,noun|people,der,Männer,Mannes,false,false,,,,,,none,mein Mann|junger Mann,Ehemann|Herr,Frau,Goethe-Zertifikat A1 Start Deutsch 1 Wortliste,https://www.goethe.de,verified
551,vocabulary,männlich,of or relating to the male gender/sex,male,Kreuzen Sie bitte an: weiblich oder männlich.,Please check: female or male.,A1,adjective,4,very_common,Official form demographic adjective,curator,2026-03-28,490,neutral,DACH,identity|official forms,adjective,,,,false,false,,,,,none,männliches Geschlecht|männlich ankreuzen,maskulin,weiblich,,Goethe-Zertifikat A1 Start Deutsch 1 Wortliste,https://www.goethe.de,verified
552,vocabulary,März,third month of the calendar year,March,Heute ist der 1. März.,Today is the 1st of March.,A1,noun,4,very_common,Core calendar month noun,curator,2026-03-28,245,neutral,DACH,time|calendar,noun|calendar,der,Märze,März,false,false,,,,,,none,am ersten März|Anfang März,Frühlingsmonat,,Goethe-Zertifikat A1 Start Deutsch 1 Wortliste,https://www.goethe.de,verified
553,vocabulary,Maschine,mechanical device with moving parts that does work,machine,Die Waschmaschine ist günstig.,The washing machine is inexpensive.,A1,noun,4,very_common,Core technical and household appliance noun,curator,2026-03-28,260,neutral,DACH,technology|household,noun|tech,die,Maschinen,Maschine,false,false,,,,,,none,die Maschine läuft|Waschmaschine,Apparat|Automat|Gerät,,Goethe-Zertifikat A1 Start Deutsch 1 Wortliste,https://www.goethe.de,verified
554,vocabulary,Meer,vast body of salt water covering much of the earth,sea; ocean,Wir machen Urlaub am Meer.,We take our vacation at the sea.,A1,noun,5,essential,Core geographical nature and holiday noun,curator,2026-03-28,190,neutral,DACH,travel|nature,noun|geography,das,Meere,Meeres,false,false,,,,,,none,am Meer liegen|ans Meer fahren,Ozean|See,Land,Goethe-Zertifikat A1 Start Deutsch 1 Wortliste,https://www.goethe.de,verified
555,vocabulary,mehr,greater in quantity size or amount (comparative of viel),more,Dieses Auto kostet 1.000 Euro mehr als das andere.,"This car costs 1,000 euros more than the other one.",A1,adverb,5,essential,Core comparative quantifier,curator,2026-03-28,28,neutral,DACH,general|shopping,pronoun|adverb,,,,false,false,,,,,none,nicht mehr|immer mehr|viel mehr,weitere|zusätzlich,weniger,,Goethe-Zertifikat A1 Start Deutsch 1 Wortliste,https://www.goethe.de,verified
556,vocabulary,mein-,belonging to or associated with the speaker (1st person),my; mine,Mein Vater ist Arzt.,My father is a doctor.,A1,pronoun,5,essential,Core 1st-person possessive determiner/pronoun,curator,2026-03-28,15,neutral,DACH,personal,pronoun|possessive,,,,false,false,,,,,none,mein Name|meine Frau|mein Kind,meinige,dein-,,Goethe-Zertifikat A1 Start Deutsch 1 Wortliste,https://www.goethe.de,verified
557,vocabulary,meist-,greatest in amount or number (superlative of viel),most; mostly,Die meisten Norddeutschen sind sehr groß.,Most Northern Germans are very tall.,A1,adjective,5,essential,Core superlative quantifier/determiner,curator,2026-03-28,68,neutral,DACH,general,pronoun|adjective,,,,false,false,,,,,none,die meisten Menschen|meistens zu Hause,überwiegend|größte Zahl,wenigst-,,Goethe-Zertifikat A1 Start Deutsch 1 Wortliste,https://www.goethe.de,verified
558,vocabulary,Mensch,individual member of the species Homo sapiens; person,human being; person,Die Menschen sind hier anders als bei uns.,The people here are different from those where we live.,A1,noun,5,essential,Core sociological and personal noun,curator,2026-03-28,30,neutral,DACH,society|personal,noun|people,der,Menschen,Menschen,false,false,,,,,,none,jeder Mensch|viele Menschen,Person|Individuum|Leute,,Goethe-Zertifikat A1 Start Deutsch 1 Wortliste,https://www.goethe.de,verified
559,vocabulary,Meter,fundamental metric unit of length,meter,Der Tisch ist ein Meter breit.,The table is one meter wide.,A1,noun,5,essential,Core metric length noun,curator,2026-03-28,140,neutral,DACH,measurements|housing,noun|measurements,der,Meter,Meters,false,false,,,,,,none,ein Meter fünfzehn|zwei Meter lang,Längenmaß,,Goethe-Zertifikat A1 Start Deutsch 1 Wortliste,https://www.goethe.de,verified
560,vocabulary,Mexikaner,male native or citizen of Mexico,Mexican (male),Er ist Mexikaner.,He is a Mexican.,A1,noun,3,common,Nationality demographic noun,curator,2026-03-28,880,neutral,DACH,identity|countries,noun|people,der,Mexikaner,Mexikaners,false,false,,,,,,none,der Mexikaner|mexikanischer Staatsbürger,Bürger Mexikos,,Goethe-Zertifikat A1 Start Deutsch 1 Wortliste,https://www.goethe.de,verified
561,vocabulary,Mexikanerin,female native or citizen of Mexico,Mexican (female),Sie ist Mexikanerin.,She is a Mexican woman.,A1,noun,3,common,Nationality demographic noun,curator,2026-03-28,1050,neutral,DACH,identity|countries,noun|people,die,Mexikanerinnen,Mexikanerin,false,false,,,,,,none,die Mexikanerin|mexikanische Gastfreundschaft,Bürgerin Mexikos,,Goethe-Zertifikat A1 Start Deutsch 1 Wortliste,https://www.goethe.de,verified
562,vocabulary,mexikanisch,of or relating to Mexico or its culture,Mexican,Ich esse gern mexikanisch.,I like eating Mexican food.,A1,adjective,3,common,National origin and cuisine adjective,curator,2026-03-28,720,neutral,DACH,food|identity,adjective,,,,false,false,,,,,none,mexikanisches Restaurant|mexikanisches Essen,mittelamerikanisch,,,Goethe-Zertifikat A1 Start Deutsch 1 Wortliste,https://www.goethe.de,verified
563,vocabulary,Mexiko,country in southern North America,Mexico,Meine Schwester fliegt nach Mexiko.,My sister is flying to Mexico.,A1,noun,3,common,Country name vocabulary,curator,2026-03-28,620,neutral,DACH,geography|countries,noun|geography,das,,Mexikos,false,false,,,,,,none,nach Mexiko reisen|aus Mexiko stammen,Vereinigte Mexikanische Staaten,,Goethe-Zertifikat A1 Start Deutsch 1 Wortliste,https://www.goethe.de,verified
564,vocabulary,Miete,regular periodic payment made for renting property,rent,Die Miete für diese Wohnung ist 600 Euro.,The rent for this apartment is 600 euros.,A1,noun,4,very_common,Housing finances noun,curator,2026-03-28,420,neutral,DACH,housing|finances,noun|housing,die,Mieten,Miete,false,false,,,,,,none,die Miete bezahlen|Miete inklusive Nebenkosten,Mietzins|Pacht,,Goethe-Zertifikat A1 Start Deutsch 1 Wortliste,https://www.goethe.de,verified
565,vocabulary,mieten,to pay for the temporary use of property or a car,to rent; to hire,Ich möchte ein Auto mieten.,I would like to rent a car.,A1,verb,4,very_common,Housing and vehicle rental verb,curator,2026-03-28,380,neutral,DACH,housing|travel,verb,,,,false,false,haben,mietet,mietete,gemietet,+ Akkusativ,eine Wohnung mieten|ein Auto mieten,anmieten|leihen,vermieten,,Goethe-Zertifikat A1 Start Deutsch 1 Wortliste,https://www.goethe.de,verified
566,vocabulary,Mietverhältnis,legal contractual relationship between landlord and tenant,tenancy; rental agreement,Das Mietverhältnis beginnt am ersten Mai.,The tenancy begins on the first of May.,A1,noun,3,common,Housing contract and legal tenancy noun,curator,2026-03-28,890,neutral,DACH,housing|official forms,noun|housing,das,Mietverhältnisse,Mietverhältnisses,false,false,,,,,,none,ein Mietverhältnis kündigen|bestehendes Mietverhältnis,Mietvertrag|Pachtverhältnis,,Goethe-Zertifikat A1 Start Deutsch 1 Wortliste,https://www.goethe.de,verified
567,vocabulary,Milch,white nutritious liquid produced by female mammals/cows,milk,Die Milch steht im Kühlschrank. / Trinken Sie den Kaffee mit Milch?,The milk is in the fridge. / Do you drink coffee with milk?,A1,noun,4,very_common,Core grocery and food noun,curator,2026-03-28,340,neutral,DACH,food|shopping,noun|food,die,,Milch,false,false,,,,,,none,Kaffee mit Milch|ein Glas Milch,Kuhmilch,,Goethe-Zertifikat A1 Start Deutsch 1 Wortliste,https://www.goethe.de,verified
568,vocabulary,Milliarde,number equal to one thousand millions,billion,Eine Milliarde Euro sind viel Geld.,One billion euros is a lot of money.,A1,noun,3,common,Large economic number noun,curator,2026-03-28,240,neutral,DACH,numbers|general,noun|numbers,die,Milliarden,Milliarde,false,false,,,,,,none,eine Milliarde Menschen|Milliardenbetrag,Tausend Millionen,,Goethe-Zertifikat A1 Start Deutsch 1 Wortliste,https://www.goethe.de,verified
569,vocabulary,Million,cardinal number equal to one thousand thousands,million,In dieser Stadt leben über eine Million Menschen.,Over one million people live in this city.,A1,noun,4,very_common,Large demographic number noun,curator,2026-03-28,110,neutral,DACH,numbers|general,noun|numbers,die,Millionen,Million,false,false,,,,,,none,eine Million Euro|zwei Millionen Einwohner,Tausend mal Tausend,,Goethe-Zertifikat A1 Start Deutsch 1 Wortliste,https://www.goethe.de,verified
570,vocabulary,minus,mathematical subtraction or temperature below zero,minus; below zero,Ein Grad unter Null / minus ein Grad.,One degree below zero / minus one degree.,A1,preposition,4,very_common,Temperature and mathematical operator,curator,2026-03-28,340,neutral,DACH,weather|numbers,preposition,,,,false,false,,,,,none,minus ein Grad|minus fünf Grad,unter Null|weniger,plus,,Goethe-Zertifikat A1 Start Deutsch 1 Wortliste,https://www.goethe.de,verified
571,vocabulary,Minute,unit of time equal to sixty seconds,minute,Wir warten noch fünf Minuten.,We will wait another five minutes.,A1,noun,5,essential,Core temporal measurement noun,curator,2026-03-28,78,neutral,DACH,time|measurements,noun|time,die,Minuten,Minute,false,false,,,,,,none,in fünf Minuten|zehn Minuten zu spät,Momentchen,,Goethe-Zertifikat A1 Start Deutsch 1 Wortliste,https://www.goethe.de,verified
572,vocabulary,mit,accompanied by or using an instrument/addition,with; by,Trinken Sie den Kaffee mit Milch?,Do you drink coffee with milk?,A1,preposition,5,essential,Fundamental accompaniment and instrumental preposition,curator,2026-03-28,7,neutral,DACH,general,preposition,,,,false,false,,,,,+ Dativ,mit dem Bus|mit Freunden|Kaffee mit Milch,zusammen mit|mittels,ohne,,Goethe-Zertifikat A1 Start Deutsch 1 Wortliste,https://www.goethe.de,verified
573,vocabulary,mitbringen,to bring someone or something along to a place,to bring along,Ich gehe einkaufen. Soll ich dir was mitbringen?,I am going shopping. Should I bring you something along?,A1,verb,4,very_common,Everyday social and hospitality verb,curator,2026-03-28,290,neutral,DACH,social|shopping,verb,,,,false,true,haben,bringt mit,brachte mit,mitgebracht,+ Dativ + Akkusativ; + Akkusativ,etwas mitbringen|Freunde mitbringen,beisteuern|herbringen,beisteuern|herbeibringen,,Goethe-Zertifikat A1 Start Deutsch 1 Wortliste,https://www.goethe.de,verified
574,vocabulary,mitkommen,to accompany or go somewhere together with others,to come along,Ich gehe ins Kino. Kommst du mit?,I am going to the cinema. Are you coming along?,A1,verb,4,very_common,Core social leisure invitation verb,curator,2026-03-28,310,neutral,DACH,social|leisure,verb,,,,false,true,sein,kommt mit,kam mit,mitgekommen,intransitive; mit + Dativ,ins Schwimmbad mitkommen|darf ich mitkommen,begleiten|mitgehen,dableiben|fernbleiben,,Goethe-Zertifikat A1 Start Deutsch 1 Wortliste,https://www.goethe.de,verified
575,vocabulary,mitmachen,to take part or participate in an activity/game,to participate; to join in,Warum macht ihr nicht mit?,Why aren't you joining in?,A1,verb,4,very_common,Social and educational participation verb,curator,2026-03-28,360,neutral,DACH,social|education,verb,,,,false,true,haben,macht mit,machte mit,mitgemacht,intransitive; bei + Dativ,beim Spiel mitmachen|gerne mitmachen,teilnehmen|sich beteiligen,aussteigen|verweigern,,Goethe-Zertifikat A1 Start Deutsch 1 Wortliste,https://www.goethe.de,verified
576,vocabulary,mitnehmen,to take an object or person along when departing,to take along; to carry along,Nehmen wir meine Schwester ins Kino mit?,Shall we take my sister along to the cinema?,A1,verb,4,very_common,Travel and transit transport verb,curator,2026-03-28,260,neutral,DACH,travel|daily life,verb,,,,false,true,haben,nimmt mit,nahm mit,mitgenommen,+ Akkusativ,den Koffer mitnehmen|jemanden mitnehmen,einpacken|befördern,dalassen|zurücklassen,,Goethe-Zertifikat A1 Start Deutsch 1 Wortliste,https://www.goethe.de,verified
577,vocabulary,Mittag,twelve o'clock in the daytime or midday,noon; midday,Von 12.00 bis 12.30 Uhr ist Mittag.,From 12:00 to 12:30 is midday.,A1,noun,4,very_common,Core daytime and lunch schedule noun,curator,2026-03-28,240,neutral,DACH,time|calendar,noun|time,der,,Mittags,false,false,,,,,,none,am Mittag|zu Mittag essen|Mittagszeit,Mittagsstunde|zwölf Uhr,Mitternacht,Goethe-Zertifikat A1 Start Deutsch 1 Wortliste,https://www.goethe.de,verified
578,vocabulary,Mittagspause,intermission at midday for taking lunch and resting,lunch break,Von 12.00 bis 12.30 Uhr haben wir Mittagspause.,From 12:00 to 12:30 we have a lunch break.,A1,noun,4,very_common,Work and school schedule noun,curator,2026-03-28,450,neutral,DACH,work|education,noun|time,die,Mittagspausen,Mittagspause,false,false,,,,,,none,in die Mittagspause gehen|Mittagspause machen,Mittagsrast|Essenspause,,Goethe-Zertifikat A1 Start Deutsch 1 Wortliste,https://www.goethe.de,verified
579,vocabulary,Mitte,point or part equidistant from borders or extremities,middle; center,Der Lehrer steht in der Mitte des Klassenzimmers.,The teacher stands in the middle of the classroom.,A1,noun,4,very_common,Core spatial and temporal center noun,curator,2026-03-28,210,neutral,DACH,spatial|orientation,noun,die,Mitten,Mitte,false,false,,,,,,none,in der Mitte|Mitte des Monats,Zentrum|Mittelpunkt,Rand|Ecke,Goethe-Zertifikat A1 Start Deutsch 1 Wortliste,https://www.goethe.de,verified
580,vocabulary,Mittwoch,third day of the week,Wednesday,Der Test findet am Mittwoch statt.,The test takes place on Wednesday.,A1,noun,5,essential,Core calendar weekday noun,curator,2026-03-28,175,neutral,DACH,time|calendar,noun|calendar,der,Mittwoche,Mittwochs,false,false,,,,,,none,am Mittwoch|jeden Mittwoch,Wochenmitte,,Goethe-Zertifikat A1 Start Deutsch 1 Wortliste,https://www.goethe.de,verified
581,vocabulary,Möbel,movable articles in a home or room for living,furniture,Sind die Möbel neu?,Is the furniture new?,A1,noun,4,very_common,Housing furnishing noun,curator,2026-03-28,420,neutral,DACH,housing|furniture,noun|housing|gender:plural_only,,Möbel,Möbel,false,false,,,,,,none,Möbel kaufen|neue Möbel für die Wohnung,Einrichtung|Mobiliar,,Goethe-Zertifikat A1 Start Deutsch 1 Wortliste,https://www.goethe.de,verified
582,vocabulary,möchten,polite expression of desire or request,would like to,Was möchten Sie trinken?,What would you like to drink?,A1,verb,5,essential,Core politeness and desire modal,curator,2026-03-28,35,neutral,DACH,politeness|dining,verb|modal,,,,false,false,haben,möchte,mochte,gemocht,+ Infinitiv; + Akkusativ,ich möchte bestellen|was möchten Sie,wünschen|gern haben,wünschen|wollen,,Goethe-Zertifikat A1 Start Deutsch 1 Wortliste,https://www.goethe.de,verified
583,vocabulary,mögen,to find pleasant or take a liking to,to like,Magst du Kaffee oder Tee?,Do you like coffee or tea?,A1,verb,5,essential,Core preference and taste verb,curator,2026-03-28,48,neutral,DACH,feelings|food,verb|modal,,,,false,false,haben,mag,mochte,gemocht,+ Akkusativ,gern mögen|keinen Fisch mögen,gut finden|gernhaben,hassen|ablehnen,,Goethe-Zertifikat A1 Start Deutsch 1 Wortliste,https://www.goethe.de,verified
584,vocabulary,möglich,capable of being done or happening; feasible,possible,Mit dieser Fahrkarte ist die Fahrt ab 9 Uhr möglich.,"With this ticket, travel is possible from 9 o'clock.",A1,adjective,5,essential,Core modal and situational adjective,curator,2026-03-28,78,neutral,DACH,general,adjective,,,,false,false,,,,,none,wenn möglich|so schnell wie möglich|möglich sein,machbar|denkbar,unmöglich,,Goethe-Zertifikat A1 Start Deutsch 1 Wortliste,https://www.goethe.de,verified
585,vocabulary,Moment,very brief period of time; instant,moment,Moment mal bitte! / Einen Moment bitte.,"Just a moment, please! / One moment, please.",A1,noun,5,essential,Temporal and conversational waiting noun,curator,2026-03-28,95,neutral,DACH,time|communication,noun|time,der,Momente,Moments,false,false,,,,,,none,einen Moment bitte|im Moment|Moment mal,Augenblick|Sekunde,,Goethe-Zertifikat A1 Start Deutsch 1 Wortliste,https://www.goethe.de,verified
586,vocabulary,Montag,first day of the standard working week,Monday,Am nächsten Montag geht es leider nicht.,Next Monday unfortunately doesn't work.,A1,noun,5,essential,Core calendar weekday noun,curator,2026-03-28,160,neutral,DACH,time|calendar,noun|calendar,der,Montage,Montags,false,false,,,,,,none,am Montag|jeden Montag|bis Montag,Wochenanfang,,Goethe-Zertifikat A1 Start Deutsch 1 Wortliste,https://www.goethe.de,verified
587,vocabulary,morgen,on the day following today,tomorrow,Morgen beginnt die Schule um 10 Uhr.,Tomorrow school starts at 10 o'clock.,A1,adverb,5,essential,Fundamental temporal day adverb,curator,2026-03-28,48,neutral,DACH,time|calendar,adverb|time,,,,false,false,,,,,none,morgen früh|bis morgen|morgen Abend,am folgenden Tag,gestern|heute,,Goethe-Zertifikat A1 Start Deutsch 1 Wortliste,https://www.goethe.de,verified
588,vocabulary,Morgen,early part of the day between dawn and noon,morning,Guten Morgen!,Good morning!,A1,noun,5,essential,Core daytime greeting and temporal noun,curator,2026-03-28,68,neutral,DACH,time|calendar,noun|time,der,Morgen,Morgens,false,false,,,,,,none,am Morgen|guten Morgen|morgen früh,Frühe|Vormittag,Abend,Goethe-Zertifikat A1 Start Deutsch 1 Wortliste,https://www.goethe.de,verified
589,vocabulary,müde,feeling the need to sleep or rest; fatigued,tired; exhausted,Ich bin müde. Ich gehe schlafen.,I am tired. I am going to sleep.,A1,adjective,4,very_common,Core physical health condition adjective,curator,2026-03-28,260,neutral,DACH,health|feelings,adjective,,,,false,false,,,,,none,müde sein|müde werden,erschöpft|schläfrig,munter|wach,,Goethe-Zertifikat A1 Start Deutsch 1 Wortliste,https://www.goethe.de,verified
590,vocabulary,München,capital city of Bavaria in southern Germany,Munich,Fährst du auch nach München?,Are you also traveling to Munich?,A1,noun,5,essential,Major German city proper noun,curator,2026-03-28,68,neutral,DACH,geography|travel,noun|places,das,,Münchens,false,false,,,,,,none,nach München fliegen|Vorwahl von München,bayerische Landeshauptstadt,,Goethe-Zertifikat A1 Start Deutsch 1 Wortliste,https://www.goethe.de,verified
591,vocabulary,Mund,opening in the face through which food is taken and speech produced,mouth,Öffnen Sie den Mund.,Open your mouth.,A1,noun,4,very_common,Core anatomical and medical examination noun,curator,2026-03-28,240,neutral,DACH,body|health,noun|body,der,Münder,Mundes,false,false,,,,,,none,den Mund aufmachen|Mund halten,Maul|Schnute,,Goethe-Zertifikat A1 Start Deutsch 1 Wortliste,https://www.goethe.de,verified
592,vocabulary,müssen,modal verb expressing necessity obligation or duty,must; to have to,Ich muss jeden Tag von 8 Uhr bis 18 Uhr arbeiten.,I have to work every day from 8 to 18 o'clock.,A1,verb,5,essential,Top-frequency modal verb of obligation,curator,2026-03-28,15,neutral,DACH,grammar|modal,verb|modal,,,,false,false,haben,muss,musste,gemusst,+ Infinitiv,ich muss gehen|das muss sein,verpflichtet sein|sollen,dürfen|können,,Goethe-Zertifikat A1 Start Deutsch 1 Wortliste,https://www.goethe.de,verified
593,vocabulary,Mutter,female parent of a human child,mother,Frau Berghäuser ist die Mutter von Michaela.,Mrs. Berghäuser is Michaela's mother.,A1,noun,5,essential,Fundamental family relation noun,curator,2026-03-28,42,neutral,DACH,family|personal,noun|family,die,Mütter,Mutter,false,false,,,,,,none,meine Mutter|Mutter und Vater,Mama|Erzeugerin,Vater,Goethe-Zertifikat A1 Start Deutsch 1 Wortliste,https://www.goethe.de,verified
594,vocabulary,nach,in the direction of a place; later in time,to; towards; after,Ich gehe jetzt nach Hause. / Ich fliege nach München. / Es ist schon 5 nach 12.,I am going home now. / I am flying to Munich. / It is already 5 past 12.,A1,preposition,5,essential,Fundamental spatial direction and temporal preposition,curator,2026-03-28,11,neutral,DACH,spatial|temporal,preposition,,,,false,false,,,,,+ Dativ,nach Hause|nach dem Essen|fünf nach zwölf,in Richtung|folgend auf,vor,,Goethe-Zertifikat A1 Start Deutsch 1 Wortliste,https://www.goethe.de,verified
595,vocabulary,Nachmittag,time between noon and evening,afternoon,Am Nachmittag gehe ich einkaufen.,In the afternoon I go shopping.,A1,noun,5,essential,Core daytime schedule noun,curator,2026-03-28,180,neutral,DACH,time|calendar,noun|time,der,Nachmittage,Nachmittags,false,false,,,,,,none,am Nachmittag|heute Nachmittag,später Tag,Vormittag,Goethe-Zertifikat A1 Start Deutsch 1 Wortliste,https://www.goethe.de,verified
596,vocabulary,nächst-,coming immediately after the present in order or time,next,Sehen wir uns nächste Woche?,Will we see each other next week?,A1,adjective,5,essential,Core temporal and sequential adjective,curator,2026-03-28,48,neutral,DACH,time|general,adjective,,,,false,false,,,,,none,nächste Woche|nächstes Mal|nächste Haltestelle,kommend|folgend,letzt-,,Goethe-Zertifikat A1 Start Deutsch 1 Wortliste,https://www.goethe.de,verified
597,vocabulary,Nacht,period of darkness between sunset and sunrise,night,Heute Nacht war das Licht an.,Last night the light was on.,A1,noun,5,essential,Core nocturnal temporal noun,curator,2026-03-28,75,neutral,DACH,time|calendar,noun|time,die,Nächte,Nacht,false,false,,,,,,none,gute Nacht|in der Nacht|heute Nacht,Dunkelheit|Nachtzeit,Tag,Goethe-Zertifikat A1 Start Deutsch 1 Wortliste,https://www.goethe.de,verified
598,vocabulary,Nahrungsmittel,substances that provide nutritional nourishment; groceries,foodstuff; groceries; food,Nahrungsmittel kaufe ich im Supermarkt.,I buy groceries at the supermarket.,A1,noun,4,very_common,Core nutrition and shopping noun,curator,2026-03-28,420,neutral,DACH,food|shopping,noun|food,das,Nahrungsmittel,Nahrungsmittels,false,false,,,,,,none,gesunde Nahrungsmittel|Nahrungsmittel einkaufen,Lebensmittel|Speise|Nahrung,,Goethe-Zertifikat A1 Start Deutsch 1 Wortliste,https://www.goethe.de,verified
599,vocabulary,Name,word by which a person place or thing is known,name,Mein Name ist Thomas Schmidt. / Mein Vorname ist Thomas; Schmidt ist der Familienname.,My name is Thomas Schmidt. / My first name is Thomas; Schmidt is the family name.,A1,noun,5,essential,Core identity and introduction noun,curator,2026-03-28,82,neutral,DACH,identity|communication,noun|identity,der,Namen,Namens,false,false,,,,,,none,wie ist Ihr Name|Name und Vorname,Bezeichnung|Benennung,,Goethe-Zertifikat A1 Start Deutsch 1 Wortliste,https://www.goethe.de,verified
600,vocabulary,Nationalität,status of belonging to a particular nation or ethnic group,nationality,Meine Nationalität ist spanisch.,My nationality is Spanish.,A1,noun,4,very_common,Official demographic noun,curator,2026-03-28,510,neutral,DACH,identity|official forms,noun|identity,die,Nationalitäten,Nationalität,false,false,,,,,,none,Angabe der Nationalität|verschiedene Nationalitäten,Staatsbürgerschaft|Volkszugehörigkeit,,Goethe-Zertifikat A1 Start Deutsch 1 Wortliste,https://www.goethe.de,verified
601,vocabulary,nehmen,to grasp lay hold of choose or accept,to take,Heute gibt es Hähnchen. Das nehme ich. / Ich nehme den Bus.,Today there is chicken. I will take that. / I take the bus.,A1,verb,5,essential,Top-frequency action and selection verb,curator,2026-03-28,32,neutral,DACH,general|daily life,verb,,,,false,false,haben,nimmt,nahm,genommen,+ Akkusativ,den Bus nehmen|ein Taxi nehmen|Platz nehmen,ergreifen|wählen|greifen,geben|lassen,,Goethe-Zertifikat A1 Start Deutsch 1 Wortliste,https://www.goethe.de,verified
602,vocabulary,nein,particle expressing denial refusal or dissent,no,Fährst du auch nach München? Nein ich habe keine Zeit.,"Are you also going to Munich? - No, I have no time.",A1,particle,5,essential,Core negative response particle,curator,2026-03-28,16,neutral,DACH,communication|general,particle,,,,false,false,,,,,none,nein danke|nein sagen|einfach nein,keineswegs|nicht doch,ja,,Goethe-Zertifikat A1 Start Deutsch 1 Wortliste,https://www.goethe.de,verified
603,vocabulary,neu,recently made produced acquired or unfamiliar,new,Ich bin der neue Kollege. / Wir haben eine neue Wohnung.,I am the new colleague. / We have a new apartment.,A1,adjective,5,essential,Core temporal and qualitative adjective,curator,2026-03-28,35,neutral,DACH,general|description,adjective,,,,false,false,,,,,none,neue Wohnung|neues Auto|ganz neu,frisch|modern|neuartig,alt,,Goethe-Zertifikat A1 Start Deutsch 1 Wortliste,https://www.goethe.de,verified
604,vocabulary,neun,cardinal number following eight and preceding ten,nine,Um neun Uhr liegt Judith noch im Bett.,At nine o'clock Judith is still lying in bed.,A1,numeral,5,essential,Fundamental cardinal number,curator,2026-03-28,88,neutral,DACH,numbers|general,numeral,,,,false,false,,,,,none,neun Euro|ab neun Uhr,Neuntel,,,Goethe-Zertifikat A1 Start Deutsch 1 Wortliste,https://www.goethe.de,verified
605,vocabulary,neunzehn,cardinal number following eighteen and preceding twenty,nineteen,Das Zimmer kostet neunzehn Euro.,The room costs nineteen euros.,A1,numeral,4,very_common,Cardinal number,curator,2026-03-28,280,neutral,DACH,numbers|general,numeral,,,,false,false,,,,,none,neunzehn Uhr|neunzehn Jahre,Neunzehntel,,,Goethe-Zertifikat A1 Start Deutsch 1 Wortliste,https://www.goethe.de,verified
606,vocabulary,neunzig,cardinal number equal to nine tens,ninety,Das Buch kostet neunzig Euro.,The book costs ninety euros.,A1,numeral,4,very_common,Core cardinal ten-unit,curator,2026-03-28,190,neutral,DACH,numbers|general,numeral,,,,false,false,,,,,none,neunzig Minuten|neunzig Prozent,Neunzigstel,,,Goethe-Zertifikat A1 Start Deutsch 1 Wortliste,https://www.goethe.de,verified
607,vocabulary,nicht,particle negating a clause phrase or word,not,Das stimmt nicht. / Das ist doch schön nicht?,"That is not true. / That is nice, isn't it?",A1,particle,5,essential,Fundamental negation particle,curator,2026-03-28,4,neutral,DACH,general|grammar,particle|negation,,,,false,false,,,,,none,gar nicht|noch nicht|stimmt nicht,keinesfalls,,,Goethe-Zertifikat A1 Start Deutsch 1 Wortliste,https://www.goethe.de,verified
608,vocabulary,nichts,not anything; no single thing,nothing,Das macht nichts. / Hier kaufe ich nichts. Der Laden gefällt mir nicht.,That doesn't matter. / I buy nothing here. I don't like the shop.,A1,pronoun,5,essential,Fundamental negative indefinite pronoun,curator,2026-03-28,34,neutral,DACH,general,pronoun|negation,,,,false,false,,,,,none,macht nichts|gar nichts|sonst nichts,kein bisschen,alles,,Goethe-Zertifikat A1 Start Deutsch 1 Wortliste,https://www.goethe.de,verified
609,vocabulary,nie,at no time in the past present or future,never,Er kommt nie pünktlich.,He never arrives on time.,A1,adverb,5,essential,Core temporal frequency negative adverb,curator,2026-03-28,46,neutral,DACH,time|general,adverb|frequency,,,,false,false,,,,,none,nie mehr|fast nie|noch nie,niemals,immer|stets,,Goethe-Zertifikat A1 Start Deutsch 1 Wortliste,https://www.goethe.de,verified
610,vocabulary,noch,continuing up to the present; in addition,still; yet; in addition,Vielleicht kommt er noch. / Wir warten noch fünf Minuten. / Ich habe noch 20 Euro.,Perhaps he will still come. / We'll wait another five minutes. / I still have 20 euros.,A1,adverb,5,essential,Temporal continuity and addition adverb/particle,curator,2026-03-28,14,neutral,DACH,time|general,adverb,,,,false,false,,,,,none,noch ein|noch nicht|immer noch,weiterhin|zusätzlich,schon|nicht mehr,,Goethe-Zertifikat A1 Start Deutsch 1 Wortliste,https://www.goethe.de,verified
611,vocabulary,Norden,cardinal direction towards the North Pole,north,Der Wind kommt aus Norden.,The wind comes from the north.,A1,noun,4,very_common,Compass cardinal direction noun,curator,2026-03-28,280,neutral,DACH,geography|spatial,noun|orientation,der,,Nordens,false,false,,,,,,none,nach Norden fahren|im Norden von Deutschland,Nordpol|Mitternacht,Süden,Goethe-Zertifikat A1 Start Deutsch 1 Wortliste,https://www.goethe.de,verified
612,vocabulary,normal,conforming to standard common type or expectation,normal; standard,75 kg. Sein Gewicht ist normal.,75 kg. His weight is normal.,A1,adjective,4,very_common,Core standard evaluative adjective,curator,2026-03-28,220,neutral,DACH,general|health,adjective,,,,false,false,,,,,none,ganz normal|normal sein|normaler Preis,gewöhnlich|regulär|üblich,unnormal|außergewöhnlich,,Goethe-Zertifikat A1 Start Deutsch 1 Wortliste,https://www.goethe.de,verified
613,vocabulary,November,eleventh month of the calendar year,November,Im November regnet es oft.,In November it rains often.,A1,noun,4,very_common,Core calendar month noun,curator,2026-03-28,240,neutral,DACH,time|calendar,noun|calendar,der,November,Novembers,false,false,,,,,,none,im November|nasskalter November,Spätherbst,,Goethe-Zertifikat A1 Start Deutsch 1 Wortliste,https://www.goethe.de,verified
614,vocabulary,null,number zero representing the absence of quantity,zero,Null Uhr drei.,00:03.,A1,numeral,4,very_common,Fundamental base cardinal number,curator,2026-03-28,120,neutral,DACH,numbers|time,numeral,,,,false,false,,,,,none,null Uhr|unter null|null Prozent,nichts|Ziffer Null,,,Goethe-Zertifikat A1 Start Deutsch 1 Wortliste,https://www.goethe.de,verified
615,vocabulary,Nummer,numeral designating position in sequence; phone number,number,Sie haben Zimmer Nummer zwölf. / Welche Hausnummer haben Sie? / Können Sie mir Ihre Nummer geben?,You have room number twelve. / What house number do you have? / Can you give me your number?,A1,noun,5,essential,Core contact and orientation noun,curator,2026-03-28,110,neutral,DACH,communication|orientation,noun,die,Nummern,Nummer,false,false,,,,,,none,Telefonnummer|Zimmernummer|Hausnummer,Ziffer|Zahl,,Goethe-Zertifikat A1 Start Deutsch 1 Wortliste,https://www.goethe.de,verified
616,vocabulary,nur,merely or exclusively; nothing more than,only; just,Ich möchte nur ein Glas Wasser.,I would just like a glass of water.,A1,adverb,5,essential,Top-frequency restrictive adverb/particle,curator,2026-03-28,18,neutral,DACH,general,adverb|particle,,,,false,false,,,,,none,nur ein bisschen|nicht nur|nur noch,lediglich|bloß,auch|alle,,Goethe-Zertifikat A1 Start Deutsch 1 Wortliste,https://www.goethe.de,verified
617,vocabulary,oben,in or towards a higher location or floor,above; upstairs,Ich wohne oben.,I live upstairs.,A1,adverb,5,essential,Core spatial orientation adverb,curator,2026-03-28,140,neutral,DACH,spatial|orientation,adverb|orientation,,,,false,false,,,,,none,nach oben gehen|oben links|da oben,droben|oberhalb,unten,,Goethe-Zertifikat A1 Start Deutsch 1 Wortliste,https://www.goethe.de,verified
618,vocabulary,Obst,sweet fleshy products of trees or plants eaten raw,fruit,Im Sommer ist das Obst billig.,In summer fruit is cheap.,A1,noun,4,very_common,Core grocery and dietary noun,curator,2026-03-28,490,neutral,DACH,food|shopping,noun|food,das,,Obstes,false,false,,,,,,none,frisches Obst|Obst kaufen|Obst und Gemüse,Früchte,Gemüse,Goethe-Zertifikat A1 Start Deutsch 1 Wortliste,https://www.goethe.de,verified
619,vocabulary,oder,introducing an alternative possibility,or,Wann können Sie kommen heute oder morgen?,"When can you come, today or tomorrow?",A1,conjunction,5,essential,Core coordinating conjunction of alternative,curator,2026-03-28,15,neutral,DACH,general|communication,conjunction|connector,,,,false,false,,,,,none,heute oder morgen|entweder oder|oder nicht,beziehungsweise|sonst,und,,Goethe-Zertifikat A1 Start Deutsch 1 Wortliste,https://www.goethe.de,verified
620,vocabulary,Offenbach,city situated in Hesse on the Main River,Offenbach,Offenbach liegt bei Frankfurt.,Offenbach is situated near Frankfurt.,A1,noun,3,common,German regional city proper noun,curator,2026-03-28,680,neutral,DACH,geography|travel,noun|places,das,,Offenbachs,false,false,,,,,,none,Offenbach am Main|bei Offenbach,hessische Stadt,,Goethe-Zertifikat A1 Start Deutsch 1 Wortliste,https://www.goethe.de,verified
621,vocabulary,öffentlich,concerning or provided for the community as a whole,public,Wir nutzen öffentliche Verkehrsmittel.,We use public transportation.,A1,adjective,4,very_common,Public domain and transit adjective,curator,2026-03-28,190,neutral,DACH,society|travel,adjective,,,,false,false,,,,,none,öffentlicher Verkehr|öffentliche Gebäude,allgemein|staatlich,privat,,Goethe-Zertifikat A1 Start Deutsch 1 Wortliste,https://www.goethe.de,verified
622,vocabulary,öffnen,to make accessible or unclose a door or window,to open,Ich öffne die Tür.,I open the door.,A1,verb,5,essential,Core domestic and functional action verb,curator,2026-03-28,190,neutral,DACH,daily life|general,verb,,,,false,false,haben,öffnet,öffnete,geöffnet,+ Akkusativ,die Tür öffnen|das Fenster öffnen,aufmachen|aufschließen,schließen|zumachen,,Goethe-Zertifikat A1 Start Deutsch 1 Wortliste,https://www.goethe.de,verified
623,vocabulary,oft,many times or at short intervals,often; frequently,Petra treffe ich oft.,I meet Petra often.,A1,adverb,5,essential,Core temporal frequency adverb,curator,2026-03-28,68,neutral,DACH,time|general,adverb|frequency,,,,false,false,,,,,none,sehr oft|oft genug|wie oft,häufig|mehrfach,selten|nie,,Goethe-Zertifikat A1 Start Deutsch 1 Wortliste,https://www.goethe.de,verified
624,vocabulary,ohne,indicating lack omission or absence of something,without,Ohne Geld kann er nichts kaufen.,Without money he cannot buy anything.,A1,preposition,5,essential,Fundamental preposition of absence,curator,2026-03-28,24,neutral,DACH,general,preposition,,,,false,false,,,,,+ Akkusativ,ohne Zucker|ohne mich|ohne Probleme,mangels|frei von,mit,,Goethe-Zertifikat A1 Start Deutsch 1 Wortliste,https://www.goethe.de,verified
625,vocabulary,Oktober,tenth month of the calendar year,October,Das Studium beginnt im Oktober.,The university studies begin in October.,A1,noun,4,very_common,Core calendar month noun,curator,2026-03-28,230,neutral,DACH,time|calendar,noun|calendar,der,Oktober,Oktobers,false,false,,,,,,none,im Oktober|Ende Oktober,Herbstmonat,,Goethe-Zertifikat A1 Start Deutsch 1 Wortliste,https://www.goethe.de,verified
626,vocabulary,Öl,viscous liquid fat used in food preparation or machinery,oil,Den Salat machen wir ohne Öl.,We make the salad without oil.,A1,noun,4,very_common,Culinary and grocery noun,curator,2026-03-28,380,neutral,DACH,food|cooking,noun|food,das,,Öles,false,false,,,,,,none,mit Öl anmachen|Olivenöl|Salatöl,Speiseöl|Schmiermittel,,Goethe-Zertifikat A1 Start Deutsch 1 Wortliste,https://www.goethe.de,verified
627,vocabulary,Oma,informal familiar term for grandmother,grandma; granny,Meine Oma ist schon tot.,My grandma is already dead.,A1,noun,4,very_common,Core informal family noun,curator,2026-03-28,420,informal,DACH,family|personal,noun|family,die,Omas,Oma,false,false,,,,,,none,meine Oma|Oma und Opa,Großmutter|Omi,Opa,Goethe-Zertifikat A1 Start Deutsch 1 Wortliste,https://www.goethe.de,verified
628,vocabulary,Opa,informal familiar term for grandfather,grandpa; granddad,Mein Opa heißt Hans.,My grandpa is named Hans.,A1,noun,4,very_common,Core informal family noun,curator,2026-03-28,440,informal,DACH,family|personal,noun|family,der,Opas,Opas,false,false,,,,,,none,mein Opa|zu Opa fahren,Großvater|Opi,Oma,Goethe-Zertifikat A1 Start Deutsch 1 Wortliste,https://www.goethe.de,verified
629,vocabulary,Ordnung,state of proper arrangement or acceptability,order; alright,Das ist in Ordnung.,That is in order / fine.,A1,noun,5,essential,Core idiomatic evaluation noun,curator,2026-03-28,180,neutral,DACH,general|communication,noun,die,,Ordnung,false,false,,,,,,none,in Ordnung sein|Ordnung schaffen,Regelmäßigkeit|Sauberkeit,Unordnung|Chaos,Goethe-Zertifikat A1 Start Deutsch 1 Wortliste,https://www.goethe.de,verified
630,vocabulary,Ort,particular geographic position point or town,place; town; location,Der Ort liegt am Meer.,The town is located by the sea.,A1,noun,5,essential,Core geographical and settlement noun,curator,2026-03-28,110,neutral,DACH,geography|spatial,noun|settlement,der,Orte,Ortes,false,false,,,,,,none,an diesem Ort|kleiner Ort|vor Ort,Platz|Stelle|Ortschaft|Dorf,,Goethe-Zertifikat A1 Start Deutsch 1 Wortliste,https://www.goethe.de,verified
631,vocabulary,Osten,cardinal direction towards the point where the sun rises,east,Der Wind kommt aus Osten.,The wind comes from the east.,A1,noun,4,very_common,Compass cardinal direction noun,curator,2026-03-28,260,neutral,DACH,geography|spatial,noun|orientation,der,,Ostens,false,false,,,,,,none,im Osten|nach Osten fliegen,Morgenland|Orient,Westen,Goethe-Zertifikat A1 Start Deutsch 1 Wortliste,https://www.goethe.de,verified
632,vocabulary,Österreich,federal republic in Central Europe,Austria,Wir machen eine Reise nach Österreich.,We are taking a trip to Austria.,A1,noun,5,essential,European DACH country name noun,curator,2026-03-28,110,neutral,DACH,geography|countries,noun|geography,das,,Österreichs,false,false,,,,,,none,nach Österreich reisen|in Österreich leben,Republik Österreich,,Goethe-Zertifikat A1 Start Deutsch 1 Wortliste,https://www.goethe.de,verified
633,vocabulary,Österreicher,male native or citizen of Austria,Austrian (male),Er ist Österreicher.,He is an Austrian.,A1,noun,4,very_common,Nationality demographic noun,curator,2026-03-28,340,neutral,DACH,identity|countries,noun|people,der,Österreicher,Österreichers,false,false,,,,,,none,der Österreicher|die Österreicher,österreichischer Staatsbürger,Österreicherin,Goethe-Zertifikat A1 Start Deutsch 1 Wortliste,https://www.goethe.de,verified
634,vocabulary,Österreicherin,female native or citizen of Austria,Austrian (female),Sie ist Österreicherin.,She is an Austrian woman.,A1,noun,4,very_common,Nationality demographic noun,curator,2026-03-28,410,neutral,DACH,identity|countries,noun|people,die,Österreicherinnen,Österreicherin,false,false,,,,,,none,die Österreicherin|nette Österreicherin,österreichische Staatsbürgerin,Österreicher,Goethe-Zertifikat A1 Start Deutsch 1 Wortliste,https://www.goethe.de,verified
635,vocabulary,österreichisch,of or relating to Austria or Austrian standard German,Austrian,Das ist ein österreichischer Wein.,That is an Austrian wine.,A1,adjective,4,very_common,Regional DACH linguistic and national adjective,curator,2026-03-28,260,neutral,DACH,identity|language,adjective,,,,false,false,,,,,none,österreichisches Deutsch|österreichische Alpen,alpenländisch,,,Goethe-Zertifikat A1 Start Deutsch 1 Wortliste,https://www.goethe.de,verified
636,vocabulary,Papier,sheet material manufactured from pulp for writing,paper,Hier sind Papier und Bleistift.,Here are paper and pencil.,A1,noun,4,very_common,Office and writing stationery noun,curator,2026-03-28,260,neutral,DACH,office|education,noun|stationery,das,Papiere,Papiers,false,false,,,,,,none,auf Papier schreiben|ein Blatt Papier,Schreibpapier|Unterlage,,Goethe-Zertifikat A1 Start Deutsch 1 Wortliste,https://www.goethe.de,verified
637,vocabulary,Papiere,official certificates passports or identity documents,papers; documents,Haben Sie Ihre Papiere dabei?,Do you have your documents with you?,A1,noun,4,very_common,Official identification and administrative noun,curator,2026-03-28,310,neutral,DACH,official forms|identity,noun|documents|gender:plural_only,,Papiere,Papiere,false,false,,,,,,none,die Papiere zeigen|Ausweispapiere,Dokumente|Unterlagen|Ausweise,,Goethe-Zertifikat A1 Start Deutsch 1 Wortliste,https://www.goethe.de,verified
638,vocabulary,Partner,companion in relationship or business peer,partner; companion,Sie ist meine Partnerin.,She is my partner.,A1,noun,4,very_common,Social and relationship noun,curator,2026-03-28,190,neutral,DACH,social|personal,noun|people,der,Partner,Partners,false,false,,,,,,none,feste Partnerin|Lebenspartner,Gefährte|Begleiter|Mitstreiter,Gegner,Goethe-Zertifikat A1 Start Deutsch 1 Wortliste,https://www.goethe.de,verified
639,vocabulary,Partnerin,female companion spouse or teammate,partner (female); companion,Sie ist meine Partnerin.,She is my partner.,A1,noun,4,very_common,Interpersonal relationship noun,curator,2026-03-28,240,neutral,DACH,social|personal,noun|people,die,Partnerinnen,Partnerin,false,false,,,,,,none,meine Partnerin|Gesprächspartnerin,Lebensgefährtin|Freundin,Partner,Goethe-Zertifikat A1 Start Deutsch 1 Wortliste,https://www.goethe.de,verified
640,vocabulary,Party,social gathering for celebration and entertainment,party,Heute Abend machen wir eine Party.,Tonight we are throwing a party.,A1,noun,4,very_common,Core social leisure noun,curator,2026-03-28,340,neutral,DACH,social|leisure,noun|celebration,die,Partys,Party,false,false,,,,,,none,eine Party feiern|auf eine Party gehen,Feier|Fete|Fest,,Goethe-Zertifikat A1 Start Deutsch 1 Wortliste,https://www.goethe.de,verified
641,vocabulary,Pass,official document issued by government for travel,passport,Im Hotel brauchst du deinen Pass.,At the hotel you need your passport.,A1,noun,4,very_common,Travel documentation noun,curator,2026-03-28,390,neutral,DACH,travel|official forms,noun|documents,der,Pässe,Passes,false,false,,,,,,none,den Pass vorzeigen|gültiger Pass,Reisepass|Personalausweis,,Goethe-Zertifikat A1 Start Deutsch 1 Wortliste,https://www.goethe.de,verified
642,vocabulary,Pause,temporary cessation of work or activity for rest,break; pause; recess,Von 12.00 bis 12.30 Uhr haben wir Mittagspause.,From 12:00 to 12:30 we have a lunch break.,A1,noun,4,very_common,Work and school schedule noun,curator,2026-03-28,290,neutral,DACH,work|education,noun|time,die,Pausen,Pause,false,false,,,,,,none,eine Pause machen|Mittagspause,Unterbrechung|Erholung|Rast,Arbeit|Unterricht,Goethe-Zertifikat A1 Start Deutsch 1 Wortliste,https://www.goethe.de,verified
643,vocabulary,Person,individual human being,person,Eine Fahrkarte für eine Person bitte.,"A ticket for one person, please.",A1,noun,5,essential,Core sociological and individual demographic noun,curator,2026-03-28,88,neutral,DACH,identity|society,noun|people,die,Personen,Person,false,false,,,,,,none,pro Person|wie viele Personen|Angaben zur Person,Mensch|Individuum|Persönlichkeit,,Goethe-Zertifikat A1 Start Deutsch 1 Wortliste,https://www.goethe.de,verified
644,vocabulary,persönlich,relating to or belonging to a particular person,personal; in person,Ich möchte persönlich mit ihr sprechen.,I would like to speak with her in person.,A1,adjective,4,very_common,Identity and social relations adjective,curator,2026-03-28,240,neutral,DACH,identity|personal,adjective,,,,false,false,,,,,none,persönliche Beziehungen|persönliche Angaben,individuell|privat,unpersönlich,,Goethe-Zertifikat A1 Start Deutsch 1 Wortliste,https://www.goethe.de,verified
645,vocabulary,Pflanze,living organism of the vegetable kingdom,plant,In unserem Garten wachsen viele Pflanzen.,Many plants grow in our garden.,A1,noun,4,very_common,Nature and home garden noun,curator,2026-03-28,380,neutral,DACH,nature|housing,noun|nature,die,Pflanzen,Pflanze,false,false,,,,,,none,Pflanzen gießen|grüne Pflanzen,Gewächs|Botanik,Tier,Goethe-Zertifikat A1 Start Deutsch 1 Wortliste,https://www.goethe.de,verified
646,vocabulary,Pfund,traditional unit of weight equal to 500 grams,pound (500 g),Ein Pfund Äpfel bitte.,"A pound of apples, please.",A1,noun,4,very_common,Traditional market weight noun,curator,2026-03-28,490,neutral,DACH,food|shopping,noun|measurements,das,Pfunde,Pfunds,false,false,,,,,,none,ein Pfund Kaffee|halbes Pfund Butter,500 Gramm,,Goethe-Zertifikat A1 Start Deutsch 1 Wortliste,https://www.goethe.de,verified
647,vocabulary,Plan,detailed diagram proposal or map,plan; map; schedule,Ich kaufe mir einen Stadtplan.,I buy myself a city map.,A1,noun,5,essential,Core orientation and organization noun,curator,2026-03-28,160,neutral,DACH,travel|orientation,noun,der,Pläne,Planes,false,false,,,,,,none,einen Plan machen|Fahrplan|Stadtplan,Karte|Entwurf|Vorhaben,,Goethe-Zertifikat A1 Start Deutsch 1 Wortliste,https://www.goethe.de,verified
648,vocabulary,Platz,public square seat or open space for a person/thing,seat; space; square,Tut mir leid der Platz ist besetzt. / Bitte nehmen Sie Platz! / Ich wohne Messeplatz 5.,"I'm sorry, this seat is taken. / Please take a seat! / I live at Messeplatz 5.",A1,noun,5,essential,Core spatial transit and urban noun,curator,2026-03-28,70,neutral,DACH,spatial|travel,noun|orientation,der,Plätze,Platzes,false,false,,,,,,none,Platz nehmen|freier Platz|am Marktplatz,Sitzplatz|Raum|Stadtplatz,,Goethe-Zertifikat A1 Start Deutsch 1 Wortliste,https://www.goethe.de,verified
649,vocabulary,plus,mathematical addition or temperature above zero,plus; above zero,Vier Grad über Null / plus vier Grad.,Four degrees above zero / plus four degrees.,A1,preposition,4,very_common,Temperature and mathematical operator,curator,2026-03-28,320,neutral,DACH,weather|numbers,preposition,,,,false,false,,,,,none,plus vier Grad|plus zehn Euro,über Null|und,minus,,Goethe-Zertifikat A1 Start Deutsch 1 Wortliste,https://www.goethe.de,verified
650,vocabulary,Pole,male native or citizen of Poland,Pole (male),Er ist Pole.,He is Polish (a Pole).,A1,noun,4,very_common,Nationality demographic noun,curator,2026-03-28,480,neutral,DACH,identity|countries,noun|people,der,Polen,Polen,false,false,,,,,,none,der Pole|polnischer Bürger,polnischer Mann,Polin,Goethe-Zertifikat A1 Start Deutsch 1 Wortliste,https://www.goethe.de,verified
651,vocabulary,Polen,republic in Central Europe,Poland,Peter besucht seine Verwandten in Polen.,Peter is visiting his relatives in Poland.,A1,noun,4,very_common,Country name noun,curator,2026-03-28,210,neutral,DACH,geography|countries,noun|geography,das,,Polens,false,false,,,,,,none,nach Polen reisen|in Polen Urlaub machen,Republik Polen,,Goethe-Zertifikat A1 Start Deutsch 1 Wortliste,https://www.goethe.de,verified
652,vocabulary,Polin,female native or citizen of Poland,Pole (female),Sie ist Polin.,She is Polish (a Polish woman).,A1,noun,4,very_common,Nationality demographic noun,curator,2026-03-28,540,neutral,DACH,identity|countries,noun|people,die,Polinnen,Polin,false,false,,,,,,none,die Polin|polnische Freundin,polnische Bürgerin,Pole,Goethe-Zertifikat A1 Start Deutsch 1 Wortliste,https://www.goethe.de,verified
653,vocabulary,Polizei,official civil department maintaining public order,police,Holen Sie die Polizei!,Call the police!,A1,noun,4,very_common,Emergency and public safety noun,curator,2026-03-28,210,neutral,DACH,emergency|services,noun|services,die,,Polizei,false,false,,,,,,none,die Polizei rufen|bei der Polizei arbeiten,Ordnungskräfte|Gesetzeshüter,,Goethe-Zertifikat A1 Start Deutsch 1 Wortliste,https://www.goethe.de,verified
654,vocabulary,polnisch,of or relating to Poland or the Polish language,Polish,Sie spricht polnisch und deutsch.,She speaks Polish and German.,A1,adjective,4,very_common,National origin and linguistic adjective,curator,2026-03-28,320,neutral,DACH,language|identity,adjective,,,,false,false,,,,,none,polnische Sprache|polnische Grenze,westslawisch,,,Goethe-Zertifikat A1 Start Deutsch 1 Wortliste,https://www.goethe.de,verified
655,vocabulary,Pommes frites,deep-fried batons of potato,French fries; chips,Die Kinder essen Hähnchen mit Pommes frites.,The children eat chicken with French fries.,A1,noun,4,very_common,Fast food and restaurant grocery noun,curator,2026-03-28,680,neutral,DACH,food|dining,noun|food|gender:plural_only,,Pommes frites,Pommes frites,false,false,,,,,,none,eine Portion Pommes|Hähnchen mit Pommes,Fritten|Pommes,,Goethe-Zertifikat A1 Start Deutsch 1 Wortliste,https://www.goethe.de,verified
656,vocabulary,Post,public service delivering letters; post office building,post office; mail,Wo ist die Post bitte? / Ist Post da?,"Where is the post office, please? / Has any mail arrived?",A1,noun,4,very_common,Core postal communication noun,curator,2026-03-28,220,neutral,DACH,services|mail,noun|services,die,,Post,false,false,,,,,,none,zur Post gehen|die Post austragen|Briefpost,Postamt|Briefsendung,,Goethe-Zertifikat A1 Start Deutsch 1 Wortliste,https://www.goethe.de,verified
657,vocabulary,Postkarte,card used for mailing messages without an envelope,postcard,Ich schreibe meinen Bekannten eine Postkarte aus dem Urlaub.,I am writing my acquaintances a postcard from vacation.,A1,noun,4,very_common,Postal travel correspondence noun,curator,2026-03-28,520,neutral,DACH,mail|travel,noun|post,die,Postkarten,Postkarte,false,false,,,,,,none,eine Postkarte schreiben|Ansichtskarte,Ansichtskarte|Karte|Grußkarte,,Goethe-Zertifikat A1 Start Deutsch 1 Wortliste,https://www.goethe.de,verified
658,vocabulary,Postleitzahl,sequence of digits designating a postal delivery area,postal code; ZIP code,Wie ist Ihre Postleitzahl?,What is your postal code?,A1,noun,4,very_common,Official address and registration noun,curator,2026-03-28,780,neutral,DACH,identity|mail,noun|contact,die,Postleitzahlen,Postleitzahl,false,false,,,,,,none,die Postleitzahl angeben|fünfstellige Postleitzahl,PLZ|Postcode,,Goethe-Zertifikat A1 Start Deutsch 1 Wortliste,https://www.goethe.de,verified
659,vocabulary,Praktikum,period of practical training or work experience,internship; work placement,Ich mache ein Praktikum bei Siemens.,I am doing an internship at Siemens.,A1,noun,4,very_common,Vocational training and student career noun,curator,2026-03-28,540,neutral,DACH,work|education,noun|work,das,Praktika,Praktikums,false,false,,,,,,none,ein Praktikum machen|Praktikumsplatz,Hospitation|Volontariat|Traineeship,,Goethe-Zertifikat A1 Start Deutsch 1 Wortliste,https://www.goethe.de,verified
660,vocabulary,Praxis,consulting rooms of a physician or professional,practice; surgery; doctor's office,Die Praxis ist ab acht Uhr geöffnet.,The doctor's practice is open from eight o'clock.,A1,noun,4,very_common,Medical infrastructure noun,curator,2026-03-28,340,neutral,DACH,health|services,noun|health,die,Praxen,Praxis,false,false,,,,,,none,in der Praxis anrufen|Arztpraxis,Ordination|Behandlungszimmer,,Goethe-Zertifikat A1 Start Deutsch 1 Wortliste,https://www.goethe.de,verified
661,vocabulary,Preis,amount of money expected or required in payment,price; cost,Die Preise sind hoch.,The prices are high.,A1,noun,5,essential,Core retail and shopping noun,curator,2026-03-28,140,neutral,DACH,shopping|finances,noun|finances,der,Preise,Preises,false,false,,,,,,none,günstiger Preis|hoher Preis|Preis pro Person,Kosten|Betrag|Tarif,,Goethe-Zertifikat A1 Start Deutsch 1 Wortliste,https://www.goethe.de,verified
662,vocabulary,Presse,journalism and newspapers/periodicals collectively,press; journalism,Ich lese die freie Presse.,I read the independent press.,A1,noun,4,very_common,Print media and publications noun,curator,2026-03-28,310,neutral,DACH,media|daily life,noun|press,die,,Presse,false,false,,,,,,none,in der Presse stehen|Presse und Fernsehen,Journalismus|Printmedien,,Goethe-Zertifikat A1 Start Deutsch 1 Wortliste,https://www.goethe.de,verified
663,vocabulary,privat,belonging to or concerning an individual rather than the public,private,Das ist mein privates Auto.,That is my private car.,A1,adjective,4,very_common,General domain adjective,curator,2026-03-28,210,neutral,DACH,personal|general,adjective,,,,false,false,,,,,none,privater Bereich|privates Leben,persönlich|vertraulich,öffentlich,,Goethe-Zertifikat A1 Start Deutsch 1 Wortliste,https://www.goethe.de,verified
664,vocabulary,Problem,matter situation or person presenting difficulty,problem; issue,Mein Problem ist die Sprache.,My problem is the language.,A1,noun,5,essential,Core difficulty and discussion noun,curator,2026-03-28,95,neutral,DACH,general|communication,noun,das,Probleme,Problems,false,false,,,,,,none,kein Problem|ein Problem lösen|großes Problem,Schwierigkeit|Hürde|Komplikation,Lösung,Goethe-Zertifikat A1 Start Deutsch 1 Wortliste,https://www.goethe.de,verified
665,vocabulary,Prospekt,printed informative booklet or promotional leaflet,brochure; leaflet,Bitte schicken Sie mir einen Prospekt von Ihrem Hotel.,Please send me a brochure of your hotel.,A1,noun,4,very_common,Travel marketing and tourism noun,curator,2026-03-28,680,neutral,DACH,travel|shopping,noun|documents,der,Prospekte,Prospekts,false,false,,,,,,none,einen Prospekt bestellen|Hotelprospekt,Broschüre|Flyer|Werbeblatt,,Goethe-Zertifikat A1 Start Deutsch 1 Wortliste,https://www.goethe.de,verified
666,vocabulary,Prozent,one part in every hundred,percent,Ein Prozent der Leute ist krank.,One percent of the people is ill.,A1,noun,4,very_common,Mathematical proportion noun,curator,2026-03-28,120,neutral,DACH,finances|measurements,noun|measurements,das,Prozent,Prozents,false,false,,,,,,none,hundert Prozent|zehn Prozent Rabatt,Vomhundertteil,,Goethe-Zertifikat A1 Start Deutsch 1 Wortliste,https://www.goethe.de,verified
667,vocabulary,Prüfung,formal assessment of knowledge or proficiency,examination; test,Die Prüfung ist am Montag um 8.00 Uhr.,The exam is on Monday at 8:00.,A1,noun,4,very_common,Core educational assessment noun,curator,2026-03-28,310,neutral,DACH,education|exam,noun|education,die,Prüfungen,Prüfung,false,false,,,,,,none,eine Prüfung bestehen|Prüfung ablegen,Examen|Klausur|Test,,Goethe-Zertifikat A1 Start Deutsch 1 Wortliste,https://www.goethe.de,verified
668,vocabulary,pünktlich,arriving or happening at the arranged time,punctual; on time,Der Bus fährt pünktlich um acht Uhr. / Herr Müller ist immer pünktlich.,The bus leaves punctually at eight o'clock. / Mr. Müller is always punctual.,A1,adjective,4,very_common,Core time discipline and transit adjective,curator,2026-03-28,290,neutral,DACH,time|travel,adjective,,,,false,false,,,,,none,pünktlich ankommen|pünktlich sein,zeitgerecht|exakt,unpünktlich|verspätet,,Goethe-Zertifikat A1 Start Deutsch 1 Wortliste,https://www.goethe.de,verified
669,vocabulary,Quadratmeter,unit of surface area equal to a square measuring one meter each side,square meter,Die Wohnung hat 80 Quadratmeter.,The apartment has 80 square meters.,A1,noun,4,very_common,Housing area measurement noun,curator,2026-03-28,390,neutral,DACH,housing|measurements,noun|measurements,der,Quadratmeter,Quadratmeters,false,false,,,,,,none,ein Quadratmeter|Wohnfläche in Quadratmeter,Flächenmaß,,Goethe-Zertifikat A1 Start Deutsch 1 Wortliste,https://www.goethe.de,verified
670,phrase,Rad fahren,to propel and ride a bicycle,to ride a bicycle; to cycle,Das Kind kann schon Rad fahren.,The child can already ride a bike.,A1,phrase,4,very_common,Core leisure and transit phrase,curator,2026-03-28,360,neutral,DACH,travel|sports,phrase|transport,,,,false,false,sein,fährt Rad,fuhr Rad,Rad gefahren,intransitive,gern Rad fahren|jeden Tag Rad fahren,radeln|fahrradfahren,,,Goethe-Zertifikat A1 Start Deutsch 1 Wortliste,https://www.goethe.de,verified
671,vocabulary,Radio,broadcasting device receiving audio signals,radio,Wollen wir das Radio anmachen?,Shall we turn on the radio?,A1,noun,4,very_common,Media entertainment noun,curator,2026-03-28,290,neutral,DACH,media|leisure,noun|media,das,Radios,Radios,false,false,,,,,,none,Radio hören|im Radio laufen,Rundfunk|Hörfunk|Radioempfänger,,Goethe-Zertifikat A1 Start Deutsch 1 Wortliste,https://www.goethe.de,verified
672,vocabulary,rauchen,to inhale and exhale the smoke of tobacco products,to smoke,Ich rauche nicht.,I do not smoke.,A1,verb,4,very_common,Habits and public rules verb,curator,2026-03-28,380,neutral,DACH,rules|health,verb,,,,false,false,haben,raucht,rauchte,geraucht,intransitive; + Akkusativ,eine Zigarette rauchen|hier nicht rauchen,paffen|qualmen,Zigaretten rauchen|hier rauchen,,Goethe-Zertifikat A1 Start Deutsch 1 Wortliste,https://www.goethe.de,verified
673,vocabulary,Raum,enclosed area within a building; space,room; space,Der Unterricht ist in Raum 332.,The class is in room 332.,A1,noun,5,essential,Building orientation and architectural noun,curator,2026-03-28,140,neutral,DACH,spatial|education,noun|building,der,Räume,Raumes,false,false,,,,,,none,in Raum drei|großer Raum|Raum zum Schlafen,Zimmer|Saal|Bereich,,Goethe-Zertifikat A1 Start Deutsch 1 Wortliste,https://www.goethe.de,verified
674,vocabulary,Rechnung,itemized statement of money owed for goods or meals,bill; invoice; check,Die Rechnung bitte.,"The bill, please.",A1,noun,4,very_common,Dining payment and business noun,curator,2026-03-28,210,neutral,DACH,dining|shopping,noun|finances,die,Rechnungen,Rechnung,false,false,,,,,,none,die Rechnung bezahlen|Rechnung bringen,Faktura|Abrechnung,,Goethe-Zertifikat A1 Start Deutsch 1 Wortliste,https://www.goethe.de,verified
675,vocabulary,rechts,on or towards the right-hand side,right; on the right,Die Schillerstraße ist hier rechts.,Schillerstraße is here on the right.,A1,adverb,5,essential,Core directional wayfinding adverb,curator,2026-03-28,140,neutral,DACH,spatial|directions,adverb|directions,,,,false,false,,,,,none,nach rechts abbiegen|auf der rechten Seite,rechter Hand,links,,Goethe-Zertifikat A1 Start Deutsch 1 Wortliste,https://www.goethe.de,verified
676,vocabulary,Regen,condensed atmospheric water vapor falling in drops,rain,Bei diesem Regen gehe ich nicht raus.,In this rain I am not going outside.,A1,noun,4,very_common,Core weather phenomenon noun,curator,2026-03-28,290,neutral,DACH,weather|nature,noun|weather,der,,Regens,false,false,,,,,,none,im Regen stehen|starker Regen,Niederschlag|Guss,Sonnenschein,Goethe-Zertifikat A1 Start Deutsch 1 Wortliste,https://www.goethe.de,verified
677,vocabulary,regnen,to fall in drops from clouds in the sky,to rain,Heute regnet es.,Today it is raining.,A1,verb,4,very_common,Core weather meteorological verb,curator,2026-03-28,340,neutral,DACH,weather|nature,verb|weather,,,,false,false,haben,regnet,regnete,geregnet,intransitive,es regnet stark|den ganzen Tag regnen,gießen|tröpfeln,schneien,,Goethe-Zertifikat A1 Start Deutsch 1 Wortliste,https://www.goethe.de,verified
678,vocabulary,Reis,starchy grain of cereal grass cultivated for food,rice,Ich esse gern Reis.,I like eating rice.,A1,noun,4,very_common,Core grocery and dietary noun,curator,2026-03-28,480,neutral,DACH,food|shopping,noun|food,der,,Reises,false,false,,,,,,none,gekochter Reis|Reis mit Gemüse,Reiskörner,,Goethe-Zertifikat A1 Start Deutsch 1 Wortliste,https://www.goethe.de,verified
679,vocabulary,Reise,act of traveling from one destination to another,trip; journey,Wir machen eine Reise nach Österreich.,We are taking a trip to Austria.,A1,noun,5,essential,Core tourism and journey noun,curator,2026-03-28,160,neutral,DACH,travel|leisure,noun|travel,die,Reisen,Reise,false,false,,,,,,none,eine Reise buchen|gute Reise,Fahrt|Tour|Ausflug,,Goethe-Zertifikat A1 Start Deutsch 1 Wortliste,https://www.goethe.de,verified
680,vocabulary,Reisebüro,commercial agency dealing with travel bookings,travel agency,Mein Mann arbeitet im Reisebüro.,My husband works at a travel agency.,A1,noun,4,very_common,Travel booking and vacation service noun,curator,2026-03-28,680,neutral,DACH,travel|services,noun|services,das,Reisebüros,Reisebüros,false,false,,,,,,none,im Reisebüro buchen|ins Reisebüro gehen,Reiseagentur,,Goethe-Zertifikat A1 Start Deutsch 1 Wortliste,https://www.goethe.de,verified
681,vocabulary,Reiseführer,guidebook or person conducting travelers,guidebook; tour guide,Ich kaufe mir einen Reiseführer von Berlin. / Unser Reiseführer heißt Peter.,I buy myself a travel guide of Berlin. / Our tour guide is named Peter.,A1,noun,4,very_common,Tourism publication and guide noun,curator,2026-03-28,590,neutral,DACH,travel|leisure,noun|tourism,der,Reiseführer,Reiseführers,false,false,,,,,,none,den Reiseführer lesen|netter Reiseführer,Reisehandbuch|Fremdenführer,,Goethe-Zertifikat A1 Start Deutsch 1 Wortliste,https://www.goethe.de,verified
682,vocabulary,reisen,to go on a journey or visit various places,to travel,Ich reise gern.,I like traveling.,A1,verb,4,very_common,Core tourism and movement verb,curator,2026-03-28,240,neutral,DACH,travel|leisure,verb|travel,,,,false,false,sein,reist,reiste,gereist,intransitive; nach + Dativ; in + Akkusativ,ins Ausland reisen|viel reisen,fahren|unterwegs sein,daheimbleiben,,Goethe-Zertifikat A1 Start Deutsch 1 Wortliste,https://www.goethe.de,verified
683,vocabulary,Reparatur,act or process of repairing something damaged,repair,Die Reparatur ist sehr teuer.,The repair is very expensive.,A1,noun,4,very_common,Household maintenance and service noun,curator,2026-03-28,520,neutral,DACH,household|services,noun|services,die,Reparaturen,Reparatur,false,false,,,,,,none,zur Reparatur bringen|die Reparatur bezahlen,Instandsetzung|Behebung,,Goethe-Zertifikat A1 Start Deutsch 1 Wortliste,https://www.goethe.de,verified
684,vocabulary,reparieren,to restore a broken damaged or failing item to working order,to repair; to fix,Er hat das Fahrrad repariert.,He repaired the bicycle.,A1,verb,4,very_common,Maintenance and repair verb,curator,2026-03-28,390,neutral,DACH,household|daily life,verb,,,,false,false,haben,repariert,reparierte,repariert,+ Akkusativ,das Auto reparieren|die Waschmaschine reparieren,instand setzen|flicken,beschädigen|kaputtmachen,,Goethe-Zertifikat A1 Start Deutsch 1 Wortliste,https://www.goethe.de,verified
685,vocabulary,Restaurant,commercial establishment where meals are prepared and served,restaurant,Wir essen heute in einem Restaurant.,We are eating in a restaurant today.,A1,noun,5,essential,Core dining and gastronomy noun,curator,2026-03-28,180,neutral,DACH,dining|food,noun|dining,das,Restaurants,Restaurants,false,false,,,,,,none,ins Restaurant gehen|im Restaurant essen,Gaststätte|Gasthaus|Lokal,,Goethe-Zertifikat A1 Start Deutsch 1 Wortliste,https://www.goethe.de,verified
686,vocabulary,Rezeption,front desk counter for checking in hotel guests,reception; front desk,Fragen Sie bitte im Hotel an der Rezeption.,Please ask at the hotel reception.,A1,noun,4,very_common,Hotel service and lodging noun,curator,2026-03-28,480,neutral,DACH,travel|lodging,noun|lodging,die,Rezeptionen,Rezeption,false,false,,,,,,none,an der Rezeption fragen|Schlüssel an der Rezeption,Empfang|Hotelrezeption,,Goethe-Zertifikat A1 Start Deutsch 1 Wortliste,https://www.goethe.de,verified
687,vocabulary,richtig,conforming to fact truth or correct standards,correct; right,Habe ich das richtig verstanden? / Das ist richtig.,Did I understand that correctly? / That is correct.,A1,adjective,5,essential,Core evaluative and exam adjective,curator,2026-03-28,45,neutral,DACH,general|exam,adjective,,,,false,false,,,,,none,richtig oder falsch|ganz richtig|richtig machen,korrekt|wahr|passend,falsch|unrichtig,,Goethe-Zertifikat A1 Start Deutsch 1 Wortliste,https://www.goethe.de,verified
688,vocabulary,riechen,to perceive or emit an odor or aroma,to smell,Dieser Wein riecht gut.,This wine smells good.,A1,verb,4,very_common,Core sensory perception verb,curator,2026-03-28,260,neutral,DACH,sensory|food,verb,,,,false,false,haben,riecht,roch,gerochen,intransitive; nach + Dativ,gut riechen|nach Blumen riechen,duften|wittern|stinken,duften|stinken,,Goethe-Zertifikat A1 Start Deutsch 1 Wortliste,https://www.goethe.de,verified
689,vocabulary,rot,of the color of blood or ripe strawberries,red,Er fährt ein rotes Auto.,He drives a red car.,A1,adjective,5,essential,Core color adjective,curator,2026-03-28,95,neutral,DACH,description|colors,adjective,,,,false,false,,,,,none,rote Ampel|Rotwein|rote Tomaten,rötlich,,,Goethe-Zertifikat A1 Start Deutsch 1 Wortliste,https://www.goethe.de,verified
690,vocabulary,ruhig,free from noise disturbance or agitation,quiet; calm; peaceful,Ich möchte ein ruhiges Zimmer.,I would like a quiet room.,A1,adjective,4,very_common,Accommodation and environment adjective,curator,2026-03-28,180,neutral,DACH,housing|lodging,adjective,,,,false,false,,,,,none,ein ruhiges Zimmer|ganz ruhig bleiben,still|friedlich|gelassen,laut|unruhig,,Goethe-Zertifikat A1 Start Deutsch 1 Wortliste,https://www.goethe.de,verified
691,vocabulary,Russe,male native or citizen of Russia,Russian (male),Er ist Russe.,He is Russian.,A1,noun,4,very_common,Nationality demographic noun,curator,2026-03-28,460,neutral,DACH,identity|countries,noun|people,der,Russen,Russen,false,false,,,,,,none,der Russe|russischer Staatsbürger,russischer Mann,Russin,Goethe-Zertifikat A1 Start Deutsch 1 Wortliste,https://www.goethe.de,verified
692,vocabulary,Russin,female native or citizen of Russia,Russian (female),Sie ist Russin.,She is a Russian woman.,A1,noun,4,very_common,Nationality demographic noun,curator,2026-03-28,520,neutral,DACH,identity|countries,noun|people,die,Russinnen,Russin,false,false,,,,,,none,die Russin|russische Bekannte,russische Staatsbürgerin,Russe,Goethe-Zertifikat A1 Start Deutsch 1 Wortliste,https://www.goethe.de,verified
693,vocabulary,russisch,of or relating to Russia or the Russian language,Russian,Ich kann Deutsch und Russisch.,I can speak German and Russian.,A1,adjective,4,very_common,National origin and linguistic adjective,curator,2026-03-28,240,neutral,DACH,language|identity,adjective,,,,false,false,,,,,none,auf Russisch|die russische Sprache,ostslawisch,,,Goethe-Zertifikat A1 Start Deutsch 1 Wortliste,https://www.goethe.de,verified
694,vocabulary,Russland,transcontinental country spanning Eastern Europe and Northern Asia,Russia,Er reist oft nach Russland.,He often travels to Russia.,A1,noun,4,very_common,Country name noun,curator,2026-03-28,190,neutral,DACH,geography|countries,noun|geography,das,,Russlands,false,false,,,,,,none,nach Russland fliegen|in Russland leben,Russische Föderation,,Goethe-Zertifikat A1 Start Deutsch 1 Wortliste,https://www.goethe.de,verified
695,vocabulary,S-Bahn,suburban rapid rail transit network,commuter train; suburban train,Ich nehme lieber die S-Bahn.,I prefer taking the suburban train.,A1,noun,4,very_common,Core urban transport noun,curator,2026-03-28,390,neutral,DACH,travel|transport,noun|transport,die,S-Bahnen,S-Bahn,false,false,,,,,,none,mit der S-Bahn fahren|an der S-Bahn-Station,Stadtschnellbahn|Nahverkehrszug,U-Bahn,Goethe-Zertifikat A1 Start Deutsch 1 Wortliste,https://www.goethe.de,verified
696,vocabulary,Saft,liquid extracted from fruits or vegetables,juice,Möchtest du einen Apfelsaft?,Would you like an apple juice?,A1,noun,4,very_common,Core breakfast and grocery drink noun,curator,2026-03-28,420,neutral,DACH,food|dining,noun|food,der,Säfte,Saftes,false,false,,,,,,none,frischer Saft|ein Glas Orangensaft,Fruchtsaft,,Goethe-Zertifikat A1 Start Deutsch 1 Wortliste,https://www.goethe.de,verified
697,vocabulary,sagen,to express thoughts or information in spoken words,to say; to tell,Sag mal wie geht es dir denn?,"Tell me, how are you doing?",A1,verb,5,essential,Top-tier communicative speech verb,curator,2026-03-28,14,neutral,DACH,communication,verb,,,,false,false,haben,sagt,sagte,gesagt,+ Dativ + Akkusativ; zu + Dativ,Guten Tag sagen|danke sagen|die Wahrheit sagen,sprechen|äußern|mitteilen,schweigen,,Goethe-Zertifikat A1 Start Deutsch 1 Wortliste,https://www.goethe.de,verified
698,vocabulary,Salat,dish of cold raw vegetables or the lettuce leafy plant,salad; lettuce,Wie schmeckt dir der Salat?,How do you like the salad?,A1,noun,4,very_common,Core dining and grocery food noun,curator,2026-03-28,360,neutral,DACH,food|dining,noun|food,der,Salate,Salates,false,false,,,,,,none,frischer Salat|Salat zubereiten|gemischter Salat,Blattsalat|Rohkost,,Goethe-Zertifikat A1 Start Deutsch 1 Wortliste,https://www.goethe.de,verified
699,vocabulary,Salz,white crystalline mineral substance used to season food,salt,Herr Ober kann ich bitte Salz haben?,"Waiter, can I please have salt?",A1,noun,4,very_common,Core dining seasoning and pantry noun,curator,2026-03-28,450,neutral,DACH,food|dining,noun|food,das,,Salzes,false,false,,,,,,none,Salz und Pfeffer|mit Salz würzen,Speisesalz|Kochsalz,Zucker,Goethe-Zertifikat A1 Start Deutsch 1 Wortliste,https://www.goethe.de,verified
700,vocabulary,Samstag,day following Friday and preceding Sunday,Saturday,Die Bank hat am Samstag geschlossen.,The bank is closed on Saturday.,A1,noun,5,essential,Core weekend calendar noun,curator,2026-03-28,150,neutral,DACH,time|calendar,noun|calendar,der,Samstage,Samstags,false,false,,,,,,none,am Samstag|Samstagnachmittag,Sonnabend,,Goethe-Zertifikat A1 Start Deutsch 1 Wortliste,https://www.goethe.de,verified
701,vocabulary,Satz,grammatical unit of words communicating a statement or question,sentence,Dieser Satz ist sehr einfach.,This sentence is very simple.,A1,noun,4,very_common,Language learning and grammatical unit noun,curator,2026-03-28,210,neutral,DACH,language|learning,noun|language,der,Sätze,Satzes,false,false,,,,,,none,einen Satz bilden|ganzer Satz,Aussage|Phrase,,Goethe-Zertifikat A1 Start Deutsch 1 Wortliste,https://www.goethe.de,verified
702,vocabulary,Schalter,service window counter or electrical switch,counter; ticket window; switch,Gehen Sie bitte zum Schalter drei!,Please go to counter three!,A1,noun,4,very_common,Station post office and service desk noun,curator,2026-03-28,380,neutral,DACH,services|transport,noun|services,der,Schalter,Schalters,false,false,,,,,,none,am Schalter fragen|Fahrkartenschalter,Ticketschalter|Bedientheke,,Goethe-Zertifikat A1 Start Deutsch 1 Wortliste,https://www.goethe.de,verified
703,vocabulary,scheinen,to give off or reflect bright light (sun); to appear,to shine; to seem,Die Sonne scheint.,The sun is shining.,A1,verb,5,essential,Weather and visual condition verb,curator,2026-03-28,95,neutral,DACH,weather|nature,verb|weather,,,,false,false,haben,scheint,schien,geschienen,intransitive,die Sonne scheint|hell scheinen,leuchten|strahlen|wirken,dunkeln,,Goethe-Zertifikat A1 Start Deutsch 1 Wortliste,https://www.goethe.de,verified
704,vocabulary,schicken,to cause someone or something to be conveyed to a destination,to send; to dispatch,Bitte schicken Sie mir eine E-Mail.,Please send me an email.,A1,verb,5,essential,Core correspondence and communication verb,curator,2026-03-28,125,neutral,DACH,communication|mail,verb,,,,false,false,haben,schickt,schickte,geschickt,+ Dativ + Akkusativ; an + Akkusativ,einen Brief schicken|ein Paket schicken,senden|abschicken|zustellen,empfangen|bekommen,,Goethe-Zertifikat A1 Start Deutsch 1 Wortliste,https://www.goethe.de,verified
705,vocabulary,Schild,board displaying information warning or directions,sign; signboard,Haben Sie nicht das Schild gesehen?,Didn't you see the sign?,A1,noun,4,very_common,Public wayfinding and traffic noun,curator,2026-03-28,340,neutral,DACH,spatial|travel,noun|orientation,das,Schilder,Schildes,false,false,,,,,,none,ein Schild anbringen|Verkehrsschild|Hinweisschild,Tafel|Anschlagtafel,,Goethe-Zertifikat A1 Start Deutsch 1 Wortliste,https://www.goethe.de,verified
706,vocabulary,Schinken,cured or smoked thigh meat from a pig,ham,Ich möchte gern ein Schinkenbrot.,I would like a ham sandwich.,A1,noun,4,very_common,Core grocery and breakfast food noun,curator,2026-03-28,580,neutral,DACH,food|shopping,noun|food,der,Schinken,Schinkens,false,false,,,,,,none,ein Brötchen mit Schinken|Schinkenbrot,Räucherschinken|Kochschinken,,Goethe-Zertifikat A1 Start Deutsch 1 Wortliste,https://www.goethe.de,verified
707,vocabulary,Schinkenbrot,slice of bread topped with sliced ham,ham sandwich; bread with ham,Ich möchte gern ein Schinkenbrot.,I would like a ham sandwich.,A1,noun,3,common,Everyday dining food noun,curator,2026-03-28,850,neutral,DACH,food|dining,noun|food,das,Schinkenbrote,Schinkenbrotes,false,false,,,,,,none,ein frisches Schinkenbrot essen,Belegtes Brot mit Schinken,,Goethe-Zertifikat A1 Start Deutsch 1 Wortliste,https://www.goethe.de,verified
708,vocabulary,schlafen,to undergo natural recurring rest with eyes closed,to sleep,Ich schlafe meistens acht Stunden.,I usually sleep eight hours.,A1,verb,5,essential,Core biological and daily routine verb,curator,2026-03-28,110,neutral,DACH,health|daily life,verb,,,,false,false,haben,schläft,schlief,geschlafen,intransitive,gut schlafen|schlafen gehen|im Bett schlafen,ruhen|schlummern,wachen|aufstehen,,Goethe-Zertifikat A1 Start Deutsch 1 Wortliste,https://www.goethe.de,verified
709,vocabulary,Schlafzimmer,room furnished with beds used primarily for sleeping,bedroom,Öffne im Schlafzimmer das Fenster bitte!,Please open the window in the bedroom!,A1,noun,4,very_common,Core domestic housing noun,curator,2026-03-28,410,neutral,DACH,housing|furniture,noun|housing,das,Schlafzimmer,Schlafzimmers,false,false,,,,,,none,im Schlafzimmer schlafen|großes Schlafzimmer,Schlafraum|Schlafgemach,,Goethe-Zertifikat A1 Start Deutsch 1 Wortliste,https://www.goethe.de,verified
710,vocabulary,schlecht,below standard in quality unwell or unpleasant,bad; poor; unwell,Mir ist schlecht! / Sie sehen schlecht aus. / Wir haben schlechtes Wetter.,I feel sick! / You look unwell. / We have bad weather.,A1,adjective,5,essential,Core evaluative and physical health adjective,curator,2026-03-28,52,neutral,DACH,general|health,adjective,,,,false,false,,,,,none,schlecht gelaunt|schlechtes Wetter|schlecht gehen,mangelhaft|übel|schlimm,gut|prima,,Goethe-Zertifikat A1 Start Deutsch 1 Wortliste,https://www.goethe.de,verified
711,vocabulary,schließen,to move into a shut position or bring to an end,to close; to shut,Bitte schließen Sie die Tür.,Please close the door.,A1,verb,5,essential,Core domestic and business action verb,curator,2026-03-28,120,neutral,DACH,daily life|shopping,verb,,,,false,false,haben,schließt,schloss,geschlossen,+ Akkusativ; intransitive,das Geschäft schließt um 18 Uhr|die Tür schließen,zumachen|verschließen|beenden,öffnen|aufmachen,,Goethe-Zertifikat A1 Start Deutsch 1 Wortliste,https://www.goethe.de,verified
712,vocabulary,Schluss,final part conclusion or termination of an action,end; finish; conclusion,Ich muss jetzt Schluss machen. / Zum Schluss gibt er uns allen die Hand.,I have to finish now. / At the end he shakes everyone's hand.,A1,noun,4,very_common,Core temporal and conversational wrap-up noun,curator,2026-03-28,190,neutral,DACH,time|communication,noun,der,,Schlusses,false,false,,,,,,none,Schluss machen|zum Schluss|endlich Schluss,Ende|Abschluss|Finale,Anfang|Beginn,Goethe-Zertifikat A1 Start Deutsch 1 Wortliste,https://www.goethe.de,verified
713,vocabulary,Schlüssel,contrived metal piece for operating locks,key,Ich gebe Ihnen noch den Zimmerschlüssel.,I will give you the room key as well.,A1,noun,4,very_common,Core housing and lodging asset noun,curator,2026-03-28,340,neutral,DACH,housing|daily life,noun|housing,der,Schlüssel,Schlüssels,false,false,,,,,,none,den Schlüssel abgeben|Hausschlüssel|Zimmerschlüssel,Öffner,,Goethe-Zertifikat A1 Start Deutsch 1 Wortliste,https://www.goethe.de,verified
714,vocabulary,schmecken,to experience or have a specific culinary flavor,to taste,Schmeckt das gut?,Does that taste good?,A1,verb,5,essential,Core culinary evaluation verb,curator,2026-03-28,180,neutral,DACH,food|dining,verb,,,,false,false,haben,schmeckt,schmeckte,geschmeckt,intransitive; + Dativ,gut schmecken|wie schmeckt es dir,kosten|munden,kosten|munden,,Goethe-Zertifikat A1 Start Deutsch 1 Wortliste,https://www.goethe.de,verified
715,vocabulary,schnell,moving or operating at high velocity or without delay,fast; quickly; quick,Er fährt schnell.,He drives fast.,A1,adjective,5,essential,Core speed and temporal pace adjective/adverb,curator,2026-03-28,45,neutral,DACH,general|movement,adjective|adverb,,,,false,false,,,,,none,schnell fahren|ganz schnell|so schnell wie möglich,rasch|flink|eilig,langsam,,Goethe-Zertifikat A1 Start Deutsch 1 Wortliste,https://www.goethe.de,verified
716,vocabulary,schon,prior to the present time; already,already,Ist das Essen schon fertig?,Is the food already ready?,A1,adverb,5,essential,Top-frequency temporal adverb,curator,2026-03-28,15,neutral,DACH,time|general,adverb|time,,,,false,false,,,,,none,schon wieder|schon lange|schon fertig,bereits,noch nicht,,Goethe-Zertifikat A1 Start Deutsch 1 Wortliste,https://www.goethe.de,verified
717,vocabulary,schön,pleasing to sight senses or aesthetic sensibilities,beautiful; lovely; nice,Schönen Urlaub! / Das ist sehr schön.,Have a nice vacation! / That is very beautiful.,A1,adjective,5,essential,Core aesthetic and politeness adjective,curator,2026-03-28,32,neutral,DACH,description|politeness,adjective,,,,false,false,,,,,none,schönen Tag noch|schönes Wetter|sehr schön,hübsch|herrlich|wunderbar,hässlich|schlecht,,Goethe-Zertifikat A1 Start Deutsch 1 Wortliste,https://www.goethe.de,verified
718,vocabulary,Schrank,large piece of furniture with doors for storage,cupboard; wardrobe; cabinet,Die Gläser stehen im Schrank.,The glasses are in the cupboard.,A1,noun,4,very_common,Core domestic furniture noun,curator,2026-03-28,320,neutral,DACH,housing|furniture,noun|furniture,der,Schränke,Schrankes,false,false,,,,,,none,im Schrank stehen|Kleiderschrank|Küchenschrank,Kasten|Spind,,Goethe-Zertifikat A1 Start Deutsch 1 Wortliste,https://www.goethe.de,verified
719,vocabulary,schreiben,to record letters or compose text with pen or keyboard,to write,Er schreibt jeden Tag fünfzig E-Mails.,He writes fifty emails every day.,A1,verb,5,essential,Fundamental communication and literacy verb,curator,2026-03-28,48,neutral,DACH,communication|work,verb,,,,false,false,haben,schreibt,schrieb,geschrieben,+ Dativ + Akkusativ; an + Akkusativ,einen Brief schreiben|eine Nachricht schreiben,verfassen|notieren,lesen,,Goethe-Zertifikat A1 Start Deutsch 1 Wortliste,https://www.goethe.de,verified
720,vocabulary,Schuh,protective external covering for the human foot,shoe,Zieh die Schuhe aus!,Take off your shoes!,A1,noun,5,essential,Core clothing and apparel noun,curator,2026-03-28,290,neutral,DACH,clothing|daily life,noun|clothing,der,Schuhe,Schuhes,false,false,,,,,,none,die Schuhe anziehen|neue Schuhe kaufen|Sportschuhe,Fußbekleidung|Stiefel,,Goethe-Zertifikat A1 Start Deutsch 1 Wortliste,https://www.goethe.de,verified
721,vocabulary,Schule,educational institution where students learn,school,Meine Tochter geht schon in die Schule. / Die Schule ist gleich hier um die Ecke.,My daughter already goes to school. / The school is right around the corner.,A1,noun,5,essential,Core educational infrastructure noun,curator,2026-03-28,95,neutral,DACH,education|children,noun|education,die,Schulen,Schule,false,false,,,,,,none,in die Schule gehen|nach der Schule|Sprachschule,Bildungsanstalt|Lehranstalt,,Goethe-Zertifikat A1 Start Deutsch 1 Wortliste,https://www.goethe.de,verified
722,vocabulary,Schüler,learner attending an elementary secondary or language school,student; pupil,In meinem Kurs sind acht Schülerinnen und fünf Schüler.,In my course there are eight female students and five male students.,A1,noun,4,very_common,Educational participant noun,curator,2026-03-28,180,neutral,DACH,education|learning,noun|people,der,Schüler,Schülers,false,false,,,,,,none,Schüler und Lehrer|Schüler im Kurs,Lernender|Eleve|Gymnasiast,Lehrer,Goethe-Zertifikat A1 Start Deutsch 1 Wortliste,https://www.goethe.de,verified
723,vocabulary,Schülerin,female learner attending a school,student (female); pupil,In meinem Kurs sind acht Schülerinnen und fünf Schüler.,In my course there are eight female students and five male students.,A1,noun,4,very_common,Core educational learner noun,curator,2026-03-28,220,neutral,DACH,education|learning,noun|people,die,Schülerinnen,Schülerin,false,false,,,,,,none,fleißige Schülerin|Schülerin der Klasse,Lernende|Gymnasiastin,Schüler,Goethe-Zertifikat A1 Start Deutsch 1 Wortliste,https://www.goethe.de,verified
724,vocabulary,schwarz,of the darkest color having no reflected light,black,Das Auto ist schwarz.,The car is black.,A1,adjective,5,essential,Core color adjective,curator,2026-03-28,85,neutral,DACH,description|colors,adjective,,,,false,false,,,,,none,schwarzer Kaffee|schwarze Haare,dunkel,weiß,,Goethe-Zertifikat A1 Start Deutsch 1 Wortliste,https://www.goethe.de,verified
725,vocabulary,Schweiz,federal confederation in Central Europe,Switzerland,Ich komme aus der Schweiz. Das ist meine Heimat.,I come from Switzerland. That is my homeland.,A1,noun,5,essential,European DACH country name noun,curator,2026-03-28,95,neutral,DACH,geography|countries,noun|geography,die,,Schweiz,false,false,,,,,,none,aus der Schweiz kommen|in die Schweiz fahren,Schweizerische Eidgenossenschaft,,Goethe-Zertifikat A1 Start Deutsch 1 Wortliste,https://www.goethe.de,verified
726,vocabulary,Schweizer,male native or citizen of Switzerland,Swiss (male),Er ist Schweizer.,He is Swiss.,A1,noun,4,very_common,Nationality demographic noun,curator,2026-03-28,310,neutral,DACH,identity|countries,noun|people,der,Schweizer,Schweizers,false,false,,,,,,none,der Schweizer|Schweizer Uhren,Eidgenosse,Schweizerin,Goethe-Zertifikat A1 Start Deutsch 1 Wortliste,https://www.goethe.de,verified
727,vocabulary,Schweizerin,female native or citizen of Switzerland,Swiss (female),Sie ist Schweizerin.,She is a Swiss woman.,A1,noun,4,very_common,Nationality demographic noun,curator,2026-03-28,390,neutral,DACH,identity|countries,noun|people,die,Schweizerinnen,Schweizerin,false,false,,,,,,none,die Schweizerin|als Schweizerin in Basel wohnen,Eidgenossin,Schweizer,Goethe-Zertifikat A1 Start Deutsch 1 Wortliste,https://www.goethe.de,verified
728,vocabulary,schweizerisch,of or relating to Switzerland its institutions or culture,Swiss,Das ist ein schweizerisches Produkt.,That is a Swiss product.,A1,adjective,4,very_common,Regional DACH national adjective,curator,2026-03-28,240,neutral,DACH,identity|countries,adjective,,,,false,false,,,,,none,schweizerischer Pass|schweizerische Grenze,helvetisch,,,Goethe-Zertifikat A1 Start Deutsch 1 Wortliste,https://www.goethe.de,verified
729,vocabulary,schwer,having great physical mass or demanding significant effort,heavy; difficult,Ist Ihr Gepäck sehr schwer? / Das ist eine schwere Arbeit.,Is your luggage very heavy? / That is hard work.,A1,adjective,5,essential,Core physical and cognitive attribute adjective,curator,2026-03-28,65,neutral,DACH,general|description,adjective,,,,false,false,,,,,none,sehr schwer|schwerer Koffer|schwere Aufgabe,wuchtig|mühsam|kompliziert,leicht|einfach,,Goethe-Zertifikat A1 Start Deutsch 1 Wortliste,https://www.goethe.de,verified
730,vocabulary,Schwester,female sibling sharing the same parents,sister,Meine Schwester kommt am Dienstag.,My sister is coming on Tuesday.,A1,noun,5,essential,Core family genealogy noun,curator,2026-03-28,210,neutral,DACH,family|personal,noun|family,die,Schwestern,Schwester,false,false,,,,,,none,meine Schwester|ältere Schwester,weibliches Geschwisterteil,Bruder,Goethe-Zertifikat A1 Start Deutsch 1 Wortliste,https://www.goethe.de,verified
731,vocabulary,Schwimmbad,public recreational pool facility for swimming,swimming pool,Kommst du mit ins Schwimmbad?,Are you coming along to the swimming pool?,A1,noun,4,very_common,Leisure sports facility noun,curator,2026-03-28,490,neutral,DACH,sports|leisure,noun|sports,das,Schwimmbäder,Schwimmbades,false,false,,,,,,none,ins Schwimmbad gehen|im Schwimmbad sein,Badeanstalt|Freibad|Hallenbad,,Goethe-Zertifikat A1 Start Deutsch 1 Wortliste,https://www.goethe.de,verified
732,vocabulary,schwimmen,to propel oneself through water using bodily movements,to swim,Ich schwimme jeden Tag einen Kilometer.,I swim one kilometer every day.,A1,verb,4,very_common,Sports and leisure physical verb,curator,2026-03-28,340,neutral,DACH,sports|leisure,verb|sports,,,,false,false,sein,schwimmt,schwamm,geschwommen,intransitive; in + Dativ,im See schwimmen|gern schwimmen,baden|paddeln,baden|paddeln,,Goethe-Zertifikat A1 Start Deutsch 1 Wortliste,https://www.goethe.de,verified
733,vocabulary,sechs,cardinal number following five and preceding seven,six,Ich schlafe meistens sechs Stunden.,I usually sleep six hours.,A1,numeral,5,essential,Fundamental cardinal number,curator,2026-03-28,75,neutral,DACH,numbers|general,numeral,,,,false,false,,,,,none,sechs Uhr|um sechs,Sextett,,,Goethe-Zertifikat A1 Start Deutsch 1 Wortliste,https://www.goethe.de,verified
734,vocabulary,sechzehn,cardinal number following fifteen and preceding seventeen,sixteen,Die Gruppe beginnt um sechzehn Uhr.,The group begins at sixteen o'clock (4 PM).,A1,numeral,4,very_common,Cardinal number,curator,2026-03-28,230,neutral,DACH,numbers|general,numeral,,,,false,false,,,,,none,sechzehn Uhr|sechzehn Jahre alt,Sechzehntel,,,Goethe-Zertifikat A1 Start Deutsch 1 Wortliste,https://www.goethe.de,verified
735,vocabulary,sechzig,cardinal number equal to six tens,sixty,Er fährt sechzig Kilometer pro Stunde.,He is driving sixty kilometers per hour.,A1,numeral,4,very_common,Core cardinal ten-unit,curator,2026-03-28,160,neutral,DACH,numbers|general,numeral,,,,false,false,,,,,none,sechzig Jahre|sechzig Minuten,Sechzigstel,,,Goethe-Zertifikat A1 Start Deutsch 1 Wortliste,https://www.goethe.de,verified
736,vocabulary,See,large inland body of standing fresh or salt water,lake,Komm wir fahren zum Starnberger See.,"Come on, let's drive to Lake Starnberg.",A1,noun,4,very_common,Core geography and outdoor nature noun,curator,2026-03-28,210,neutral,DACH,travel|nature,noun|geography,der,Seen,Sees,false,false,,,,,,none,am See liegen|an den See fahren,Binnengewässer,Meer,Goethe-Zertifikat A1 Start Deutsch 1 Wortliste,https://www.goethe.de,verified
737,vocabulary,sehen,to perceive visually with the eyes; to meet or watch,to see; to watch,Ich kann dich nicht sehen. / Ich habe diesen Jungen schon einmal gesehen.,I cannot see you. / I have seen this boy before.,A1,verb,5,essential,Top-tier sensory visual verb,curator,2026-03-28,18,neutral,DACH,sensory|general,verb,,,,false,false,haben,sieht,sah,gesehen,+ Akkusativ; intransitive,einen Film sehen|sich wiedersehen|fernsehen,erblicken|anschauen|betrachten,übersehen,,Goethe-Zertifikat A1 Start Deutsch 1 Wortliste,https://www.goethe.de,verified
738,vocabulary,Sehenswürdigkeit,prominent historic or cultural monument attracting tourists,sight; tourist attraction,Welche Sehenswürdigkeiten gibt es in Frankfurt?,What sights are there in Frankfurt?,A1,noun,4,very_common,Core tourism travel noun,curator,2026-03-28,620,neutral,DACH,travel|culture,noun|tourism,die,Sehenswürdigkeiten,Sehenswürdigkeit,false,false,,,,,,none,die Sehenswürdigkeiten besichtigen|berühmte Sehenswürdigkeit,Attraktion|Denkmal|Highlight,,Goethe-Zertifikat A1 Start Deutsch 1 Wortliste,https://www.goethe.de,verified
739,vocabulary,sehr,in high degree or to a great extent,very; very much,Danke sehr! / Das ist sehr schwer.,Thank you very much! / That is very difficult.,A1,adverb,5,essential,Core intensifying degree adverb,curator,2026-03-28,14,neutral,DACH,general,adverb|degree,,,,false,false,,,,,none,sehr gut|sehr viel|danke sehr,überaus|ungemein|enorm,kaum|wenig,,Goethe-Zertifikat A1 Start Deutsch 1 Wortliste,https://www.goethe.de,verified
740,vocabulary,sein,copula verb expressing existence or identity; auxiliary verb,to be,Herr Müller ist in seinem Zimmer. / Mir ist kalt. / Ich bin dreiundzwanzig.,Mr. Müller is in his room. / I am cold. / I am twenty-three.,A1,verb,5,essential,Top-tier existence and copular auxiliary verb,curator,2026-03-28,1,neutral,DACH,grammar|general,verb|auxiliary,,,,false,false,sein,ist,war,gewesen,+ Prädikativ; an + Dativ; in + Dativ,zu Hause sein|verheiratet sein|da sein,existieren|sich befinden,existieren|sich befinden,,Goethe-Zertifikat A1 Start Deutsch 1 Wortliste,https://www.goethe.de,verified
741,vocabulary,seit,starting at a past moment and continuing until now,since; for,Ich wohne seit drei Jahren in Köln.,I have lived in Cologne for three years.,A1,preposition,5,essential,Core continuous duration preposition,curator,2026-03-28,38,neutral,DACH,time|general,preposition|time,,,,false,false,,,,,+ Dativ,seit gestern|seit einem Jahr|seit wann,von ... an|ab,,not English 'site' (Website),Goethe-Zertifikat A1 Start Deutsch 1 Wortliste,https://www.goethe.de,verified
742,vocabulary,Sekunde,unit of time equal to one sixtieth of a minute,second (time),Warten Sie bitte eine Sekunde.,Please wait a second.,A1,noun,4,very_common,Temporal measurement noun,curator,2026-03-28,320,neutral,DACH,time|measurements,noun|time,die,Sekunden,Sekunde,false,false,,,,,,none,jede Sekunde zählt|eine Sekunde bitte,Augenblick|Moment,,Goethe-Zertifikat A1 Start Deutsch 1 Wortliste,https://www.goethe.de,verified
743,vocabulary,selbstständig,working on one's own account as freelancer or business owner,self-employed; independent,Er ist selbstständig.,He is self-employed.,A1,adjective,4,very_common,Employment status and identity adjective,curator,2026-03-28,420,neutral,DACH,work|identity,adjective|work,,,,false,false,,,,,none,selbstständig arbeiten|selbstständig sein,freiberuflich|eigenständig|unabhängig,angestellt|unselbstständig,,Goethe-Zertifikat A1 Start Deutsch 1 Wortliste,https://www.goethe.de,verified
744,vocabulary,September,ninth month of the calendar year,September,Ich nehme im September Urlaub.,I am taking vacation in September.,A1,noun,4,very_common,Core calendar month noun,curator,2026-03-28,225,neutral,DACH,time|calendar,noun|calendar,der,September,Septembers,false,false,,,,,,none,im September|Anfang September,Herbstmonat,,Goethe-Zertifikat A1 Start Deutsch 1 Wortliste,https://www.goethe.de,verified
745,vocabulary,sich,third-person reflexive pronoun,himself; herself; itself; themselves,Sie müssen sich erst anmelden.,You must register first.,A1,pronoun,5,essential,Fundamental 3rd-person reflexive pronoun,curator,2026-03-28,6,neutral,DACH,general|grammar,pronoun|reflexive,,,,true,false,,,,,none,sich freuen|sich waschen|für sich,selbst,,,Goethe-Zertifikat A1 Start Deutsch 1 Wortliste,https://www.goethe.de,verified
746,vocabulary,sie,third-person singular feminine or third-person plural pronoun,she; her; they; them,Wie heißt sie?,What is her name?,A1,pronoun,5,essential,Fundamental 3rd-person pronoun,curator,2026-03-28,5,neutral,DACH,general|personal,pronoun|personal,,,,false,false,,,,,none,sie selbst|wer ist sie|sie kommen alle,jene|dieselbe,er|es,,Goethe-Zertifikat A1 Start Deutsch 1 Wortliste,https://www.goethe.de,verified
747,vocabulary,Sie,second-person formal address pronoun (singular and plural),you (formal),Wie heißen Sie bitte?,"What is your name, please?",A1,pronoun,5,essential,Fundamental polite address pronoun,curator,2026-03-28,8,neutral,DACH,communication|politeness,pronoun|personal,,,,false,false,,,,,none,wie heißen Sie|können Sie mir helfen,Euer Ehren,du|ihr,,Goethe-Zertifikat A1 Start Deutsch 1 Wortliste,https://www.goethe.de,verified
748,vocabulary,sieben,cardinal number following six and preceding eight,seven,Er kommt um sieben Uhr.,He comes at seven o'clock.,A1,numeral,5,essential,Fundamental cardinal number,curator,2026-03-28,78,neutral,DACH,numbers|general,numeral,,,,false,false,,,,,none,sieben Tage|sieben Uhr fünfzehn,Siebtel,,,Goethe-Zertifikat A1 Start Deutsch 1 Wortliste,https://www.goethe.de,verified
749,vocabulary,siebzehn,cardinal number following sixteen and preceding eighteen,seventeen,Dreizehn Uhr siebzehn.,13:17.,A1,numeral,4,very_common,Cardinal number,curator,2026-03-28,260,neutral,DACH,numbers|general,numeral,,,,false,false,,,,,none,siebzehn Uhr|siebzehn Euro,Siebzehntel,,,Goethe-Zertifikat A1 Start Deutsch 1 Wortliste,https://www.goethe.de,verified
750,vocabulary,siebzig,cardinal number equal to seven tens,seventy,Sein Großvater ist schon siebzig.,His grandfather is already seventy.,A1,numeral,4,very_common,Core cardinal ten-unit,curator,2026-03-28,180,neutral,DACH,numbers|general,numeral,,,,false,false,,,,,none,siebzig Kilo|siebzig Jahre,Siebzigstel,,,Goethe-Zertifikat A1 Start Deutsch 1 Wortliste,https://www.goethe.de,verified
751,vocabulary,sitzen,to rest bodily with buttocks supported on a seat,to sit; to be seated,Wo sitzen Sie?,Where are you sitting?,A1,verb,5,essential,Fundamental static posture verb,curator,2026-03-28,68,neutral,DACH,daily life|general,verb,,,,false,false,haben,sitzt,saß,gesessen,intransitive; auf/in + Dativ,auf dem Stuhl sitzen|im Park sitzen,Platz nehmen|hocken,stehen|liegen,,Goethe-Zertifikat A1 Start Deutsch 1 Wortliste,https://www.goethe.de,verified
752,vocabulary,so,in that way; to this extent; conversational connector,like this; so; as ... as,"Sie müssen das so machen! / Fahren Sie bitte nicht so schnell! / Meine Frau ist so groß wie ich. / So, das war's!","You must do it like this! / Please do not drive so fast! / My wife is as tall as I am. / So, that's it!",A1,adverb,5,essential,Top-tier comparative modal and discourse adverb,curator,2026-03-28,11,neutral,DACH,communication|general,adverb|connector,,,,false,false,,,,,none,so wie|so viel|genau so|ach so,auf diese Weise|derartig,,,Goethe-Zertifikat A1 Start Deutsch 1 Wortliste,https://www.goethe.de,verified
753,vocabulary,Sofa,upholstered comfortable long seat with back and arms,sofa; couch,Das Sofa ist neu.,The sofa is new.,A1,noun,4,very_common,Core living room furniture noun,curator,2026-03-28,480,neutral,DACH,housing|furniture,noun|furniture,das,Sofas,Sofas,false,false,,,,,,none,auf dem Sofa sitzen|neues Sofa kaufen,Couch|Kanapee|Polsterbank,,Goethe-Zertifikat A1 Start Deutsch 1 Wortliste,https://www.goethe.de,verified
754,vocabulary,sofort,without any delay whatsoever; right away,immediately; right away,Bitte antworten Sie sofort.,Please reply immediately.,A1,adverb,5,essential,Core promptness temporal adverb,curator,2026-03-28,82,neutral,DACH,time|communication,adverb|time,,,,false,false,,,,,none,sofort kommen|nicht sofort|ab sofort,augenblicklich|gleich|unverzüglich,später|irgendwann,,Goethe-Zertifikat A1 Start Deutsch 1 Wortliste,https://www.goethe.de,verified
755,vocabulary,Sohn,male child in relation to his parents,son,"Das ist Hans, mein Sohn.","That is Hans, my son.",A1,noun,5,essential,Core family genealogy noun,curator,2026-03-28,180,neutral,DACH,family|personal,noun|family,der,Söhne,Sohnes,false,false,,,,,,none,mein Sohn|Vater und Sohn,männlicher Nachkomme,Tochter,Goethe-Zertifikat A1 Start Deutsch 1 Wortliste,https://www.goethe.de,verified
756,vocabulary,sollen,modal verb indicating requirement suggestion or moral duty,should; ought to; to be supposed to,Soll ich kommen? / Was soll ich mitbringen?,Should I come? / What should I bring?,A1,verb,5,essential,Core modal verb of obligation/suggestion,curator,2026-03-28,26,neutral,DACH,grammar|modal,verb|modal,,,,false,false,haben,soll,sollte,gesollt,+ Infinitiv,was soll das|du sollst lernen,die Pflicht haben|bestimmt sein zu,verpflichtet sein|den Auftrag haben,,Goethe-Zertifikat A1 Start Deutsch 1 Wortliste,https://www.goethe.de,verified
757,vocabulary,Sommer,warmest season of the year between spring and autumn,summer,Im Sommer ist es bis 21 Uhr hell.,In summer it is light until 21:00.,A1,noun,5,essential,Core calendar season noun,curator,2026-03-28,140,neutral,DACH,time|nature,noun|season,der,Sommer,Sommers,false,false,,,,,,none,im Sommer|Sommerurlaub|heißer Sommer,Sommerzeit,Winter,Goethe-Zertifikat A1 Start Deutsch 1 Wortliste,https://www.goethe.de,verified
758,vocabulary,Sonnabend,northern/eastern German designation for Saturday,Saturday,Der Laden öffnet am Sonnabend.,The shop opens on Saturday.,A1,noun,4,very_common,Regional calendar weekday noun,curator,2026-03-28,310,neutral,DE-North|DE-East,time|calendar,noun|calendar,der,Sonnabende,Sonnabends,false,false,,,,,,none,am Sonnabend|Sonnabend früh,Samstag,,Goethe-Zertifikat A1 Start Deutsch 1 Wortliste,https://www.goethe.de,verified
759,vocabulary,Sonne,luminous planetary body providing warmth and light to Earth,sun,Die Sonne scheint.,The sun is shining.,A1,noun,5,essential,Core nature and weather noun,curator,2026-03-28,125,neutral,DACH,weather|nature,noun|nature,die,,Sonne,false,false,,,,,,none,in der Sonne liegen|die Sonne geht auf,Zentralgestirn|Sonnenschein,Mond,Goethe-Zertifikat A1 Start Deutsch 1 Wortliste,https://www.goethe.de,verified
760,vocabulary,Sonntag,last day of the week and day of rest,Sunday,Am Sonntag frühstücke ich gern im Bett.,On Sunday I like having breakfast in bed.,A1,noun,5,essential,Core weekend calendar noun,curator,2026-03-28,145,neutral,DACH,time|calendar,noun|calendar,der,Sonntage,Sonntags,false,false,,,,,,none,am Sonntag|Sonntagskuchen|jeden Sonntag,Ruhetag,,Goethe-Zertifikat A1 Start Deutsch 1 Wortliste,https://www.goethe.de,verified
761,vocabulary,Spanien,sovereign state located on the Iberian Peninsula,Spain,Meine Familie lebt in Spanien.,My family lives in Spain.,A1,noun,5,essential,European country name noun,curator,2026-03-28,140,neutral,DACH,geography|countries,noun|geography,das,,Spaniens,false,false,,,,,,none,nach Spanien reisen|Urlaub in Spanien,Königreich Spanien,,Goethe-Zertifikat A1 Start Deutsch 1 Wortliste,https://www.goethe.de,verified
762,vocabulary,Spanier,male native or citizen of Spain,Spaniard (male),Ich bin auch Spanier.,I am also Spanish (a Spaniard).,A1,noun,4,very_common,Nationality demographic noun,curator,2026-03-28,460,neutral,DACH,identity|countries,noun|people,der,Spanier,Spaniers,false,false,,,,,,none,der Spanier|stolzer Spanier,spanischer Bürger,Spanierin,Goethe-Zertifikat A1 Start Deutsch 1 Wortliste,https://www.goethe.de,verified
763,vocabulary,Spanierin,female native or citizen of Spain,Spaniard (female),Sie ist Spanierin.,She is Spanish (a Spaniard).,A1,noun,4,very_common,Nationality demographic noun,curator,2026-03-28,520,neutral,DACH,identity|countries,noun|people,die,Spanierinnen,Spanierin,false,false,,,,,,none,die Spanierin|Conchi ist Spanierin,spanische Bürgerin,Spanier,Goethe-Zertifikat A1 Start Deutsch 1 Wortliste,https://www.goethe.de,verified
764,vocabulary,spanisch,of or relating to Spain its culture or language,Spanish,Ich lerne Spanisch.,I am learning Spanish.,A1,adjective,5,essential,National origin and linguistic adjective,curator,2026-03-28,210,neutral,DACH,language|identity,adjective,,,,false,false,,,,,none,auf Spanisch|spanische Sprache|spanischer Wein,iberisch,,,Goethe-Zertifikat A1 Start Deutsch 1 Wortliste,https://www.goethe.de,verified
765,vocabulary,spät,occurring after the scheduled or customary time; advanced in time,late,"Es ist schon spät, ich muss gehen.","It is already late, I must go.",A1,adjective,5,essential,Core temporal adjective/adverb,curator,2026-03-28,68,neutral,DACH,time|general,adverb|time,,,,false,false,,,,,none,zu spät kommen|wie spät ist es,verspätet|abendlich,früh,,Goethe-Zertifikat A1 Start Deutsch 1 Wortliste,https://www.goethe.de,verified
766,vocabulary,später,at an ensuing future time; comparative of spät,later,Das können wir später machen.,We can do that later.,A1,adverb,5,essential,Core future sequencing adverb,curator,2026-03-28,88,neutral,DACH,time|general,adverb|time,,,,false,false,,,,,none,bis später|später kommen|etwas später,nachher|danach,früher|jetzt,,Goethe-Zertifikat A1 Start Deutsch 1 Wortliste,https://www.goethe.de,verified
767,vocabulary,Speise,prepared food dish served at a meal,dish; food; course,Auf der Karte stehen viele Speisen.,There are many dishes on the menu.,A1,noun,4,very_common,Gastronomy and restaurant food noun,curator,2026-03-28,440,neutral,DACH,food|dining,noun|food,die,Speisen,Speise,false,false,,,,,,none,Speisen und Getränke|süße Speise,Gericht|Mahlzeit|Kost,Getränk,Goethe-Zertifikat A1 Start Deutsch 1 Wortliste,https://www.goethe.de,verified
768,vocabulary,Speisekarte,printed sheet or booklet listing available restaurant dishes,menu,Bringen Sie mir die Speisekarte bitte.,"Bring me the menu, please.",A1,noun,4,very_common,Core dining and gastronomy noun,curator,2026-03-28,580,neutral,DACH,dining|food,noun|dining,die,Speisekarten,Speisekarte,false,false,,,,,,none,die Speisekarte studieren|auf der Speisekarte,Menükarte|Menü|Speisenfolge,,Goethe-Zertifikat A1 Start Deutsch 1 Wortliste,https://www.goethe.de,verified
769,vocabulary,spielen,to take part in a game sport or musical activity,to play,Die Kinder spielen draußen. / Spielen Sie Karten?,The children are playing outside. / Do you play cards?,A1,verb,5,essential,Core leisure recreation and sports verb,curator,2026-03-28,60,neutral,DACH,sports|leisure,verb,,,,false,false,haben,spielt,spielte,gespielt,+ Akkusativ; intransitive; mit + Dativ,Fußball spielen|Klavier spielen|Theater spielen,zocken|sich vergnügen|musizieren,arbeiten,,Goethe-Zertifikat A1 Start Deutsch 1 Wortliste,https://www.goethe.de,verified
770,vocabulary,Sport,organized athletic activities requiring physical exertion,sports; physical exercise,Ich mache viel Sport.,I do a lot of sports.,A1,noun,5,essential,Core leisure health and fitness noun,curator,2026-03-28,190,neutral,DACH,sports|health,noun|sports,der,,Sportes,false,false,,,,,,none,Sport treiben|Sport machen|Sportverein,Leibesertüchtigung|Fitness|Leichtathletik,,Goethe-Zertifikat A1 Start Deutsch 1 Wortliste,https://www.goethe.de,verified
771,vocabulary,Sportschuh,sturdy shoe designed for athletic activity and exercise,athletic shoe; sneaker,Heute sind Sportschuhe im Angebot.,Today sports shoes are on sale.,A1,noun,4,very_common,Footwear apparel noun,curator,2026-03-28,520,neutral,DACH,shopping|sports,noun|clothing,der,Sportschuhe,Sportschuhs,false,false,,,,,,none,Sportschuhe kaufen|bequeme Sportschuhe,Sneaker|Turnschuh,,Goethe-Zertifikat A1 Start Deutsch 1 Wortliste,https://www.goethe.de,verified
772,vocabulary,Sprache,structured communicative vocal system used by humans,language,Welche Sprachen sprichst du?,Which languages do you speak?,A1,noun,5,essential,Core linguistic and cultural noun,curator,2026-03-28,110,neutral,DACH,language|learning,noun|language,die,Sprachen,Sprache,false,false,,,,,,none,eine Fremdsprache lernen|meine Muttersprache,Zunge|Idiom|Mundart,,Goethe-Zertifikat A1 Start Deutsch 1 Wortliste,https://www.goethe.de,verified
773,vocabulary,sprechen,to communicate ideas using vocal words,to speak; to talk,Kann ich (mit) Herrn Klein sprechen?,Can I speak with Mr. Klein?,A1,verb,5,essential,Top-tier communication verb,curator,2026-03-28,34,neutral,DACH,communication|language,verb,,,,false,false,haben,spricht,sprach,gesprochen,intransitive; mit + Dativ; über + Akkusativ,Deutsch sprechen|laut sprechen|mit jemandem sprechen,reden|unterhalten|sagen,schweigen,,Goethe-Zertifikat A1 Start Deutsch 1 Wortliste,https://www.goethe.de,verified
774,vocabulary,Staatsangehörigkeit,legal status of belonging to a specific nation,nationality; citizenship,Welche Staatsangehörigkeit haben Sie?,What citizenship do you hold?,A1,noun,4,very_common,Official legal identity noun,curator,2026-03-28,580,neutral,DACH,identity|official forms,noun|identity,die,Staatsangehörigkeiten,Staatsangehörigkeit,false,false,,,,,,none,deutsche Staatsangehörigkeit|Staatsangehörigkeit eintragen,Staatsbürgerschaft|Nationalität,,Goethe-Zertifikat A1 Start Deutsch 1 Wortliste,https://www.goethe.de,verified
775,vocabulary,Stadt,large inhabited permanent urban human settlement,city; town,Heidelberg ist eine alte Stadt.,Heidelberg is an old city.,A1,noun,5,essential,Core geographic and municipal noun,curator,2026-03-28,35,neutral,DACH,geography|spatial,noun|settlement,die,Städte,Stadt,false,false,,,,,,none,in der Stadt wohnen|große Stadt|in die Stadt fahren,Metropole|City|Ortschaft,Land|Dorf,Goethe-Zertifikat A1 Start Deutsch 1 Wortliste,https://www.goethe.de,verified
776,vocabulary,Stadtplan,cartographic map of streets and landmarks of a city,city map,Ich kaufe mir einen Stadtplan.,I buy myself a city map.,A1,noun,4,very_common,Tourism orientation noun,curator,2026-03-28,680,neutral,DACH,travel|orientation,noun|orientation,der,Stadtpläne,Stadtplanes,false,false,,,,,,none,auf dem Stadtplan suchen|einen Stadtplan kaufen,Stadtkarte|Straßenkarte,,Goethe-Zertifikat A1 Start Deutsch 1 Wortliste,https://www.goethe.de,verified
777,vocabulary,stehen,to occupy a vertical stationary upright position; to be stated in print,to stand; to be located; to be written,"Ich glaube es nicht, aber es steht in der Zeitung. / Der Bus steht schon an der Haltestelle.","I don't believe it, but it's in the newspaper. / The bus is already standing at the stop.",A1,verb,5,essential,Top-tier static locative verb,curator,2026-03-28,26,neutral,DACH,spatial|general,verb,,,,false,false,haben,steht,stand,gestanden,intransitive; an/in/auf + Dativ,an der Haltestelle stehen|in der Zeitung stehen,sich befinden|verharren,liegen|sitzen,,Goethe-Zertifikat A1 Start Deutsch 1 Wortliste,https://www.goethe.de,verified
778,vocabulary,Stelle,specific job position employment vacancy or place,position; job; spot,Ich habe eine neue Stelle.,I have a new job.,A1,noun,4,very_common,Employment vacancy and career noun,curator,2026-03-28,140,neutral,DACH,work|employment,noun|work,die,Stellen,Stelle,false,false,,,,,,none,eine Stelle finden|freie Stelle|an mehreren Stellen,Arbeitsstelle|Arbeitsplatz|Posten,,Goethe-Zertifikat A1 Start Deutsch 1 Wortliste,https://www.goethe.de,verified
779,vocabulary,stellen,to place or put an object into an upright position,to place; to set; to put,Stell die Tasche rechts in die Ecke!,Put the bag in the corner on the right!,A1,verb,5,essential,Core spatial placement action verb,curator,2026-03-28,85,neutral,DACH,daily life|spatial,verb,,,,false,false,haben,stellt,stellte,gestellt,+ Akkusativ + Direktiv,in die Ecke stellen|auf den Tisch stellen,platzieren|hinstellen,legen|setzen,,Goethe-Zertifikat A1 Start Deutsch 1 Wortliste,https://www.goethe.de,verified
780,vocabulary,Stock,level or floor within a multistory building,floor; story,Unsere Wohnung liegt im ersten Stock.,Our apartment is on the first floor.,A1,noun,4,very_common,Housing and building level noun,curator,2026-03-28,340,neutral,DACH,housing|orientation,noun|building,der,Stockwerke,Stockes,false,false,,,,,,none,im ersten Stock|dritter Stock,Stockwerk|Etage,,Goethe-Zertifikat A1 Start Deutsch 1 Wortliste,https://www.goethe.de,verified
781,vocabulary,Straße,paved public thoroughfare in a town or city,street; road,In welcher Straße wohnen Sie?,On which street do you live?,A1,noun,5,essential,Core address and orientation noun,curator,2026-03-28,95,neutral,DACH,spatial|identity,noun|orientation,die,Straßen,Straße,false,false,,,,,,none,auf der Straße|Straße überqueren|Bahnhofstraße,Fahrbahn|Weg|Gasse,,Goethe-Zertifikat A1 Start Deutsch 1 Wortliste,https://www.goethe.de,verified
782,vocabulary,Straßenbahn,rail vehicle running on public street tracks,tram; streetcar,Wo fährt die Straßenbahn ab?,Where does the tram depart?,A1,noun,4,very_common,Public municipal transit noun,curator,2026-03-28,490,neutral,DACH,travel|transport,noun|transport,die,Straßenbahnen,Straßenbahn,false,false,,,,,,none,mit der Straßenbahn fahren|Straßenbahnhaltestelle,Tram|Trambahn,,Goethe-Zertifikat A1 Start Deutsch 1 Wortliste,https://www.goethe.de,verified
783,vocabulary,Student,person enrolled in higher education studies,university student,Ich bin Studentin.,I am a (female) university student.,A1,noun,5,essential,Higher education demographic noun,curator,2026-03-28,180,neutral,DACH,education|identity,noun|people,der,Studenten,Studenten,false,false,,,,,,none,Student an der Uni|Studentenwohnheim,Hochschüler|Studierender,Schüler,Goethe-Zertifikat A1 Start Deutsch 1 Wortliste,https://www.goethe.de,verified
784,vocabulary,Studentin,female enrolled in higher education university studies,university student (female),Ich bin Studentin.,I am a student (female).,A1,noun,5,essential,Higher education demographic noun,curator,2026-03-28,210,neutral,DACH,education|identity,noun|people,die,Studentinnen,Studentin,false,false,,,,,,none,Studentin an der Uni|fleißige Studentin,Hochschülerin|Studierende,Student,Goethe-Zertifikat A1 Start Deutsch 1 Wortliste,https://www.goethe.de,verified
785,vocabulary,studieren,to study a discipline at university or college,to study (at university),Ich studiere in Mainz.,I study in Mainz.,A1,verb,4,very_common,Higher education academic verb,curator,2026-03-28,210,neutral,DACH,education|professions,verb|education,,,,false,false,haben,studiert,studierte,studiert,+ Akkusativ; intransitive,an der Universität studieren|Informatik studieren,ein Studium absolvieren|lernen,ein Studium absolvieren,,Goethe-Zertifikat A1 Start Deutsch 1 Wortliste,https://www.goethe.de,verified
786,vocabulary,Studium,academic course of study at tertiary level,studies; degree course,Das Studium beginnt im Oktober.,The university studies begin in October.,A1,noun,4,very_common,Higher education academic noun,curator,2026-03-28,290,neutral,DACH,education|professions,noun|education,das,Studien,Studiums,false,false,,,,,,none,ein Studium beginnen|Studium abschließen,Hochschulausbildung|Universitätsstudium,,Goethe-Zertifikat A1 Start Deutsch 1 Wortliste,https://www.goethe.de,verified
787,vocabulary,Stunde,unit of time equal to sixty minutes; lesson,hour; period,Ich bin in einer Stunde zurück.,I will be back in an hour.,A1,noun,5,essential,Core temporal measurement noun,curator,2026-03-28,82,neutral,DACH,time|education,noun|time,die,Stunden,Stunde,false,false,,,,,,none,eine Stunde warten|Unterrichtsstunde|pro Stunde,sechzig Minuten|Schulstunde,,Goethe-Zertifikat A1 Start Deutsch 1 Wortliste,https://www.goethe.de,verified
788,vocabulary,Stuttgart,capital city of Baden-Württemberg in southwestern Germany,Stuttgart,Ich fahre nur bis Stuttgart.,I am only traveling as far as Stuttgart.,A1,noun,4,very_common,Major German industrial city proper noun,curator,2026-03-28,120,neutral,DACH,geography|travel,noun|places,das,,Stuttgarts,false,false,,,,,,none,bis Stuttgart fahren|zwischen Frankfurt und Stuttgart,Landeshauptstadt Baden-Württemberg,,Goethe-Zertifikat A1 Start Deutsch 1 Wortliste,https://www.goethe.de,verified
789,vocabulary,suchen,to attempt to find or search for something,to look for; to search,Suchst du etwas?,Are you looking for something?,A1,verb,5,essential,Core action verb of seeking,curator,2026-03-28,95,neutral,DACH,daily life|general,verb,,,,false,false,haben,sucht,suchte,gesucht,+ Akkusativ; nach + Dativ,eine Arbeit suchen|Schlüssel suchen,Ausschau halten nach|fahnden,finden,,Goethe-Zertifikat A1 Start Deutsch 1 Wortliste,https://www.goethe.de,verified
790,vocabulary,Süden,cardinal direction towards the South Pole,south,Wir fahren in den Süden.,We are traveling south.,A1,noun,4,very_common,Compass cardinal direction noun,curator,2026-03-28,240,neutral,DACH,geography|spatial,noun|orientation,der,,Südens,false,false,,,,,,none,im Süden|Urlaub im Süden,Südpol|Mittag,Norden,Goethe-Zertifikat A1 Start Deutsch 1 Wortliste,https://www.goethe.de,verified
791,vocabulary,Tag,twenty-four hour period of daylight and night,day,Heute ist ein schöner Tag.,Today is a beautiful day.,A1,noun,5,essential,Core calendar and daily noun,curator,2026-03-28,15,neutral,DACH,time|calendar,noun|time,der,Tage,Tages,false,false,,,,,,none,guten Tag|jeden Tag|zwei Tage später,Kalendertag|Werktag,Nacht,Goethe-Zertifikat A1 Start Deutsch 1 Wortliste,https://www.goethe.de,verified
792,vocabulary,Tagesablauf,sequence of typical activities through the day,daily routine; daily schedule,Beschreiben Sie Ihren Tagesablauf.,Describe your daily routine.,A1,noun,4,very_common,Core lifestyle and scheduling noun,curator,2026-03-28,620,neutral,DACH,daily life|time,noun|schedule,der,Tagesabläufe,Tagesablaufs,false,false,,,,,,none,mein normaler Tagesablauf|den Tagesablauf planen,Tagesroutine|Tagesordnung,,Goethe-Zertifikat A1 Start Deutsch 1 Wortliste,https://www.goethe.de,verified
793,vocabulary,tanzen,to move rhythmically to music,to dance,Tanzen Sie gern?,Do you like dancing?,A1,verb,4,very_common,Leisure and social activity verb,curator,2026-03-28,310,neutral,DACH,leisure|social,verb,,,,false,false,haben,tanzt,tanzte,getanzt,intransitive; + Akkusativ,in der Disco tanzen|Salsa tanzen,sich rhythmisch bewegen,tanzen gehen|nach Musik tanzen,,Goethe-Zertifikat A1 Start Deutsch 1 Wortliste,https://www.goethe.de,verified
794,vocabulary,Tasche,portable flexible container or pocket for carrying items,bag; pocket,Ich habe die Schlüssel in der Tasche.,I have the keys in my pocket/bag.,A1,noun,5,essential,Everyday personal accessory noun,curator,2026-03-28,220,neutral,DACH,clothing|daily life,noun|apparel,die,Taschen,Tasche,false,false,,,,,,none,in der Tasche tragen|Handtasche|Reisetasche,Beutel|Hosentasche|Tragetasche,,Goethe-Zertifikat A1 Start Deutsch 1 Wortliste,https://www.goethe.de,verified
795,vocabulary,tausend,cardinal number equal to ten hundreds,thousand,Dieses Auto kostet tausend Euro mehr.,This car costs a thousand euros more.,A1,numeral,5,essential,Core large base numeral,curator,2026-03-28,78,neutral,DACH,numbers|general,numeral,,,,false,false,,,,,none,eintausend Euro|viele Tausend,Tausender,,,Goethe-Zertifikat A1 Start Deutsch 1 Wortliste,https://www.goethe.de,verified
796,vocabulary,Taxi,car licensed to transport passengers for a fare,taxi; cab,Es gibt heute keinen Bus mehr. Er fährt mit dem Taxi.,There is no bus today anymore. He travels by taxi.,A1,noun,4,very_common,Public transport vehicle noun,curator,2026-03-28,490,neutral,DACH,travel|transport,noun|transport,das,Taxis,Taxis,false,false,,,,,,none,ein Taxi rufen|mit dem Taxi fahren,Taxicab|Mietwagen,,Goethe-Zertifikat A1 Start Deutsch 1 Wortliste,https://www.goethe.de,verified
797,vocabulary,technisch,relating to technical appliances or mechanical skills,technical,Die Küche hat moderne technische Einrichtungen.,The kitchen has modern technical appliances.,A1,adjective,4,very_common,Appliances and infrastructure adjective,curator,2026-03-28,290,neutral,DACH,technology|housing,adjective,,,,false,false,,,,,none,technische Einrichtungen|technischer Defekt,maschinell|fachlich,,,Goethe-Zertifikat A1 Start Deutsch 1 Wortliste,https://www.goethe.de,verified
798,vocabulary,Tee,hot beverage made by infusing dried tea leaves,tea,Ich trinke morgens immer Tee.,I always drink tea in the mornings.,A1,noun,4,very_common,Core breakfast and grocery drink noun,curator,2026-03-28,420,neutral,DACH,food|dining,noun|food,der,,Tees,false,false,,,,,,none,eine Tasse Tee|grüner Tee|schwarzen Tee kochen,Aufgussgetränk,Kaffee,Goethe-Zertifikat A1 Start Deutsch 1 Wortliste,https://www.goethe.de,verified
799,vocabulary,Teil,portion piece or constituent component of a whole,part; section,Lies bitte auch den zweiten Teil.,Please read the second part too.,A1,noun,5,essential,Structural division noun,curator,2026-03-28,95,neutral,DACH,general|education,noun,der,Teile,Teils,false,false,,,,,,none,zum Teil|erster Teil|zum großen Teil,Abschnitt|Stück|Komponente,Ganzes,Goethe-Zertifikat A1 Start Deutsch 1 Wortliste,https://www.goethe.de,verified
800,vocabulary,Telefon,apparatus used for transmitting sound over distances,telephone; phone,Haben Sie Telefon?,Do you have a telephone?,A1,noun,4,very_common,Core communication device noun,curator,2026-03-28,320,neutral,DACH,communication|telecommunications,noun|tech,das,Telefone,Telefons,false,false,,,,,,none,ans Telefon gehen|das Telefon klingelt,Fernsprecher|Phone|Handy,,Goethe-Zertifikat A1 Start Deutsch 1 Wortliste,https://www.goethe.de,verified
801,vocabulary,Telefonanschluss,landline connection link for telecommunications,telephone connection; landline,Ist das die Anmeldung für einen Telefonanschluss?,Is that the registration for a telephone connection?,A1,noun,3,common,Domestic utility services noun,curator,2026-03-28,920,neutral,DACH,services|telecommunications,noun|services,der,Telefonanschlüsse,Telefonanschlusses,false,false,,,,,,none,einen Telefonanschluss anmelden|Festnetzanschluss,Telefonleitung,,Goethe-Zertifikat A1 Start Deutsch 1 Wortliste,https://www.goethe.de,verified
802,vocabulary,telefonieren,to conduct a spoken conversation by telephone,to speak on the phone; to make a phone call,Darf ich mal telefonieren?,May I make a telephone call?,A1,verb,4,very_common,Core telecommunications verb,curator,2026-03-28,260,neutral,DACH,communication|telecommunications,verb|phone,,,,false,false,haben,telefoniert,telefonierte,telefoniert,intransitive; mit + Dativ,mit Freunden telefonieren|stundenlang telefonieren,anrufen|phonen,anrufen|fonen,,Goethe-Zertifikat A1 Start Deutsch 1 Wortliste,https://www.goethe.de,verified
803,vocabulary,Telekommunikation,communication over distance by cable telegraph or phone,telecommunications,Die Telekommunikation ist heute sehr wichtig.,Telecommunications is very important today.,A1,noun,3,common,Digital services and phone network noun,curator,2026-03-28,640,neutral,DACH,technology|telecommunications,noun|services,die,,Telekommunikation,false,false,,,,,,none,im Bereich Telekommunikation|Telekommunikationsnetz,Fernmeldewesen|Nachrichtentechnik,,Goethe-Zertifikat A1 Start Deutsch 1 Wortliste,https://www.goethe.de,verified
804,vocabulary,Termin,arranged time for a meeting or consultation,appointment; date,Am besten machen wir sofort einen Termin.,It's best if we make an appointment right away.,A1,noun,5,essential,Core scheduling and planning noun,curator,2026-03-28,190,neutral,DACH,time|work|health,noun|schedule,der,Termine,Termins,false,false,,,,,,none,einen Termin vereinbaren|Termin beim Arzt,Verabredung|Treffen|Absprache,,Goethe-Zertifikat A1 Start Deutsch 1 Wortliste,https://www.goethe.de,verified
805,vocabulary,Test,formal procedure intended to evaluate ability/knowledge,test; quiz,Der Test war einfach.,The test was easy.,A1,noun,4,very_common,Core educational evaluation noun,curator,2026-03-28,260,neutral,DACH,education|exam,noun|exam,der,Tests,Tests,false,false,,,,,,none,einen Test schreiben|den Test bestehen,Prüfung|Klausur|Überprüfung,,Goethe-Zertifikat A1 Start Deutsch 1 Wortliste,https://www.goethe.de,verified
806,vocabulary,teuer,requiring a large payment of money; costly,expensive; costly,Das ist mir zu teuer.,That is too expensive for me.,A1,adjective,5,essential,Core pricing and shopping adjective,curator,2026-03-28,140,neutral,DACH,shopping|finances,adjective,,,,false,false,,,,,none,sehr teuer|zu teuer sein|teures Auto,kostspielig|hochpreisig,billig|günstig,,Goethe-Zertifikat A1 Start Deutsch 1 Wortliste,https://www.goethe.de,verified
807,vocabulary,Text,written or printed continuous sequence of words,text; passage,Lesen Sie bitte diesen Text.,Please read this text.,A1,noun,5,essential,Reading comprehension and exam noun,curator,2026-03-28,110,neutral,DACH,education|media,noun|reading,der,Texte,Textes,false,false,,,,,,none,einen Text lesen|den Text verstehen,Abschnitt|Lesetext|Schriftstück,,Goethe-Zertifikat A1 Start Deutsch 1 Wortliste,https://www.goethe.de,verified
808,vocabulary,Thema,subject or topic of discussion or thought,theme; topic; subject,Wir sprechen heute über das Thema Essen und Trinken.,Today we are speaking about the topic of food and drink.,A1,noun,4,very_common,Core conversational topic noun,curator,2026-03-28,130,neutral,DACH,communication|education,noun,das,Themen,Themas,false,false,,,,,,none,zum Thema sprechen|über ein Thema diskutieren,Gegenstand|Sachverhalt|Sujet,,Goethe-Zertifikat A1 Start Deutsch 1 Wortliste,https://www.goethe.de,verified
809,vocabulary,Ticket,voucher or card giving travel access or admission,ticket,Wie viel kostet das Ticket?,How much does the ticket cost?,A1,noun,4,very_common,Transit travel and event noun,curator,2026-03-28,290,neutral,DACH,travel|leisure,noun|transport,das,Tickets,Tickets,false,false,,,,,,none,ein Ticket buchen|Flugticket|Zugticket,Fahrkarte|Eintrittskarte|Fahrschein,,Goethe-Zertifikat A1 Start Deutsch 1 Wortliste,https://www.goethe.de,verified
810,vocabulary,Tier,living organism capable of voluntary motion and sensation,animal,Haben Sie Haustiere?,Do you have pets (domestic animals)?,A1,noun,4,very_common,Nature and domestic pets noun,curator,2026-03-28,260,neutral,DACH,nature|animals,noun|animals,das,Tiere,Tieres,false,false,,,,,,none,wilde Tiere|Haustiere halten,Lebewesen|Vierbeiner,Mensch|Pflanze,Goethe-Zertifikat A1 Start Deutsch 1 Wortliste,https://www.goethe.de,verified
811,vocabulary,Tisch,item of furniture with flat top supported by legs,table,Die Fotos liegen auf dem Tisch.,The photos are lying on the table.,A1,noun,5,essential,Core domestic furniture noun,curator,2026-03-28,140,neutral,DACH,housing|furniture,noun|furniture,der,Tische,Tisches,false,false,,,,,,none,am Tisch sitzen|auf den Tisch legen|einen Tisch reservieren,Esstisch|Schreibtisch,,Goethe-Zertifikat A1 Start Deutsch 1 Wortliste,https://www.goethe.de,verified
812,vocabulary,Tochter,female child in relation to her parents,daughter,Das ist meine Tochter Katharina.,That is my daughter Katharina.,A1,noun,5,essential,Core family relation noun,curator,2026-03-28,180,neutral,DACH,family|personal,noun|family,die,Töchter,Tochter,false,false,,,,,,none,meine Tochter|Tochter und Sohn,weiblicher Nachkomme,Sohn,Goethe-Zertifikat A1 Start Deutsch 1 Wortliste,https://www.goethe.de,verified
813,vocabulary,Toilette,sanitary fixture for urination and defecation; restroom,toilet; restroom,Wo ist die Toilette bitte?,"Where is the toilet, please?",A1,noun,5,essential,Core hygiene and orientation noun,curator,2026-03-28,340,neutral,DACH,hygiene|public,noun|hygiene,die,Toiletten,Toilette,false,false,,,,,,none,auf die Toilette gehen|Damentoilette,Klo|WC|Waschraum,,Goethe-Zertifikat A1 Start Deutsch 1 Wortliste,https://www.goethe.de,verified
814,vocabulary,Tomate,glossy red pulpy edible fruit eaten as vegetable,tomato,Die Tomate ist noch grün.,The tomato is still green.,A1,noun,4,very_common,Core grocery and dietary noun,curator,2026-03-28,490,neutral,DACH,food|shopping,noun|food,die,Tomaten,Tomate,false,false,,,,,,none,frische Tomaten|Tomatensalat|Tomatensaft,Paradeiser,,Goethe-Zertifikat A1 Start Deutsch 1 Wortliste,https://www.goethe.de,verified
815,vocabulary,Tomatensaft,beverage juice pressed from ripe tomatoes,tomato juice,Mein Lieblingsgetränk ist Tomatensaft.,My favorite drink is tomato juice.,A1,noun,3,common,Dining beverage noun,curator,2026-03-28,780,neutral,DACH,food|dining,noun|food,der,Tomatensäfte,Tomatensaftes,false,false,,,,,,none,ein Glas Tomatensaft trinken|Tomatensaft im Flugzeug,Gemüsesaft,,Goethe-Zertifikat A1 Start Deutsch 1 Wortliste,https://www.goethe.de,verified
816,vocabulary,tot,no longer alive; deceased,dead,Sein Vater ist schon lange tot.,His father has been dead for a long time.,A1,adjective,4,very_common,Vital condition adjective,curator,2026-03-28,210,neutral,DACH,general|health,adjective,,,,false,false,,,,,none,tot sein|mausetot,verstorben|leblos,lebendig|lebend,,Goethe-Zertifikat A1 Start Deutsch 1 Wortliste,https://www.goethe.de,verified
817,vocabulary,treffen,to encounter encounter socially or arrange to see,to meet; to see,Ich treffe in der Stadt einen Kollegen. / Wir treffen uns immer freitags.,I am meeting a colleague in town. / We always meet on Fridays.,A1,verb,5,essential,Core social interaction verb,curator,2026-03-28,68,neutral,DACH,social|personal,verb,,,,false,false,haben,trifft,traf,getroffen,+ Akkusativ; sich treffen mit + Dativ,Freunde treffen|sich am Bahnhof treffen,begegnen|zusammenkommen|verabreden,verpassen,,Goethe-Zertifikat A1 Start Deutsch 1 Wortliste,https://www.goethe.de,verified
818,vocabulary,treiben,to engage in or carry on physical sports/activity,to do (sports); to pursue,Ich treibe jeden Samstag Sport.,I do sports every Saturday.,A1,verb,4,very_common,Collocation verb for sport,curator,2026-03-28,260,neutral,DACH,sports|leisure,verb,,,,false,false,haben,treibt,trieb,getrieben,+ Akkusativ,Sport treiben|Gymnastik treiben,betreiben|ausüben|machen,,,Goethe-Zertifikat A1 Start Deutsch 1 Wortliste,https://www.goethe.de,verified
819,vocabulary,Treppe,series of steps connecting different floors,stairs; staircase,Die Toilette? Die Treppe hoch und dann links.,The toilet? Up the stairs and then to the left.,A1,noun,4,very_common,Building navigation noun,curator,2026-03-28,310,neutral,DACH,housing|orientation,noun|building,die,Treppen,Treppe,false,false,,,,,,none,die Treppe hochgehen|Treppe runtergehen,Stiege|Treppenhaus,Aufzug,Goethe-Zertifikat A1 Start Deutsch 1 Wortliste,https://www.goethe.de,verified
820,vocabulary,trinken,to swallow liquid into the body,to drink,Möchtest du etwas trinken?,Would you like to drink something?,A1,verb,5,essential,Fundamental physiological and dining verb,curator,2026-03-28,95,neutral,DACH,food|dining,verb,,,,false,false,haben,trinkt,trank,getrunken,+ Akkusativ; intransitive,Wasser trinken|Kaffee trinken|etwas zu trinken holen,zu sich nehmen|schlürfen,essen,,Goethe-Zertifikat A1 Start Deutsch 1 Wortliste,https://www.goethe.de,verified
821,vocabulary,tschüss,informal parting valediction,bye; goodbye,Junge Leute sagen meistens tschüss! und nicht auf Wiedersehen.,Young people mostly say bye! and not goodbye.,A1,interjection,5,essential,Everyday colloquial farewell particle,curator,2026-03-28,95,informal,DACH,communication|social,parting,,,,false,false,,,,,none,tschüss zusammen|tschüss bis morgen,ciao|servus|tschau,hallo|guten Tag,,Goethe-Zertifikat A1 Start Deutsch 1 Wortliste,https://www.goethe.de,verified
822,vocabulary,tun,to execute carry out perform or cause an action,to do; to perform; to act,Ich habe noch etwas zu tun. / Was tut Ihr Mann?,I still have something to do. / What does your husband do?,A1,verb,5,essential,General auxiliary action verb,curator,2026-03-28,26,neutral,DACH,general|daily life,verb,,,,false,false,haben,tut,tat,getan,+ Akkusativ; intransitive,nichts zu tun haben|was kann ich tun,machen|ausführen|wirken,unterlassen,,Goethe-Zertifikat A1 Start Deutsch 1 Wortliste,https://www.goethe.de,verified
823,vocabulary,Türke,native or citizen of Turkey,Turk; Turkish person,Er ist Türke.,He is a Turk.,A1,noun,4,very_common,Nationality noun,curator,2026-03-28,420,neutral,DACH,identity|countries,noun|people,der,Türken,Türken,false,false,,,,,,none,Türke und Türkin|viele Türken,türkischer Staatsbürger,,Goethe-Zertifikat A1 Start Deutsch 1 Wortliste,https://www.goethe.de,verified
824,vocabulary,Türkei,transcontinental country situated in Anatolia and the Balkans,Turkey,Sie kommt aus der Türkei.,She comes from Turkey.,A1,noun,4,very_common,Core country origin noun,curator,2026-03-28,280,neutral,DACH,geography|countries,noun|geography,die,,Türkei,false,false,,,,,,none,aus der Türkei kommen|in die Türkei fliegen,Republik Türkei,,Goethe-Zertifikat A1 Start Deutsch 1 Wortliste,https://www.goethe.de,verified
825,vocabulary,Türkin,female native or citizen of Turkey,Turk (female),Sie ist Türkin.,She is Turkish (a Turkish woman).,A1,noun,4,very_common,Nationality demographic noun,curator,2026-03-28,680,neutral,DACH,identity|countries,noun|people,die,Türkinnen,Türkin,false,false,,,,,,none,die Türkin|türkische Mitbürgerin,türkische Staatsbürgerin,,Goethe-Zertifikat A1 Start Deutsch 1 Wortliste,https://www.goethe.de,verified
826,vocabulary,türkisch,of or relating to Turkey or its language,Turkish,Er spricht fließend Türkisch.,He speaks fluent Turkish.,A1,adjective,4,very_common,National origin and linguistic adjective,curator,2026-03-28,340,neutral,DACH,language|identity,adjective,,,,false,false,,,,,none,türkische Küche|Türkisch lernen,anatolisch,,,Goethe-Zertifikat A1 Start Deutsch 1 Wortliste,https://www.goethe.de,verified
827,vocabulary,über,situated higher than across a boundary or exceeding,over; across; above; more than,Gehen Sie hier über die Straße. / Er wohnt im zweiten Stock über Familie Meier. / Sind Sie über 18?,Cross the street here. / He lives on the second floor above the Meier family. / Are you over 18?,A1,preposition,5,essential,Core spatial and quantitative preposition,curator,2026-03-28,14,neutral,DACH,spatial|general,preposition,,,,false,false,,,,,+ Dativ / + Akkusativ,über die Straße gehen|über 100 Euro|über uns,oberhalb|quer durch|mehr als,unter,,Goethe-Zertifikat A1 Start Deutsch 1 Wortliste,https://www.goethe.de,verified
828,vocabulary,übernachten,to stay and sleep overnight somewhere,to stay overnight; to sleep over,Du kannst bei mir übernachten.,You can stay overnight at my place.,A1,verb,4,very_common,Travel lodging and hospitality verb,curator,2026-03-28,420,neutral,DACH,travel|lodging,verb,,,,false,false,haben,übernachtet,übernachtete,übernachtet,intransitive; in/bei + Dativ,im Hotel übernachten|bei Freunden übernachten,die Nacht verbringen|schlafen,in/bei + Dat. übernachten,,Goethe-Zertifikat A1 Start Deutsch 1 Wortliste,https://www.goethe.de,verified
829,vocabulary,Übernachtung,overnight stay at an accommodation or hotel,overnight stay,Eine Übernachtung kostet 50 Euro.,One overnight stay costs 50 euros.,A1,noun,4,very_common,Hotel and travel accommodation noun,curator,2026-03-28,490,neutral,DACH,travel|lodging,noun|lodging,die,Übernachtungen,Übernachtung,false,false,,,,,,none,Übernachtung mit Frühstück|Zimmer zur Übernachtung,Aufenthalt|Nachtquartier,,Goethe-Zertifikat A1 Start Deutsch 1 Wortliste,https://www.goethe.de,verified
830,vocabulary,überweisen,to send or transfer money electronically via bank,to transfer (money),Sie können das Geld auch überweisen.,You can also transfer the money.,A1,verb,4,very_common,Banking and financial payment verb,curator,2026-03-28,480,neutral,DACH,finances|services,verb,,,,false,false,haben,überweist,überwies,überwiesen,+ Akkusativ; auf + Akkusativ,Geld aufs Konto überweisen|per Bank überweisen,transferieren|einzahlen,abheben,,Goethe-Zertifikat A1 Start Deutsch 1 Wortliste,https://www.goethe.de,verified
831,vocabulary,Uhr,instrument measuring time or stating clock time,o'clock; clock; watch,Es ist vier Uhr.,It is four o'clock.,A1,noun,5,essential,Core time of day and schedule noun,curator,2026-03-28,26,neutral,DACH,time|daily life,noun|time,die,Uhren,Uhr,false,false,,,,,,none,wie viel Uhr ist es|um acht Uhr|Armbanduhr,Zeitmesser|Chronometer,,Goethe-Zertifikat A1 Start Deutsch 1 Wortliste,https://www.goethe.de,verified
832,vocabulary,um,at a specific clock time or around a boundary,at (time); around,Er kommt um sieben Uhr. / Da kommt er gerade um die Ecke.,He is coming at seven o'clock. / There he comes right around the corner.,A1,preposition,5,essential,Core temporal clock time and spatial preposition,curator,2026-03-28,10,neutral,DACH,time|spatial,preposition,,,,false,false,,,,,+ Akkusativ,um wie viel Uhr|um die Ecke|um den Tisch,herum|gegen,,,Goethe-Zertifikat A1 Start Deutsch 1 Wortliste,https://www.goethe.de,verified
833,vocabulary,Umwelt,natural surrounding world and ecological biosphere,environment,Wir müssen die Umwelt schützen.,We must protect the environment.,A1,noun,4,very_common,Nature ecological biosphere noun,curator,2026-03-28,210,neutral,DACH,nature|society,noun|nature,die,,Umwelt,false,false,,,,,,none,die Natur und Umwelt|für die Umwelt,Natur|Ökosystem|Lebensraum,,Goethe-Zertifikat A1 Start Deutsch 1 Wortliste,https://www.goethe.de,verified
834,vocabulary,umziehen,to move from one residence to a new residence,to move (residence); to relocate,Nächsten Monat ziehen wir um.,Next month we are moving.,A1,verb,4,very_common,Housing relocation verb,curator,2026-03-28,340,neutral,DACH,housing|personal,verb,,,,false,true,sein,zieht um,zog um,umgezogen,intransitive; in + Akkusativ; nach + Dativ,in eine neue Wohnung umziehen|in eine andere Stadt umziehen,den Wohnsitz wechseln|siedeln,wohnen bleiben,,Goethe-Zertifikat A1 Start Deutsch 1 Wortliste,https://www.goethe.de,verified
835,vocabulary,und,coordinating conjunction joining words or clauses,and,Peter und Helmut sind meine Söhne.,Peter and Helmut are my sons.,A1,conjunction,5,essential,Top-tier coordinating additive conjunction,curator,2026-03-28,2,neutral,DACH,general,conjunction|connector,,,,false,false,,,,,none,du und ich|und so weiter|hin und her,sowie|sowohl ... als auch,oder,,Goethe-Zertifikat A1 Start Deutsch 1 Wortliste,https://www.goethe.de,verified
836,vocabulary,unser-,belonging to or associated with us (1st person plural),our; ours,Das ist unsere Lehrerin.,That is our teacher.,A1,pronoun,5,essential,Core 1st-person plural possessive pronoun,curator,2026-03-28,24,neutral,DACH,personal,pronoun|possessive,,,,false,false,,,,,none,unsere Wohnung|unser Kind|unsere Freunde,unsrige,euer-,,Goethe-Zertifikat A1 Start Deutsch 1 Wortliste,https://www.goethe.de,verified
837,vocabulary,unten,in or towards a lower position or ground floor,below; downstairs; at the bottom,Er wohnt ganz unten im Haus.,He lives at the very bottom of the house.,A1,adverb,5,essential,Core spatial orientation adverb,curator,2026-03-28,140,neutral,DACH,spatial|orientation,adverb|orientation,,,,false,false,,,,,none,nach unten gehen|ganz unten|da unten,unterhalb|am Boden,oben,,Goethe-Zertifikat A1 Start Deutsch 1 Wortliste,https://www.goethe.de,verified
838,vocabulary,unter,in or to a position beneath or below something/someone,under; below; beneath,Unter uns wohnt eine Familie mit drei Kindern.,Below us lives a family with three children.,A1,preposition,5,essential,Core two-way spatial preposition,curator,2026-03-28,24,neutral,DACH,spatial|general,preposition,,,,false,false,,,,,+ Dativ / + Akkusativ,unter dem Tisch|unter der Brücke|unter uns,unterhalb|unterhalb von,über|auf,,Goethe-Zertifikat A1 Start Deutsch 1 Wortliste,https://www.goethe.de,verified
839,vocabulary,Unterhaltung,amusement diversion or social conversational exchange,entertainment; conversation,Das Buch bietet gute Unterhaltung.,The book offers good entertainment.,A1,noun,4,very_common,Leisure and social recreation noun,curator,2026-03-28,340,neutral,DACH,leisure|media,noun|culture,die,Unterhaltungen,Unterhaltung,false,false,,,,,,none,Freizeit und Unterhaltung|zur Unterhaltung,Ablenkung|Vergnügen|Gespräch,,Goethe-Zertifikat A1 Start Deutsch 1 Wortliste,https://www.goethe.de,verified
840,vocabulary,Unterkunft,place providing temporary lodging or shelter,accommodation; lodging,Wir suchen eine günstige Unterkunft.,We are looking for affordable accommodation.,A1,noun,4,very_common,Travel lodging noun,curator,2026-03-28,450,neutral,DACH,travel|lodging,noun|lodging,die,Unterkünfte,Unterkunft,false,false,,,,,,none,eine Unterkunft finden|private Unterkunft,Bleibe|Herberge|Quartier,,Goethe-Zertifikat A1 Start Deutsch 1 Wortliste,https://www.goethe.de,verified
841,vocabulary,Unterricht,process or session of formal classroom teaching,classes; instruction; lessons,Wir haben Unterricht von 8.00 bis 12.00 Uhr.,We have class from 8:00 to 12:00.,A1,noun,5,essential,Core educational instruction noun,curator,2026-03-28,180,neutral,DACH,education|learning,noun|education,der,,Unterrichts,false,false,,,,,,none,im Unterricht|der Unterricht fängt an|Sprachunterricht,Lehre|Schulstunde|Schulung,Ferien|Pause,Goethe-Zertifikat A1 Start Deutsch 1 Wortliste,https://www.goethe.de,verified
842,vocabulary,unterschreiben,to sign one's handwritten signature on a document,to sign,Wo muss ich unterschreiben?,Where do I have to sign?,A1,verb,4,very_common,Official document and registration verb,curator,2026-03-28,380,neutral,DACH,official forms|administrative,verb,,,,false,false,haben,unterschreibt,unterschrieb,unterschrieben,+ Akkusativ; intransitive,den Vertrag unterschreiben|hier bitte unterschreiben,signieren|unterzeichnen,etwas unterschreiben|hier unterschreiben,,Goethe-Zertifikat A1 Start Deutsch 1 Wortliste,https://www.goethe.de,verified
843,vocabulary,Unterschrift,person's handwritten name validating a document,signature,Hier fehlt noch Ihre Unterschrift.,Your signature is still missing here.,A1,noun,4,very_common,Administrative form and document noun,curator,2026-03-28,490,neutral,DACH,official forms|administrative,noun|documents,die,Unterschriften,Unterschrift,false,false,,,,,,none,mit Unterschrift|Unterschrift leisten|eine Unterschrift fehlt,Signatur|Namenszug,,Goethe-Zertifikat A1 Start Deutsch 1 Wortliste,https://www.goethe.de,verified
844,vocabulary,Urlaub,time off from regular employment taken for relaxation,vacation; holiday,Ich nehme im September Urlaub.,I am taking vacation in September.,A1,noun,5,essential,Core leisure and travel noun,curator,2026-03-28,190,neutral,DACH,travel|leisure|work,noun|leisure,der,Urlaube,Urlaubs,false,false,,,,,,none,Urlaub machen|im Urlaub sein|schönen Urlaub,Ferien|Auszeit,Arbeit,Goethe-Zertifikat A1 Start Deutsch 1 Wortliste,https://www.goethe.de,verified
845,vocabulary,Vater,male parent of a child,father; dad,Mein Vater ist Arbeiter.,My father is a worker.,A1,noun,5,essential,Core family relation noun,curator,2026-03-28,40,neutral,DACH,family|personal,noun|family,der,Väter,Vaters,false,false,,,,,,none,mein Vater|Vater und Mutter,Papa|Erzeuger,Mutter,Goethe-Zertifikat A1 Start Deutsch 1 Wortliste,https://www.goethe.de,verified
846,vocabulary,verboten,disallowed by formal rule or legal regulation,forbidden; prohibited,Hier ist Rauchen verboten.,Smoking is forbidden here.,A1,adjective,4,very_common,Rules regulations and signage adjective,curator,2026-03-28,290,neutral,DACH,rules|public,adjective,,,,false,false,,,,,none,streng verboten|verboten sein,untersagt|unzulässig|nicht gestattet,erlaubt|gestattet,,Goethe-Zertifikat A1 Start Deutsch 1 Wortliste,https://www.goethe.de,verified
847,vocabulary,verdienen,to receive monetary payment in exchange for labor,to earn; to make (money),Ich verdiene 1.500 Euro im Monat.,"I earn 1,500 euros a month.",A1,verb,4,very_common,Work income and finance verb,curator,2026-03-28,210,neutral,DACH,work|finances,verb,,,,false,false,haben,verdient,verdiente,verdient,+ Akkusativ; intransitive,Geld verdienen|gut verdienen|im Monat verdienen,einnehmen|erwirtschaften,ausgeben|verlieren,,Goethe-Zertifikat A1 Start Deutsch 1 Wortliste,https://www.goethe.de,verified
848,vocabulary,Verein,organized voluntary group or association for sport/hobbies,club; association,Es gibt einen neuen Sportverein in der Stadt.,There is a new sports club in town.,A1,noun,4,very_common,Civic and leisure group noun,curator,2026-03-28,260,neutral,DACH,social|leisure|sports,noun|social,der,Vereine,Vereins,false,false,,,,,,none,im Verein sein|Sportverein|Fußballverein,Klub|Bund|Verband,,Goethe-Zertifikat A1 Start Deutsch 1 Wortliste,https://www.goethe.de,verified
849,vocabulary,verheiratet,joined with another person in marriage,married,Ich bin verheiratet und habe drei Kinder.,I am married and have three children.,A1,adjective,5,essential,Core marital status adjective,curator,2026-03-28,240,neutral,DACH,family|identity,adjective,,,,false,false,,,,,none,verheiratet sein|glücklich verheiratet,verehelicht,ledig|unverheiratet|geschieden,,Goethe-Zertifikat A1 Start Deutsch 1 Wortliste,https://www.goethe.de,verified
850,vocabulary,verkaufen,to transfer ownership of goods in exchange for money,to sell,Er verkauft sein altes Auto.,He is selling his old car.,A1,verb,5,essential,Core commerce transaction verb,curator,2026-03-28,140,neutral,DACH,shopping|finances,verb,,,,false,false,haben,verkauft,verkaufte,verkauft,+ Dativ + Akkusativ; an + Akkusativ,ein Auto verkaufen|im Geschäft verkaufen,veräußern|abgeben,kaufen|erwerben,,Goethe-Zertifikat A1 Start Deutsch 1 Wortliste,https://www.goethe.de,verified
851,vocabulary,Verkäufer,person whose occupation is selling goods in a store,salesperson; shop assistant,Meine Mutter ist Verkäuferin im Kaufhaus.,My mother is a shop assistant in the department store.,A1,noun,4,very_common,Retail occupation noun,curator,2026-03-28,460,neutral,DACH,shopping|professions,noun|professions,der,Verkäufer,Verkäufers,false,false,,,,,,none,der Verkäufer im Laden|die Verkäuferin fragen,Kaufmann|Einzelhändler,Kunde|Käufer,Goethe-Zertifikat A1 Start Deutsch 1 Wortliste,https://www.goethe.de,verified
852,vocabulary,Verkäuferin,female retail sales assistant in a store,shop assistant (female); saleswoman,Meine Mutter ist Verkäuferin im Kaufhaus.,My mother is a shop assistant in the department store.,A1,noun,4,very_common,Retail occupation noun,curator,2026-03-28,490,neutral,DACH,shopping|professions,noun|professions,die,Verkäuferinnen,Verkäuferin,false,false,,,,,,none,die Verkäuferin fragen|als Verkäuferin arbeiten,Kauffrau|Einzelhandelskauffrau,Verkäufer,Goethe-Zertifikat A1 Start Deutsch 1 Wortliste,https://www.goethe.de,verified
853,vocabulary,Verkehr,movement of vehicles and pedestrians along routes,traffic; transport,Auf den Straßen ist heute viel Verkehr.,There is a lot of traffic on the streets today.,A1,noun,4,very_common,Urban transit and road noun,curator,2026-03-28,220,neutral,DACH,travel|transport,noun|transport,der,,Verkehrs,false,false,,,,,,none,öffentlicher Verkehr|dichter Verkehr,Straßenverkehr|Transportwesen,,Goethe-Zertifikat A1 Start Deutsch 1 Wortliste,https://www.goethe.de,verified
854,vocabulary,vermieten,to provide property or goods to another for payment,to rent out; to lease,Die Wohnung ist schon vermietet.,The apartment is already rented out.,A1,verb,4,very_common,Housing and lease verb,curator,2026-03-28,340,neutral,DACH,housing|finances,verb,,,,false,false,haben,vermietet,vermietete,vermietet,+ Dativ + Akkusativ; an + Akkusativ,ein Zimmer vermieten|an Touristen vermieten,verpachten,mieten|anmieten,,Goethe-Zertifikat A1 Start Deutsch 1 Wortliste,https://www.goethe.de,verified
855,vocabulary,Vermieter,person who rents out property or accommodation to tenants,landlord; lessor,Unser Vermieter heißt Huber. Er wohnt auch hier.,Our landlord is named Huber. He lives here too.,A1,noun,4,very_common,Housing lease noun,curator,2026-03-28,490,neutral,DACH,housing|finances,noun|housing,der,Vermieter,Vermieters,false,false,,,,,,none,der Vermieter der Wohnung|mit dem Vermieter sprechen,Hausbesitzer|Verpächter,Mieter,Goethe-Zertifikat A1 Start Deutsch 1 Wortliste,https://www.goethe.de,verified
856,vocabulary,verstehen,to grasp the acoustic speech or semantic meaning of,to understand,Können Sie mich verstehen?,Can you understand me?,A1,verb,5,essential,Fundamental comprehension and communication verb,curator,2026-03-28,45,neutral,DACH,communication|language,verb,,,,false,false,haben,versteht,verstand,verstanden,+ Akkusativ; intransitive,Deutsch verstehen|gut verstehen|den Satz verstehen,begreifen|nachvollziehen|kapieren,missverstehen,,Goethe-Zertifikat A1 Start Deutsch 1 Wortliste,https://www.goethe.de,verified
857,vocabulary,Verwandte,person related to another by common ancestry or marriage,relative; kin,Peter besucht seine Verwandten in Polen.,Peter is visiting his relatives in Poland.,A1,noun,4,very_common,Core extended family relation noun,curator,2026-03-28,480,neutral,DACH,family|personal,noun|people,der,Verwandten,Verwandten,false,false,,,,,,none,Verwandte besuchen|nahe Verwandte,Familienangehöriger|Verwandtschaft,Fremder,Goethe-Zertifikat A1 Start Deutsch 1 Wortliste,https://www.goethe.de,verified
858,vocabulary,viel,great in quantity extent amount or frequency,much; a lot,Hier regnet es viel.,It rains a lot here.,A1,adverb,5,essential,Core high-quantity quantifier and adverb,curator,2026-03-28,24,neutral,DACH,general,pronoun|adverb,,,,false,false,,,,,none,sehr viel|viel Zeit|viel Erfolg,jede Menge|massenhaft,wenig,,Goethe-Zertifikat A1 Start Deutsch 1 Wortliste,https://www.goethe.de,verified
859,vocabulary,vielleicht,used to express possibility or uncertainty,perhaps; maybe,Ich komme vielleicht mit dem Bus.,Perhaps I will come by bus.,A1,adverb,5,essential,Core modality and probability adverb,curator,2026-03-28,46,neutral,DACH,communication|general,adverb,,,,false,false,,,,,none,vielleicht später|vielleicht auch nicht,möglicherweise|unter Umständen|eventuell,sicher|gewiss,,Goethe-Zertifikat A1 Start Deutsch 1 Wortliste,https://www.goethe.de,verified
860,vocabulary,vier,cardinal number following three and preceding five,four,Die Bank schließt um vier Uhr.,The bank closes at four o'clock.,A1,numeral,5,essential,Fundamental cardinal number,curator,2026-03-28,55,neutral,DACH,numbers|general,numeral,,,,false,false,,,,,none,vier Wochen|vier Personen,Quartett,,,Goethe-Zertifikat A1 Start Deutsch 1 Wortliste,https://www.goethe.de,verified
861,vocabulary,viert-,coming next after the third in order,fourth,Er wohnt im vierten Stock.,He lives on the fourth floor.,A1,adjective,4,very_common,Core ordinal number adjective,curator,2026-03-28,95,neutral,DACH,numbers|general,adjective|ordinal,,,,false,false,,,,,none,das vierte Zimmer|der vierte April,nachfolgend,,,Goethe-Zertifikat A1 Start Deutsch 1 Wortliste,https://www.goethe.de,verified
862,vocabulary,Viertel,one of four equal parts of a whole,quarter; fourth,Es ist Viertel nach zwei.,It is a quarter past two.,A1,noun,4,very_common,Core clock time and fraction noun,curator,2026-03-28,240,neutral,DACH,time|measurements,noun|time,das,Viertel,Viertels,false,false,,,,,,none,Viertel vor|Viertel nach|ein Viertel Liter,vierter Teil,,Goethe-Zertifikat A1 Start Deutsch 1 Wortliste,https://www.goethe.de,verified
863,vocabulary,vierzehn,cardinal number following thirteen and preceding fifteen,fourteen,Der Unterricht dauert vierzehn Tage.,The course lasts fourteen days.,A1,numeral,4,very_common,Cardinal number,curator,2026-03-28,240,neutral,DACH,numbers|general,numeral,,,,false,false,,,,,none,vierzehn Tage|vierzehn Uhr,Vierzehntel,,,Goethe-Zertifikat A1 Start Deutsch 1 Wortliste,https://www.goethe.de,verified
864,vocabulary,vierzig,cardinal number equal to four tens,forty,Haben Sie das auch in Größe vierzig?,Do you have this in size forty as well?,A1,numeral,4,very_common,Core cardinal ten-unit,curator,2026-03-28,140,neutral,DACH,numbers|general,numeral,,,,false,false,,,,,none,Größe vierzig|vierzig Kilometer,Vierzigstel,,,Goethe-Zertifikat A1 Start Deutsch 1 Wortliste,https://www.goethe.de,verified
865,vocabulary,von,indicating origin provenance or possession,from; of,Das Auto von Felix ist kaputt. / Er kommt gerade von Köln/von zu Hause.,Felix's car is broken. / He is just coming from Cologne / from home.,A1,preposition,5,essential,Top-tier origin and genitive surrogate preposition,curator,2026-03-28,5,neutral,DACH,general|spatial,preposition,,,,false,false,,,,,+ Dativ,von zu Hause|ein Freund von mir|von Montag bis Freitag,aus|stammend von,zu|nach,,Goethe-Zertifikat A1 Start Deutsch 1 Wortliste,https://www.goethe.de,verified
866,vocabulary,vor,spatially in front of or prior to in time,in front of; ago; before,Der Termin war vor einer Stunde. / Das Auto steht vor der Tür.,The appointment was an hour ago. / The car is in front of the door.,A1,preposition,5,essential,Core spatial and temporal two-way preposition,curator,2026-03-28,16,neutral,DACH,spatial|temporal,preposition,,,,false,false,,,,,+ Dativ / + Akkusativ,vor der Tür|vor einer Woche|zehn Minuten vor acht,voraus|eher als,hinter|nach,,Goethe-Zertifikat A1 Start Deutsch 1 Wortliste,https://www.goethe.de,verified
867,vocabulary,Vormittag,time between morning and noon,late morning; forenoon,Er kommt am Vormittag vorbei.,He will come by in the late morning.,A1,noun,4,very_common,Daytime schedule noun,curator,2026-03-28,290,neutral,DACH,time|calendar,noun|time,der,Vormittage,Vormittags,false,false,,,,,,none,am Vormittag|jeden Vormittag,früher Tag,Nachmittag,Goethe-Zertifikat A1 Start Deutsch 1 Wortliste,https://www.goethe.de,verified
868,vocabulary,Vorname,personal name given at birth or baptism,first name; given name,"Ich heiße Müller, mein Vorname ist Eva.","My last name is Müller, my first name is Eva.",A1,noun,4,very_common,Core identity and form registration noun,curator,2026-03-28,680,neutral,DACH,identity|official forms,noun|identity,der,Vornamen,Vornamens,false,false,,,,,,none,wie ist Ihr Vorname|Vorname und Nachname,Rufname,Familienname|Nachname,Goethe-Zertifikat A1 Start Deutsch 1 Wortliste,https://www.goethe.de,verified
869,vocabulary,Vorsicht,care taken to avoid danger or risk; exclamation,caution; care; watch out,Vorsicht! Da kommt ein Auto.,Watch out! A car is coming.,A1,noun,4,very_common,Safety alert and warning noun/exclamation,curator,2026-03-28,420,neutral,DACH,safety|traffic,noun|emergency,die,,Vorsicht,false,false,,,,,,none,Vorsicht geboten|mit Vorsicht|Vorsicht Stufe,Achtung|Aufmerksamkeit|Wachsamkeit,Unachtsamkeit,Goethe-Zertifikat A1 Start Deutsch 1 Wortliste,https://www.goethe.de,verified
870,vocabulary,vorstellen,to introduce oneself or present someone to another,to introduce; to imagine,Wir wollen uns kennenlernen. Können Sie sich bitte vorstellen?,We want to get to know each other. Could you please introduce yourself?,A1,verb,5,essential,Core social introduction verb,curator,2026-03-28,90,neutral,DACH,social|identity,verb,,,,false,true,haben,stellt vor,stellte vor,vorgestellt,sich vorstellen; + Dativ + Akkusativ,sich kurz vorstellen|darf ich vorstellen,bekannt machen|präsentieren,bekannt machen|präsentieren,,Goethe-Zertifikat A1 Start Deutsch 1 Wortliste,https://www.goethe.de,verified
871,vocabulary,Vorwahl,telephone dialing area code prefix,area code; dialing code,Wie ist die Vorwahl von München?,What is the area code of Munich?,A1,noun,3,common,Telecommunications contact noun,curator,2026-03-28,880,neutral,DACH,communication|telecommunications,noun|contact,die,Vorwahlen,Vorwahl,false,false,,,,,,none,die Vorwahl wählen|internationale Vorwahl,Ortsnetzkennzahl|Kennzahl,,Goethe-Zertifikat A1 Start Deutsch 1 Wortliste,https://www.goethe.de,verified
872,vocabulary,wandern,to walk long distances in the countryside for recreation,to hike,Wir wandern um den Chiemsee.,We are hiking around Lake Chiemsee.,A1,verb,4,very_common,Outdoor recreation and leisure verb,curator,2026-03-28,380,neutral,DACH,leisure|sports,verb,,,,false,false,sein,wandert,wanderte,gewandert,intransitive; in + Dativ / um + Akkusativ,in den Bergen wandern|gern wandern,marschieren|spazieren,hiken|marschieren,,Goethe-Zertifikat A1 Start Deutsch 1 Wortliste,https://www.goethe.de,verified
873,vocabulary,wann,interrogative adverb asking at what time,when,Wann bist du fertig? / Wann kann ich Sie anrufen? / Wann sind Sie geboren?,When are you ready? / When can I call you? / When were you born?,A1,adverb,5,essential,Core temporal interrogative adverb,curator,2026-03-28,45,neutral,DACH,time|general,adverb|interrogative,,,,false,false,,,,,none,wann fängt es an|bis wann|seit wann,zu welchem Zeitpunkt,,,Goethe-Zertifikat A1 Start Deutsch 1 Wortliste,https://www.goethe.de,verified
874,vocabulary,warten,to stay in a place until expected event occurs or someone arrives,to wait,Können Sie ein paar Minuten warten? / Auf wen warten Sie?,Can you wait a few minutes? / Who are you waiting for?,A1,verb,5,essential,Core action verb of waiting,curator,2026-03-28,78,neutral,DACH,daily life|general,verb,,,,false,false,haben,wartet,wartete,gewartet,intransitive; auf + Akkusativ,an der Haltestelle warten|auf den Bus warten,ausharren|abwarten,ausharren|abwarten,,Goethe-Zertifikat A1 Start Deutsch 1 Wortliste,https://www.goethe.de,verified
875,vocabulary,warum,interrogative adverb inquiring about reason or purpose,why,Warum kommt er nicht?,Why isn't he coming?,A1,adverb,5,essential,Core causal interrogative adverb,curator,2026-03-28,52,neutral,DACH,communication|general,adverb|interrogative,,,,false,false,,,,,none,warum das so ist|warum nicht,wieso|weshalb|aus welchem Grund,,,Goethe-Zertifikat A1 Start Deutsch 1 Wortliste,https://www.goethe.de,verified
876,vocabulary,was,interrogative pronoun inquiring about things or events,what,Was ist das? / Was möchten Sie?,What is that? / What would you like?,A1,pronoun,5,essential,Top-tier interrogative pronoun,curator,2026-03-28,14,neutral,DACH,communication|general,pronoun|interrogative,,,,false,false,,,,,none,was gibt es|was ist los|was machst du,welches Ding,,,Goethe-Zertifikat A1 Start Deutsch 1 Wortliste,https://www.goethe.de,verified
877,vocabulary,was für ein,interrogative determiner phrase inquiring about type/kind,what kind of; what sort of,Was für eine Farbe möchten Sie?,What kind of color would you like?,A1,pronoun,4,very_common,Qualitative inquiring determiner,curator,2026-03-28,140,neutral,DACH,communication|general,pronoun|interrogative,,,,false,false,,,,,none,was für ein Auto|was für welche,welche Art von,,,Goethe-Zertifikat A1 Start Deutsch 1 Wortliste,https://www.goethe.de,verified
878,vocabulary,waschen,to cleanse with water and soap,to wash,Wo kann ich mir die Hände waschen? / Ich muss morgen waschen.,Where can I wash my hands? / I have to do laundry tomorrow.,A1,verb,5,essential,Core personal hygiene and household chore verb,curator,2026-03-28,180,neutral,DACH,hygiene|household,verb,,,,false,false,haben,wäscht,wusch,gewaschen,+ Akkusativ; sich waschen,die Hände waschen|Wäsche waschen|sich waschen,reinigen|säubern|baden,beschmutzen,,Goethe-Zertifikat A1 Start Deutsch 1 Wortliste,https://www.goethe.de,verified
879,vocabulary,Wasser,transparent odorless tasteless liquid forming seas lakes and rain,water,Ein Glas Wasser bitte.,"A glass of water, please.",A1,noun,5,essential,Fundamental dietary and environmental noun,curator,2026-03-28,68,neutral,DACH,food|nature,noun|food,das,,Wassers,false,false,,,,,,none,Wasser trinken|ein Glas Mineralwasser|kaltes Wasser,Nass|H2O,,Goethe-Zertifikat A1 Start Deutsch 1 Wortliste,https://www.goethe.de,verified
880,phrase,weg sein,to have departed or be absent from a place,to be gone,Herr Meier ist schon weg.,Mr. Meier is already gone.,A1,phrase,4,very_common,Everyday absence state predicate,curator,2026-03-28,320,neutral,DACH,daily life|spatial,phrase,,,,false,false,sein,ist weg,war weg,weg gewesen,intransitive,schon weg sein|ganz weg sein,verschwunden sein|abwesend sein,da sein|anwesend sein,,Goethe-Zertifikat A1 Start Deutsch 1 Wortliste,https://www.goethe.de,verified
881,phrase,weh tun,to cause physical ache suffering or soreness,to hurt; to ache,Ich muss zum Arzt. Mein Bein tut weh.,I have to go to the doctor. My leg hurts.,A1,phrase,5,essential,Core health complaint predicate,curator,2026-03-28,190,neutral,DACH,health|body,phrase,,,,false,true,haben,tut weh,tat weh,wehgetan,+ Dativ; intransitive,der Kopf tut weh|wo tut es weh,schmerzen|peinigen,lindern,,Goethe-Zertifikat A1 Start Deutsch 1 Wortliste,https://www.goethe.de,verified
882,vocabulary,weiblich,of or relating to the female gender/sex,female,Kreuzen Sie bitte an: weiblich oder männlich.,Please check: female or male.,A1,adjective,4,very_common,Official form demographic adjective,curator,2026-03-28,490,neutral,DACH,identity|official forms,adjective,,,,false,false,,,,,none,weibliches Geschlecht|weiblich ankreuzen,feminin,männlich,,Goethe-Zertifikat A1 Start Deutsch 1 Wortliste,https://www.goethe.de,verified
883,vocabulary,Wein,alcoholic beverage made from fermented grape juice,wine,Nein danke ich möchte keinen Wein.,"No thank you, I do not want wine.",A1,noun,4,very_common,Dining and social beverage noun,curator,2026-03-28,290,neutral,DACH,food|dining,noun|food,der,Weine,Weines,false,false,,,,,,none,ein Glas Wein|Rotwein|Weißwein trinken,Rebensaft,,Goethe-Zertifikat A1 Start Deutsch 1 Wortliste,https://www.goethe.de,verified
884,vocabulary,weiß,of the color of pure milk or fresh snow,white,Haben Sie auch Weißbrot?,Do you also have white bread?,A1,adjective,5,essential,Core color adjective,curator,2026-03-28,80,neutral,DACH,description|colors,adjective,,,,false,false,,,,,none,weiße Zähne|Weißwein|weißes Hemd,hell|schneeweiß,schwarz,,Goethe-Zertifikat A1 Start Deutsch 1 Wortliste,https://www.goethe.de,verified
885,vocabulary,Weißbrot,bread baked from refined wheat flour,white bread,Haben Sie auch Weißbrot?,Do you also have white bread?,A1,noun,4,very_common,Bakery staple grocery noun,curator,2026-03-28,740,neutral,DACH,food|shopping,noun|food,das,Weißbrote,Weißbrotes,false,false,,,,,,none,frisches Weißbrot|eine Scheibe Weißbrot,Weizenbrot|Baguette,Schwarzbrot|Vollkornbrot,Goethe-Zertifikat A1 Start Deutsch 1 Wortliste,https://www.goethe.de,verified
886,vocabulary,weit,separated by great distance; spacious,far; distant,Zum Bahnhof ist es nicht weit.,To the train station it is not far.,A1,adjective,5,essential,Core spatial distance adjective/adverb,curator,2026-03-28,88,neutral,DACH,spatial|travel,adjective|adverb,,,,false,false,,,,,none,wie weit|nicht weit von hier|weit weg,fern|entlegen,nah,,Goethe-Zertifikat A1 Start Deutsch 1 Wortliste,https://www.goethe.de,verified
887,vocabulary,weiter,continuing further in distance time or action,further; on,Der Bus fährt nicht weiter.,The bus does not travel any further.,A1,adverb,5,essential,Continuation and spatial progression adverb,curator,2026-03-28,52,neutral,DACH,spatial|movement,adverb,,,,false,false,,,,,none,weiter fahren|und so weiter|bitte weitergehen,fortan|vorwärts,halt|stopp,,Goethe-Zertifikat A1 Start Deutsch 1 Wortliste,https://www.goethe.de,verified
888,vocabulary,welch-,interrogative determiner asking to specify one among items,which; which one,Welches Buch möchtest du?,Which book would you like?,A1,pronoun,5,essential,Core selective interrogative determiner/pronoun,curator,2026-03-28,32,neutral,DACH,general,pronoun|interrogative,,,,false,false,,,,,none,welcher Tag|welche Farbe|welches Zimmer,was für ein,,,Goethe-Zertifikat A1 Start Deutsch 1 Wortliste,https://www.goethe.de,verified
889,vocabulary,Welt,planet earth with all its countries and inhabitants,world,Es gibt viele Probleme auf der Welt.,There are many problems in the world.,A1,noun,5,essential,Core geographical and existential noun,curator,2026-03-28,62,neutral,DACH,geography|society,noun|geography,die,Welten,Welt,false,false,,,,,,none,auf der ganzen Welt|die Welt sehen,Erde|Globus|Kosmos,,Goethe-Zertifikat A1 Start Deutsch 1 Wortliste,https://www.goethe.de,verified
890,vocabulary,wenig,small in quantity amount or degree,little; few,Ich habe leider nur wenig verstanden. / Er verdient wenig.,Unfortunately I understood only little. / He earns little.,A1,adverb,5,essential,Core low-quantity quantifier and adverb,curator,2026-03-28,58,neutral,DACH,general,pronoun|adverb,,,,false,false,,,,,none,ein wenig|sehr wenig|nur wenige Leute,kaum|gering|spärlich,viel,,Goethe-Zertifikat A1 Start Deutsch 1 Wortliste,https://www.goethe.de,verified
891,vocabulary,wer,interrogative pronoun inquiring about person/identity,who,Wer ist das?,Who is that?,A1,pronoun,5,essential,Core personal interrogative pronoun,curator,2026-03-28,34,neutral,DACH,communication|general,pronoun|interrogative,,,,false,false,,,,,none,wer weiß das|wer kommt mit,welche Person,,,Goethe-Zertifikat A1 Start Deutsch 1 Wortliste,https://www.goethe.de,verified
892,vocabulary,werden,to change into develop into; future auxiliary,to become; will (future),Mein Sohn will Arzt werden.,My son wants to become a doctor.,A1,verb,5,essential,Top-tier transition copula and auxiliary verb,curator,2026-03-28,4,neutral,DACH,general|grammar,verb|auxiliary,,,,false,false,sein,wird,wurde,geworden,+ Prädikativ,Arzt werden|krank werden|alt werden,sich verwandeln|geraten,sich entwickeln zu|geraten,,Goethe-Zertifikat A1 Start Deutsch 1 Wortliste,https://www.goethe.de,verified
893,vocabulary,Westen,cardinal direction towards the point where the sun sets,west,Köln liegt im Westen.,Cologne lies in the west.,A1,noun,4,very_common,Compass cardinal direction noun,curator,2026-03-28,260,neutral,DACH,geography|spatial,noun|orientation,der,,Westens,false,false,,,,,,none,im Westen|nach Westen reisen,Abendland|Okzident,Osten,Goethe-Zertifikat A1 Start Deutsch 1 Wortliste,https://www.goethe.de,verified
894,vocabulary,Wetter,atmospheric conditions of temperature rain wind at a time,weather,Wir hatten schlechtes Wetter.,We had bad weather.,A1,noun,5,essential,Core daily conversation and meteorological noun,curator,2026-03-28,190,neutral,DACH,weather|nature,noun|weather,das,,Wetters,false,false,,,,,,none,schönes Wetter|schlechtes Wetter|Wetterbericht,Witterung|Wetterlage,,Goethe-Zertifikat A1 Start Deutsch 1 Wortliste,https://www.goethe.de,verified
895,vocabulary,wichtig,of great significance value or consequence,important,Dieses Formular ist sehr wichtig.,This form is very important.,A1,adjective,5,essential,Core evaluative adjective,curator,2026-03-28,68,neutral,DACH,general|communication,adjective,,,,false,false,,,,,none,sehr wichtig|nicht wichtig|wichtig sein,bedeutend|wesentlich|maßgeblich,unwichtig|belanglos,,Goethe-Zertifikat A1 Start Deutsch 1 Wortliste,https://www.goethe.de,verified
896,vocabulary,wie,interrogative adverb of manner degree or comparison,how; as; like,Wie heißt du? / Er schreibt wie ein Kind. / Meine Frau ist so groß wie ich. / Wie soll ich das machen? / Wie groß ist die Wohnung? / Wie bitte? / Wie lange bist du schon hier?,What is your name? / He writes like a child. / My wife is as tall as I am. / How should I do that? / How big is the apartment? / Pardon? / How long have you been here?,A1,adverb,5,essential,Top-frequency manner interrogative and comparative conjunction,curator,2026-03-28,8,neutral,DACH,communication|general,adverb|interrogative,,,,false,false,,,,,none,wie geht es|wie bitte|so groß wie|wie viel,auf welche Weise|gleichwie,,,Goethe-Zertifikat A1 Start Deutsch 1 Wortliste,https://www.goethe.de,verified
897,vocabulary,wie viel,interrogative asking for quantity or price,how much; how many,Wie viel Milch nehmen Sie?,How much milk do you take?,A1,pronoun,5,essential,Core quantitative and pricing interrogative phrase,curator,2026-03-28,48,neutral,DACH,shopping|general,pronoun|interrogative,,,,false,false,,,,,none,wie viel kostet das|wie viel Uhr ist es,welche Menge,,,Goethe-Zertifikat A1 Start Deutsch 1 Wortliste,https://www.goethe.de,verified
898,vocabulary,wiederholen,to state say or perform something again,to repeat,Können Sie das bitte wiederholen?,Could you please repeat that?,A1,verb,4,very_common,Core language learning and communication verb,curator,2026-03-28,260,neutral,DACH,communication|education,verb,,,,false,false,haben,wiederholt,wiederholte,wiederholt,+ Akkusativ,den Satz wiederholen|noch einmal wiederholen,nochmal sagen|nachsprechen,nochmals sagen|iterieren,,Goethe-Zertifikat A1 Start Deutsch 1 Wortliste,https://www.goethe.de,verified
899,vocabulary,Wiederhören,formula used when ending a telephone call,goodbye (on phone),Wir müssen jetzt Schluss machen. Also auf Wiederhören!,We have to end now. So goodbye (on the phone)!,A1,noun,4,very_common,Telecommunications valediction noun,curator,2026-03-28,640,neutral,DACH,communication|telecommunications,noun|valediction,das,,Wiederhörens,false,false,,,,,,none,auf Wiederhören sagen|auf Wiederhören am Telefon,Abschiedsgruß,hallo,Goethe-Zertifikat A1 Start Deutsch 1 Wortliste,https://www.goethe.de,verified
900,vocabulary,Wiedersehen,formula used when parting face to face,goodbye; farewell,Auf Wiedersehen!,Goodbye!,A1,noun,5,essential,Standard polite parting valediction noun,curator,2026-03-28,140,neutral,DACH,communication|politeness,noun|valediction,das,,Wiedersehens,false,false,,,,,,none,auf Wiedersehen sagen|schönes Wiedersehen,Abschied|Lebewohl,Guten Tag,Goethe-Zertifikat A1 Start Deutsch 1 Wortliste,https://www.goethe.de,verified
901,vocabulary,willkommen,received with gladness or hospitality; greeting,welcome,Herzlich willkommen!,Welcome!,A1,adjective,5,essential,Core hospitality greeting adjective/interjection,curator,2026-03-28,180,neutral,DACH,communication|social,greeting,,,,false,false,,,,,none,herzlich willkommen|willkommen heißen,eingeladen|gern gesehen,,,Goethe-Zertifikat A1 Start Deutsch 1 Wortliste,https://www.goethe.de,verified
902,vocabulary,Wind,moving current of air blowing outdoors,wind,Der Wind kommt aus Osten.,The wind comes from the east.,A1,noun,4,very_common,Weather and nature noun,curator,2026-03-28,260,neutral,DACH,weather|nature,noun|weather,der,Winde,Windes,false,false,,,,,,none,starker Wind|der Wind weht|kalter Wind,Luftzug|Sturm|Brise,Windstille,Goethe-Zertifikat A1 Start Deutsch 1 Wortliste,https://www.goethe.de,verified
903,vocabulary,Winter,coldest season of the year between autumn and spring,winter,Im Winter schneit es oft.,In winter it often snows.,A1,noun,4,very_common,Core calendar season noun,curator,2026-03-28,210,neutral,DACH,time|nature,noun|season,der,Winter,Winters,false,false,,,,,,none,im Winter|kalter Winter|Winterurlaub,Winterzeit,Sommer,Goethe-Zertifikat A1 Start Deutsch 1 Wortliste,https://www.goethe.de,verified
904,vocabulary,wir,first-person plural subject pronoun,we,Wir lernen Deutsch.,We are learning German.,A1,pronoun,5,essential,Fundamental collective 1st-person subject pronoun,curator,2026-03-28,6,neutral,DACH,personal|general,pronoun|personal,,,,false,false,,,,,none,wir alle|wollen wir|wir beide,unsere Gruppe,,,Goethe-Zertifikat A1 Start Deutsch 1 Wortliste,https://www.goethe.de,verified
905,vocabulary,wissen,to be aware of a fact truth or information,to know (a fact),Weißt du wie er heißt?,Do you know what his name is?,A1,verb,5,essential,Top-tier factual cognition verb,curator,2026-03-28,20,neutral,DACH,general|communication,verb,,,,false,false,haben,weiß,wusste,gewusst,+ Akkusativ; über + Akkusativ,ich weiß nicht|Bescheid wissen|genau wissen,kennen|unterrichtet sein,ahnen|zweifeln,,Goethe-Zertifikat A1 Start Deutsch 1 Wortliste,https://www.goethe.de,verified
906,vocabulary,wo,interrogative adverb asking in or at what location,where,Wo waren Sie im Urlaub? / Wo ist die Post? / Wo sind Sie geboren?,Where were you on vacation? / Where is the post office? / Where were you born?,A1,adverb,5,essential,Top-tier spatial locative interrogative adverb,curator,2026-03-28,16,neutral,DACH,spatial|general,adverb|interrogative,,,,false,false,,,,,none,wo ist|wo sind|wo genau,an welchem Ort,überall|nirgends,,Goethe-Zertifikat A1 Start Deutsch 1 Wortliste,https://www.goethe.de,verified
907,vocabulary,Woche,period of seven consecutive days,week,Der Kurs hört in einer Woche auf.,The course ends in one week.,A1,noun,5,essential,Core temporal cycle noun,curator,2026-03-28,45,neutral,DACH,time|calendar,noun|time,die,Wochen,Woche,false,false,,,,,,none,nächste Woche|jede Woche|zwei Wochen lang,Siebentagezeitraum,,Goethe-Zertifikat A1 Start Deutsch 1 Wortliste,https://www.goethe.de,verified
908,vocabulary,Wochenende,period consisting of Saturday and Sunday,weekend,Am Wochenende haben wir mehrere Gäste.,On the weekend we have several guests.,A1,noun,5,essential,Core leisure calendar noun,curator,2026-03-28,140,neutral,DACH,time|leisure,noun|time,das,Wochenenden,Wochenendes,false,false,,,,,,none,am Wochenende|schönes Wochenende|fürs Wochenende,Samstag und Sonntag,Arbeitswoche,Goethe-Zertifikat A1 Start Deutsch 1 Wortliste,https://www.goethe.de,verified
909,vocabulary,Wochentag,any day of the week from Monday to Friday or Saturday,weekday,An welchem Wochentag haben Sie Zeit?,On which day of the week do you have time?,A1,noun,3,common,Calendar scheduling noun,curator,2026-03-28,680,neutral,DACH,time|calendar,noun|time,der,Wochentage,Wochentags,false,false,,,,,,none,an den Wochentagen|normaler Wochentag,Werktag|Arbeitstag,Wochenende,Goethe-Zertifikat A1 Start Deutsch 1 Wortliste,https://www.goethe.de,verified
910,vocabulary,woher,interrogative adverb asking about origin or source,where from; from where,Woher kommen Sie?,Where do you come from?,A1,adverb,5,essential,Core origin interrogative adverb,curator,2026-03-28,95,neutral,DACH,spatial|identity,adverb|interrogative,,,,false,false,,,,,none,woher kommst du|woher wissen Sie das,aus welcher Quelle,,,Goethe-Zertifikat A1 Start Deutsch 1 Wortliste,https://www.goethe.de,verified
911,vocabulary,wohin,interrogative adverb asking about direction or target location,where to; whither,Wohin fährt dieser Bus? / Wohin wollen Sie am Wochenende?,Where is this bus going? / Where do you want to go on the weekend?,A1,adverb,5,essential,Core directional destination interrogative adverb,curator,2026-03-28,110,neutral,DACH,spatial|movement,adverb|interrogative,,,,false,false,,,,,none,wohin fährst du|wohin geht's,in welche Richtung,,,Goethe-Zertifikat A1 Start Deutsch 1 Wortliste,https://www.goethe.de,verified
912,vocabulary,wohnen,to maintain one's permanent residence or live in a place,to live; to reside,Ich wohne in München.,I live in Munich.,A1,verb,5,essential,Core residential and personal status verb,curator,2026-03-28,82,neutral,DACH,housing|personal,verb,,,,false,false,haben,wohnt,wohnte,gewohnt,intransitive; in/bei + Dativ,in der Stadt wohnen|zur Miete wohnen,leben|residieren|hausen,residieren|leben,,Goethe-Zertifikat A1 Start Deutsch 1 Wortliste,https://www.goethe.de,verified
913,vocabulary,Wohnung,set of rooms forming an individual residence; flat,apartment; flat,Seit wann haben Sie diese Wohnung?,Since when have you had this apartment?,A1,noun,5,essential,Core housing accommodation noun,curator,2026-03-28,95,neutral,DACH,housing,noun|housing,die,Wohnungen,Wohnung,false,false,,,,,,none,eine Wohnung mieten|schöne Wohnung|Dreizimmerwohnung,Apartment|Bleibe|Domizil,,Goethe-Zertifikat A1 Start Deutsch 1 Wortliste,https://www.goethe.de,verified
914,vocabulary,Wohnungswechsel,relocation from one home to another,change of residence; moving house,Beim Wohnungswechsel muss man sich ummelden.,When changing residence one has to register the new address.,A1,noun,3,common,Relocation and housing registry noun,curator,2026-03-28,940,neutral,DACH,housing|administrative,noun|housing,der,Wohnungswechsel,Wohnungswechsels,false,false,,,,,,none,einen Wohnungswechsel planen|Wohnungswechsel melden,Umzug|Wohnortwechsel,,Goethe-Zertifikat A1 Start Deutsch 1 Wortliste,https://www.goethe.de,verified
915,vocabulary,wollen,modal verb expressing intention wish or will,to want to; to wish,Wollen Sie einen Kaffee trinken?,Do you want to drink a coffee?,A1,verb,5,essential,Top-tier modal verb of intent and desire,curator,2026-03-28,18,neutral,DACH,grammar|modal,verb|modal,,,,false,false,haben,will,wollte,gewollt,+ Infinitiv; + Akkusativ,ich will gehen|was willst du,beabsichtigen|möchten,ablehnen,,Goethe-Zertifikat A1 Start Deutsch 1 Wortliste,https://www.goethe.de,verified
916,vocabulary,Wort,single distinct meaningful element of speech or writing,word,Ich kenne das Wort nicht.,I do not know the word.,A1,noun,5,essential,Core linguistic and communication noun,curator,2026-03-28,62,neutral,DACH,language|learning,noun|language,das,Wörter,Wortes,false,false,,,,,,none,ein Wort lernen|mit wenigen Worten|Wörterbuch,Ausdruck|Vokabel|Begriff,,Goethe-Zertifikat A1 Start Deutsch 1 Wortliste,https://www.goethe.de,verified
917,vocabulary,wunderbar,inspiring great admiration delight or pleasure,wonderful; marvelous,Das Essen schmeckt wunderbar.,The food tastes wonderful.,A1,adjective,4,very_common,Core evaluative and dining praise adjective,curator,2026-03-28,190,neutral,DACH,feelings|general,adjective,,,,false,false,,,,,none,wunderbar schmecken|wunderbares Wetter,herrlich|fantastisch|großartig,furchtbar|schrecklich,,Goethe-Zertifikat A1 Start Deutsch 1 Wortliste,https://www.goethe.de,verified
918,vocabulary,Zagreb,capital and largest city of Croatia,Zagreb,Ich bin in Zagreb geboren.,I was born in Zagreb.,A1,noun,3,common,European capital city proper noun,curator,2026-03-28,780,neutral,DACH,geography|travel,noun|places,das,,Zagrebs,false,false,,,,,,none,in Zagreb geboren|nach Zagreb reisen,kroatische Hauptstadt,,Goethe-Zertifikat A1 Start Deutsch 1 Wortliste,https://www.goethe.de,verified
919,vocabulary,zahlen,to give money owed for goods or service,to pay,Zahlen bitte!,"Check, please! (We would like to pay!)",A1,verb,5,essential,Core restaurant and commerce payment verb,curator,2026-03-28,90,neutral,DACH,dining|shopping|finances,verb,,,,false,false,haben,zahlt,zahlte,gezahlt,+ Akkusativ; intransitive,bar zahlen|bitte zahlen|die Rechnung zahlen,bezahlen|entrichten|begleichen,bezahlen|begleichen,,Goethe-Zertifikat A1 Start Deutsch 1 Wortliste,https://www.goethe.de,verified
920,vocabulary,zehn,cardinal number following nine and preceding eleven,ten,Die Jacke kostet nur zehn Euro.,The jacket costs only ten euros.,A1,numeral,5,essential,Fundamental cardinal number,curator,2026-03-28,70,neutral,DACH,numbers|general,numeral,,,,false,false,,,,,none,zehn Minuten|zehn Euro,Zehntel|Dekade,,,Goethe-Zertifikat A1 Start Deutsch 1 Wortliste,https://www.goethe.de,verified
921,vocabulary,Zeit,continuous progression of existence or hours available,time,Ich habe heute keine Zeit.,I have no time today.,A1,noun,5,essential,Fundamental temporal existence noun,curator,2026-03-28,25,neutral,DACH,time|general,noun|time,die,,Zeit,false,false,,,,,,none,keine Zeit haben|Zeit verbringen|viel Zeit,Dauer|Zeitraum|Weile,,Goethe-Zertifikat A1 Start Deutsch 1 Wortliste,https://www.goethe.de,verified
922,vocabulary,Zeitung,printed daily or weekly publication with news,newspaper,Ich lese gern Zeitung.,I like reading the newspaper.,A1,noun,5,essential,Core print media noun,curator,2026-03-28,160,neutral,DACH,media|daily life,noun|press,die,Zeitungen,Zeitung,false,false,,,,,,none,Zeitung lesen|Tageszeitung|in der Zeitung stehen,Blatt|Presseerzeugnis|Journal,,Goethe-Zertifikat A1 Start Deutsch 1 Wortliste,https://www.goethe.de,verified
923,vocabulary,Zentimeter,metric unit of length equal to one hundredth of a meter,centimeter,Er ist 180 Zentimeter groß.,He is 180 centimeters tall.,A1,noun,4,very_common,Metric measurement subunit noun,curator,2026-03-28,340,neutral,DACH,measurements|body,noun|measurements,der,Zentimeter,Zentimeters,false,false,,,,,,none,ein Zentimeter|Zentimetermaß,cm,,Goethe-Zertifikat A1 Start Deutsch 1 Wortliste,https://www.goethe.de,verified
924,vocabulary,Zigarette,thin cylinder of finely cut tobacco rolled in paper,cigarette,Wie teuer sind die Zigaretten?,How expensive are the cigarettes?,A1,noun,4,very_common,Tobacco product and kiosk purchase noun,curator,2026-03-28,390,neutral,DACH,shopping|daily life,noun|consumption,die,Zigaretten,Zigarette,false,false,,,,,,none,eine Zigarette rauchen|Schachtel Zigaretten,Kippe|Glimmstängel,,Goethe-Zertifikat A1 Start Deutsch 1 Wortliste,https://www.goethe.de,verified
925,vocabulary,Zimmer,individual room within a building house or hotel,room,"Das Zimmer ist groß. / Öffne im Schlafzimmer das Fenster, bitte! / Die Wohnung hat drei Zimmer. / Ich habe ein Zimmer bestellt.",The room is large. / Please open the window in the bedroom! / The apartment has three rooms. / I reserved a room.,A1,noun,5,essential,Core housing and accommodation noun,curator,2026-03-28,68,neutral,DACH,housing|lodging,noun|housing,das,Zimmer,Zimmers,false,false,,,,,,none,ein Zimmer reservieren|Hotelzimmer|Schlafzimmer,Raum|Stube|Gemach,,Goethe-Zertifikat A1 Start Deutsch 1 Wortliste,https://www.goethe.de,verified
926,vocabulary,Zimmerschlüssel,key assigned to open a specific room door,room key,Ich gebe Ihnen noch den Zimmerschlüssel.,I will also give you the room key.,A1,noun,4,very_common,Hotel and housing lodging noun,curator,2026-03-28,640,neutral,DACH,travel|lodging,noun|housing,der,Zimmerschlüssel,Zimmerschlüssels,false,false,,,,,,none,den Zimmerschlüssel an der Rezeption abgeben|Hotelzimmerschlüssel,Zimmertürschlüssel,,Goethe-Zertifikat A1 Start Deutsch 1 Wortliste,https://www.goethe.de,verified
927,vocabulary,Zoll,government agency collecting duties and checking borders,customs,Wir müssen noch durch den Zoll.,We still have to go through customs.,A1,noun,3,common,International travel and border control noun,curator,2026-03-28,580,neutral,DACH,travel|official forms,noun|services,der,Zölle,Zolls,false,false,,,,,,none,durch den Zoll gehen|beim Zoll anmelden,Zollbehörde|Zollamt,,Goethe-Zertifikat A1 Start Deutsch 1 Wortliste,https://www.goethe.de,verified
928,vocabulary,zu,towards a destination; closed; at (in fixed phrases),to; closed; at,Der Bus fährt zum Bahnhof. / Ich gehe zu Fuß. / Ich bin zu Hause.,The bus goes to the train station. / I go on foot. / I am at home.,A1,preposition,5,essential,Top-frequency direction state and preposition,curator,2026-03-28,4,neutral,DACH,spatial|general,preposition,,,,false,false,,,,,+ Dativ,zu Hause sein|zu Fuß gehen|zum Arzt,nach|in Richtung|geschlossen,auf|weg,,Goethe-Zertifikat A1 Start Deutsch 1 Wortliste,https://www.goethe.de,verified
929,phrase,zu sein,to be in a closed shut or locked state,to be closed,Die Tür ist zu.,The door is closed.,A1,phrase,4,very_common,Domestic and business operational state predicate,curator,2026-03-28,290,neutral,DACH,daily life|shopping,phrase,,,,false,false,sein,ist zu,war zu,zu gewesen,intransitive,das Fenster ist zu|der Laden ist zu,geschlossen sein|verriegelt sein,auf sein|offen sein,,Goethe-Zertifikat A1 Start Deutsch 1 Wortliste,https://www.goethe.de,verified
930,vocabulary,zufrieden,content pleased or satisfied with something,satisfied; pleased; content,Ich bin mit der Wohnung zufrieden.,I am satisfied with the apartment.,A1,adjective,4,very_common,Core emotional and evaluative satisfaction adjective,curator,2026-03-28,190,neutral,DACH,feelings|personal,adjective,,,,false,false,,,,,none,zufrieden sein mit|sehr zufrieden,glücklich|einverstanden|froh,unzufrieden,,Goethe-Zertifikat A1 Start Deutsch 1 Wortliste,https://www.goethe.de,verified
931,vocabulary,Zug,series of connected railway carriages drawn by an engine,train,Ich fahre gern mit dem Zug.,I like traveling by train.,A1,noun,5,essential,Core long-distance public transit noun,curator,2026-03-28,95,neutral,DACH,travel|transport,noun|transport,der,Züge,Zuges,false,false,,,,,,none,mit dem Zug fahren|der Zug kommt an|in den Zug steigen,Eisenbahn|Bahn,,Goethe-Zertifikat A1 Start Deutsch 1 Wortliste,https://www.goethe.de,verified
932,phrase,zum Beispiel,illustrating by way of instance,for example; for instance,"Viele meiner Verwandten, z. B. meine beiden Brüder, arbeiten auch hier.","Many of my relatives, for example both my brothers, also work here.",A1,phrase,5,essential,Extremely frequent transitional phrase,curator,2026-03-28,40,neutral,DACH,communication,phrase|connector,,,,false,false,,,,,none,wie zum Beispiel|z. B.,beispielsweise|etwa,,,Goethe-Zertifikat A1 Start Deutsch 1 Wortliste,https://www.goethe.de,verified
933,vocabulary,zuordnen,to link or pair items together systematically,to match; to assign,Ordnen Sie die Bilder den Wörtern zu.,Match the pictures to the words.,A1,verb,4,very_common,Core exam exercise instruction verb,curator,2026-03-28,360,neutral,DACH,education|exam,verb|instructions,,,,false,true,haben,ordnet zu,ordnete zu,zugeordnet,+ Akkusativ; + Dativ,die richtige Antwort zuordnen|Texte Bildern zuordnen,anpassen|verbinden|zuteilen,trennen,,Goethe-Zertifikat A1 Start Deutsch 1 Wortliste,https://www.goethe.de,verified
934,vocabulary,zurück,towards the original starting position or direction,back; in return,Einmal Frankfurt und zurück. / Wann kommst du zurück?,A round trip to Frankfurt. / When are you coming back?,A1,adverb,5,essential,Core spatial return adverb,curator,2026-03-28,45,neutral,DACH,travel|spatial,adverb|directions,,,,false,false,,,,,none,hin und zurück|zurückkommen|zurückgeben,retour|rückwärts,hin|vorwärts,,Goethe-Zertifikat A1 Start Deutsch 1 Wortliste,https://www.goethe.de,verified
935,vocabulary,zurzeit,at the present period or currently,currently; at present; right now,Zurzeit habe ich sehr viel zu tun.,Currently I have a lot to do.,A1,adverb,4,very_common,Temporal present frame adverb,curator,2026-03-28,180,neutral,DACH,time|work,adverb|time,,,,false,false,,,,,none,zurzeit arbeiten|zurzeit nicht möglich,momentan|gegenwärtig|aktuell,früher|später,,Goethe-Zertifikat A1 Start Deutsch 1 Wortliste,https://www.goethe.de,verified
936,vocabulary,zusammen,in company with another or jointly summed up,together; in total,Sollen wir zusammen essen gehen? / Das macht zusammen 2 Euro 80.,Shall we go eat together? / That comes to 2 euros 80 in total.,A1,adverb,5,essential,Core collaborative and billing sum adverb,curator,2026-03-28,42,neutral,DACH,social|shopping,adverb,,,,false,false,,,,,none,zusammen sein|zusammen kochen|alles zusammen,gemeinsam|miteinander|insgesamt,allein|getrennt,,Goethe-Zertifikat A1 Start Deutsch 1 Wortliste,https://www.goethe.de,verified
937,vocabulary,zwanzig,cardinal number equal to two tens,twenty,Der Kurs hat zwanzig Teilnehmer.,The course has twenty participants.,A1,numeral,4,very_common,Core cardinal ten-unit,curator,2026-03-28,90,neutral,DACH,numbers|general,numeral,,,,false,false,,,,,none,zwanzig Euro|zwanzig Jahre alt,Zwanzigstel,,,Goethe-Zertifikat A1 Start Deutsch 1 Wortliste,https://www.goethe.de,verified
938,vocabulary,zwei,cardinal number following one and preceding three,two,Ich habe zwei Kinder.,I have two children.,A1,numeral,5,essential,Fundamental cardinal number,curator,2026-03-28,25,neutral,DACH,numbers|general,numeral,,,,false,false,,,,,none,zwei Stück|um zwei Uhr,beide|zwo,,,Goethe-Zertifikat A1 Start Deutsch 1 Wortliste,https://www.goethe.de,verified
939,vocabulary,zweihundert,cardinal number equal to two hundreds,two hundred,Zweihundert Kilometer.,Two hundred kilometers.,A1,numeral,4,very_common,Base cardinal hundred,curator,2026-03-28,310,neutral,DACH,numbers|general,numeral,,,,false,false,,,,,none,zweihundert Kilometer|zweihundert Euro,zwei Hunderter,,,Goethe-Zertifikat A1 Start Deutsch 1 Wortliste,https://www.goethe.de,verified
940,vocabulary,zweit-,coming next after the first in order,second,Lies bitte auch den zweiten Teil.,Please read the second part too.,A1,adjective,5,essential,Core ordinal number adjective,curator,2026-03-28,45,neutral,DACH,numbers|general,adjective|ordinal,,,,false,false,,,,,none,die zweite Klasse|der zweite Stock,darauf folgend,,,Goethe-Zertifikat A1 Start Deutsch 1 Wortliste,https://www.goethe.de,verified
941,vocabulary,zwischen,in the space or time separating two points/persons,between,Heidelberg liegt zwischen Frankfurt und Stuttgart. / Zwischen 8 und 10 Uhr bin ich zu Hause.,Heidelberg lies between Frankfurt and Stuttgart. / Between 8 and 10 o'clock I am at home.,A1,preposition,5,essential,Core two-way spatial and temporal intermediary preposition,curator,2026-03-28,38,neutral,DACH,spatial|temporal,preposition,,,,false,false,,,,,+ Dativ / + Akkusativ,zwischen zwei Straßen|zwischen heute und morgen,mittendrin|inmitten,,,Goethe-Zertifikat A1 Start Deutsch 1 Wortliste,https://www.goethe.de,verified
942,vocabulary,zwölf,cardinal number following eleven and preceding thirteen,twelve,Wir fahren um zwölf Uhr ab.,We depart at twelve o'clock.,A1,numeral,4,very_common,Fundamental cardinal number,curator,2026-03-28,95,neutral,DACH,numbers|general,numeral,,,,false,false,,,,,none,zwölf Uhr|Zimmer Nummer zwölf,Dutzend,,,Goethe-Zertifikat A1 Start Deutsch 1 Wortliste,https://www.goethe.de,verified
