id,type,term,sense,translation,example_de,example_en,levels,part_of_speech,native_frequency_rating,native_frequency_label,native_frequency_notes,rated_by,rated_at,corpus_rank,register,regional_labels,contexts,tags,gender,plural,genitive_singular,is_reflexive,is_separable,auxiliary,present_er_sie_es,praeteritum,partizip_ii,valency,collocations,synonyms,antonyms,false_friends,source_name,source_url,review_status
1,word,abends,in the evening as a recurring habit,in the evening / evenings,Ich sehe abends immer die Nachrichten.,In the evening I always watch the news.,A2,adverb,5,very high,Temporal recurring evening routine adverb,lexicographer,2026-09-10,380,standard,,time,frequency,,,,,,,,temporales Adverb,"abends weggehen; abends essen","am Abend; zur Abendzeit",morgens,,Goethe-Zertifikat A2 Wortliste,,,,reviewed
2,word,aber,modal particle expressing emphasis,really / certainly,Das ist aber nett von dir.,That is really kind of you.,A2,particle,4,high,Common spoken modal particle,lexicographer,2026-09-10,85,informal,,general,"particle;modal",,,,,,,,,,das ist aber nett,wirklich,,,Goethe-Zertifikat A2 Wortliste,,,reviewed
3,word,Abitur,final secondary school examination certificate,secondary school diploma / A-levels,Sie hat dieses Jahr ihr Abitur gemacht.,She took her secondary school diploma this year.,A2,noun,4,high,Secondary schooling certificate noun,lexicographer,2026-09-10,850,standard,,education,academics,neuter,-,Abiturs,,,,"Abitur machen; nach dem Abitur studieren","Matura; Hochschulreife",,,Goethe-Zertifikat A2 Wortliste,,,,,,reviewed
4,word,abschließen,to lock,to lock,Hast du die Tür abgeschlossen?,Did you lock the door?,A2,verb,4,high,High-frequency household verb,lexicographer,2026-09-10,1320,standard,,household,verb,,,,FALSE,TRUE,haben,schließt ab,schloss ab,abgeschlossen,etwas abschließen,"die Tür abschließen; das Fahrrad abschließen",zusperren,aufschließen,,,,reviewed
5,word,abschließen,to complete / finish (studies/training),to complete / graduate,Ich schließe dieses Jahr mein Studium ab.,I am finishing my studies this year.,A2,verb,4,high,Common academic/vocational sense,lexicographer,2026-09-10,1320,standard,,education,"verb;education",,,,FALSE,TRUE,haben,schließt ab,schloss ab,abgeschlossen,etwas abschließen,"Studium abschließen; Ausbildung abschließen",beenden,anfangen,,,,reviewed
6,word,Achtung,warning / attention,attention / danger,Achtung! Pass auf! Der Verkehr ist hier gefährlich.,Attention! Watch out! The traffic is dangerous here.,A2,noun,4,high,Used as exclamation/signage,lexicographer,2026-09-10,1850,standard,,general,warning,feminine,-,Achtung,,,,,"interjection; Achtung an Gleis...","Achtung geben; Achtung an Gleis",Vorsicht,,,Goethe-Zertifikat A2 Wortliste,,,,reviewed
7,word,Ahnung,idea / notion,idea / clue,"Ich hatte keine Ahnung, dass du heute Geburtstag hast.",I had no idea that it's your birthday today.,A2,noun,4,high,Common colloquial idiom,lexicographer,2026-09-10,1780,informal,,general,idiom,feminine,Ahnungen,Ahnung,,,,,keine Ahnung haben,"keine Ahnung; eine Ahnung bekommen",Vorstellung,Gewissheit,,Goethe-Zertifikat A2 Wortliste,,,,reviewed
8,word,aktiv,energetic / actively involved,active,Peter ist sehr aktiv und macht viel Sport.,Peter is very active and does a lot of sports.,A2,adjective,3,medium,Frequently used for lifestyle,lexicographer,2026-09-10,2400,standard,,general,character,,,,,,,,predicative/attributive,"sportlich aktiv; aktiv teilnehmen",tatkräftig,passiv,,Goethe-Zertifikat A2 Wortliste,,,,reviewed
9,word,aktuell,current / up-to-date,current / topical,Das ist das aktuelle Kinoprogramm.,That is the current cinema program.,A2,adjective,4,high,Common time reference,lexicographer,2026-09-10,890,standard,,general,time,,,,,,,,attributive/predicative,"aktuelles Thema; aktuelle Nachrichten",zeitnah,veraltet,actual,Goethe-Zertifikat A2 Wortliste,,,,reviewed
10,word,allein,unaccompanied / by oneself,alone / on one's own,"Kommt seine Freundin mit? Nein, er kommt allein., Is his girlfriend coming along? No",he is coming alone.,A2,adverb,5,very high,High frequency across levels,lexicographer,2026-09-10,410,standard,,general,lifestyle,,,,,,,,adverbial,"ganz allein; allein machen",selbstständig,gemeinsam,,Goethe-Zertifikat A2 Wortliste,,,,reviewed
11,word,als,comparative particle,than,Hector ist jünger als seine Schwester.,Hector is younger than his sister.,A2,conjunction,5,very high,Essential comparative grammar marker,lexicographer,2026-09-10,35,standard,,general,comparative,,,,,,,,,Komparativ + als,"größer als; mehr als",,wie,,Goethe-Zertifikat A2 Wortliste,,,reviewed
12,word,als,in the role/capacity of,as,Sie arbeitet als Krankenschwester.,She works as a nurse.,A2,preposition,5,very high,Essential role indicator,lexicographer,2026-09-10,35,standard,,professions,grammar,,,,,,,,,arbeiten als + Nom.,"tätig sein als; arbeiten als",in der Eigenschaft als,,,Goethe-Zertifikat A2 Wortliste,,,reviewed
13,word,am Abend,during the closing hours of daylight,in the evening,Am Abend treffen wir Freunde.,In the evening we meet friends.,A2,phrase,5,very high,Diurnal temporal phrase,lexicographer,2026-09-10,120,standard,,time,schedule,,,,,,,,temporale Phrase,"heute am Abend; spät am Abend","abends; zur Abendzeit",am Morgen,,Goethe-Zertifikat A2 Wortliste,,,,reviewed
14,word,am Dienstag,occurring on the second day of the week,on Tuesday,Am Dienstag habe ich frei.,On Tuesday I am off.,A2,phrase,5,very high,Calendar weekday phrase,lexicographer,2026-09-10,210,standard,,time,calendar,,,,,,,,temporale Phrase,"am Dienstag um zehn Uhr; bis Dienstag",dienstags,,,Goethe-Zertifikat A2 Wortliste,,,,reviewed
15,word,am Donnerstag,occurring on the fourth day of the week,on Thursday,Am Donnerstag schreiben wir den Test.,On Thursday we write the test.,A2,phrase,5,very high,Calendar weekday phrase,lexicographer,2026-09-10,210,standard,,time,calendar,,,,,,,,temporale Phrase,"am Donnerstagvormittag; bis Donnerstag",donnerstags,,,Goethe-Zertifikat A2 Wortliste,,,,reviewed
16,word,am Freitag,occurring on the fifth day of the week,on Friday,Am Freitag gehen wir ins Kino.,On Friday we go to the cinema.,A2,phrase,5,very high,Calendar weekday phrase,lexicographer,2026-09-10,180,standard,,time,calendar,,,,,,,,temporale Phrase,"am Freitagabend; Freitag vor dem Wochenende",freitags,,,Goethe-Zertifikat A2 Wortliste,,,,reviewed
17,word,am Mittag,around twelve o'clock in the day,at noon / midday,Am Mittag esse ich einen Salat.,At midday I eat a salad.,A2,phrase,4,high,Diurnal temporal phrase,lexicographer,2026-09-10,480,standard,,time,schedule,,,,,,,,temporale Phrase,"am Mittag Pause machen; zwölf Uhr am Mittag","mittags; zur Mittagszeit",um Mitternacht,,Goethe-Zertifikat A2 Wortliste,,,,reviewed
18,word,am Mittwoch,occurring on the third day of the week,on Wednesday,Am Mittwoch besichtigen wir das Schloss.,On Wednesday we visit the castle.,A2,phrase,5,very high,Calendar weekday phrase,lexicographer,2026-09-10,210,standard,,time,calendar,,,,,,,,temporale Phrase,"am Mittwochabend; jeden Mittwoch",mittwochs,,,Goethe-Zertifikat A2 Wortliste,,,,reviewed
19,word,am Montag,occurring on the first day of work week,on Monday,Am Montag fängt der Kurs an.,On Monday the course starts.,A2,phrase,5,very high,Calendar weekday phrase,lexicographer,2026-09-10,180,standard,,time,calendar,,,,,,,,temporale Phrase,"nächsten Montag; am kommenden Montag",montags,,,Goethe-Zertifikat A2 Wortliste,,,,reviewed
20,word,am Morgen,during the early hours of the day,in the morning,Am Morgen trinke ich immer Kaffee.,In the morning I always drink coffee.,A2,phrase,5,very high,Diurnal temporal phrase,lexicographer,2026-09-10,140,standard,,time,schedule,,,,,,,,temporale Phrase,"am frühen Morgen; jeden Tag am Morgen","morgens; in der Frühe",am Abend,,Goethe-Zertifikat A2 Wortliste,,,,reviewed
21,word,am Nachmittag,during the hours after noon until evening,in the afternoon,Am Nachmittag gehe ich zum Arzt.,In the afternoon I go to the doctor.,A2,phrase,5,very high,Diurnal temporal phrase,lexicographer,2026-09-10,240,standard,,time,schedule,,,,,,,,temporale Phrase,"heute am Nachmittag; jeden Tag am Nachmittag",nachmittags,am Vormittag,,Goethe-Zertifikat A2 Wortliste,,,,reviewed
22,word,am Samstag,occurring on the sixth day of the week,on Saturday,Am Samstag gehen wir auf eine Party.,On Saturday we go to a party.,A2,phrase,5,very high,Calendar weekend phrase,lexicographer,2026-09-10,180,standard,,time,calendar,,,,,,,,temporale Phrase,"am Samstagvormittag; am Samstag einkaufen","samstags; am Sonnabend",,,Goethe-Zertifikat A2 Wortliste,,,,reviewed
23,word,am Sonntag,occurring on the seventh day of the week,on Sunday,Am Sonntag gehen wir in den Zoo.,On Sunday we go to the zoo.,A2,phrase,5,very high,Calendar weekend phrase,lexicographer,2026-09-10,180,standard,,time,calendar,,,,,,,,temporale Phrase,"am Sonntagnachmittag; am Sonntag ausschlafen",sonntags,,,Goethe-Zertifikat A2 Wortliste,,,,reviewed
24,word,am Vormittag,during the hours between dawn and noon,in the morning / forenoon,Am Vormittag haben wir Unterricht.,In the forenoon we have classes.,A2,phrase,4,high,Diurnal temporal phrase,lexicographer,2026-09-10,380,standard,,time,schedule,,,,,,,,temporale Phrase,"am Vormittag erreichbar; morgen am Vormittag",vormittags,am Nachmittag,,Goethe-Zertifikat A2 Wortliste,,,,reviewed
25,word,am Wochenende,occurring during Saturday and Sunday,at the weekend / on the weekend,Am Wochenende fahren wir in die Berge.,At the weekend we are driving to the mountains.,A2,phrase,5,very high,Frequent temporal recreational phrase,lexicographer,2026-09-10,95,standard,,time,leisure,,,,,,,,temporale Phrase,"am Wochenende frei haben; fürs Wochenende planen",samstags und sonntags,unter der Woche,,Goethe-Zertifikat A2 Wortliste,,,,reviewed
26,word,Ampel,traffic light system,traffic light,"Du kannst fahren, die Ampel ist grün., You can drive",the traffic light is green.,A2,noun,3,medium,Essential traffic vocabulary,lexicographer,2026-09-10,3400,standard,,traffic,transport,feminine,Ampeln,Ampel,,,,,an der Ampel,"rote Ampel; grüne Ampel",Lichtsignalanlage,,,Goethe-Zertifikat A2 Wortliste,,,,reviewed
27,word,andere,different / remaining / other,other / another,"Willst du diesen Mantel? Nein, ich möchte den anderen., Do you want this coat? No",I would like the other one.,A2,pronoun,5,very high,Indefinite pronoun/determiner,lexicographer,2026-09-10,78,standard,,general,determiner,,,,,,,,attributive/substantive,"die anderen; ein anderer",weitere,selbe,,Goethe-Zertifikat A2 Wortliste,,,,reviewed
28,word,ändern,to alter / modify,to change / alter,Wie kann ich mein Passwort ändern?,How can I change my password?,A2,verb,4,high,Standard verb for changes,lexicographer,2026-09-10,650,standard,,general,verb,,,,optional,FALSE,haben,ändert,änderte,geändert,"etwas ändern; sich ändern","Meinung ändern; Passwort ändern",modifizieren,beibehalten,,,,reviewed
29,word,anders,in a different manner,differently,Anders geht das leider nicht.,Unfortunately it doesn't work any other way.,A2,adverb,5,very high,Universal manner adverb,lexicographer,2026-09-10,310,standard,,general,manner,,,,,,,,adverbial,"ganz anders; anders machen",verschieden,gleich,"gleich; genauso",Goethe-Zertifikat A2 Wortliste,,,,reviewed
30,word,Angestellte,employed person working salaried in an office,employee (female) / white-collar worker,Sie arbeitet als Angestellte in einer Firma.,She works as an employee in a company.,A2,noun,4,high,Occupational status and labor demographics noun,lexicographer,2026-09-10,750,standard,,work,people,feminine,Angestellten,Angestellten,,,,"kaufmännische Angestellte; feste Angestellte","Mitarbeiterin; Beschäftigte","Arbeitgeberin; Selbstständige",,Goethe-Zertifikat A2 Wortliste,,,,,,reviewed
31,word,Angestellter,male salaried white-collar office worker,employee (male) / white-collar worker,Er ist Angestellter bei der Bank.,He is an employee at the bank.,A2,noun,4,high,Occupational status and labor demographics noun,lexicographer,2026-09-10,680,standard,,work,people,masculine,Angestellten,Angestellten,,,,"leitender Angestellter; als Angestellter arbeiten","Mitarbeiter; Beschäftigter","Arbeitgeber; Selbstständiger",,Goethe-Zertifikat A2 Wortliste,,,,,,reviewed
32,word,Angst,feeling of anxiety or fear,fear / anxiety,Hab keine Angst!,Don't be afraid!,A2,noun,5,very high,Primary psychological emotion noun,lexicographer,2026-09-10,510,standard,,psychology,feelings,feminine,Ängste,Angst,,,,,Angst haben vor + Dat.,"Angst haben; keine Angst",Furcht,"Mut; Zuversicht",,Goethe-Zertifikat A2 Wortliste,,,,reviewed
33,word,ansehen,to look at / inspect / watch,to look at / watch,Darf ich eure Urlaubsfotos ansehen?,May I look at your holiday photos?,A2,verb,5,very high,Common perception verb,lexicographer,2026-09-10,540,standard,,general,"media;visual",,,,optional,TRUE,haben,sieht an,sah an,angesehen,sich (Dat.) etwas ansehen,"Fotos ansehen; Sendung ansehen",anschauen,wegsehen,,,,reviewed
34,word,Anzug,men's business/formal suit,suit,Mein Mann muss sich einen neuen Anzug kaufen.,My husband has to buy a new suit.,A2,noun,4,high,Essential apparel noun,lexicographer,2026-09-10,2100,standard,,clothing,attire,masculine,Anzüge,Anzugs,Anzuges,,,,"einen Anzug kaufen; Anzug tragen","neuer Anzug; blauer Anzug",Kostüm,,,Goethe-Zertifikat A2 Wortliste,,,,reviewed
35,word,Apotheke,dispensing chemist / pharmacy,pharmacy / chemist's,Das Medikament bekommen Sie in der Apotheke.,You can get the medication at the pharmacy.,A2,noun,4,high,Key healthcare infrastructure term,lexicographer,2026-09-10,2800,standard,,health,medicine,feminine,Apotheken,Apotheke,,,,,"in die Apotheke gehen; in der Apotheke",zur Apotheke gehen,Pharmazie,,,Goethe-Zertifikat A2 Wortliste,,,,reviewed
36,word,Apparat,mechanical or electronic device / camera,device / apparatus,Was machen wir mit deinem alten Apparat?,What are we going to do with your old device?,A2,noun,3,medium,Domestic appliances/tech context,lexicographer,2026-09-10,2950,standard,,technology,devices,masculine,Apparate,Apparats,Apparates,,,,alter Apparat,"Fotoapparat; am Apparat sein",Gerät,,,Goethe-Zertifikat A2 Wortliste,,,,reviewed
37,word,Arbeitstag,day on which regular professional work is performed,working day / workday,Von Montag bis Freitag ist Arbeitstag.,From Monday to Friday it's a workday.,A2,noun,4,high,Employment calendar and scheduling noun,lexicographer,2026-09-10,1280,standard,,"work;time",calendar,masculine,Arbeitstage,Arbeitstags,Arbeitstages,,,,"langer Arbeitstag; regulärer Arbeitstag",Werktag,"Feiertag; Wochenende",,Goethe-Zertifikat A2 Wortliste,,,,,reviewed
38,word,ärgern,to be annoyed or irritated (reflexive),to be annoyed / upset,Warum ärgerst du dich?,Why are you upset?,A2,verb,4,high,Emotional state verb,lexicographer,2026-09-10,1580,standard,,psychology,feelings,,,,TRUE,FALSE,haben,ärgert,ärgerte,geärgert,sich über + Akk. ärgern,sich über das Wetter ärgern,aufregen,freuen,,,,reviewed
39,word,arm,lacking financial resources,poor,"Sie haben nicht viel Geld, sie sind arm., They don't have much money",they are poor.,A2,adjective,4,high,Basic socio-economic adjective,lexicographer,2026-09-10,1280,standard,,society,finances,,,,,,,,predicative/attributive,"arm sein; arme Leute","sehr arm; arm an",mittellos,reich,arm,Goethe-Zertifikat A2 Wortliste,,,reviewed
40,word,Artikel,grammatical determiner,article (grammar),"Im Deutschen gibt es drei Artikel: der, die und das., In German there are three articles: der",die and das.,A2,noun,4,high,Core language-learning grammar term,lexicographer,2026-09-10,850,standard,,linguistics,grammar,masculine,Artikel,Artikels,,,,,"bestimmter Artikel; unbestimmter Artikel","drei Artikel; grammatischer Artikel",Geschlechtswort,,,Goethe-Zertifikat A2 Wortliste,,,,reviewed
41,word,Artikel,published journalistic text,article (journalism),Ich habe in der Zeitung einen interessanten Artikel gelesen.,I read an interesting article in the newspaper.,A2,noun,4,high,Everyday media noun,lexicographer,2026-09-10,850,standard,,media,press,masculine,Artikel,Artikels,,,,,"Artikel in der Zeitung; Artikel lesen","interessanter Artikel; Artikel schreiben","Beitrag; Bericht",,,Goethe-Zertifikat A2 Wortliste,,,,reviewed
42,word,auf,open / unclosed,open,"Die Tür ist auf, kommen Sie rein!, The door is open",come inside!,A2,adjective,4,high,Colloquial predicative synonym for offen,lexicographer,2026-09-10,320,informal,,household,state,,,,,,,,predicative only,"auf sein; das Geschäft hat noch auf",offen,"zu; geschlossen",,Goethe-Zertifikat A2 Wortliste,,,,reviewed
43,word,auf Deutsch,expressed in the German language,in German,Wie heißt das auf Deutsch?,What is that called in German?,A2,phrase,5,very high,Core language instruction phrase,lexicographer,2026-09-10,210,standard,,linguistics,language,,,,,,,,Adverbialphrase,"auf Deutsch sagen; auf Deutsch übersetzen",auf Deutsch formuliert,,,Goethe-Zertifikat A2 Wortliste,,,,reviewed
44,phrase,auf jeden Fall,under all circumstances,definitely / in any case,Ich möchte auf jeden Fall den neuen Film sehen.,I definitely want to see the new movie.,A2,phrase,5,very high,Universal conversational idiom,lexicographer,2026-09-10,450,standard,,general,idiom,,,,,,,,modal adverbial,"auf jeden Fall machen; auf jeden Fall kommen",unbedingt,auf keinen Fall,,Goethe-Zertifikat A2 Wortliste,,,,reviewed
45,phrase,auf keinen Fall,under no circumstances,under no circumstances / definitely not,Ich sehe ihn auf keinen Fall an!,I am definitely not watching it!,A2,phrase,4,high,Universal negative emphatic idiom,lexicographer,2026-09-10,760,standard,,general,idiom,,,,,,,,modal adverbial,"auf keinen Fall mitkommen; auf keinen Fall vergessen",keineswegs,auf jeden Fall,,Goethe-Zertifikat A2 Wortliste,,,,reviewed
46,word,auf Wiedersehen,parting farewell formula spoken in person,goodbye / see you again,Auf Wiedersehen!,Goodbye!,A2,phrase,5,very high,Core standard farewell formula,lexicographer,2026-09-10,120,standard,,social,greeting,,,,,,,,Abschiedsformel,"auf Wiedersehen sagen; bis bald","tschüss; lebewohl","hallo; guten Tag",,Goethe-Zertifikat A2 Wortliste,,,,reviewed
47,word,aufmachen,to open (door/window/package),to open,Kannst du bitte die Tür aufmachen?,Can you please open the door?,A2,verb,4,high,High-frequency domestic verb,lexicographer,2026-09-10,1150,informal,,household,action,,,,FALSE,TRUE,haben,macht auf,machte auf,aufgemacht,etwas aufmachen,"die Tür aufmachen; das Fenster aufmachen",öffnen,"zumachen; schließen",,,,reviewed
48,word,aufpassen,to pay attention or supervise,to pay attention / watch out / look after,"Pass auf, der Teller fällt gleich auf den Boden!, Watch out",the plate is about to fall on the floor!,A2,verb,4,high,Essential conversational verb,lexicographer,2026-09-10,1380,standard,,general,vigilance,,,,FALSE,TRUE,haben,passt auf,passte auf,aufgepasst,auf + Akk. aufpassen,"auf die Kinder aufpassen; im Unterricht aufpassen","achten; hüten",unaufmerksam sein,,,,reviewed
49,word,aufräumen,to tidy up or organize,to tidy up / clean up,Die Kinder müssen ihr Zimmer aufräumen.,The children have to tidy up their room.,A2,verb,4,high,Everyday household chore verb,lexicographer,2026-09-10,2100,standard,,household,order,,,,FALSE,TRUE,haben,räumt auf,räumte auf,aufgeräumt,etwas aufräumen,"Zimmer aufräumen; Wohnung aufräumen","ordnen; putzen",unordentlich hinterlassen,,,,reviewed
50,word,aufregend,thrilling / stimulating / tense,exciting / thrilling,Die letzte Woche war sehr aufregend.,Last week was very exciting.,A2,adjective,4,high,Evaluative description of events,lexicographer,2026-09-10,2850,standard,,general,emotion,,,,,,,,predicative/attributive,"sehr aufregend; nicht besonders aufregend","spannend; mitreißend",langweilig,langweilig,Goethe-Zertifikat A2 Wortliste,,,,reviewed
51,word,aus,switched off / extinguished,off / out,Ich sehe nichts. Das Licht ist aus.,I can't see anything. The light is off.,A2,adjective,4,high,Predicative state indicating inactive device,lexicographer,2026-09-10,320,standard,,household,state,,,,,,,,predicative only,"das Licht ist aus; der Fernseher ist aus",ausgeschaltet,"an; eingeschaltet",,Goethe-Zertifikat A2 Wortliste,,,,reviewed
52,word,ausgeben,to expend monetary funds,to spend (money),Agata gibt viel Geld für Bücher aus.,Agata spends a lot of money on books.,A2,verb,4,high,Financial transactions verb,lexicographer,2026-09-10,1050,standard,,finances,commerce,,,,FALSE,TRUE,haben,gibt aus,gab aus,ausgegeben,Geld für + Akk. ausgeben,"viel Geld ausgeben; wenig ausgeben",aufwenden,"einnehmen; sparen",,,,reviewed
53,word,ausgehen,to socialize outside / leave the home,to go out,Gehen wir am Freitag zusammen aus?,Shall we go out together on Friday?,A2,verb,4,high,Social leisure activity verb,lexicographer,2026-09-10,910,standard,,leisure,social,,,,FALSE,TRUE,sein,geht aus,ging aus,ausgegangen,"zusammen ausgehen; abends ausgehen","abends ausgehen; feiern gehen",ausgehen,zuhause bleiben,,,,reviewed
54,word,auspacken,to unpack / unwrap,to unpack,Packst du bitte den Koffer aus?,Will you please unpack the suitcase?,A2,verb,3,medium,Everyday travel and luggage verb,lexicographer,2026-09-10,2850,standard,,"travel;household",action,,,,FALSE,TRUE,haben,packt aus,packte aus,ausgepackt,etwas auspacken,"den Koffer auspacken; Geschenke auspacken",entpacken,einpacken,,,,reviewed
55,word,ausruhen,to relax / take a rest (reflexive),to rest / relax,Er ruht sich nach der Arbeit immer aus.,He always rests after work.,A2,verb,4,high,Daily routine and wellness verb,lexicographer,2026-09-10,2100,standard,,health,lifestyle,,,,TRUE,TRUE,haben,ruht aus,ruhte aus,ausgeruht,sich von + Dat. ausruhen,"sich ausruhen; erst mal ausruhen","entspannen; erholen",anstrengen,,,,reviewed
56,word,außer,excluding / except for,except / apart from,Außer Lisa möchte niemand den Film sehen.,Except for Lisa nobody wants to see the movie.,A2,preposition,4,high,Common restrictive preposition,lexicographer,2026-09-10,510,standard,,general,preposition,,,,,,,,,außer + Dat.,"außer Samstag; alle außer","ausgenommen; abgesehen von",einschließlich,,Goethe-Zertifikat A2 Wortliste,,,reviewed
57,word,außerdem,in addition / besides,besides / furthermore,"Vier Brötchen, möchten Sie außerdem noch etwas?, Four bread rolls",would you like anything besides that?,A2,adverb,4,high,Discourse and connective adverb,lexicographer,2026-09-10,480,standard,,general,connector,,,,,,,,adverbial,"außerdem noch; was noch","zudem; überdies",,,Goethe-Zertifikat A2 Wortliste,,,,reviewed
58,word,außerhalb,outside of / beyond,outside (of),"Die Wohnung ist nicht in der Stadt, sie liegt etwas außerhalb., The apartment is not in the city",it is located somewhat outside.,A2,adverb,4,high,Spatial location adverb and preposition,lexicographer,2026-09-10,1350,standard,,housing,location,,,,,,,,adverbial / Genitiv-Präposition,"etwas außerhalb; außerhalb der Stadt",draußen,innerhalb,,Goethe-Zertifikat A2 Wortliste,,,,reviewed
59,word,aussprechen,to articulate or pronounce,to pronounce,Wie spricht man das Wort aus?,How do you pronounce that word?,A2,verb,4,high,Language learning and communication verb,lexicographer,2026-09-10,1850,standard,,linguistics,speech,,,,FALSE,TRUE,haben,spricht aus,sprach aus,ausgesprochen,etwas aussprechen,"ein Wort aussprechen; richtig aussprechen",artikulieren,,,,,reviewed
60,word,Ausstellung,public display or exhibition,exhibition,Gehen wir morgen zusammen in die Ausstellung?,Shall we go to the exhibition together tomorrow?,A2,noun,4,high,Cultural and leisure vocabulary,lexicographer,2026-09-10,1280,standard,,culture,art,feminine,Ausstellungen,Ausstellung,,,,,"in die Ausstellung gehen; Ausstellung besuchen","neue Ausstellung; Kunstausstellung","Schau; Exposition",,,Goethe-Zertifikat A2 Wortliste,,,,reviewed
61,word,austauschen,to give and receive mutually or replace,to exchange / swap,Können wir unsere Adressen austauschen?,Can we exchange our addresses?,A2,verb,4,high,Communication,contact,and replacement verb,lexicographer,2026-09-10,950,standard,,"communication;social",action,,,,FALSE,TRUE,haben,tauscht aus,tauschte aus,ausgetauscht,"etwas gegen + Akk. austauschen; etwas austauschen","Erfahrungen austauschen; Adressen austauschen","wechseln; erneuern",,,reviewed
62,word,austragen,to deliver (newspapers/letters),to deliver / distribute,Er trägt jeden Morgen die Zeitung aus.,He delivers the newspaper every morning.,A2,verb,3,medium,Job and delivery action verb,lexicographer,2026-09-10,2900,standard,,work,delivery,,,,FALSE,TRUE,haben,trägt aus,trug aus,ausgetragen,etwas austragen,"Zeitungen austragen; Briefe austragen","verteilen; zustellen",,,,,reviewed
63,word,Auszubildende,female apprentice undergoing dual vocational training,trainee (female) / apprentice,Sie ist Auszubildende im ersten Lehrjahr.,She is a trainee in her first year of apprenticeship.,A2,noun,3,medium,Vocational education and labor noun,lexicographer,2026-09-10,1850,standard,,"work;education",professions,feminine,Auszubildenden,Auszubildenden,,,,"als Auszubildende arbeiten; Azubi","Lehrling; Azubine",Ausbilder,,Goethe-Zertifikat A2 Wortliste,,,,,,reviewed
64,word,Auszubildender,male apprentice undergoing dual vocational training,trainee (male) / apprentice,Er ist Auszubildender bei Siemens.,He is an apprentice at Siemens.,A2,noun,3,medium,Vocational education and labor noun,lexicographer,2026-09-10,1850,standard,,"work;education",professions,masculine,Auszubildenden,Auszubildenden,,,,"als Auszubildender lernen; Azubi","Lehrling; Azubi",Ausbilder,,Goethe-Zertifikat A2 Wortliste,,,,,,reviewed
65,word,Autor,person who writes books,articles,"or literature, author / writer, Er ist ein bekannter Autor.",He is a well-known author.,A2,noun,4,high,Literature,media,and publishing profession noun,lexicographer,2026-09-10,650,standard,,"media;culture",professions,masculine,Autoren,Autors,,,,"Bücher des Autors; berühmter Autor","Schriftsteller; Verfasser",Leser,,Goethe-Zertifikat A2 Wortliste,,,,reviewed
66,word,Autorin,female writer of books or literature,author (female) / writer,Sie ist die Autorin dieses Buches.,She is the author of this book.,A2,noun,4,high,Literature,publishing,and professions noun,lexicographer,2026-09-10,850,standard,,"media;culture",professions,feminine,Autorinnen,Autorin,,,,,"eine junge Autorin; die Autorin liest vor","Schriftstellerin; Verfasserin",Leserin,,Goethe-Zertifikat A2 Wortliste,,,reviewed
67,word,Babysitter,person looking after children temporarily,babysitter,Meine Tochter arbeitet als Babysitter bei einer Familie.,My daughter works as a babysitter for a family.,A2,noun,3,medium,Everyday child-care noun,lexicographer,2026-09-10,3900,standard,,family,work,masculine,Babysitter,Babysitters,,,,,"als Babysitter arbeiten; Babysitter suchen","zuverlässiger Babysitter; Babysitter engagieren",Kinderbetreuer,,,Goethe-Zertifikat A2 Wortliste,,,,reviewed
68,word,backen,to cook food by dry heat in an oven,to bake,"Wenn du kommst, backe ich einen Kuchen., When you come",I will bake a cake.,A2,verb,4,high,Everyday cooking and domestic verb,lexicographer,2026-09-10,1750,standard,,cooking,food,,,,FALSE,FALSE,haben,bäckt/backt,backte/buk,gebacken,etwas backen,"Kuchen backen; Brot backen",im Ofen zubereiten,"kochen; braten",,,,reviewed
69,word,Bäcker,craftsman who bakes bread and pastries commercially,baker,Der Bäcker steht früh morgens auf.,The baker gets up early in the morning.,A2,noun,4,high,Food craftsmanship and retail profession noun,lexicographer,2026-09-10,1650,standard,,"food;work",professions,masculine,Bäcker,Bäckers,,,,,frisches Brot vom Bäcker,"Bäckermeister; Backstubenbetreiber",,,Goethe-Zertifikat A2 Wortliste,,,,,reviewed
70,word,Bäckerin,female craftsman baking bread commercially,baker (female),Meine Schwester ist Bäckerin von Beruf.,My sister is a baker by profession.,A2,noun,3,medium,Food craftsmanship and retail profession noun,lexicographer,2026-09-10,2400,standard,,"food;work",professions,feminine,Bäckerinnen,Bäckerin,,,,,Ausbildung zur Bäckerin machen,Bäckermeisterin,,,Goethe-Zertifikat A2 Wortliste,,,,,reviewed
71,word,Ball,spherical object used in games,ball,Meine Kinder spielen gern Ball.,My children like playing ball.,A2,noun,4,high,Sports and leisure noun,lexicographer,2026-09-10,1320,standard,,sports,games,masculine,Bälle,Balls,Balles,,,,"Ball spielen; den Ball werfen","Fußball; Tennisball",,,Goethe-Zertifikat A2 Wortliste,,,,,reviewed
72,word,Band,musical group or ensemble,band,Anton spielt in einer Band.,Anton plays in a band.,A2,noun,4,high,Music and entertainment noun,lexicographer,2026-09-10,1420,standard,,music,culture,feminine,Bands,Band,,,,,"in einer Band spielen; Lieblingsband","Musikgruppe; Combo",,,Goethe-Zertifikat A2 Wortliste,,,,,reviewed
73,word,Basketball,team ball game played on a court,basketball,Yannick spielt lieber Basketball als Fußball.,Yannick prefers playing basketball over football.,A2,noun,3,medium,Sports vocabulary,lexicographer,2026-09-10,3100,standard,,sports,games,masculine,Basketbälle,Basketballs,,,,"Basketball spielen; Basketballturnier",Korbball,,,Goethe-Zertifikat A2 Wortliste,,,,,,reviewed
74,word,basteln,to engage in creative handcrafts,to do crafts / make handicrafts,Die Kinder haben etwas gebastelt.,The children made something in crafts.,A2,verb,3,medium,Leisure and childhood activity verb,lexicographer,2026-09-10,2900,standard,,leisure,hobbies,,,,FALSE,FALSE,haben,bastelt,bastelte,gebastelt,"etwas basteln; mit Papier basteln","gerne basteln; etwas Schönes basteln","werkeln; handarbeiten",,,,,reviewed
75,word,bauen,to construct or build,to build / construct,Unsere Nachbarn bauen ein neues Haus.,Our neighbours are building a new house.,A2,verb,5,very high,Core construction action verb,lexicographer,2026-09-10,490,standard,,construction,action,,,,FALSE,FALSE,haben,baut,baute,gebaut,"etwas bauen; an + Dat. bauen","ein Haus bauen; Straße bauen","errichten; erbauen","zerstören; abreißen",,,,reviewed
76,word,Baustelle,area where building work is happening,construction site,Vor unserem Haus ist eine große Baustelle.,In front of our house is a large construction site.,A2,noun,3,medium,Urban environment and traffic noun,lexicographer,2026-09-10,2700,standard,,city,construction,feminine,Baustellen,Baustelle,,,,,"auf der Baustelle arbeiten; Baustelle umfahren","große Baustelle; Straßenbaustelle",Bauplatz,,,Goethe-Zertifikat A2 Wortliste,,,,reviewed
77,word,beantworten,to give a formal or direct answer to,to answer / reply to,Können Sie meine Frage bitte beantworten?,Can you please answer my question?,A2,verb,4,high,Everyday formal dialogue verb,lexicographer,2026-09-10,1310,standard,,communication,dialogue,,,,FALSE,FALSE,haben,beantwortet,beantwortete,beantwortet,etwas beantworten,"eine Frage beantworten; E-Mail beantworten","erwidern; antworten auf",fragen,,,,reviewed
78,word,bedanken,to express gratitude (reflexive),to thank,Ich möchte mich noch einmal sehr herzlich für Ihre Hilfe bedanken.,I would like to thank you once again very warmly for your help.,A2,verb,4,high,Polite social interaction verb,lexicographer,2026-09-10,1750,standard,,social,courtesy,,,,TRUE,FALSE,haben,bedankt,bedankte,bedankt,sich bei + Dat. für + Akk. bedanken,"sich herzlich bedanken; sich für die Einladung bedanken",danken,,,,,reviewed
79,word,beeilen,to act or move with speed (reflexive),to hurry (up),Kannst du dich bitte beeilen? Der Bus fährt gleich ab!,Can you please hurry up? The bus is leaving right away!,A2,verb,4,high,Time-management and daily interaction verb,lexicographer,2026-09-10,2150,standard,,daily_routine,movement,,,,TRUE,FALSE,haben,beeilt,beeilte,beeilt,sich mit + Dat. beeilen,"sich beeilen müssen; mach schnell und beeil dich","sputen; hetzen","trödeln; Zeit lassen",,,,reviewed
80,word,beenden,to bring to a conclusion,to end / finish / conclude,Du musst deine Ausbildung auf jeden Fall beenden.,You must definitely finish your vocational training.,A2,verb,4,high,Task completion and closure verb,lexicographer,2026-09-10,1180,standard,,general,closure,,,,FALSE,FALSE,haben,beendet,beendete,beendet,etwas beenden,"Ausbildung beenden; Studium beenden","abschließen; aufhören","beginnen; anfangen",,,,reviewed
81,word,begründen,to provide supporting reasons or rationale,to justify / give reasons for,Bitte begründen Sie Ihre Meinung.,Please give reasons for your opinion.,A2,verb,4,high,Exam instructions and argumentative verb,lexicographer,2026-09-10,1650,standard,,communication,reasoning,,,,FALSE,FALSE,haben,begründet,begründete,begründet,etwas begründen,"Meinung begründen; Entscheidung begründen","rechtfertigen; erklären",,,,,reviewed
82,word,beliebt,liked by many people,popular,Fußball ist bei vielen Menschen beliebt.,Football is popular with many people.,A2,adjective,4,high,Social preference adjective,lexicographer,2026-09-10,1210,standard,,society,preference,,,,,,,,predicative/attributive,beliebt bei + Dat.,"sehr beliebt; beliebter Sport",populär,unbeliebt,,Goethe-Zertifikat A2 Wortliste,,,reviewed
83,word,bequem,providing physical comfort or ease,comfortable,Das Sofa ist sehr bequem.,The sofa is very comfortable.,A2,adjective,4,high,Physical sensation and lifestyle adjective,lexicographer,2026-09-10,1850,standard,,"housing;clothing",comfort,,,,,,,,predicative/attributive,"sehr bequem; bequeme Schuhe",gemütlich,unbequem,unbequem,Goethe-Zertifikat A2 Wortliste,,,,reviewed
84,word,beraten,to give advice or guidance to someone,to advise,Unsere Sekretärin berät Sie gern.,Our secretary will gladly advise you.,A2,verb,4,high,Customer service and consulting verb,lexicographer,2026-09-10,1320,standard,,work,consultation,,,,FALSE,FALSE,haben,berät,beriet,beraten,"jemanden beraten; bei/in + Dat. beraten","Kunden beraten; gut beraten","empfehlen; anleiten",,,,,reviewed
85,word,Berg,elevated natural landform,mountain,Die Zugspitze ist der höchste Berg in Deutschland.,The Zugspitze is the highest mountain in Germany.,A2,noun,4,high,Nature and geography noun,lexicographer,2026-09-10,640,standard,,nature,geography,masculine,Berge,Bergs,Berges,,,,"in die Berge fahren; auf den Berg steigen","hoher Berg; in den Bergen","Gipfel; Gebirge",Tal,,Goethe-Zertifikat A2 Wortliste,,,,reviewed
86,word,berichten,to give a formal account or report,to report,Alle Zeitungen berichten von dem Unfall.,All newspapers are reporting on the accident.,A2,verb,4,high,News and communication verb,lexicographer,2026-09-10,720,standard,,media,communication,,,,FALSE,FALSE,haben,berichtet,berichtete,berichtet,"über + Akk. berichten; von + Dat. berichten","in den Nachrichten berichten; ausführlich berichten","erzählen; schildern",,,,,reviewed
87,word,berühmt,renowned and recognized by many,famous / celebrated,Thomas Müller ist ein berühmter Fußballspieler.,Thomas Müller is a famous football player.,A2,adjective,4,high,Public fame descriptor,lexicographer,2026-09-10,1430,standard,,society,reputation,,,,,,,,predicative/attributive,"weltweit berühmt; berühmter Künstler","bekannt; prominent",unbekannt,unbekannt,Goethe-Zertifikat A2 Wortliste,,,,reviewed
88,phrase,Bescheid geben,to inform or notify someone,to let someone know,Kannst du mir bis morgen Bescheid geben?,Can you let me know by tomorrow?,A2,phrase,4,high,Universal everyday communication formula,lexicographer,2026-09-10,890,standard,,communication,idiom,,,,,,,,idiom mit Verb,"Bescheid geben; Bescheid sagen; Bescheid bekommen","informieren; benachrichtigen",jemandem Bescheid geben,"benachrichtigen; Bescheid sagen",Goethe-Zertifikat A2 Wortliste,,,,reviewed
89,word,beschreiben,to depict in words,to describe,Kannst du mir den Weg zum Bahnhof beschreiben?,Can you describe the way to the train station to me?,A2,verb,4,high,Core instruction and communicative verb,lexicographer,2026-09-10,980,standard,,communication,description,,,,FALSE,FALSE,haben,beschreibt,beschrieb,beschrieben,jemandem etwas beschreiben,"den Weg beschreiben; Person beschreiben","schildern; darstellen",,,,,reviewed
90,word,beschweren,to express dissatisfaction or file a complaint,to complain,Hier ist es zu laut. Wo können wir uns beschweren?,It is too loud here. Where can we complain?,A2,verb,4,high,Everyday service and civic verb,lexicographer,2026-09-10,1820,standard,,social,complaints,,,,TRUE,FALSE,haben,beschwert,beschwerte,beschwert,"sich über + Akk. beschweren; sich bei + Dat. beschweren","sich über die Nachbarn beschweren; sich beschweren","reklamieren; klagen",loben,,,,reviewed
91,word,besonders,to a marked extent / especially,especially / particularly,Dieses Angebot ist besonders günstig.,This offer is particularly reasonable.,A2,adverb,5,very high,High-frequency intensifying degree adverb,lexicographer,2026-09-10,240,standard,,general,intensity,,,,,,,,adverbial,"besonders gut; nicht besonders","vor allem; speziell",gewöhnlich,"kaum; mittelmäßig",Goethe-Zertifikat A2 Wortliste,,,,reviewed
92,word,bestätigen,to verify or formally confirm,to confirm,"Ich kann bestätigen, dass er hier war.",I can confirm that he was here.,A2,verb,4,high,Administrative and official communication verb,lexicographer,2026-09-10,1120,standard,,administration,communication,,,,FALSE,FALSE,haben,bestätigt,bestätigte,bestätigt,"etwas bestätigen; bestätigen",dass,"Termin bestätigen; Reservierung bestätigen","bekräftigen; zusagen","widerrufen; dementieren",,,reviewed
93,word,bestehen,to pass an examination,to pass (an exam),Ich habe die Prüfung bestanden!,I passed the exam!,A2,verb,5,very high,Education and certification verb,lexicographer,2026-09-10,430,standard,,education,exams,,,,FALSE,FALSE,haben,besteht,bestand,bestanden,eine Prüfung bestehen,"Prüfung erfolgreich bestehen; Test bestehen",schaffen,durchfallen,,,,reviewed
94,word,bestehen,to be composed of,to consist of,Die Prüfung besteht aus vier Teilen.,The exam consists of four parts.,A2,verb,5,very high,Structural composition verb,lexicographer,2026-09-10,430,standard,,general,structure,,,,FALSE,FALSE,haben,besteht,bestand,bestanden,aus + Dat. bestehen,"besteht aus Teilen; besteht aus Mitgliedern",sich zusammensetzen aus,,,,,reviewed
95,word,Besuch,callers/guests or social call,visit / company / guests,Wir bekommen am Wochenende Besuch.,We are getting visitors this weekend.,A2,noun,4,high,Social gatherings and hospitality noun,lexicographer,2026-09-10,950,standard,,social,hospitality,masculine,Besuche,Besuchs,Besuches,,,,"Besuch haben; zu Besuch sein","Besuch im Krankenhaus; Besuch empfangen","Gäste; Visite",,,Goethe-Zertifikat A2 Wortliste,,,,reviewed
96,word,bewerben,to apply formally for a post (reflexive),to apply (for a job),Ich möchte mich um diese Stelle bewerben.,I would like to apply for this position.,A2,verb,4,high,Employment and career verb,lexicographer,2026-09-10,1650,standard,,work,career,,,,TRUE,FALSE,haben,bewirbt,bewarb,beworben,"sich um + Akk. bewerben; sich bei + Dat. bewerben","sich um eine Stelle bewerben; sich auf einen Job bewerben",Kandidatur einreichen,,,,,reviewed
97,word,Bewerbung,written application for employment,application,Kannst du mir bei meiner Bewerbung helfen?,Can you help me with my application?,A2,noun,4,high,Work search and formal documents noun,lexicographer,2026-09-10,1890,standard,,work,career,feminine,Bewerbungen,Bewerbung,,,,,"Bewerbung schreiben; Bewerbung abschicken",Bewerbung um einen Arbeitsplatz,Bewerbungsunterlagen,,,Goethe-Zertifikat A2 Wortliste,,,,reviewed
98,word,bewölkt,overcast with clouds,cloudy / overcast,Heute ist es bewölkt.,Today it is cloudy.,A2,adjective,3,medium,Meteorological description adjective,lexicographer,2026-09-10,3100,standard,,weather,nature,,,,,,,,predicative/attributive,"bewölkt sein; leicht bewölkt","stark bewölkt; der Himmel ist bewölkt","wolkig; bedeckt","sonnig; wolkenlos",,Goethe-Zertifikat A2 Wortliste,,,reviewed
99,word,Bibliothek,institution lending books and media,library,Sie lernt jeden Tag in der Bibliothek.,She studies in the library every day.,A2,noun,4,high,Education and study infrastructure noun,lexicographer,2026-09-10,1980,standard,,education,buildings,feminine,Bibliotheken,Bibliothek,,,,,"in die Bibliothek gehen; in der Bibliothek lernen","öffentliche Bibliothek; Universitätsbibliothek",Bücherei,,,Goethe-Zertifikat A2 Wortliste,,,,reviewed
100,word,Biologie,branch of science studying living organisms,biology,Biologie ist ihr Lieblingsfach.,Biology is her favorite subject.,A2,noun,4,high,School subjects and natural sciences noun,lexicographer,2026-09-10,1180,standard,,"school;science",education,feminine,-,Biologie,,,,,"Biologie unterrichten; Note in Biologie","Lebenslehre; Bio",,,Goethe-Zertifikat A2 Wortliste,,,,,reviewed
101,word,bisschen,a small quantity or extent,a little / a bit,Können Sie bitte ein bisschen lauter sprechen?,Could you please speak a little louder?,A2,indefinite_pronoun,5,very high,Universal quantifier and adverbial modifier,lexicographer,2026-09-10,240,standard,,general,quantity,,,,,,,,adverbial / unbestimmtes Pronomen,"ein bisschen sprechen; ein bisschen mehr",ein wenig,viel,,Goethe-Zertifikat A2 Wortliste,,,,reviewed
102,word,Blatt,flat green organ of a plant,leaf,Die Bäume haben schon gelbe Blätter.,The trees already have yellow leaves.,A2,noun,4,high,Nature and botany noun,lexicographer,2026-09-10,990,standard,,nature,plants,neuter,Blätter,Blattes,Blatts,,,,"grüne Blätter; Blätter fallen",Laub,,,Goethe-Zertifikat A2 Wortliste,,,,,reviewed
103,word,Blatt,single thin sheet of paper,sheet (of paper),Haben Sie ein Blatt Papier für mich?,Do you have a sheet of paper for me?,A2,noun,4,high,Stationery and office noun,lexicographer,2026-09-10,990,standard,,office,materials,neuter,Blätter,Blattes,Blatts,,,,"ein Blatt Papier; leeres Blatt","Bogen; Zettel",,,Goethe-Zertifikat A2 Wortliste,,,,,reviewed
104,word,blöd,annoying,foolish,"or disagreeable, stupid / silly / annoying, Ich finde es blöd, dass du morgen gehen musst.",I think it's annoying that you have to leave tomorrow.,A2,adjective,4,high,Informal evaluative adjective,lexicographer,2026-09-10,1540,informal,,general,judgment,,,,,,,,predicative/attributive,"eine blöde Situation; blöd finden","dumm; ärgerlich","schlau; toll",,Goethe-Zertifikat A2 Wortliste,,,,reviewed
105,word,Blog,regularly updated informational website/journal,blog,Ich schreibe einen Blog über Mode.,I write a blog about fashion.,A2,noun,3,medium,Digital media and computing noun,lexicographer,2026-09-10,2100,standard,,media,internet,masculine/neuter,Blogs,Blogs,,,,,"einen Blog schreiben; Blog lesen","Mode-Blog; Internet-Blog",Weblog,,,Goethe-Zertifikat A2 Wortliste,,,,reviewed
106,word,blond,having light or golden-yellow hair,blond / fair-haired,Lisa hat blonde Haare.,Lisa has blond hair.,A2,adjective,4,high,Physical appearance description adjective,lexicographer,2026-09-10,2150,standard,,people,appearance,,,,,,,,predicative/attributive,"blonde Haare; groß und blond",hellhaarig,"dunkelhaarig; braunhaarig","dunkelhaarig; braun",Goethe-Zertifikat A2 Wortliste,,,,reviewed
107,word,Bluse,woman's loose upper garment,blouse,Ich suche eine weiße Bluse.,I am looking for a white blouse.,A2,noun,4,high,Clothing and apparel noun,lexicographer,2026-09-10,2400,standard,,clothing,shopping,feminine,Blusen,Bluse,,,,,"eine Bluse anziehen; weiße Bluse",Bluse und Rock,"Oberteil; Hemdbluse",Hemd,,Goethe-Zertifikat A2 Wortliste,,,,reviewed
108,word,Bohne,edible kidney-shaped legume seed,bean,Hans isst nicht gern Bohnen.,Hans doesn't like eating beans.,A2,noun,3,medium,Food,vegetables and cooking noun,lexicographer,2026-09-10,3250,standard,,food,vegetables,feminine,Bohnen,Bohne,,,,,"grüne Bohnen; Bohnen kochen",Hülsenfrucht,,,Goethe-Zertifikat A2 Wortliste,,,,reviewed
109,word,braten,to cook over heat in fat/oil,to fry / roast,Braten Sie das Fleisch in etwas Öl!,Fry the meat in a little oil!,A2,verb,4,high,Core culinary technique verb,lexicographer,2026-09-10,1850,standard,,cooking,food,,,,FALSE,FALSE,haben,brät,briet,gebraten,etwas in + Dat. braten,"Fleisch braten; Fisch brät","anbraten; schmoren",kochen,,,,reviewed
110,word,Brille,corrective optical eyewear,glasses / spectacles,Wo ist meine Brille?,Where are my glasses?,A2,noun,4,high,Personal accessory and vision noun,lexicographer,2026-09-10,1950,standard,,health,accessories,feminine,Brillen,Brille,,,,,"Brille tragen; Brille aufsetzen","mit der Brille sehen; Sonnenbrille",Sehhilfe,,,Goethe-Zertifikat A2 Wortliste,,,,reviewed
111,word,Brücke,structure spanning a physical obstacle,bridge,Fahren Sie über die nächste Brücke und dann nach links.,Drive over the next bridge and then turn left.,A2,noun,4,high,Urban directions and traffic noun,lexicographer,2026-09-10,1310,standard,,transport,navigation,feminine,Brücken,Brücke,,,,,"über die Brücke gehen; Brücke überqueren",große Brücke,Überführung,,,Goethe-Zertifikat A2 Wortliste,,,,reviewed
112,word,buchen,to make an advance reservation,to book / reserve,Morgen buche ich unsere Urlaubsreise.,Tomorrow I am booking our vacation trip.,A2,verb,4,high,Travel,accommodation and ticketing verb,lexicographer,2026-09-10,1380,standard,,"travel;commerce",transactions,,,,FALSE,FALSE,haben,bucht,buchte,gebucht,etwas buchen,"einen Flug buchen; Hotel buchen; online buchen",reservieren,stornieren,,,reviewed
113,word,bunt,having many or diverse colors,colorful / multi-colored,Anna trägt gern bunte Kleider.,Anna likes wearing colorful dresses.,A2,adjective,4,high,Visual appearance adjective,lexicographer,2026-09-10,1280,standard,,general,colors,,,,,,,,predicative/attributive,"sehr bunt; bunte Farben","farbig; farbenfroh","einfarbig; grau","einfarbig; grau",Goethe-Zertifikat A2 Wortliste,,,,reviewed
114,word,Büro,workplace for administrative tasks,office,Ich arbeite in einem Büro.,I work in an office.,A2,noun,5,very high,Workplace and business noun,lexicographer,2026-09-10,680,standard,,work,workplace,neuter,Büros,Büros,,,,,"im Büro arbeiten; ins Büro gehen",Büro ist geschlossen,"Arbeitszimmer; Dienstzimmer",,,Goethe-Zertifikat A2 Wortliste,,,,reviewed
115,word,ca.,abbreviation for circa / approximately,approx. / about,ca. 100 Meter,approx. 100 meters,A2,abbreviation,5,very high,Everyday numerical approximation abbreviation,lexicographer,2026-09-10,210,standard,,general,quantity,,,,,,,,Abkürzung (circa / zirka),"ca. 5 Euro; ca. zwei Stunden","ungefähr; zirka; etwa","exakt; genau",,Goethe-Zertifikat A2 Wortliste,,,,reviewed
116,word,Cafeteria,informal self-service dining area,cafeteria / canteen,Ich gehe jetzt in die Cafeteria.,I am going to the cafeteria now.,A2,noun,3,medium,Workplace and university dining noun,lexicographer,2026-09-10,3100,standard,,"education;work",gastronomy,feminine,Cafeterias,Cafeteria,,,,,"in der Cafeteria essen; zur Cafeteria gehen","Mensa; Kantine",,,Goethe-Zertifikat A2 Wortliste,,,,,reviewed
117,word,chatten,to communicate electronically in text,to chat (online),Luis chattet gern mit seinen Freunden im Internet.,Luis likes chatting with his friends on the internet.,A2,verb,3,medium,Digital communication verb,lexicographer,2026-09-10,2950,informal,,internet,communication,,,,FALSE,FALSE,haben,chattet,chattete,gechattet,"mit + Dat. chatten; im Internet chatten","online chatten; miteinander chatten","schreiben; nachrichten",,,,,reviewed
118,word,Chemie,science studying elements and substances,chemistry,Wir haben heute Chemie im Labor.,Today we have chemistry in the laboratory.,A2,noun,4,high,School subjects and natural sciences noun,lexicographer,2026-09-10,1150,standard,,"school;science",education,feminine,-,Chemie,,,,,"Unterricht in Chemie; Chemie und Physik",Stofflehre,,,Goethe-Zertifikat A2 Wortliste,,,,,reviewed
119,word,Club,social association or discotheque venue,club,Gibt es hier einen Tennis-Club?,Is there a tennis club here?,A2,noun,4,high,Sports,social and nightlife noun,lexicographer,2026-09-10,1210,standard,,leisure,nightlife,masculine,Clubs,Clubs,,,,,"in den Club gehen; Club mit guter Musik","Verein; Diskothek",,,Goethe-Zertifikat A2 Wortliste,,,,reviewed
120,word,Comic,illustrated narrative publication,comic / graphic novel,Mein Sohn liest immer nur Comics.,My son only ever reads comics.,A2,noun,3,medium,Youth media and print culture noun,lexicographer,2026-09-10,2650,standard,,media,leisure,masculine/neuter,Comics,Comics,,,,,"Comics lesen; Comic-Heft",Bildergeschichte,,,Goethe-Zertifikat A2 Wortliste,,,,,reviewed
121,word,Cousin,male child of one's aunt or uncle,cousin (male),Mein Cousin wohnt in München.,My cousin lives in Munich.,A2,noun,4,high,Extended family kinship noun,lexicographer,2026-09-10,1450,standard,,family,relationships,masculine,Cousins,Cousins,,,,,"Cousin und Cousine; lieber Cousin",Vetter,Cousine,,Goethe-Zertifikat A2 Wortliste,,,,,reviewed
122,word,Cousine,female child of one's aunt or uncle,cousin (female),Ich besuche meine Cousine in Berlin.,I am visiting my cousin in Berlin.,A2,noun,4,high,Extended family kinship noun,lexicographer,2026-09-10,1650,standard,,family,relationships,feminine,Cousinen,Cousine,,,,,meine Cousine einladen,Base,Cousin,,Goethe-Zertifikat A2 Wortliste,,,,,reviewed
123,word,Creme,cosmetic emulsion or culinary paste,cream (skin / culinary),Ich suche eine Creme für die Hände.,I am looking for a cream for my hands.,A2,noun,3,medium,Body care and baking noun,lexicographer,2026-09-10,2400,standard,,"health;cooking",cosmetics,feminine,Cremes,Creme,,,,,"Creme für die Hände; Buttercreme","Salbe; Paste",,,Goethe-Zertifikat A2 Wortliste,,,,,reviewed
124,word,d.h.,abbreviation for 'das heißt' / that is to say,i.e. / that means,"Ich habe frei, d.h. ich kann kommen., I am off",i.e. I can come.,A2,abbreviation,4,high,Connecting explanatory abbreviation,lexicographer,2026-09-10,340,standard,,communication,writing,,,,,,,,Abkürzung (das heißt),"d. h. also; d. h. morgen","das bedeutet; namentlich",,,Goethe-Zertifikat A2 Wortliste,,,,reviewed
125,word,da(r)-,pronominal adverbial base,prepositional compound base (it/that),Darüber spreche ich nicht gern.,I don't like talking about that.,A2,pronoun,5,very high,Essential pronominal reference marker,lexicographer,2026-09-10,60,standard,,grammar,structure,,,,,,,,Pronominaladverb,"darauf; darüber; davor; dazu",,,,Goethe-Zertifikat A2 Wortliste,,,,reviewed
126,phrase,dabei sein,to be present or accompany someone,to be present / be with,"Schön, dass du da bist. Ist deine Familie auch dabei?",Nice that you are here. Is your family with you too?,A2,phrase,4,high,Social accompaniment idiom,lexicographer,2026-09-10,480,standard,,social,state,,,,,,,,Prädikatsausdruck,"dabei sein; Stift dabei haben","anwesend sein; mitkommen",abwesend sein,,Goethe-Zertifikat A2 Wortliste,,,,reviewed
127,phrase,dafür sein,to support or favor a proposal,to be in favor of,Ich bin dafür.,I am in favor of it.,A2,phrase,4,high,Opinion and voting idiom,lexicographer,2026-09-10,720,standard,,communication,opinion,,,,,,,,Prädikatsausdruck,"dafür sein; absolut dafür",befürworten,dagegen sein,,Goethe-Zertifikat A2 Wortliste,,,,reviewed
128,phrase,dagegen sein,to oppose or object to a proposal,to be against it,Ich bin dagegen.,I am against it.,A2,phrase,4,high,Opinion and debate idiom,lexicographer,2026-09-10,790,standard,,communication,opinion,,,,,,,,Prädikatsausdruck,"dagegen sein; strikt dagegen",ablehnen,dafür sein,,Goethe-Zertifikat A2 Wortliste,,,,reviewed
129,word,damals,at that particular past time,back then / at that time,Aber damals hatte ich kein Geld.,But back then I had no money.,A2,adverb,4,high,Temporal retrospective adverb,lexicographer,2026-09-10,420,standard,,general,time,,,,,,,,adverbial,"damals als Student; schon damals","seinerzeit; früher","heute; jetzt","heute; jetzt",Goethe-Zertifikat A2 Wortliste,,,,reviewed
130,word,dass,subordinating conjunction for noun clauses,that,"Rico hat gesagt, dass er auch zur Party kommt.",Rico said that he is also coming to the party.,A2,conjunction,5,very high,Core syntactic subordinating conjunction,lexicographer,2026-09-10,18,standard,,grammar,syntax,,,,,,,,,Nebensatz einleitend,"schön dass; hoffen dass",,,,Goethe-Zertifikat A2 Wortliste,,,reviewed
131,word,Datei,organized digital data file,file (computer),Wo hast du die Datei gespeichert?,Where did you save the file?,A2,noun,4,high,Computing and office vocabulary,lexicographer,2026-09-10,1320,standard,,technology,office,feminine,Dateien,Datei,,,,,"Datei speichern; Datei öffnen; Datei drucken","Dokument; File",,,Goethe-Zertifikat A2 Wortliste,,,,,reviewed
132,word,denken,to consider,reflect,"or hold an opinion, to think, Ich denke, du hast recht.",I think you are right.,A2,verb,5,very high,Core cognitive process verb,lexicographer,2026-09-10,110,standard,,cognition,mind,,,,FALSE,FALSE,haben,denkt,dachte,gedacht,"an + Akk. denken; denken",dass,"an Freunde denken; was denkst du","glauben; meinen",vergessen,,,reviewed
133,word,deshalb,for that reason / consequently,therefore / that's why,Ich bin krank. Deshalb komme ich heute nicht ins Büro.,I am ill. That is why I am not coming to the office today.,A2,adverb,5,very high,Causal connective adverb,lexicographer,2026-09-10,290,standard,,general,reason,,,,,,,,Konnektoradverb,"deshalb komme ich; und deshalb","darum; deswegen","darum; deswegen; daher",,Goethe-Zertifikat A2 Wortliste,,,,reviewed
134,word,deutlich,clear to perceive or comprehend,clear / clearly,Sprechen Sie bitte deutlich!,Please speak clearly!,A2,adjective,4,high,Acoustic and visual clarity descriptor,lexicographer,2026-09-10,680,standard,,communication,clarity,,,,,,,,predicative/adverbial,"deutlich sprechen; deutlicher schreiben","verständlich; klar",undeutlich,"undeutlich; vage",Goethe-Zertifikat A2 Wortliste,,,,reviewed
135,word,Deutsch,the German language or school subject,German (subject / language),Wie heißt das auf Deutsch?,What is that called in German?,A2,noun,5,very high,School language subject and speech noun,lexicographer,2026-09-10,95,standard,,"school;linguistics",language,neuter,-,Deutschan,Deutschs,,,,"Deutsch lernen; gute Noten in Deutsch; auf Deutsch",deutsche Sprache,,,Goethe-Zertifikat A2 Wortliste,,,,,reviewed
136,word,Deutscher,male inhabitant or citizen of Germany,German (male),Er ist Deutscher.,He is a German man.,A2,noun,5,very high,National identity and demographics noun,lexicographer,2026-09-10,340,standard,,"society;geography",nationality,masculine,Deutschen,Deutschen,,,,"ein Deutscher; die Deutschen",Bundesbürger,,,Goethe-Zertifikat A2 Wortliste,,,,,,reviewed
137,word,dick,large in body weight or physical depth,thick / fat,Ich bin zu dick. Ich muss weniger essen.,I am too fat. I have to eat less.,A2,adjective,4,high,Physical appearance and size adjective,lexicographer,2026-09-10,950,standard,,"people;objects",dimension,,,,,,,,predicative/attributive,"zu dick sein; dickes Buch","kräftig; beleibt; stark","dünn; schlank","dünn; schlank",Goethe-Zertifikat A2 Wortliste,,,,reviewed
138,word,dienstags,on Tuesdays as a recurring occurrence,on Tuesdays,Das Training ist immer dienstags.,Training is always on Tuesdays.,A2,adverb,4,high,Weekly recurring schedule adverb,lexicographer,2026-09-10,950,standard,,time,frequency,,,,,,,,temporales Adverb,"jeden Dienstag; dienstags frei",am Dienstag,,,Goethe-Zertifikat A2 Wortliste,,,,reviewed
139,word,Ding,unspecified material entity,thing / object,Gib mir bitte mal das Ding da drüben!,Please pass me that thing over there!,A2,noun,5,very high,Colloquial placeholder noun,lexicographer,2026-09-10,340,standard,,general,objects,neuter,Dinge,Dings,Dinges,,,,"dieses Ding; Ding zum Öffnen","Gegenstand; Sache",,,Goethe-Zertifikat A2 Wortliste,,,,,reviewed
140,word,direkt,straightforwardly without diversion/delay,direct / directly / right,Wir wohnen direkt über dem Café.,We live directly above the café.,A2,adjective,4,high,Local and temporal proximity adjective/adverb,lexicographer,2026-09-10,480,standard,,"location;time",precision,,,,,,,,predicative/adverbial,"direkter Zug; direkt nach der Schule; direkt über","unmittelbar; geradeaus","indirekt; umwegig","indirekt; umwegig",Goethe-Zertifikat A2 Wortliste,,,,reviewed
141,word,Direktor,head of a school,business,"or institution, director / headmaster, Der Direktor leitet die Schule.",The headmaster leads the school.,A2,noun,4,high,Institutional leadership and school hierarchy noun,lexicographer,2026-09-10,780,standard,,"education;work",professions,masculine,Direktoren,Direktors,,,,"beim Direktor im Büro; Schuldirektor","Schulleiter; Vorstand; Leiter",Direktorin,,Goethe-Zertifikat A2 Wortliste,,,,,,reviewed
142,word,diskutieren,to talk over or debate an issue,to discuss / debate,Ich möchte das mit meinen Kollegen diskutieren.,I would like to discuss that with my colleagues.,A2,verb,4,high,Intellectual and workplace communication verb,lexicographer,2026-09-10,920,standard,,communication,work,,,,FALSE,FALSE,haben,diskutiert,diskutierte,diskutiert,mit + Dat. über + Akk. diskutieren,"über ein Thema diskutieren; ausführlich diskutieren","besprechen; debattieren",,,,,reviewed
143,word,doch,affirmative reply to negative question / emphasis,yes / but / indeed,"Hast du keinen Hunger? Doch, ich bin sehr hungrig., Aren't you hungry? Yes (on the contrary)",I am very hungry.,A2,particle,5,very high,Core dialogic particle and conjunction,lexicographer,2026-09-10,45,standard,,communication,particle,,,,,,,,Antwortpartikel / Modalpartikel,"doch mal; macht doch nichts; nicht wahr? Doch!","ja wohl; gewiss",nein,,Goethe-Zertifikat A2 Wortliste,,,,reviewed
144,word,donnerstags,on Thursdays as a recurring habit,on Thursdays,Donnerstags gehe ich schwimmen.,On Thursdays I go swimming.,A2,adverb,4,high,Weekly recurring schedule adverb,lexicographer,2026-09-10,980,standard,,time,frequency,,,,,,,,temporales Adverb,"jeden Donnerstag; donnerstags früh",am Donnerstag,,,Goethe-Zertifikat A2 Wortliste,,,,reviewed
145,word,dort,at that location away from speaker,there,Dort ist unser Haus.,There is our house.,A2,adverb,5,very high,Fundamental spatial deictic adverb,lexicographer,2026-09-10,120,standard,,location,space,,,,,,,,lokales Adverb,"dort drüben; fünf Minuten dort","da; an jener Stelle",hier,hier,Goethe-Zertifikat A2 Wortliste,,,,reviewed
146,word,dorther,from that location towards speaker,from there,Ich komme gerade dorther.,I am coming right from there.,A2,adverb,3,medium,Directional spatial adverb,lexicographer,2026-09-10,3400,standard,,location,direction,,,,,,,,Direktionaladverb,"dorther kommen; von dort kommen",von daher,dorthin,,Goethe-Zertifikat A2 Wortliste,,,,reviewed
147,word,dorthin,towards that remote location,there / to that place,Deine Tasche kannst du dorthin stellen.,You can put your bag over there.,A2,adverb,4,high,Directional spatial adverb,lexicographer,2026-09-10,980,standard,,location,direction,,,,,,,,Direktionaladverb,"dorthin fahren; dorthin gehen",dahin,"her; hierher",hierher,Goethe-Zertifikat A2 Wortliste,,,,reviewed
148,word,dreimal,on three separate instances or occasions,three times,Nehmen Sie dieses Medikament dreimal pro Tag!,Take this medication three times a day!,A2,adverb,4,high,Numerical frequency multiplication adverb,lexicographer,2026-09-10,680,standard,,time,frequency,,,,,,,,Frequenzadverb,"dreimal täglich; dreimal hintereinander",in dreifacher Ausführung,"zweimal; viermal",,Goethe-Zertifikat A2 Wortliste,,,,reviewed
149,word,dringend,requiring immediate attention or action,urgent / pressing,Bitte kommen Sie schnell. Es ist dringend.,Please come quickly. It is urgent.,A2,adjective,4,high,Situational urgency adjective/adverb,lexicographer,2026-09-10,1150,standard,,general,urgency,,,,,,,,predicative/adverbial,"dringend brauchen; es ist dringend","eilig; akut","nebensächlich; unbedeutend",nebensächlich,Goethe-Zertifikat A2 Wortliste,,,,reviewed
150,word,drinnen,inside an interior space,inside / indoors,Hier drinnen ist es sehr warm.,Inside here it is very warm.,A2,adverb,4,high,Spatial interior adverb,lexicographer,2026-09-10,950,standard,,housing,indoors,,,,,,,,lokales Adverb,"drinnen sitzen; drinnen und draußen","im Inneren; im Haus",draußen,draußen,Goethe-Zertifikat A2 Wortliste,,,,reviewed
151,word,dritte,constituting number three in a sequence,third,Sie sitzen in der dritten Reihe.,They are sitting in the third row.,A2,adjective,5,very high,Core ordinal number adjective,lexicographer,2026-09-10,95,standard,,general,order,,,,,,,,Ordinalzahl,"im dritten Stock; der dritte Tag",an dritter Stelle,"zweite; vierte",,Goethe-Zertifikat A2 Wortliste,,,,reviewed
152,word,drittens,in the third place / introducing third point,thirdly,3. drittens: Es ist zu spät.,3. thirdly: it is too late.,A2,adverb,3,medium,Enumeration and structuring discourse adverb,lexicographer,2026-09-10,1450,standard,,communication,sequence,,,,,,,,Aufzählungsadverb,drittens wollen wir nicht,an dritter Stelle,"zweitens; viertens",,Goethe-Zertifikat A2 Wortliste,,,,reviewed
153,word,drüben,on the other side of an area,over there,Da drüben ist die Haltestelle.,Over there is the bus stop.,A2,adverb,4,high,Spatial deictic adverb,lexicographer,2026-09-10,1180,standard,,directions,space,,,,,,,,lokales Adverb,"da drüben; nach drüben gehen","gegenüber; dort drüben",hierhüben,hier,Goethe-Zertifikat A2 Wortliste,,,,reviewed
154,word,dumm,lacking intelligence or sensible judgment,stupid / foolish,"Entschuldigung, das war dumm von mir., Excuse me",that was stupid of me.,A2,adjective,4,high,Evaluation and cognitive descriptor,lexicographer,2026-09-10,820,standard,,general,intelligence,,,,,,,,predicative/attributive,"ein dummer Fehler; dumm von dir","blöd; unklug","klug; schlau","klug; schlau; intelligent",Goethe-Zertifikat A2 Wortliste,,,,reviewed
155,word,dunkel,with little or no light,dark,Um sechs Uhr ist es schon dunkel.,At six o'clock it is already dark.,A2,adjective,4,high,Light conditions and color adjective,lexicographer,2026-09-10,720,standard,,"nature;clothing",light,,,,,,,,predicative/attributive,"dunkle Haare; dunkelblau; dunkel werden","düster; finster","hell; licht","hell; licht",Goethe-Zertifikat A2 Wortliste,,,,reviewed
156,word,dünn,having small cross-section or body mass,thin / slim,Das Buch ist sehr dünn. Es hat nur 40 Seiten.,The book is very thin. It only has 40 pages.,A2,adjective,4,high,Physical dimensions and physique adjective,lexicographer,2026-09-10,1100,standard,,"objects;people",dimension,,,,,,,,predicative/attributive,"dünnes Buch; zu dünn sein","mager; schlank","dick; breit","dick; stark",Goethe-Zertifikat A2 Wortliste,,,,reviewed
157,word,E-Book,digital publication readable on devices,e-book,Liest du lieber E-Books oder Bücher aus Papier?,Do you prefer reading e-books or paper books?,A2,noun,3,medium,Digital media noun,lexicographer,2026-09-10,2850,standard,,media,technology,neuter,E-Books,E-Books,,,,,"E-Books lesen; E-Book kaufen",digitales Buch,,,Goethe-Zertifikat A2 Wortliste,,,,,reviewed
158,word,echt,authentic,genuine,"or truly, real / genuine / really, Ist das Bild ein echter Picasso?",Is the painting a genuine Picasso?,A2,adjective,4,high,Authenticity descriptor and colloquial intensifier,lexicographer,2026-09-10,640,standard,,general,authenticity,,,,,,,,predicative/attributive/adverbial,"echt gut; echtes Leder","wahr; authentisch; wirklich","falsch; unecht","falsch; unecht; künstlich",Goethe-Zertifikat A2 Wortliste,,,,reviewed
159,word,egal,of no consequence or importance,all the same / doesn't matter,Das ist mir egal.,That doesn't matter to me.,A2,adjective,4,high,Colloquial indifference adjective,lexicographer,2026-09-10,690,informal,,communication,attitude,,,,,,,,nur prädikativ,"jemandem egal sein; ganz egal","einerlei; gleichgültig",wichtig,wichtig,Goethe-Zertifikat A2 Wortliste,,,,reviewed
160,word,Ehepartner,person united in legal matrimony,spouse,Das ist mein Ehepartner.,That is my spouse.,A2,noun,3,medium,Official and legal relationship noun,lexicographer,2026-09-10,2600,formal,,family,administration,masculine,Ehepartner,Ehepartners,,,,,"der Ehepartner; die Ehepartnerin","Gatte; Lebenspartner",,,Goethe-Zertifikat A2 Wortliste,,,,,reviewed
161,word,eigen-,belonging to oneself and nobody else,own,Nicht alle Kinder haben ein eigenes Zimmer.,Not all children have their own room.,A2,adjective,5,very high,Possessive attributive adjective,lexicographer,2026-09-10,210,standard,,general,possession,,,,,,,,nur attributiv,"ein eigenes Zimmer; eigene Wohnung","persönlich; privat",fremd,fremd,Goethe-Zertifikat A2 Wortliste,,,,reviewed
162,word,eigentlich,in reality or truth / originally intended,actually / in fact,Kennst du eigentlich Susanne?,Do you actually know Susanne?,A2,adverb,5,very high,Discourse particle and modal adverb,lexicographer,2026-09-10,120,standard,,communication,discourse,,,,,,,,Modalpartikel / Adverb,"eigentlich wollten wir; was bedeutet das eigentlich","im Grunde; tatsächlich",scheinbar,,Goethe-Zertifikat A2 Wortliste,,,,reviewed
163,word,ein paar,a small unspecified quantity of entities,a few / a couple of,Wir fahren ein paar Tage ans Meer.,We are driving to the sea for a few days.,A2,indefinite_pronoun,5,very high,Core indefinite small plural quantifier,lexicographer,2026-09-10,110,standard,,general,quantity,,,,,,,,unbestimmtes Pronomen,"ein paar Minuten; ein paar Freunde","einige; wenige","viele; alle",,Goethe-Zertifikat A2 Wortliste,,,,reviewed
164,word,einig-,an indeterminate small amount or number,some / a few,In diesem Text sind einige Fehler.,There are some mistakes in this text.,A2,indefinite_pronoun,5,very high,Indefinite plural/uncountable quantifier,lexicographer,2026-09-10,95,standard,,general,quantity,,,,,,,,Indefinitpronomen,"einige Fehler; einige Zeit","etliche; manche","keine; alle",,Goethe-Zertifikat A2 Wortliste,,,,reviewed
165,word,Einkaufszentrum,large enclosed retail complex,shopping center / mall,Kommst du morgen mit ins Einkaufszentrum?,Are you coming along to the shopping mall tomorrow?,A2,noun,3,medium,Urban facilities and shopping noun,lexicographer,2026-09-10,2950,standard,,shopping,city,neuter,Einkaufszentren,Einkaufszentrums,,,,,"ins Einkaufszentrum gehen; im Einkaufszentrum","Shopping-Mall; Einkaufscenter",,,Goethe-Zertifikat A2 Wortliste,,,,,reviewed
166,word,einpacken,to place items into baggage or gift wrap,to pack / gift-wrap,Pack bitte die Handtücher ein!,Please pack the towels!,A2,verb,4,high,Travel preparation and shopping verb,lexicographer,2026-09-10,1850,standard,,"household;travel",action,,,,FALSE,TRUE,haben,packt ein,packte ein,eingepackt,"etwas einpacken; als Geschenk einpacken","Koffer einpacken; als Geschenk einpacken","verpacken; einwickeln",auspacken,,,,reviewed
167,word,eintragen,to record details in a register or form (reflexive),to sign in / register / enter,Tragen Sie sich bitte in diese Liste ein!,Please enter your name in this list!,A2,verb,4,high,Administrative documentation verb,lexicographer,2026-09-10,1490,standard,,administration,forms,,,,TRUE,TRUE,haben,trägt ein,trug ein,eingetragen,"sich in + Akk. eintragen; etwas eintragen","Namen eintragen; in die Liste eintragen","einschreiben; notieren","austragen; löschen",,,,reviewed
168,phrase,einverstanden sein,to agree with a statement or proposal,to agree / be in agreement,"Gut, ich bin einverstanden., Good",I agree.,A2,phrase,4,high,Agreement and negotiation formula,lexicographer,2026-09-10,910,standard,,communication,agreement,,,,,,,,Prädikatsausdruck,mit + Dat. einverstanden sein,"einverstanden sein; damit einverstanden","zustimmen; d'accord",dagegen sein,,Goethe-Zertifikat A2 Wortliste,,,reviewed
169,word,einzel-,considered separately from others,individual / single,Könnt ihr bitte einzeln sprechen?,Could you please speak one at a time?,A2,adjective,4,high,Separation and individuality adjective/adverb,lexicographer,2026-09-10,480,standard,,general,quantity,,,,,,,,attributive/adverbial,"einzelnes Zimmer; einzeln sprechen; Einzelkind","separat; individuell","gemeinsam; zusammen",,Goethe-Zertifikat A2 Wortliste,,,,reviewed
170,word,einziehen,to move one's residence into a dwelling,to move in,Im Juni ziehen unsere neuen Nachbarn ein.,Our new neighbours move in during June.,A2,verb,4,high,Housing and relocation verb,lexicographer,2026-09-10,1250,standard,,housing,relocation,,,,FALSE,TRUE,sein,zieht ein,zog ein,eingezogen,in + Akk. einziehen,"in die Wohnung einziehen; Nachbarn ziehen ein",beziehen,ausziehen,,,,reviewed
171,word,Eis,frozen dessert or crystallized water,ice / ice cream,Möchtest du auch ein Eis?,Would you also like an ice cream?,A2,noun,4,high,Food,dessert,and weather noun,lexicographer,2026-09-10,1180,standard,,food,dessert,neuter,-,Eises,,,,"Eis essen; Kugel Eis","Zitroneneis; Schokoladeneis","Speiseeis; Glace",,,Goethe-Zertifikat A2 Wortliste,,,reviewed
172,word,endlich,after a long period or delay,finally / at last,Endlich bist du da!,Finally you are here!,A2,adverb,4,high,Temporal relief and conclusion adverb,lexicographer,2026-09-10,480,standard,,time,emotion,,,,,,,,adverbial,"endlich kommen; endlich geschafft","schließlich; letztendlich","anfangs; zunächst",anfangs,Goethe-Zertifikat A2 Wortliste,,,,reviewed
173,word,eng,having little space or room,tight / narrow,Diese Hose ist zu eng.,These trousers are too tight.,A2,adjective,4,high,Dimension and clothing fit adjective,lexicographer,2026-09-10,880,standard,,"clothing;housing",dimension,,,,,,,,predicative/attributive,"zu eng sein; enge Gasse","schmal; straff","weit; breit","weit; locker",Goethe-Zertifikat A2 Wortliste,,,,reviewed
174,word,Englisch,the English language or school subject,English (subject / language),Ich lerne seit drei Jahren Englisch.,I have been learning English for three years.,A2,noun,5,very high,School language subject and speech noun,lexicographer,2026-09-10,140,standard,,"school;linguistics",language,neuter,-,Englischs,,,,"Englisch sprechen; Buch auf Englisch lesen",englische Sprache,,,Goethe-Zertifikat A2 Wortliste,,,,,,reviewed
175,word,Enkel,grandson / grandchild of grandparents,grandson / grandchild,Mein Enkel geht schon in die Schule.,My grandson already attends school.,A2,noun,4,high,Family multigenerational kinship noun,lexicographer,2026-09-10,1320,standard,,family,relationships,masculine,Enkel,Enkels,,,,,"Großeltern und Enkel; mein Enkelsohn","Enkelkind; Enkelsohn","Großvater; Großmutter","Großvater; Großmutter",Goethe-Zertifikat A2 Wortliste,,,,,reviewed
176,word,Enkelin,female grandchild of grandparents,granddaughter,Meine Enkelin hat Geburtstag.,It is my granddaughter's birthday.,A2,noun,4,high,Family multigenerational kinship noun,lexicographer,2026-09-10,1450,standard,,family,relationships,feminine,Enkelinnen,Enkelin,,,,,meine kleine Enkelin,Enkeltochter,"Großmutter; Großvater",,Goethe-Zertifikat A2 Wortliste,,,,,reviewed
177,word,Erdgeschoss,ground floor level of a building,ground floor,Ich wohne im Erdgeschoss.,I live on the ground floor.,A2,noun,4,high,Housing and navigation noun,lexicographer,2026-09-10,2100,standard,,housing,buildings,neuter,Erdgeschosse,Erdgeschosses,,,,"im Erdgeschoss wohnen; im Erdgeschoss liegen",Parterre,"Obergeschoss; Keller",,Goethe-Zertifikat A2 Wortliste,,,,,,reviewed
178,word,Erfahrung,practical knowledge or skill gained over time,experience,Ich habe zehn Jahre Erfahrung in diesem Beruf.,I have ten years of experience in this profession.,A2,noun,4,high,Work and personal background noun,lexicographer,2026-09-10,510,standard,,work,knowledge,feminine,Erfahrungen,Erfahrung,,,,,"Erfahrung haben; Erfahrung sammeln","berufliche Erfahrung; reiche Erfahrung","Praxis; Routine",Unerfahrenheit,,Goethe-Zertifikat A2 Wortliste,,,,reviewed
179,word,erinnern,to retain in memory or prompt recall (reflexive),to remember / remind,Erinnerst du dich an José?,Do you remember José?,A2,verb,4,high,Memory and cognitive process verb,lexicographer,2026-09-10,490,standard,,cognition,memory,,,,TRUE,FALSE,haben,erinnert,erinnerte,erinnert,"sich an + Akk. erinnern; jemanden an + Akk. erinnern","sich an damals erinnern; an den Termin erinnern","im Gedächtnis behalten; mahnen",vergessen,,,,reviewed
180,phrase,erkältet sein,to suffer from a common respiratory viral infection,to have a cold,Lisa ist erkältet.,Lisa has a cold.,A2,phrase,4,high,Health condition descriptor,lexicographer,2026-09-10,1950,standard,,health,illness,,,,,,,,Prädikatsausdruck,"stark erkältet sein; erkältet sein",eine Erkältung haben,gesund sein,,Goethe-Zertifikat A2 Wortliste,,,,reviewed
181,word,Erlaubnis,official sanction or authorization,permission,Haben Sie eine Arbeitserlaubnis?,Do you have a work permit?,A2,noun,4,high,Official documents and rights noun,lexicographer,2026-09-10,1650,standard,,administration,law,feminine,-,Erlaubnis,,,,,"Erlaubnis haben; um Erlaubnis bitten","Arbeitserlaubnis; schriftliche Erlaubnis","Genehmigung; Gestattung",Verbot,,Goethe-Zertifikat A2 Wortliste,,,,reviewed
182,phrase,erlaubt sein,to be officially authorized or permitted,to be permitted / allowed,Parken ist hier nicht erlaubt.,Parking is not permitted here.,A2,phrase,4,high,Rules and regulations descriptor,lexicographer,2026-09-10,640,standard,,society,rules,,,,,,,,Prädikatsausdruck,"hier erlaubt sein; nicht erlaubt sein","gestattet sein; zulässig sein",verboten sein,,Goethe-Zertifikat A2 Wortliste,,,,reviewed
183,word,Ermäßigung,reduction in the standard admission or fare,discount / reduction,Für Schüler gibt es eine Ermäßigung.,There is a discount for students.,A2,noun,4,high,Ticketing and commercial prices noun,lexicographer,2026-09-10,2100,standard,,"shopping;travel",price,feminine,Ermäßigungen,Ermäßigung,,,,,"Ermäßigung bekommen; Ermäßigung für Gruppen","Rabatt; Preisnachlass",Aufpreis,"Zuschlag; Aufpreis",Goethe-Zertifikat A2 Wortliste,,,,,reviewed
184,word,erreichen,to catch transit or contact someone,to catch / reach,"Wenn wir uns beeilen, erreichen wir noch den Zug., If we hurry",we will still catch the train.,A2,verb,4,high,Transport and telecommunication verb,lexicographer,2026-09-10,290,standard,,"travel;communication",contact,,,,FALSE,FALSE,haben,erreicht,erreichte,erreicht,jemanden/etwas erreichen,"den Zug erreichen; telefonisch erreichen","erwischen; kontaktieren",verpassen,,,,reviewed
185,word,erst,not before / only as recently as,only / not until / first,Wir können erst morgen kommen.,We can only come tomorrow.,A2,adverb,5,very high,Temporal restrictive particle,lexicographer,2026-09-10,130,standard,,general,time,,,,,,,,Gradpartikel / Adverb,"erst morgen; erst 16 Jahre alt","nicht früher als; bloß","schon; bereits","schon; bereits",Goethe-Zertifikat A2 Wortliste,,,,reviewed
186,word,erste,preceding all others in order,time,"or rank, first, John war als erster am Ziel.",John was first at the finish line.,A2,adjective,5,very high,Core ordinal number adjective,lexicographer,2026-09-10,40,standard,,general,order,,,,,,,,Ordinalzahl,"der erste Mai; das erste Mal; die erste Gruppe","anfänglich; führend",letzte,,Goethe-Zertifikat A2 Wortliste,,,,reviewed
187,word,erstens,in the first place / introducing first point,firstly / in the first place,1. erstens: Wir müssen pünktlich sein.,1. firstly: we must be on time.,A2,adverb,4,high,Enumeration and structuring discourse adverb,lexicographer,2026-09-10,680,standard,,communication,sequence,,,,,,,,Aufzählungsadverb,"erstens kommt es anders; erstens ...","zunächst; fürs Erste",zweitens,,Goethe-Zertifikat A2 Wortliste,,,,reviewed
188,word,etwas,an unspecified thing or small quantity,something / some,Ich muss dir etwas erzählen!,I have to tell you something!,A2,indefinite_pronoun,5,very high,Core indefinite pronoun and degree modifier,lexicographer,2026-09-10,45,standard,,general,quantity,,,,,,,,Indefinitpronomen / Adverb,"etwas anderes; etwas zu trinken","ein wenig; manches",nichts,,Goethe-Zertifikat A2 Wortliste,,,,reviewed
189,word,Fach,school subject or shelf compartment,subject / compartment,Welches Fach magst du in der Schule am liebsten?,Which subject do you like best at school?,A2,noun,4,high,Education and categorization noun,lexicographer,2026-09-10,950,standard,,"education;housing",school,neuter,Fächer,Fachs,Faches,,,,"Lieblingsfach; Fach in der Schule","Schulfach; Abteil",,,Goethe-Zertifikat A2 Wortliste,,,,,reviewed
190,word,Fahrerin,female person driving a vehicle,driver (female),Die Fahrerin hält an der nächsten Haltestelle.,The driver stops at the next bus stop.,A2,noun,3,medium,Transit and transportation professions noun,lexicographer,2026-09-10,1850,standard,,"transport;work",professions,feminine,Fahrerinnen,Fahrerin,,,,,"Busfahrerin; vorsichtige Fahrerin","Chauffeurin; Steuerfrau",Passagierin,,Goethe-Zertifikat A2 Wortliste,,,,,reviewed
191,word,Fahrplan,published schedule of transit departures/arrivals,timetable / schedule,Ist das der neue Fahrplan?,Is that the new timetable?,A2,noun,4,high,Public transit organization noun,lexicographer,2026-09-10,2100,standard,,travel,transport,masculine,Fahrpläne,Fahrplans,Fahrplanes,,,,"laut Fahrplan; auf dem Fahrplan stehen","Kursbuch; Verbindungsübersicht",,,Goethe-Zertifikat A2 Wortliste,,,,,reviewed
192,word,fallen,to drop down freely under gravity,to fall,"Pass auf, das Glas fällt gleich vom Tisch., Watch out",the glass is about to fall off the table.,A2,verb,5,very high,Physical movement and drop verb,lexicographer,2026-09-10,310,standard,,movement,physics,,,,FALSE,FALSE,sein,fällt,fiel,gefallen,von/auf + Akk. fallen,"zu Boden fallen; auf den Boden fallen","stürzen; herabfallen","aufsteigen; steigen",,,,reviewed
193,word,Fan,enthusiastic devotee of a sport/band,fan / supporter,Er ist ein großer Fußballfan.,He is a big football fan.,A2,noun,4,high,Leisure and entertainment noun,lexicographer,2026-09-10,1450,standard,,"sports;music",leisure,masculine,Fans,Fans,,,,,"Fan von Rammstein; großer Fan","Anhänger; Bewunderer",,,Goethe-Zertifikat A2 Wortliste,,,,,reviewed
194,word,fantastisch,exceptionally fine or wonderful,fantastic / wonderful,Dein neues Kleid sieht fantastisch aus!,Your new dress looks fantastic!,A2,adjective,4,high,Evaluative praise adjective,lexicographer,2026-09-10,1620,standard,,general,evaluation,,,,,,,,predicative/attributive,"fantastisch aussehen; fantastisches Buch","großartig; wunderbar","furchtbar; schrecklich","furchtbar; schrecklich",Goethe-Zertifikat A2 Wortliste,,,,reviewed
195,word,fast,nearly or not quite,almost / nearly,Der Film ist fast zu Ende.,The movie is almost over.,A2,adverb,5,very high,Degree approximation adverb,lexicographer,2026-09-10,160,standard,,general,degree,,,,,,,,Gradadverb,"fast alles; fast fertig; fast nie","beinahe; nahezu","vollständig; ganz","völlig; ganz",Goethe-Zertifikat A2 Wortliste,,,,reviewed
196,word,faul,unwilling to exert effort or work,lazy,Heute sind wir faul: Wir machen keine Hausaufgaben.,Today we are lazy: we aren't doing any homework.,A2,adjective,4,high,Personal habit and character adjective,lexicographer,2026-09-10,1580,standard,,character,work,,,,,,,,predicative/attributive,"faul sein; fauler Tag","träge; arbeitsscheu","fleißig; aktiv","fleißig; frisch",Goethe-Zertifikat A2 Wortliste,,,,reviewed
197,word,Feier,social celebration or festivity,celebration / party,Die Feier war sehr schön.,The celebration was very nice.,A2,noun,4,high,Festivities and social life noun,lexicographer,2026-09-10,1280,standard,,social,leisure,feminine,Feiern,Feier,,,,,"Geburtstagsfeier; Feier organisieren","Fest; Party",,,Goethe-Zertifikat A2 Wortliste,,,,,reviewed
198,word,Feiertag,public or religious day off work,public holiday,Am ersten Mai ist ein Feiertag.,The first of May is a public holiday.,A2,noun,4,high,Calendar and holidays noun,lexicographer,2026-09-10,1450,standard,,calendar,time,masculine,Feiertage,Feiertags,Feiertages,,,,"gesetzlicher Feiertag; schöner Feiertag",Festtag,"Arbeitstag; Werktag","Werktag; Arbeitstag",Goethe-Zertifikat A2 Wortliste,,,,,reviewed
199,word,Fenster,opening in a wall fitted with glass,window,Kannst du bitte das Fenster öffnen?,Can you please open the window?,A2,noun,5,very high,Household and architecture noun,lexicographer,2026-09-10,480,standard,,housing,architecture,neuter,Fenster,Fensters,,,,,"Fenster aufmachen; Fenster zumachen",aus dem Fenster schauen,"Luke; Scheibe",,,Goethe-Zertifikat A2 Wortliste,,,,reviewed
200,word,Ferien,school holidays or vacation period,holidays / vacation,Bald haben wir Ferien.,Soon we have vacation.,A2,noun,4,high,School and vacation calendar noun,lexicographer,2026-09-10,980,standard,,education,leisure,plural,Ferien,-,,,,,"in den Ferien wegfahren; schöne Ferien","Sommerferien; Schulferien",Urlaub,,,Goethe-Zertifikat A2 Wortliste,,,,reviewed
201,word,Fernseher,device for receiving television broadcasts,television set / TV,Der Fernseher ist kaputt.,The TV is broken.,A2,noun,4,high,Home appliances and media noun,lexicographer,2026-09-10,1450,standard,,"household;media",devices,masculine,Fernseher,Fernsehers,,,,,"den Fernseher anmachen; vor dem Fernseher sitzen","Fernsehgerät; TV-Gerät",,,Goethe-Zertifikat A2 Wortliste,,,,,reviewed
202,phrase,fertig sein,to be completed or prepared,to be finished / ready,Das Essen ist gleich fertig.,The food is almost ready.,A2,phrase,5,very high,Completion state predicate,lexicographer,2026-09-10,320,standard,,general,state,,,,,,,,Prädikatsausdruck,"mit der Arbeit fertig sein; bist du fertig","bereit; abgeschlossen",unfertig,,Goethe-Zertifikat A2 Wortliste,,,,reviewed
203,word,Fest,celebratory social gathering or festival,celebration / party / festival,Am Wochenende feiern wir ein Fest.,At the weekend we are celebrating a party.,A2,noun,4,high,Social gatherings and holidays noun,lexicographer,2026-09-10,890,standard,,social,festivities,neuter,Feste,Fests,Festes,,,,"Frohes Fest; ein Fest feiern","Geburtstagsfest; Stadtfest","Feier; Festival",Alltag,,Goethe-Zertifikat A2 Wortliste,,,,reviewed
204,word,Festival,large public event with music or films,festival,Am Wochenende ist in der Stadt ein Musik-Festival.,At the weekend there is a music festival in the city.,A2,noun,4,high,Culture and events noun,lexicographer,2026-09-10,1320,standard,,culture,events,neuter,Festivals,Festivals,,,,,"auf ein Festival gehen; Musik-Festival",Filmfestival,,,Goethe-Zertifikat A2 Wortliste,,,,,reviewed
205,word,fett,containing a large amount of fat or grease,fatty / greasy,Die Wurst ist mir zu fett.,The sausage is too fatty for me.,A2,adjective,4,high,Diet and nutrition adjective,lexicographer,2026-09-10,1280,standard,,food,nutrition,,,,,,,,predicative/attributive,"zu fettig sein; fettes Essen","fettig; ölig",mager,"mager; dünn",Goethe-Zertifikat A2 Wortliste,,,,reviewed
206,phrase,fit sein,to be physically sound and active,to be fit,Tom will fit sein.,Tom wants to be fit.,A2,phrase,4,high,Health and lifestyle predicate,lexicographer,2026-09-10,1250,standard,,health,lifestyle,,,,,,,,Prädikatsausdruck,"körperlich fit sein; sich fit halten","gesund; leistungsfähig","träge; unbeweglich",,Goethe-Zertifikat A2 Wortliste,,,,reviewed
207,word,fleißig,hardworking and conscientious,diligent / hardworking,Ibrahim ist sehr fleißig.,Ibrahim is very hardworking.,A2,adjective,4,high,Character and work habit adjective,lexicographer,2026-09-10,1450,standard,,"work;school",character,,,,,,,,predicative/attributive,"sehr fleißig; fleißig lernen","arbeitsam; emsig",faul,"faul; träge",Goethe-Zertifikat A2 Wortliste,,,,reviewed
208,word,Flohmarkt,street market selling second-hand goods,flea market,Ich gehe gern auf den Flohmarkt.,I like going to the flea market.,A2,noun,3,medium,Shopping and second-hand culture noun,lexicographer,2026-09-10,2650,standard,,shopping,market,masculine,Flohmärkte,Flohmarkts,Flohmarktes,,,,"auf den Flohmarkt gehen; auf dem Flohmarkt kaufen",Trödelmarkt,,,Goethe-Zertifikat A2 Wortliste,,,,,reviewed
209,word,Flug,journey made through the air,flight,Ich möchte einen Flug nach Kanada buchen.,I would like to book a flight to Canada.,A2,noun,4,high,Travel and aviation noun,lexicographer,2026-09-10,1350,standard,,travel,transport,masculine,Flüge,Flugs,Fluges,,,,"einen Flug buchen; Flug hat Verspätung","Direktflug; Inlandsflug",Flugreise,,,Goethe-Zertifikat A2 Wortliste,,,,reviewed
210,word,Fluss,large natural stream of water flowing to the sea,river,Der Rhein ist ein großer Fluss.,The Rhine is a large river.,A2,noun,4,high,Geography and nature noun,lexicographer,2026-09-10,810,standard,,geography,nature,masculine,Flüsse,Flusses,,,,"am Fluss spazieren gehen; breiter Fluss","Strom; Wasserlauf",,,Goethe-Zertifikat A2 Wortliste,,,,,,reviewed
211,word,Fotoapparat,portable device for capturing photographs,camera,Ich möchte mir einen Fotoapparat kaufen.,I would like to buy a camera.,A2,noun,3,medium,Photography technology noun,lexicographer,2026-09-10,2950,standard,,technology,photography,masculine,Fotoapparate,Fotoapparats,Fotoapparates,,,,"Fotoapparat mitnehmen; neuer Fotoapparat",Kamera,,,Goethe-Zertifikat A2 Wortliste,,,,,reviewed
212,word,fotografieren,to capture images using a camera,to take photos / photograph,Ich fotografiere gern.,I like taking photos.,A2,verb,4,high,Hobbies and media verb,lexicographer,2026-09-10,1450,standard,,"leisure;media",photography,,,,FALSE,FALSE,haben,fotografiert,fotografierte,fotografiert,jemanden/etwas fotografieren,"Landschaften fotografieren; gern fotografieren","Fotos machen; ablichten",,,,,reviewed
213,word,Franke,official monetary currency of Switzerland,franc (Swiss franc),1 Franke hat 100 Rappen.,One franc has 100 rappen.,A2,noun,4,high,Swiss monetary currency noun,lexicographer,2026-09-10,950,standard,,"finances;shopping",currency,masculine,Franken,Franken,,,,"Schweizer Franken; zwanzig Franken bezahlen",CHF,,,Goethe-Zertifikat A2 Wortliste,,,,,,reviewed
214,word,Französisch,the French language or school subject,French (subject / language),Ich spreche ein bisschen Französisch.,I speak a little French.,A2,noun,4,high,School language subject and speech noun,lexicographer,2026-09-10,480,standard,,"school;linguistics",language,neuter,-,Französischs,,,,"Französischunterricht; auf Französisch",französische Sprache,,,Goethe-Zertifikat A2 Wortliste,,,,,,reviewed
215,word,freitags,on Fridays as a recurring occurrence,on Fridays,Wir treffen uns immer freitags.,We always meet on Fridays.,A2,adverb,4,high,Weekly recurring schedule adverb,lexicographer,2026-09-10,920,standard,,time,frequency,,,,,,,,temporales Adverb,"jeden Freitag; freitags frei",am Freitag,,,Goethe-Zertifikat A2 Wortliste,,,,reviewed
216,word,freiwillig,done by personal choice without compulsion,voluntary / voluntarily,Manchmal bleibe ich freiwillig länger im Büro.,Sometimes I stay in the office longer voluntarily.,A2,adjective,4,high,Choice and civic engagement adjective/adverb,lexicographer,2026-09-10,1450,standard,,"general;work",attitude,,,,,,,,adverbial/attributive,"freiwillig melden; freiwillige Arbeit",aus freien Stücken,"gezwungen; unfreiwillig","gezwungen; unfreiwillig",Goethe-Zertifikat A2 Wortliste,,,,reviewed
217,word,freundlich,kind,polite,"or pleasant, friendly / kind, Er ist immer sehr freundlich zu mir.",He is always very friendly to me.,A2,adjective,4,high,Interpersonal courtesy adjective,lexicographer,2026-09-10,780,standard,,"character;correspondence",politeness,,,,,,,,predicative/attributive,"freundlicher Gruß; freundlich lächeln","herzlich; nett; liebenswürdig","unfreundlich; abweisend","unfreundlich; abweisend",Goethe-Zertifikat A2 Wortliste,,,,reviewed
218,word,frisch,recently made,gathered,"or not stale, fresh, Das Brot ist noch ganz frisch.",The bread is still completely fresh.,A2,adjective,4,high,Food,air,and conditions adjective,lexicographer,2026-09-10,720,standard,,"food;nature",condition,,,,,,,,predicative/attributive,"frisches Brot; frische Luft; frisches Handtuch","neu; unverbraucht","alt; verdorben",,,,reviewed
219,word,Friseur,craftsman who cuts,styles,"and grooms hair, hairdresser / barber, Morgen habe ich einen Termin beim Friseur.",Tomorrow I have an appointment at the hairdresser.,A2,noun,4,high,Personal grooming services and profession noun,lexicographer,2026-09-10,1450,standard,,"services;work",professions,masculine,Friseure,Friseurs,,,,"zum Friseur gehen; Haare beim Friseur schneiden","Haarschneider; Coiffeur",,,Goethe-Zertifikat A2 Wortliste,,,,,,reviewed
220,word,Friseurin,female professional cutting and styling hair,hairdresser (female),Die Friseurin schneidet meine Haare.,The hairdresser cuts my hair.,A2,noun,4,high,Personal grooming services and profession noun,lexicographer,2026-09-10,1950,standard,,"services;work",professions,feminine,Friseurinnen,Friseurin,,,,,eine gute Friseurin,"Haarschneiderin; Coiffeuse",,,Goethe-Zertifikat A2 Wortliste,,,,,reviewed
221,word,froh,feeling or manifesting delight or relief,glad / happy,"Ich bin froh, dass du kommen kannst.",I am glad that you can come.,A2,adjective,4,high,Emotional relief and festive greeting adjective,lexicographer,2026-09-10,750,standard,,psychology,feelings,,,,,,,,predicative/attributive,"froh sein über; Frohes Fest","erleichtert; erfreut","traurig; betrübt","traurig; bekümmert",Goethe-Zertifikat A2 Wortliste,,,,reviewed
222,word,früh,at an early time or stage,early,Ich muss morgen sehr früh aufstehen.,I have to get up very early tomorrow.,A2,adjective,5,very high,Temporal adjective and adverb,lexicographer,2026-09-10,380,standard,,time,schedule,,,,,,,,predicative/adverbial,"sehr früh; zu früh kommen","zeitwert; morgendlich",spät,spät,Goethe-Zertifikat A2 Wortliste,,,,reviewed
223,word,fühlen,to experience physical or emotional sensation,to feel (reflexive),Wie fühlen Sie sich?,How do you feel?,A2,verb,4,high,Personal physical and mental state verb,lexicographer,2026-09-10,420,standard,,"health;psychology",feelings,,,,TRUE,FALSE,haben,fühlt,fühlte,gefühlt,sich gut/schlecht fühlen,"sich nicht gut fühlen; sich krank fühlen","empfinden; verspüren",,,,,reviewed
224,word,Führerschein,official driving permit document,driver's license,Sie hat die Führerscheinprüfung bestanden.,She passed the driver's license test.,A2,noun,4,high,Transport and legal documentation noun,lexicographer,2026-09-10,1850,standard,,transport,documents,masculine,Führerscheine,Führerscheins,,,,"den Führerschein machen; Führerschein haben",Fahrerlaubnis,,,Goethe-Zertifikat A2 Wortliste,,,,,,reviewed
225,word,Fundsachen,lost items awaiting reclamation,lost property,Sie können dort bei den Fundsachen schauen.,You can look over there in lost property.,A2,noun,3,medium,Transit and service bureau noun,lexicographer,2026-09-10,3400,standard,,public_space,services,plural,Fundsachen,-,,,,,"Fundsachen abholen; Fundbüro",Verlorenes,,,Goethe-Zertifikat A2 Wortliste,,,,,reviewed
226,word,furchtbar,terrible,awful,"or extremely severe, terrible / awful / dreadfully, Er hat furchtbare Schmerzen.",He has terrible pain.,A2,adjective,4,high,Evaluative and emotional intensity adjective,lexicographer,2026-09-10,1180,standard,,general,evaluation,,,,,,,,predicative/attributive/adverbial,"furchtbar aussehen; furchtbare Schmerzen","schrecklich; entsetzlich","wunderbar; herrlich","angenehm; herrlich",Goethe-Zertifikat A2 Wortliste,,,,reviewed
227,word,Gabel,eating utensil with prongs,fork,Kann ich bitte eine Gabel haben?,Can I please have a fork?,A2,noun,4,high,Dining utensils and kitchen noun,lexicographer,2026-09-10,2150,standard,,food,cutlery,feminine,Gabeln,Gabel,,,,,"Messer und Gabel; Gabel und Löffel",Essbesteck,,Löffel,Goethe-Zertifikat A2 Wortliste,,,,,reviewed
228,word,ganz,complete / whole / completely / entirely,whole / complete / quite,Morgen haben wir den ganzen Tag Schule.,Tomorrow we have school the whole day.,A2,adjective,5,very high,Universal intensifier and totality adjective,lexicographer,2026-09-10,65,standard,,general,degree,,,,,,,,attributive/adverbial/predicative,"ganzer Tag; ganz sicher; ganz nett","vollständig; völlig",teilweise,"teilweise; kaputt",Goethe-Zertifikat A2 Wortliste,,,,reviewed
229,word,Garage,shelter or building for storing a motor vehicle,garage,Hier ist eine Garage für dein Auto.,Here is a garage for your car.,A2,noun,4,high,Housing and vehicle parking noun,lexicographer,2026-09-10,1850,standard,,housing,vehicles,feminine,Garagen,Garage,,,,,"das Auto in die Garage stellen; Garage mieten","Einstellplatz; Autounterstand",,,Goethe-Zertifikat A2 Wortliste,,,,,reviewed
230,word,geboren,brought forth by birth,born,Ich bin in Zagreb geboren.,I was born in Zagreb.,A2,participle,5,very high,Biographical background adjective/participle,lexicographer,2026-09-10,510,standard,,biography,life,,,,,,,,nur prädikativ,"geboren sein; geboren werden; wann und wo geboren",zur Welt gekommen,,,Goethe-Zertifikat A2 Wortliste,,,,reviewed
231,word,geehrt-,respected / esteemed (salutation),esteemed / honored / dear,"Sehr geehrte Damen und Herren, , Dear Ladies and Gentlemen",,A2,adjective,4,high,Formal written correspondence salutation,lexicographer,2026-09-10,680,formal,,correspondence,politeness,,,,,,,,nur attributiv,"sehr geehrte Damen und Herren; sehr geehrter Herr","geschätzt; verehrt",,,Goethe-Zertifikat A2 Wortliste,,,,reviewed
232,word,gefährlich,involving or causing danger,dangerous / hazardous,Du darfst nicht bei Rot über die Straße gehen. Das ist gefährlich.,You mustn't cross the street on red. That is dangerous.,A2,adjective,4,high,Safety and risk descriptor,lexicographer,2026-09-10,890,standard,,safety,danger,,,,,,,,predicative/attributive,"sehr gefährlich; gefährliche Situation","riskant; bedrohlich","sicher; ungefährlich","sicher; harmlos",Goethe-Zertifikat A2 Wortliste,,,,reviewed
233,word,Gegenteil,thing that is completely opposite,opposite / contrary,Das Gegenteil von klein ist groß.,The opposite of small is large.,A2,noun,4,high,Linguistic and conceptual comparison noun,lexicographer,2026-09-10,1210,standard,,general,linguistics,neuter,Gegenteile,Gegenteils,Gegenteiles,,,,"im Gegenteil; das genaue Gegenteil","Kontrast; Antonym",Synonym,Synonym,Goethe-Zertifikat A2 Wortliste,,,,,reviewed
234,word,gegenüber,directly across from,opposite / across from,Die Post ist gegenüber vom Bahnhof.,The post office is opposite the train station.,A2,preposition,4,high,Spatial orientation preposition/adverb,lexicographer,2026-09-10,480,standard,,directions,location,,,,,,,,,gegenüber + Dat. / gegenüber von,"schräg gegenüber; gleich gegenüber",vis-à-vis,,,Goethe-Zertifikat A2 Wortliste,,,reviewed
235,word,Gehalt,fixed regular payment for work,salary,Sie ist mit ihrem Gehalt zufrieden.,She is satisfied with her salary.,A2,noun,4,high,Employment and finance noun,lexicographer,2026-09-10,1150,standard,,work,finances,neuter,Gehälter,Gehalts,Gehaltes,,,,"hohes Gehalt; Gehalt bekommen","Monatsgehalt; Verdienst; Lohn",,,Goethe-Zertifikat A2 Wortliste,,,,,reviewed
236,word,Geldbörse,small pocket pouch for coins and cards,wallet / purse,Sie hat ihre Geldbörse verloren.,She lost her purse.,A2,noun,3,medium,Personal accessories and finance noun,lexicographer,2026-09-10,2850,standard,,finances,accessories,feminine,Geldbörsen,Geldbörse,,,,,"Geldbörse verlieren; Geld in der Geldbörse","Portemonnaie; Geldbeutel",,,Goethe-Zertifikat A2 Wortliste,,,,,reviewed
237,word,genau,accurate,precise,"or exactly so, exact / accurate / exactly, Ja, das weiß ich genau., Yes",I know that exactly.,A2,adjective,5,very high,Precision and agreement adjective/adverb,lexicographer,2026-09-10,280,standard,,general,precision,,,,,,,,predicative/attributive/adverbial,"genau acht Uhr; genau wissen; ganz genau","exakt; präzise","ungefähr; ungenau","ungenau; vage",Goethe-Zertifikat A2 Wortliste,,,,reviewed
238,word,genug,as much or as many as required,enough / sufficient,Es ist noch genug Pizza da.,There is still enough pizza left.,A2,adverb,5,very high,Sufficiency quantifier and modifier,lexicographer,2026-09-10,310,standard,,general,quantity,,,,,,,,Gradadverb / unbestimmtes Pronomen,"genug Zeit; nicht genug verdienen","ausreichend; genügend",zu wenig,"zu wenig; unzureichend",Goethe-Zertifikat A2 Wortliste,,,,reviewed
239,word,Geografie,school subject studying earth's landscapes/places,geography,Wir lernen die Länder in Geografie.,We learn about countries in geography.,A2,noun,4,high,School subjects and geography noun,lexicographer,2026-09-10,1450,standard,,"school;geography",education,feminine,-,Geografie,,,,,"Geografie und Geschichte; Erdkunde","Erdkunde; Geographie",,,Goethe-Zertifikat A2 Wortliste,,,,,reviewed
240,word,Gerät,piece of mechanical or electrical equipment,device / appliance,Elektrogeräte finden Sie im dritten Stock.,Electrical appliances can be found on the third floor.,A2,noun,4,high,Technology and household items noun,lexicographer,2026-09-10,950,standard,,technology,devices,neuter,Geräte,Geräts,Gerätes,,,,"elektrisches Gerät; Gerät einschalten","Apparat; Utensil",,,Goethe-Zertifikat A2 Wortliste,,,,,reviewed
241,word,Gericht,prepared item of food / law court,dish (food) / court,Mein Lieblingsgericht ist Pizza.,My favorite dish is pizza.,A2,noun,4,high,Gastronomy and institutional noun,lexicographer,2026-09-10,810,standard,,food,gastronomy,neuter,Gerichte,Gerichts,Gerichtes,,,,"Lieblingsgericht; warmes Gericht","Speise; Mahlzeit",,,Goethe-Zertifikat A2 Wortliste,,,,,reviewed
242,word,Geschichte,narrative tale or past historical events,story / history,Erzählst du mir eine Geschichte?,Will you tell me a story?,A2,noun,5,very high,Narrative culture and school subject noun,lexicographer,2026-09-10,260,standard,,"culture;school",storytelling,feminine,Geschichten,Geschichte,,,,,"eine Geschichte erzählen; Noten in Geschichte","Erzählung; Historie",,,Goethe-Zertifikat A2 Wortliste,,,,,reviewed
243,word,Geschichte,school subject studying past human events,history (school subject),Paul hat gute Noten in Geschichte.,Paul has good grades in history.,A2,noun,5,very high,School subjects and historical study noun,lexicographer,2026-09-10,210,standard,,school,education,feminine,-,Geschichte,,,,,"Geschichtsunterricht; Lehrer für Geschichte",Historie,,,Goethe-Zertifikat A2 Wortliste,,,,,reviewed
244,word,geschieden,legally dissolved in marriage by court divorce,divorced,Er ist seit zwei Jahren geschieden.,He has been divorced for two years.,A2,adjective,4,high,Civil status and marital history adjective,lexicographer,2026-09-10,1180,standard,,"forms;family",status,,,,,,,,nur prädikativ,"geschieden sein; sich scheiden lassen",entheiratet,verheiratet,verheiratet,Goethe-Zertifikat A2 Wortliste,,,,reviewed
245,word,Geschirr,eating and cooking vessels collectively,dishes / tableware / crockery,Stellst du bitte das Geschirr in den Schrank?,Will you please put the dishes in the cupboard?,A2,noun,4,high,Domestic kitchenware noun,lexicographer,2026-09-10,2100,standard,,household,kitchen,neuter,-,Geschirrs,Geschirres,,,,"Geschirr spülen; sauberes Geschirr","Gedeck; Tafelgeschirr",,,Goethe-Zertifikat A2 Wortliste,,,,,reviewed
246,word,Gesicht,front of the head from forehead to chin,face,Wasch dir bitte das Gesicht.,Please wash your face.,A2,noun,5,very high,Human anatomy and appearance noun,lexicographer,2026-09-10,410,standard,,body,appearance,neuter,Gesichter,Gesichts,Gesichtes,,,,"freundliches Gesicht; das Gesicht waschen","Antlitz; Miene",,,Goethe-Zertifikat A2 Wortliste,,,,,reviewed
247,word,gesund,free from illness / conducive to health,healthy / sound,Jetzt bin ich wieder gesund.,Now I am healthy again.,A2,adjective,5,very high,Physical health and wellness adjective,lexicographer,2026-09-10,680,standard,,health,lifestyle,,,,,,,,predicative/attributive,"wieder gesund sein; gesundes Essen","fit; wohlauf",krank,"krank; ungesund",Goethe-Zertifikat A2 Wortliste,,,,reviewed
248,word,Gesundheit,state of physical well-being / blessing sneeze,health / bless you,Gesundheit! Sind Sie erkältet?,Bless you! Do you have a cold?,A2,noun,4,high,Healthcare and social response noun,lexicographer,2026-09-10,810,standard,,health,welfare,feminine,-,Gesundheit,,,,,"Gesundheit wünschen; schädlich für die Gesundheit",Wohlbefinden,Krankheit,Krankheit,Goethe-Zertifikat A2 Wortliste,,,,,reviewed
249,word,getrennt,living separately from marriage partner,separated (marital),Wir leben getrennt.,We live separated.,A2,adjective,4,high,Marital status and interpersonal separation adjective/adverb,lexicographer,2026-09-10,680,standard,,"family;forms",status,,,,,,,,predicative/adverbial,"getrennt leben; getrennt zahlen","auseinander; separat","zusammen; vereint",,Goethe-Zertifikat A2 Wortliste,,,,reviewed
250,word,Gewitter,violent weather event with thunder and lightning,thunderstorm,"Ich glaube, es gibt heute ein Gewitter.",I think there is a thunderstorm today.,A2,noun,3,medium,Weather and atmospheric phenomena noun,lexicographer,2026-09-10,2250,standard,,weather,nature,neuter,Gewitter,Gewitters,,,,,"ein Gewitter aufziehen; schweres Gewitter","Unwetter; Donnerwetter",,,Goethe-Zertifikat A2 Wortliste,,,,,reviewed
251,word,Gitarre,stringed musical instrument,guitar,Er kann gut Gitarre spielen.,He can play guitar well.,A2,noun,4,high,Music,arts,and hobbies noun,lexicographer,2026-09-10,1750,standard,,music,instruments,feminine,Gitarren,Gitarre,,,,,"Gitarre spielen; Gitarrenkurs",Zupfinstrument,,,Goethe-Zertifikat A2 Wortliste,,,reviewed
252,word,gleich,without delay / identical in value or stature,right away / shortly / same,Ich komme gleich.,I'm coming right away.,A2,adverb,5,very high,Temporal immediacy and identity modifier,lexicographer,2026-09-10,130,standard,,"time;general",immediacy,,,,,,,,adverbial/predicative,"gleich kommen; gleich alt; gleich fertig","sofort; identisch","ungleich; später",,Goethe-Zertifikat A2 Wortliste,,,,reviewed
253,word,Grad Celsius,metric unit of temperature on Celsius scale,degrees Celsius,Heute sind es 10 Grad Celsius.,Today it is 10 degrees Celsius.,A2,noun,4,high,Weather and thermal measurement noun,lexicographer,2026-09-10,780,standard,,"weather;measures",temperature,neuter,Grad,Grad,,,,"10 Grad Celsius; 25 Grad warm","Temperaturmaß; Celsius-Skala",,,Goethe-Zertifikat A2 Wortliste,,,,,,reviewed
254,word,Grippe,acute viral respiratory disease (influenza),flu / influenza,Ich habe eine Grippe und kann leider nicht kommen.,I have the flu and unfortunately cannot come.,A2,noun,4,high,Health and illness noun,lexicographer,2026-09-10,1850,standard,,health,illness,feminine,-,Grippe,,,,,"Grippe haben; gegen Grippe","Influenza; Viruserkrankung",,,Goethe-Zertifikat A2 Wortliste,,,,,reviewed
255,phrase,gültig sein,to have legal or official validity,to be valid,Der Pass ist nicht mehr gültig.,The passport is no longer valid.,A2,phrase,4,high,Administrative and ticketing predicate,lexicographer,2026-09-10,1280,standard,,administration,validity,,,,,,,,Prädikatsausdruck,"gültig sein bis; noch gültig sein","Geltung haben; rechtskräftig sein","abgelaufen sein; ungültig sein",,Goethe-Zertifikat A2 Wortliste,,,,reviewed
256,word,Hals,part of body connecting head to torso,neck / throat,Mir tut der Hals weh.,My throat hurts.,A2,noun,4,high,Human anatomy and health noun,lexicographer,2026-09-10,1180,standard,,body,health,masculine,Hälse,Halses,,,,"Halsschmerzen; in den Hals schauen","Kehle; Nacken",,,Goethe-Zertifikat A2 Wortliste,,,,,,reviewed
257,word,Hamburger,patty served inside a sliced bread roll,hamburger / burger,"Einen Hamburger ohne Salat, bitte., A hamburger without lettuce",please.,A2,noun,3,medium,Fast food and dining noun,lexicographer,2026-09-10,2950,standard,,food,gastronomy,masculine,Hamburger,Hamburgers,,,,,"Hamburger essen; Hamburger bestellen",Burger,,,Goethe-Zertifikat A2 Wortliste,,,,,reviewed
258,word,Handtuch,absorbent cloth used for drying oneself,towel,Gibst du mir bitte ein frisches Handtuch?,Will you please give me a fresh towel?,A2,noun,4,high,Personal hygiene and household noun,lexicographer,2026-09-10,1950,standard,,household,hygiene,neuter,Handtücher,Handtuchs,Handtüches,,,,"frisches Handtuch; sich mit dem Handtuch abtrocknen","Badetuch; Frottiertuch",,,Goethe-Zertifikat A2 Wortliste,,,,,reviewed
259,word,Handwerker,skilled manual tradesperson,craftsman / tradesman,Wir brauchen einen Handwerker für die Reparatur.,We need a tradesman for the repair.,A2,noun,4,high,Skilled trade and domestic maintenance noun,lexicographer,2026-09-10,1180,standard,,work,professions,masculine,Handwerker,Handwerkers,,,,,"Handwerker bestellen; geschickter Handwerker","Monteur; Facharbeiter",,Akademiker,Goethe-Zertifikat A2 Wortliste,,,,,reviewed
260,word,Handwerkerin,female skilled manual tradesperson,craftswoman / tradeswoman,Sie arbeitet als Handwerkerin.,She works as a tradeswoman.,A2,noun,3,medium,Skilled trade and manual labor noun,lexicographer,2026-09-10,2850,standard,,work,professions,feminine,Handwerkerinnen,Handwerkerin,,,,,selbstständige Handwerkerin,Facharbeiterin,,,Goethe-Zertifikat A2 Wortliste,,,,,reviewed
261,word,hängen,to be suspended or affix suspended from wall,to hang,Im Museum hängen moderne Bilder.,Modern paintings are hanging in the museum.,A2,verb,4,high,Stative position and directional suspension verb,lexicographer,2026-09-10,480,standard,,housing,position,,,,FALSE,FALSE,haben,hängt,hing/hängte,gehangen/gehängt,"an + Dat. hängen; an + Akk. hängen","an der Wand hängen; Bild an die Wand hängen","aufhängen; baumeln",,,,,reviewed
262,word,hart,firm,rigid,"or physically resistant, hard / firm / tough, Ich finde das Bett zu hart.",I find the bed too hard.,A2,adjective,4,high,Physical texture and comfort adjective,lexicographer,2026-09-10,610,standard,,general,texture,,,,,,,,predicative/attributive,"ganz hart; hartes Brot; harte Arbeit","fest; starr","weich; zart","weich; leicht",Goethe-Zertifikat A2 Wortliste,,,,reviewed
263,word,hässlich,unpleasant or displeasing to the eye,ugly / unattractive,Ich finde das Kleid hässlich.,I think the dress is ugly.,A2,adjective,4,high,Visual aesthetic evaluation adjective,lexicographer,2026-09-10,1650,standard,,general,appearance,,,,,,,,predicative/attributive,"hässliches Kleid; hässlich finden","unschön; unansehnlich","schön; hübsch","schön; hübsch",Goethe-Zertifikat A2 Wortliste,,,,reviewed
264,word,Hauptstadt,city serving as seat of national government,capital city,Berlin ist die Hauptstadt von Deutschland.,Berlin is the capital city of Germany.,A2,noun,4,high,Geography and political organization noun,lexicographer,2026-09-10,1180,standard,,geography,city,feminine,Hauptstädte,Hauptstadt,,,,,"Hauptstadt von; in der Hauptstadt leben","Metropole; Regierungssitz",,,Goethe-Zertifikat A2 Wortliste,,,,,reviewed
265,word,Heft,small bound booklet of blank writing paper,notebook / exercise book,Hast du dein Heft dabei?,Do you have your notebook with you?,A2,noun,4,high,School stationery and study noun,lexicographer,2026-09-10,1650,standard,,school,stationery,neuter,Hefte,Hefts,Heftes,,,,"ins Heft schreiben; Schulheft","Notizheft; Kladde",,,Goethe-Zertifikat A2 Wortliste,,,,,reviewed
266,word,heiß,possessing a very high temperature,hot,"Vorsicht, der Tee ist heiß!, Caution",the tea is hot!,A2,adjective,5,very high,Temperature and climate adjective,lexicographer,2026-09-10,480,standard,,"weather;food",temperature,,,,,,,,predicative/attributive,"heißer Tee; mir ist heiß; heißes Wasser","kochend; sengend","kalt; kühl","kalt; kühl",Goethe-Zertifikat A2 Wortliste,,,,reviewed
267,word,Heizung,system or appliance for warming indoors,heating / heater,Es ist kalt. Ist die Heizung kaputt?,It is cold. Is the heating broken?,A2,noun,4,high,Housing utilities and comfort noun,lexicographer,2026-09-10,1650,standard,,housing,appliances,feminine,Heizungen,Heizung,,,,,"die Heizung anmachen; Heizung ist warm","Zentralheizung; Heizkörper",,Klimaanlage,Goethe-Zertifikat A2 Wortliste,,,,,reviewed
268,word,Hemd,man's collared upper-body buttoned garment,shirt,Nick trägt heute ein neues Hemd.,Nick is wearing a new shirt today.,A2,noun,4,high,Clothing and apparel noun,lexicographer,2026-09-10,1180,standard,,clothing,attire,neuter,Hemden,Hemds,Hemdes,,,,"ein Hemd anziehen; weißes Hemd","Herrenhemd; Oberhemd",,Bluse,Goethe-Zertifikat A2 Wortliste,,,,,reviewed
269,word,her,indicating motion towards the speaker,here / over here,Komm bitte mal her!,Please come over here!,A2,adverb,5,very high,Spatial directional deictic adverb/prefix,lexicographer,2026-09-10,190,standard,,directions,movement,,,,,,,,Direktionaladverb,"komm her; woher kommen; hierher",hierher,"hin; weg","hin; weg",Goethe-Zertifikat A2 Wortliste,,,,reviewed
270,word,heraus,indicating motion from inside towards speaker,out / outside,Möchtet ihr nicht rauskommen?,Wouldn't you like to come outside?,A2,adverb,4,high,Spatial directional egress adverb,lexicographer,2026-09-10,480,standard,,directions,movement,,,,,,,,Direktionaladverb (Kurzform: raus),"nach draußen; herauskommen; rausbringen",hinaus,"herein; rein",,Goethe-Zertifikat A2 Wortliste,,,,reviewed
271,word,herein,indicating motion from outside toward speaker inside,come in / inside,Herein! Die Tür ist offen.,Come in! The door is open.,A2,adverb,4,high,Spatial invitation and entrance adverb,lexicographer,2026-09-10,680,standard,,housing,movement,,,,,,,,Direktionaladverb (Kurzform: rein),"hereinkommen; hereinbitten",hinein,"heraus; raus",,Goethe-Zertifikat A2 Wortliste,,,,reviewed
272,word,herstellen,to manufacture or produce goods industrially,to manufacture / produce,In unserer Firma stellen wir Möbel her.,In our company we produce furniture.,A2,verb,4,high,Manufacturing and economic production verb,lexicographer,2026-09-10,950,standard,,work,industry,,,,FALSE,TRUE,haben,stellt her,stellte her,hergestellt,etwas herstellen,"Waren herstellen; industriell herstellen","produzieren; fertigen",vernichten,,,,reviewed
273,word,herunterladen,to transfer data from internet to device,to download,Er lädt die Musik aus dem Internet herunter.,He downloads music from the internet.,A2,verb,4,high,Digital media and computing action verb,lexicographer,2026-09-10,1650,standard,,internet,technology,,,,FALSE,TRUE,haben,lädt herunter,lud herunter,heruntergeladen,etwas aus + Dat. herunterladen,"Musik herunterladen; Datei herunterladen",downloaden,hochladen,,,,reviewed
274,word,Himmel,vault of heaven or expanse above the earth,sky / heaven,Der Himmel ist blau und es gibt keine Wolken.,The sky is blue and there are no clouds.,A2,noun,4,high,Nature and meteorology noun,lexicographer,2026-09-10,480,standard,,nature,weather,masculine,-,Himmels,,,,"am Himmel; blauer Himmel",Firmament,Erde,,Goethe-Zertifikat A2 Wortliste,,,,,,reviewed
275,word,hin,indicating motion away from speaker to target,there / away to,Wo gehst du hin?,Where are you going to?,A2,adverb,5,very high,Spatial directional centrifugal adverb/prefix,lexicographer,2026-09-10,180,standard,,directions,movement,,,,,,,,Direktionaladverb,"wohin gehen; dorthin; hin und her",dahin,her,,Goethe-Zertifikat A2 Wortliste,,,,reviewed
276,word,hinter,at the back side of / behind,behind,Hinter dem Haus haben wir einen Garten.,Behind the house we have a garden.,A2,preposition,5,very high,Core two-way spatial preposition,lexicographer,2026-09-10,95,standard,,directions,preposition,,,,,,,,,hinter + Dat. (statisch) / hinter + Akk. (dynamisch),"hinter dem Haus; hinter die Tür",im Rücken von,vor,,Goethe-Zertifikat A2 Wortliste,,,reviewed
277,word,hoffen,to expect with confidence and desire,to hope,"Ich hoffe, dass es dir gut geht.",I hope that you are doing well.,A2,verb,5,very high,Core emotional and mental expectation verb,lexicographer,2026-09-10,310,standard,,cognition,feelings,,,,FALSE,FALSE,haben,hofft,hoffte,gehofft,"auf + Akk. hoffen; hoffen",dass,"das Beste hoffen; hoffentlich","wünschen; zuversichtlich sein","befürchten; verzweifeln",,,reviewed
278,word,hoffentlich,used to express a desired wish or outcome,hopefully,Hoffentlich hat unser Zug keine Verspätung.,Hopefully our train does not have a delay.,A2,adverb,4,high,Modal sentence adverb of expectation,lexicographer,2026-09-10,750,standard,,general,modality,,,,,,,,Satzadverb,"hoffentlich nicht; hoffentlich klappt es",so Gott will,leider,leider,Goethe-Zertifikat A2 Wortliste,,,,reviewed
279,word,Homepage,main website page or web portal,homepage / website,Auf der Homepage von Freiburg gibt es alle wichtigen Informationen.,On the Freiburg homepage there is all key information.,A2,noun,4,high,Digital media and internet noun,lexicographer,2026-09-10,1450,standard,,internet,technology,feminine,Homepages,Homepage,,,,,"auf der Homepage; Homepage besuchen","Webseite; Internetseite",,,Goethe-Zertifikat A2 Wortliste,,,,,reviewed
280,word,Hose,two-legged outer garment covering waist to ankles,trousers / pants,Kann ich die Hose waschen?,Can I wash the trousers?,A2,noun,4,high,Clothing and apparel noun,lexicographer,2026-09-10,1180,standard,,clothing,attire,feminine,Hosen,Hose,,,,,"Hose anziehen; Hose waschen","kurze Hose; lange Hose",Beinkleid,,,hose,Goethe-Zertifikat A2 Wortliste,,,reviewed
281,word,husten,to expel air from lungs with sudden sharp noise,to cough,Sie hustet seit zwei Tagen. Sie ist krank.,She has been coughing for two days. She is ill.,A2,verb,3,medium,Symptom and health verb,lexicographer,2026-09-10,2150,standard,,health,illness,,,,FALSE,FALSE,haben,hustet,hustete,gehustet,"stark husten; trocken husten","Husten haben; die ganze Nacht husten",räuspern,,,,,reviewed
282,word,ICE,abbreviation for Intercity-Express high-speed train,ICE (high-speed train),Der ICE hält an Gleis 12.,The ICE stops at platform 12.,A2,abbreviation,4,high,German rail high-speed transit noun,lexicographer,2026-09-10,950,standard,,travel,transport,masculine,ICEs,ICEs,,,,"mit dem ICE fahren; ICE nach Berlin","Intercity-Express; Schnellzug",,,Goethe-Zertifikat A2 Wortliste,,,,,,reviewed
283,word,Idee,thought,plan,"or conceptual suggestion, idea, Hast du eine gute Idee?",Do you have a good idea?,A2,noun,5,very high,Cognitive and creative suggestions noun,lexicographer,2026-09-10,480,standard,,cognition,thought,feminine,Ideen,Idee,,,,,"eine gute Idee haben; keine Idee","Einfall; Vorschlag; Gedanke",,,Goethe-Zertifikat A2 Wortliste,,,,,reviewed
284,word,in der Nacht,during the hours of darkness and sleep,at night / in the night,In der Nacht hat es geregnet.,In the night it rained.,A2,phrase,4,high,Diurnal nocturnal temporal phrase,lexicographer,2026-09-10,210,standard,,time,schedule,,,,,,,,temporale Phrase,"mitten in der Nacht; spät in der Nacht","nachts; zur Nachtzeit",am Tag,,Goethe-Zertifikat A2 Wortliste,,,,reviewed
285,word,informieren,to gather facts or instruct oneself (reflexive),to inform oneself / gather information,Ich möchte mich vor der Reise über das Land informieren.,I would like to inform myself about the country before the trip.,A2,verb,4,high,Research and factual communication verb,lexicographer,2026-09-10,720,standard,,communication,knowledge,,,,TRUE,FALSE,haben,informiert,informierte,informiert,"sich über + Akk. informieren; jemanden informieren","sich genau informieren; rechtzeitig informieren","benachrichtigen; aufklären",,,,,reviewed
286,word,Insel,piece of land surrounded entirely by water,island,Rügen ist die größte deutsche Insel.,Rügen is the largest German island.,A2,noun,4,high,Geography and travel noun,lexicographer,2026-09-10,1150,standard,,geography,nature,feminine,Inseln,Insel,,,,,"auf einer Insel Urlaub machen; große Insel",Eiland,Festland,Festland,Goethe-Zertifikat A2 Wortliste,,,,,reviewed
287,word,Instrument,device used to produce musical sounds,musical instrument,Ich spiele Klavier. Spielen Sie auch ein Instrument?,I play piano. Do you play an instrument too?,A2,noun,4,high,Music,arts,and hobbies noun,lexicographer,2026-09-10,1210,standard,,music,arts,neuter,Instrumente,Instruments,Instrumentes,,,,"ein Instrument lernen; Instrument spielen","Musikinstrument; Werkzeug",,,Goethe-Zertifikat A2 Wortliste,,,reviewed
288,word,intelligent,having high mental capacity and quick intellect,intelligent / smart,Einstein war sehr intelligent.,Einstein was very intelligent.,A2,adjective,4,high,Cognitive character evaluation adjective,lexicographer,2026-09-10,1450,standard,,character,cognition,,,,,,,,predicative/attributive,"sehr intelligent; intelligenter Mensch","klug; schlau; gescheit","dumm; töricht","dumm; unklug",Goethe-Zertifikat A2 Wortliste,,,,reviewed
289,word,interessant,arousing curiosity or fascination,interesting,Ich lese gerade ein interessantes Buch.,I am reading an interesting book right now.,A2,adjective,5,very high,Core evaluative adjective,lexicographer,2026-09-10,380,standard,,general,evaluation,,,,,,,,predicative/attributive,"sehr interessant; interessantes Thema","spannend; lesenswert","langweilig; unbedeutend","langweilig; öde",Goethe-Zertifikat A2 Wortliste,,,,reviewed
290,word,interessieren,to hold attention or engage curiosity (reflexive),to be interested in,Ich interessiere mich für Fußball.,I am interested in football.,A2,verb,5,very high,Core preference and hobby verb,lexicographer,2026-09-10,490,standard,,social,interests,,,,TRUE,FALSE,haben,interessiert,interessierte,interessiert,"sich für + Akk. interessieren; jemanden interessieren","sich für Sport interessieren; interessiert mich nicht","faszinieren; fesseln",langweilen,,,,reviewed
291,word,Interview,meeting in which someone is asked questions,interview,Im Radio kommt ein Interview mit deinem Lieblingssänger.,On the radio there is an interview with your favorite singer.,A2,noun,4,high,Journalism and media noun,lexicographer,2026-09-10,850,standard,,media,press,neuter,Interviews,Interviews,,,,,"ein Interview führen; Interview im Radio","Befragung; Gespräch",,,Goethe-Zertifikat A2 Wortliste,,,,,reviewed
292,word,Jeans,casual trousers made of denim,jeans,Ich mag Jeans lieber als Röcke.,I prefer jeans over skirts.,A2,noun,4,high,Casual fashion and clothing noun,lexicographer,2026-09-10,1650,standard,,clothing,attire,plural,Jeans,-,,,,,"blaue Jeans; eine Jeans tragen","Denimhose; Nietenhose",,,Goethe-Zertifikat A2 Wortliste,,,,,reviewed
293,word,jeder,each individual member of a complete group,everyone / every / each,Das Restaurant hat jeden Tag geöffnet.,The restaurant is open every day.,A2,pronoun,5,very high,Universal distributive determiner/pronoun,lexicographer,2026-09-10,65,standard,,general,determiner,,,,,,,,Determinativ / Indefinitpronomen,"jeder Tag; jedes Kind; jeder von uns","ein jeder; jedweder",keiner,,Goethe-Zertifikat A2 Wortliste,,,,reviewed
294,word,jemand,an unspecified or unknown person,someone / somebody,Hat jemand meinen Stift?,Does someone have my pen?,A2,pronoun,5,very high,Indefinite personal pronoun,lexicographer,2026-09-10,210,standard,,people,pronoun,,,,,,,,Indefinitpronomen,"jemand da; hat jemand Zeit","irgendwer; einer",niemand,,Goethe-Zertifikat A2 Wortliste,,,,reviewed
295,word,joggen,to run at a gentle,steady pace for fitness,"to jog, Ich jogge gern im Park.",I like jogging in the park.,A2,verb,3,medium,Sport,recreation,and fitness verb,lexicographer,2026-09-10,2450,standard,,sports,fitness,,,,FALSE,FALSE,sein/haben,joggt,joggte,gejoggt,"im Park joggen; jeden Morgen joggen","laufen; Dauerlauf machen",,,,reviewed
296,word,Journalist,person writing news reports for press or broadcast,journalist / reporter,Der Journalist interviewt den Bürgermeister.,The journalist is interviewing the mayor.,A2,noun,4,high,Media,press,and writing professions noun,lexicographer,2026-09-10,750,standard,,"media;work",professions,masculine,Journalisten,Journalisten,,,,als Journalist bei der Zeitung arbeiten,"Reporter; Redakteur; Berichterstatter",,,Goethe-Zertifikat A2 Wortliste,,,,reviewed
297,word,Journalistin,female news writer for press or media,journalist (female) / reporter,Sie arbeitet als Journalistin beim Fernsehen.,She works as a journalist in television.,A2,noun,4,high,Media,press,and writing professions noun,lexicographer,2026-09-10,1180,standard,,"media;work",professions,feminine,Journalistinnen,Journalistin,,,,,"bekannte Journalistin; Fernsehjournalistin","Reporterin; Redakteurin",,,Goethe-Zertifikat A2 Wortliste,,,reviewed
298,word,Jugendherberge,inexpensive supervised lodging for youths,youth hostel,Wir übernachten in einer Jugendherberge.,We are staying overnight in a youth hostel.,A2,noun,3,medium,Budget travel and accommodation noun,lexicographer,2026-09-10,2850,standard,,travel,accommodation,feminine,Jugendherbergen,Jugendherberge,,,,,in der Jugendherberge schlafen,"Hostel; Herberge",,,Goethe-Zertifikat A2 Wortliste,,,,,reviewed
299,word,Kalender,chart or booklet showing days/months/appointments,calendar / diary,Ich schreibe alle Termine in meinen Kalender.,I write all appointments in my calendar.,A2,noun,4,high,Time organization and planning noun,lexicographer,2026-09-10,1450,standard,,time,organization,masculine,Kalender,Kalenders,,,,,"in den Kalender schauen; Terminkalender","Terminplaner; Wandkalender",,,Goethe-Zertifikat A2 Wortliste,,,,,reviewed
300,word,kalt,having a low temperature,cold,Heute ist es sehr kalt.,Today it is very cold.,A2,adjective,5,very high,Core climate and temperature adjective,lexicographer,2026-09-10,320,standard,,"weather;food",temperature,,,,,,,,predicative/attributive,"mir ist kalt; kalter Kaffee; sehr kalt draußen","frostig; eisig","warm; heiß","warm; heiß",Goethe-Zertifikat A2 Wortliste,,,,reviewed
301,word,Kamera,optical apparatus for capturing visual images,camera,Hannes hat eine neue Kamera.,Hannes has a new camera.,A2,noun,4,high,Photography,video,and technology noun,lexicographer,2026-09-10,1150,standard,,technology,photography,feminine,Kameras,Kamera,,,,,"Fotos mit der Kamera machen; neue Kamera","Fotoapparat; Videokamera",,,Goethe-Zertifikat A2 Wortliste,,,reviewed
302,word,Karneval,festive season preceding Lent with masquerades,carnival,Im Februar feiern viele Menschen Karneval.,In February many people celebrate carnival.,A2,noun,4,high,Holidays,folklore,and street celebrations noun,lexicographer,2026-09-10,1350,standard,,"social;culture",holidays,masculine,-,Karnevals,,,,"Karneval feiern; Fasching; Karnevalskostüm","Fasching; Fastnacht; Fastelabend",,,Goethe-Zertifikat A2 Wortliste,,,,reviewed
303,word,Käse,dairy solid food formed from milk curds,cheese,Isst du lieber Käse oder Wurst?,Do you prefer eating cheese or cold meat?,A2,noun,4,high,Daily food and grocery staple noun,lexicographer,2026-09-10,1450,standard,,food,groceries,masculine,-,Käses,,,,"ein Stück Käse; Käsebrötchen",Milchprodukt,,,Goethe-Zertifikat A2 Wortliste,,,,,,reviewed
304,word,Katze,small domesticated carnivorous feline mammal,cat,Meine Tochter wünscht sich eine Katze.,My daughter wishes for a cat.,A2,noun,4,high,Pets and domestic fauna,lexicographer,2026-09-10,950,standard,,nature,animals,feminine,Katzen,Katze,,,,,"Katze füttern; Katze streicheln","Hauskatze; Samtpfote",,,Goethe-Zertifikat A2 Wortliste,,,,,reviewed
305,word,Kauffrau,female professional in commerce and trade,businesswoman / commercial clerk,Sie arbeitet als Kauffrau.,She works as a commercial clerk.,A2,noun,4,high,Commerce and business administration professions noun,lexicographer,2026-09-10,1450,standard,,"commerce;work",professions,feminine,Kauffrauen,Kauffrau,,,,,"Kauffrau für Büromanagement; gelernte Kauffrau","Geschäftsfrau; Händlerin",Kaufmann,,Goethe-Zertifikat A2 Wortliste,,,,,reviewed
306,word,Kaufhaus,large retail store selling varied goods in sections,department store,Meine Pullover kaufe ich immer im Kaufhaus Hertie.,I always buy my sweaters at the Hertie department store.,A2,noun,4,high,Urban shopping and retail infrastructure,lexicographer,2026-09-10,1850,standard,,shopping,buildings,neuter,Kaufhäuser,Kaufhauses,Kaufhäuser,,,,"im Kaufhaus einkaufen; ins Kaufhaus gehen",Warenhaus,,,Goethe-Zertifikat A2 Wortliste,,,,,reviewed
307,word,Kaufmann,person trained in commercial enterprise/trade,merchant / businessman / commercial clerk,Er macht eine Ausbildung zum Kaufmann.,He is doing an apprenticeship to become a commercial clerk.,A2,noun,4,high,Commerce and business administration professions noun,lexicographer,2026-09-10,950,standard,,"commerce;work",professions,masculine,Kaufleute,Kaufmanns,Kaufmannes,,,,"Kaufmann im Einzelhandel; Bankkaufmann","Händler; Geschäftsmann",Kauffrau,,Goethe-Zertifikat A2 Wortliste,,,,,reviewed
308,word,kein-,determiner negating an indefinite noun or mass entity,no / not any,Hast du keinen Hunger?,Aren't you hungry?,A2,pronoun,5,very high,Fundamental nominal negation determiner,lexicographer,2026-09-10,25,standard,,grammar,negation,,,,,,,,Negationsartikel,"keine Zeit haben; kein Wort sprechen","gar kein; nicht ein","ein; irgendein",,Goethe-Zertifikat A2 Wortliste,,,,reviewed
309,word,Keller,subterranean room or storage space beneath a house,cellar / basement,Bitte bring die Kartoffeln in den Keller!,Please bring the potatoes to the cellar!,A2,noun,4,high,Housing architecture and storage noun,lexicographer,2026-09-10,1180,standard,,housing,buildings,masculine,Keller,Kellers,,,,,"im Keller sein; in den Keller gehen","Untergeschoss; Souterrain","Dachboden; Dachgeschoss",Dachboden,Goethe-Zertifikat A2 Wortliste,,,,,reviewed
310,word,Kellner,person serving food and drinks in restaurants,waiter,Der Kellner bringt die Getränke.,The waiter brings the drinks.,A2,noun,4,high,Gastronomy service and restaurant professions noun,lexicographer,2026-09-10,1180,standard,,"gastronomy;work",professions,masculine,Kellner,Kellners,,,,,"den Kellner rufen; freundlicher Kellner","Ober; Servicekraft; Gastronomiefachmann",Kellnerin,,Goethe-Zertifikat A2 Wortliste,,,,,reviewed
311,word,Kellnerin,female person serving tables in a restaurant,waitress,Die Kellnerin bringt die Rechnung.,The waitress brings the bill.,A2,noun,4,high,Gastronomy service and hospitality professions noun,lexicographer,2026-09-10,1350,standard,,"gastronomy;work",professions,feminine,Kellnerinnen,Kellnerin,,,,,"als Kellnerin jobben; aufmerksame Kellnerin","Bedienung; Servicekraft",Kellner,,Goethe-Zertifikat A2 Wortliste,,,,,reviewed
312,word,Kenntnisse,acquired familiarity,facts,"or practical abilities, knowledge / skills, Deine Deutschkenntnisse sind sehr gut!",Your German skills are very good!,A2,noun,4,high,Education,language abilities,and career qualification noun,lexicographer,2026-09-10,890,standard,,"education;work",skills,plural,Kenntnisse,-,,,,,"Kenntnisse verbessern; Sprachkenntnisse haben","Wissen; Fertigkeiten; Qualifikationen",,,Goethe-Zertifikat A2 Wortliste,,,reviewed
313,word,Kette,interlinked metal loop jewelry worn around neck,chain / necklace,Meine Mutter bekommt eine schöne Kette zum Geburtstag.,My mother is getting a lovely necklace for her birthday.,A2,noun,4,high,Personal adornment and jewelry noun,lexicographer,2026-09-10,1350,standard,,clothing,accessories,feminine,Ketten,Kette,,,,,"eine Kette tragen; goldene Kette","Halskette; Colliers",,,Goethe-Zertifikat A2 Wortliste,,,,,reviewed
314,word,Kirche,building constructed for Christian public worship,church,Diese Kirche ist fast 800 Jahre alt.,This church is almost 800 years old.,A2,noun,4,high,Religious architecture and community noun,lexicographer,2026-09-10,480,standard,,religion,buildings,feminine,Kirchen,Kirche,,,,,"in die Kirche gehen; alte Kirche","Gotteshaus; Dom; Kathedrale",,,Goethe-Zertifikat A2 Wortliste,,,,,reviewed
315,word,klappen,to function as desired or proceed successfully,to work out / run smoothly,Das klappt.,That works out.,A2,verb,4,high,Informal success and scheduling verb,lexicographer,2026-09-10,950,informal,,communication,success,,,,FALSE,FALSE,haben,klappt,klappte,geklappt,mit + Dat. klappen,"es klappt gut; alles super geklappt","funktionieren; gelingen","misslingen; schiefgehen",,,,reviewed
316,word,Klassenfahrt,multi-day excursion undertaken by a school class,school trip / class excursion,Die Schüler freuen sich auf die Klassenfahrt.,The pupils look forward to the school trip.,A2,noun,3,medium,School trips and education leisure noun,lexicographer,2026-09-10,2100,standard,,"education;travel",events,feminine,Klassenfahrten,Klassenfahrt,,,,,"auf Klassenfahrt fahren; mehrtägige Klassenfahrt","Schulfahrt; Schulausflug",,,Goethe-Zertifikat A2 Wortliste,,,,,reviewed
317,word,Klavier,large acoustic keyboard musical instrument,piano,Jakob kann sehr gut Klavier spielen.,Jakob can play the piano very well.,A2,noun,4,high,Musical instrument and hobbies noun,lexicographer,2026-09-10,1750,standard,,music,instruments,neuter,Klaviere,Klaviers,Klavieres,,,,"Klavier spielen; Klavierunterricht nehmen","Piano; Flügel",,,Goethe-Zertifikat A2 Wortliste,,,,,reviewed
318,word,Kleid,one-piece outer garment for women covering torso/legs,dress,Julia möchte ein rotes Kleid kaufen.,Julia wants to buy a red dress.,A2,noun,4,high,Everyday fashion and women's clothing noun,lexicographer,2026-09-10,980,standard,,clothing,attire,neuter,Kleider,Kleids,Kleides,,,,"ein Kleid anziehen; schönes Kleid; buntes Kleid","Robe; Gewand",,,Goethe-Zertifikat A2 Wortliste,,,,,reviewed
319,word,klug,showing sound judgment,intelligence,"or quick wit, clever / smart / wise, Lisa ist sehr klug. Sie bekommt immer gute Noten.",Lisa is very smart. She always gets good grades.,A2,adjective,4,high,Cognitive character evaluation adjective,lexicographer,2026-09-10,1150,standard,,character,cognition,,,,,,,,predicative/attributive,"kluges Mädchen; klug von dir","gescheit; schlau; intelligent","dumm; töricht","dumm; töricht",Goethe-Zertifikat A2 Wortliste,,,,reviewed
320,word,Koch,person who prepares and cooks food professionally,cook / chef,Herr Georgi ist ein ausgezeichneter Koch.,Mr. Georgi is an excellent cook.,A2,noun,4,high,Culinary trade and gastronomy professions noun,lexicographer,2026-09-10,1150,standard,,"gastronomy;food",professions,masculine,Köche,Koches,Kochs,,,,"als Koch im Restaurant arbeiten; Küchenchef","Chefkoch; Gastronomiekraft",Köchin,,Goethe-Zertifikat A2 Wortliste,,,,,reviewed
321,word,Köchin,female person who cooks food professionally,cook (female) / chef,Sie ist Köchin in einem Hotel.,She is a cook in a hotel.,A2,noun,4,high,Culinary trade and gastronomy professions noun,lexicographer,2026-09-10,1450,standard,,"gastronomy;food",professions,feminine,Köchinnen,Köchin,,,,,"gute Köchin; als Köchin arbeiten",Chefköchin,Koch,,Goethe-Zertifikat A2 Wortliste,,,,,reviewed
322,word,komisch,funny and amusing or strange and odd,funny / comical / strange,Der Film war sehr komisch. Wir haben viel gelacht.,The movie was very funny. We laughed a lot.,A2,adjective,4,high,Humor and perceptual oddity adjective,lexicographer,2026-09-10,810,standard,,general,evaluation,,,,,,,,predicative/attributive,"komisch aussehen; komisch schmecken","lustig; witzig; seltsam; sonderbar","normal; ernst","normal; ernst",Goethe-Zertifikat A2 Wortliste,,,,reviewed
323,word,Kontakt,state of communication or physical proximity,contact,Ich habe wenig Kontakt zu meinen Kollegen.,I have little contact with my colleagues.,A2,noun,4,high,Social interaction and communication noun,lexicographer,2026-09-10,650,standard,,communication,social,masculine,Kontakte,Kontakts,Kontaktes,,,,"Kontakt haben zu; Kontaktdaten schicken","Verbindung; Beziehung; Austausch",,Distanz,Goethe-Zertifikat A2 Wortliste,,,,,reviewed
324,word,kontrollieren,to inspect or verify correctness/order,to check / inspect / control,Können Sie bei meinem Auto bitte das Öl kontrollieren?,Could you please check the oil in my car?,A2,verb,4,high,Verification,inspection,and security verb,lexicographer,2026-09-10,950,standard,,"safety;work",verification,,,,FALSE,FALSE,haben,kontrolliert,kontrollierte,kontrolliert,etwas kontrollieren,"Gepäck kontrollieren; Fahrscheine kontrollieren","überprüfen; nachsehen; prüfen",,,reviewed
325,word,Konzert,public performance of vocal or instrumental music,concert,Für das Konzert am Sonntag gibt es noch Karten.,There are still tickets available for the concert on Sunday.,A2,noun,4,high,Music and cultural performance noun,lexicographer,2026-09-10,810,standard,,music,entertainment,neuter,Konzerte,Konzerts,Konzertes,,,,"Karten für das Konzert; ins Konzert gehen","Musikveranstaltung; Live-Auftritt",,,Goethe-Zertifikat A2 Wortliste,,,,,reviewed
326,word,Körper,entire physical organism of a human being,body,"Der Arzt sagt, ich muss etwas für meinen Körper tun.",The doctor says I need to do something for my body.,A2,noun,4,high,Human anatomy,fitness,and medical noun,lexicographer,2026-09-10,480,standard,,body,health,masculine,Körper,Körpers,,,,,"den Körper pflegen; gesunder Körper","Leib; Physis","Geist; Seele",,Goethe-Zertifikat A2 Wortliste,,,reviewed
327,word,Kosmetik,substances prepared to enhance appearance/hygiene,cosmetics,Kosmetik können Sie im Erdgeschoss kaufen.,You can purchase cosmetics on the ground floor.,A2,noun,3,medium,Retail beauty,hygiene,and body care noun,lexicographer,2026-09-10,2750,standard,,shopping,beauty,feminine,-,Kosmetik,,,,,"Kosmetik kaufen; Abteilung für Kosmetik","Schönheitspflege; Kosmetikartikel",,,Goethe-Zertifikat A2 Wortliste,,,reviewed
328,word,kostenlos,available without any monetary payment,free of charge / gratis,Diese Zeitschrift kostet nichts. Sie ist kostenlos.,This magazine costs nothing. It is free of charge.,A2,adjective,4,high,Commercial pricing and offers adjective/adverb,lexicographer,2026-09-10,950,standard,,shopping,price,,,,,,,,predicative/attributive,"kostenlos sein; kostenloser Service","gratis; umsonst; gebührenfrei","kostenpflichtig; teuer","kostenpflichtig; teuer",Goethe-Zertifikat A2 Wortliste,,,,reviewed
329,word,Krankenhaus,institution providing medical and surgical treatment,hospital,Meine Tante ist im Krankenhaus.,My aunt is in the hospital.,A2,noun,4,high,Healthcare infrastructure noun,lexicographer,2026-09-10,750,standard,,health,buildings,neuter,Krankenhäuser,Krankenhauses,Krankenhaus,,,,"ins Krankenhaus bringen; im Krankenhaus liegen","Klinik; Spital",,,Goethe-Zertifikat A2 Wortliste,,,,,reviewed
330,word,Krankenkasse,health insurance provider organisation,health insurance fund,Bei welcher Krankenkasse sind Sie?,With which health insurance fund are you insured?,A2,noun,3,medium,Public health administration and insurance noun,lexicographer,2026-09-10,2100,standard,,health,administration,feminine,Krankenkassen,Krankenkasse,,,,,"Karte der Krankenkasse; gesetzliche Krankenkasse",Krankenversicherung,,,Goethe-Zertifikat A2 Wortliste,,,,,reviewed
331,word,Krankenpfleger,male nurse providing clinical care to patients,nurse (male),Ich möchte eine Ausbildung zum Krankenpfleger machen.,I would like to do training to become a male nurse.,A2,noun,4,high,Healthcare nursing and hospital professions noun,lexicographer,2026-09-10,1850,standard,,"health;work",professions,masculine,Krankenpfleger,Krankenpflegers,,,,,im Krankenhaus als Krankenpfleger arbeiten,"Pfleger; Krankenwärter",Krankenschwester,,Goethe-Zertifikat A2 Wortliste,,,,,reviewed
332,word,Krankenschwester,female clinical nurse in a hospital or clinic,nurse (female),Sie arbeitet als Krankenschwester im Krankenhaus.,She works as a nurse in a hospital.,A2,noun,4,high,Healthcare nursing and clinical professions noun,lexicographer,2026-09-10,1280,standard,,"health;work",professions,feminine,Krankenschwestern,Krankenschwester,,,,,"Krankenschwester rufen; Beruf der Krankenschwester","Pflegefachkraft; Krankenschwester",Krankenpfleger,,Goethe-Zertifikat A2 Wortliste,,,,,reviewed
333,word,Krankheit,disordered or abnormal state of health,illness / disease / sickness,Welche Krankheit hat Herr Brandner?,What illness does Mr. Brandner have?,A2,noun,4,high,Medical condition and health noun,lexicographer,2026-09-10,720,standard,,health,illness,feminine,Krankheiten,Krankheit,,,,,"schwere Krankheit; gegen eine Krankheit kämpfen","Erkrankung; Leiden",Gesundheit,Gesundheit,Goethe-Zertifikat A2 Wortliste,,,,,reviewed
334,word,Kredit,money borrowed from a bank to be repaid,credit / loan,Ich brauche einen Kredit von der Bank.,I need a loan from the bank.,A2,noun,4,high,Banking,loans,and purchasing noun,lexicographer,2026-09-10,1180,standard,,finances,banking,masculine,Kredite,Kredits,Kredites,,,,"einen Kredit aufnehmen; mit Kreditkarte zahlen","Darlehen; Bankkredit",,,Goethe-Zertifikat A2 Wortliste,,,reviewed
335,word,Kreuzung,intersection where roads meet and cross,intersection / crossroads,Fahren Sie an der nächsten Kreuzung rechts.,Turn right at the next intersection.,A2,noun,4,high,Street navigation and traffic noun,lexicographer,2026-09-10,1650,standard,,directions,transport,feminine,Kreuzungen,Kreuzung,,,,,"an der Kreuzung abbiegen; gefährliche Kreuzung","Straßenkreuzung; Schnittpunkt",,,Goethe-Zertifikat A2 Wortliste,,,,,reviewed
336,word,Krimi,fictional narrative dealing with crime and detection,detective story / crime thriller,Miriam liest gern spannende Krimis.,Miriam likes reading suspenseful crime thrillers.,A2,noun,4,high,Literature and television genre noun,lexicographer,2026-09-10,1450,standard,,media,entertainment,masculine,Krimis,Krimis,,,,,"spannender Krimi; Krimi im Fernsehen sehen","Kriminalroman; Kriminalfilm",,,Goethe-Zertifikat A2 Wortliste,,,,,reviewed
337,word,kühl,moderately cold / pleasantly low in temperature,cool / chilly,Es ist kühl draußen. Zieh dir eine Jacke an.,It is cool outside. Put on a jacket.,A2,adjective,4,high,Weather,temperature,and climate adjective,lexicographer,2026-09-10,950,standard,,weather,temperature,,,,,,,,predicative/attributive,"kühles Wetter; kühler Wind; kühles Getränk","frisch; mäßig kalt","warm; schwül",,,,reviewed
338,word,Kultur,arts and customs of human intellectual achievement,culture,Ich finde fremde Länder und Kulturen sehr interessant.,I find foreign countries and cultures very interesting.,A2,noun,4,high,Arts,history,and society noun,lexicographer,2026-09-10,480,standard,,culture,society,feminine,Kulturen,Kultur,,,,,"Kultur und Tradition; sich für Kultur interessieren","Zivilisation; Brauchtum",,,Goethe-Zertifikat A2 Wortliste,,,reviewed
339,word,kündigen,to terminate an employment or rental contract,to quit / terminate / resign,Ich habe heute gekündigt.,I handed in my notice today.,A2,verb,4,high,Work,housing,and legal contractual verb,lexicographer,2026-09-10,880,standard,,"work;housing",administration,,,,FALSE,FALSE,haben,kündigt,kündigte,gekündigt,"jemandem kündigen; Vertrag/Stelle kündigen","den Job kündigen; Wohnung kündigen","auflösen; beenden",,,reviewed
340,word,Kunst,expression of human creative skill and imagination,art,Kunst war mein Lieblingsfach in der Schule.,Art was my favorite subject at school.,A2,noun,5,very high,Culture,creative arts,and school subject,lexicographer,2026-09-10,410,standard,,"culture;school",arts,feminine,Künste,Kunst,,,,,"moderne Kunst; Kunst studieren","Bildende Kunst; Kunstwerk",,,Goethe-Zertifikat A2 Wortliste,,,reviewed
341,word,Kunsterziehung,pedagogical visual art instruction at school,art education / art class,Freitags haben wir Kunsterziehung.,On Fridays we have art education.,A2,noun,3,medium,School arts curriculum noun,lexicographer,2026-09-10,2450,standard,,"school;art",education,feminine,-,Kunsterziehung,,,,,Unterricht in Kunsterziehung,"Kunstunterricht; Kunst",,,Goethe-Zertifikat A2 Wortliste,,,,,reviewed
342,word,Künstler,person who creates works of fine art,artist,Picasso ist ein berühmter Künstler.,Picasso is a famous artist.,A2,noun,4,high,Creative fine arts,music,and painting professions noun,lexicographer,2026-09-10,650,standard,,"art;culture",professions,masculine,Künstler,Künstlers,,,,,"freischaffender Künstler; Maler und Künstler","Kulturschaffender; Meister",Künstlerin,,Goethe-Zertifikat A2 Wortliste,,,reviewed
343,word,Künstlerin,female creator of works of fine art,artist (female),Sie ist eine talentierte Künstlerin.,She is a talented artist.,A2,noun,4,high,Creative fine arts and culture professions noun,lexicographer,2026-09-10,950,standard,,"art;culture",professions,feminine,Künstlerinnen,Künstlerin,,,,,"Werke der Künstlerin; Ausstellung der Künstlerin","Malerin; Bildhauerin",Künstler,,Goethe-Zertifikat A2 Wortliste,,,,,reviewed
344,word,Lampe,device producing artificial light,lamp / light,Mach bitte die Lampe an.,Please turn on the lamp.,A2,noun,4,high,Domestic furnishings and lighting noun,lexicographer,2026-09-10,1210,standard,,housing,appliances,feminine,Lampen,Lampe,,,,,"Lampe anmachen; Lampe ausmachen","Leuchte; Scheinwerfer",,,Goethe-Zertifikat A2 Wortliste,,,,,reviewed
345,word,Landschaft,visible natural features of an area of land,landscape / countryside,Die Landschaft ist sehr schön.,The landscape is very beautiful.,A2,noun,4,high,Nature,tourism,and environment noun,lexicographer,2026-09-10,950,standard,,nature,geography,feminine,Landschaften,Landschaft,,,,,"schöne Landschaft; Landschaft genießen","Naturkulisse; Gegend",,,Goethe-Zertifikat A2 Wortliste,,,reviewed
346,word,langweilig,causing weariness or lack of interest,boring / dull,Mir ist langweilig.,I am bored.,A2,adjective,4,high,Subjective experience evaluation adjective,lexicographer,2026-09-10,1320,standard,,general,evaluation,,,,,,,,predicative/attributive,"langweiliger Film; langweilig finden","öde; eintönig","spannend; aufregend; interessant","spannend; aufregend; interessant",Goethe-Zertifikat A2 Wortliste,,,,reviewed
347,word,Laptop,portable microcomputer suitable for lap use,laptop,Ich brauche einen neuen Laptop.,I need a new laptop.,A2,noun,4,high,Computing and workplace device noun,lexicographer,2026-09-10,1180,standard,,technology,devices,masculine/neuter,Laptops,Laptops,,,,,"neuer Laptop; am Laptop arbeiten","Notebook; tragbarer Rechner",,,Goethe-Zertifikat A2 Wortliste,,,,,reviewed
348,word,lassen,to permit,leave behind,"or refrain from action, to let / leave / allow, Lass mich in Ruhe!",Leave me alone!,A2,verb,5,very high,Core modal and causative auxiliary verb,lexicographer,2026-09-10,55,standard,,general,action,,,,FALSE,FALSE,haben,lässt,ließ,gelassen,"jemanden/etwas lassen; Infinitiv + lassen","stehen lassen; in Ruhe lassen; allein lassen","erlauben; zurücklassen",zwingen,,,,reviewed
349,word,Latein,classical Indo-European language of ancient Rome,Latin,In der Schule lerne ich Latein.,At school I am learning Latin.,A2,noun,4,high,Classical languages and school subjects noun,lexicographer,2026-09-10,1180,standard,,"school;linguistics",language,neuter,-,Lateins,,,,"Latein lernen; Wörterbuch für Latein",lateinische Sprache,,,Goethe-Zertifikat A2 Wortliste,,,,,,reviewed
350,word,leer,containing nothing / unoccupied,empty,Die Kanne ist fast leer.,The pot is almost empty.,A2,adjective,4,high,Capacity and occupancy adjective,lexicographer,2026-09-10,790,standard,,general,capacity,,,,,,,,predicative/attributive,"leere Flasche; fast leer sein","ausgetrunken; unbesetzt","voll; gefüllt","voll; gefüllt",Goethe-Zertifikat A2 Wortliste,,,,reviewed
351,phrase,leidtun,to cause sorrow,sympathy,"or regret, to be sorry, Es tut mir leid, dass ich nicht kommen kann.",I am sorry that I cannot come.,A2,phrase,5,very high,Core formula of apology and empathy,lexicographer,2026-09-10,380,standard,,social,apology,,,,,,,,Prädikatsausdruck mit Dativ,"jemandem leid tun; tut mir leid","bedauern; bekümmern",,,Goethe-Zertifikat A2 Wortliste,,,,reviewed
352,word,leihen,to grant temporary possession or borrow,to lend / borrow,Kannst du mir fünf Euro leihen?,Can you lend me five euros?,A2,verb,4,high,Financial and material loan verb,lexicographer,2026-09-10,1250,standard,,"finances;social",transactions,,,,FALSE,FALSE,haben,leiht,lieh,geliehen,"jemandem etwas leihen; sich etwas von + Dat. leihen","Geld leihen; ein Buch leihen","borgen; verleihen","behalten; schenken",,,,reviewed
353,word,Lieblings-,prefix expressing principal positive preference,favorite,Meine Lieblingsfarbe ist Blau.,My favorite color is blue.,A2,affix,5,very high,Productive nominal compounding prefix,lexicographer,2026-09-10,510,standard,,general,preference,,,,,,,,Wortbildungselement,"Lieblingsband; Lieblingsgericht; Lieblingstier","bevorzugt; favorisiert",,,Goethe-Zertifikat A2 Wortliste,,,,reviewed
354,word,liefern,to transport and hand over purchased goods,to deliver,Wir liefern Ihnen den Schrank nach Hause.,We deliver the cabinet to your home.,A2,verb,4,high,Retail commerce,postal,and logistics verb,lexicographer,2026-09-10,850,standard,,commerce,logistics,,,,FALSE,FALSE,haben,liefert,lieferte,geliefert,"jemandem etwas liefern; nach Hause liefern","Waren liefern; frei Haus liefern","zustellen; anliefern",,,reviewed
355,word,lila,having a pale purple or violet color,purple / lilac,Sie trägt ein lila Kleid.,She is wearing a purple dress.,A2,adjective,3,medium,Color spectrum and fashion attire adjective,lexicographer,2026-09-10,2100,standard,,general,colors,,,,,,,,predicative/attributive,"lila Pullover; helles Lila","violett; purpur",,,Goethe-Zertifikat A2 Wortliste,,,,reviewed
356,word,Link,electronic hyperlinked reference on internet,link / hyperlink,Ich schicke dir einen Link zu Deutschübungen.,I will send you a link to German exercises.,A2,noun,4,high,Digital internet and software noun,lexicographer,2026-09-10,1280,standard,,internet,technology,masculine,Links,Links,,,,,"auf den Link klicken; Link schicken","Hyperlink; Verknüpfung",,,Goethe-Zertifikat A2 Wortliste,,,,,reviewed
357,word,Löffel,utensil consisting of a small shallow bowl on handle,spoon,Bitte bringen Sie mir einen Löffel.,Please bring me a spoon.,A2,noun,4,high,Dining utensils and kitchenware noun,lexicographer,2026-09-10,1850,standard,,food,cutlery,masculine,Löffel,Löffels,,,,,"einen Löffel Suppe; Teelöffel; Esslöffel",Besteckteil,,"Gabel; Messer",Goethe-Zertifikat A2 Wortliste,,,,,reviewed
358,word,Lüge,intentionally false statement presented as truth,lie,Das stimmt nicht! Das ist eine Lüge!,That is not true! That is a lie!,A2,noun,3,medium,Moral communication and truth noun,lexicographer,2026-09-10,2100,standard,,social,morals,feminine,Lügen,Lüge,,,,,"eine Lüge erzählen; das ist eine Lüge","Unwahrheit; Schwindel",Wahrheit,Wahrheit,Goethe-Zertifikat A2 Wortliste,,,,,reviewed
359,word,lügen,to knowingly utter an untruth,to lie (tell lies),"Glaub ihm nicht, er lügt., Don't believe him",he is lying.,A2,verb,3,medium,Moral communication and truth verb,lexicographer,2026-09-10,1950,standard,,social,morals,,,,FALSE,FALSE,haben,lügt,log,gelogen,"lügen; nicht lügen",die Unwahrheit sagen,die Wahrheit sagen,,Goethe-Zertifikat A2 Wortliste,,,reviewed
360,word,Lust,desire,enthusiasm,"or inclination for something, desire / inclination / feel like, Gehen wir ins Kino? Nein, ich habe keine Lust., Shall we go to the cinema? No",I don't feel like it.,A2,noun,5,very high,Emotional inclination and motivation noun,lexicographer,2026-09-10,480,standard,,psychology,feelings,feminine,-,Lust,,,,,"Lust haben auf + Akk.; keine Lust haben zu + Inf.","Freude; Neigung; Behagen","Unlust; Abneigung",lust,Goethe-Zertifikat A2 Wortliste,,,,,reviewed
361,word,Luxemburg,grand duchy and country in Western Europe,Luxembourg,Er wohnt in Luxemburg.,He lives in Luxembourg.,A2,noun,4,high,European sovereign state and capital city noun,lexicographer,2026-09-10,950,standard,,geography,country,neuter,-,Luxemburgs,,,,"nach Luxemburg fahren; Großherzogtum Luxemburg",Großherzogtum,,,Goethe-Zertifikat A2 Wortliste,,,,,,reviewed
362,word,Luxemburger,male citizen or native of Luxembourg,Luxembourger (male),Er ist Luxemburger.,He is a Luxembourger.,A2,noun,3,medium,National demographics noun,lexicographer,2026-09-10,2400,standard,,"society;geography",nationality,masculine,Luxemburger,Luxemburgers,,,,,Bürger von Luxemburg,Staatsbürger Luxemburgs,Luxemburgerin,,Goethe-Zertifikat A2 Wortliste,,,,,reviewed
363,word,Luxemburgerin,female citizen or native of Luxembourg,Luxembourger (female),Sie ist Luxemburgerin.,She is a woman from Luxembourg.,A2,noun,3,medium,National demographics noun,lexicographer,2026-09-10,2850,standard,,"society;geography",nationality,feminine,Luxemburgerinnen,Luxemburgerin,,,,,Staatsbürgerin Luxemburgs,Luxemburgerin,Luxemburger,,Goethe-Zertifikat A2 Wortliste,,,,,reviewed
364,word,luxemburgisch,relating to Luxembourg or its people,Luxembourgish,Er spricht fließend Luxemburgisch.,He speaks Luxembourgish fluently.,A2,adjective,3,medium,Nationality,geography,and language adjective,lexicographer,2026-09-10,2100,standard,,"linguistics;geography",nationality,,,,,,,,predicative/attributive,"luxemburgische Sprache; luxemburgische Banken",aus Luxemburg,,,,,reviewed
365,word,Magen,muscular digestive organ,stomach,Mein Magen tut weh.,My stomach hurts.,A2,noun,4,high,Anatomy and health noun,lexicographer,2026-09-10,1350,standard,,body,health,masculine,Mägen,Magens,,,,"Magenschmerzen haben; voller Magen","Bauch; Verdauungsorgan",,,Goethe-Zertifikat A2 Wortliste,,,,,,reviewed
366,word,Mailbox,voice mail storage system or email inbox,voicemail / mailbox,Hier ist die Mailbox von Susanne König.,This is the voicemail of Susanne König.,A2,noun,3,medium,Telecommunication and mobile noun,lexicographer,2026-09-10,2400,standard,,communication,technology,feminine,Mailboxen,Mailbox,,,,,"auf die Mailbox sprechen; Mailbox abhören","Anrufbeantworter; Voicemail",,,Goethe-Zertifikat A2 Wortliste,,,,,reviewed
367,word,mal,marker of casual utterance or single occurrence,once / time,"Sag mal, wie gefällt dir mein neues Kleid?, Tell me",how do you like my new dress?,A2,particle,5,very high,Discourse particle and count noun,lexicographer,2026-09-10,40,standard,,communication,particle,,,,,,,,Modalpartikel / Zeitadverb,"sag mal; hör mal; das erste Mal; bis zum nächsten Mal",einmal,,,Goethe-Zertifikat A2 Wortliste,,,,reviewed
368,word,malen,to apply colors or create pictures with paint,to paint / draw,Mein Sohn kann gut malen.,My son can paint well.,A2,verb,4,high,Creative arts and hobbies verb,lexicographer,2026-09-10,1180,standard,,art,leisure,,,,FALSE,FALSE,haben,malt,malte,gemalt,"etwas malen; mit Farben malen","Bilder malen; ein Bild malen","zeichnen; pinseln",,,,,reviewed
369,word,Mama,familiar affectionate term for mother,mom / mum,"Mama, wo ist meine Tasche?, Mom",where is my bag?,A2,noun,5,very high,Informal family nuclear kinship noun,lexicographer,2026-09-10,480,informal,,family,relationships,feminine,Mamas,Mama,,,,,"liebe Mama; Mama fragen","Mutter; Mami","Papa; Kind",,Goethe-Zertifikat A2 Wortliste,,,,,reviewed
370,word,manch-,referring to an unspecified minority of entities,some / many a,Manche Nachbarn sind unfreundlich.,Some neighbours are unfriendly.,A2,pronoun,4,high,Indefinite selective determiner/pronoun,lexicographer,2026-09-10,310,standard,,general,determiner,,,,,,,,Determinativ / Indefinitpronomen,"manche Leute; manches Mal","einige; etliche","alle; keine",,Goethe-Zertifikat A2 Wortliste,,,,reviewed
371,word,manchmal,at occasional intervals or on occasion,sometimes,Manchmal essen wir im Restaurant.,Sometimes we eat at a restaurant.,A2,adverb,5,very high,Core temporal frequency adverb,lexicographer,2026-09-10,280,standard,,time,frequency,,,,,,,,Frequenzadverb,"manchmal ja; nur manchmal","ab und zu; gelegentlich","immer; nie","immer; nie",Goethe-Zertifikat A2 Wortliste,,,,reviewed
372,word,Mannschaft,organized group of players in sports,team,Meine Lieblingsmannschaft hat 1:0 verloren.,My favorite team lost 1-0.,A2,noun,4,high,Sports competitions noun,lexicographer,2026-09-10,780,standard,,sports,team,feminine,Mannschaften,Mannschaft,,,,,"in der Mannschaft spielen; Fußballmannschaft","Team; Equipe",,,Goethe-Zertifikat A2 Wortliste,,,,,reviewed
373,word,Mantel,long outer garment worn over clothes,coat / overcoat,Zieh deinen Mantel an!,Put on your coat!,A2,noun,4,high,Clothing and weather outerwear noun,lexicographer,2026-09-10,1180,standard,,clothing,attire,masculine,Mäntel,Mantels,,,,"den Mantel anziehen; warmer Mantel",Wintermantel,,,Goethe-Zertifikat A2 Wortliste,,,,,,reviewed
374,word,markieren,to highlight or mark an answer choice,to mark / highlight,Markieren Sie die richtige Lösung!,Mark the correct solution!,A2,verb,4,high,Exam instructions and reading technique verb,lexicographer,2026-09-10,1180,standard,,education,exams,,,,FALSE,FALSE,haben,markiert,markierte,markiert,etwas auf + Dat. markieren,"auf dem Antwortbogen markieren; Text markieren","kennzeichnen; anstreichen",,,,,reviewed
375,word,Markt,public square or open event for buying goods,market,Ich gehe heute auf den Markt.,I am going to the market today.,A2,noun,5,very high,Urban shopping and groceries noun,lexicographer,2026-09-10,380,standard,,shopping,market,masculine,Märkte,Markts,Marktes,,,,"auf den Markt gehen; auf dem Markt kaufen; Wochenmarkt","Marktplatz; Handelsplatz",,,Goethe-Zertifikat A2 Wortliste,,,,,reviewed
376,word,Mathematik,science of numbers,shapes,"and patterns, mathematics / maths, Mathematik ist mein bestes Fach.",Mathematics is my best subject.,A2,noun,4,high,Core school subject and exact science noun,lexicographer,2026-09-10,950,standard,,"school;math",education,feminine,-,Mathematik,,,,,"Matheaufgabe; Mathematik lernen","Mathe; Zahlenlehre",,,Goethe-Zertifikat A2 Wortliste,,,,,reviewed
377,word,Mechaniker,technician who repairs machinery and vehicles,mechanic,Ich bin Mechaniker von Beruf.,I am a mechanic by profession.,A2,noun,4,high,Automotive and machinery repair professions noun,lexicographer,2026-09-10,1650,standard,,"work;technology",professions,masculine,Mechaniker,Mechanikers,,,,,"Automechaniker; Kfz-Mechaniker","Monteur; Maschinenschlosser",Mechanikerin,,Goethe-Zertifikat A2 Wortliste,,,,,reviewed
378,word,Mechanikerin,female technician repairing machinery/cars,mechanic (female),Sie arbeitet als Mechanikerin in der Werkstatt.,She works as a mechanic in the workshop.,A2,noun,3,medium,Automotive and machinery repair professions noun,lexicographer,2026-09-10,2850,standard,,"work;technology",professions,feminine,Mechanikerinnen,Mechanikerin,,,,,Kfz-Mechanikerin lernen,Monteurin,Mechaniker,,Goethe-Zertifikat A2 Wortliste,,,,,reviewed
379,word,Medikament,substance used for medical cure or alleviation,medication / medicine,Nehmen Sie dieses Medikament dreimal pro Tag!,Take this medication three times per day!,A2,noun,4,high,Healthcare and pharmacy noun,lexicographer,2026-09-10,1150,standard,,health,medicine,neuter,Medikamente,Medikaments,Medikamentes,,,,"Medikament nehmen; Medikament aus der Apotheke","Arzneimittel; Präparat",,,Goethe-Zertifikat A2 Wortliste,,,,,reviewed
380,word,meinen,to express a viewpoint or intend to say,to think / mean / believe,Was meinst du?,What do you think?,A2,verb,5,very high,Opinion and communication verb,lexicographer,2026-09-10,120,standard,,communication,opinion,,,,FALSE,FALSE,haben,meint,meinte,gemeint,"wie meinst du das; etwas meinen","der Meinung sein; glauben; bedeuten",wissen,,Goethe-Zertifikat A2 Wortliste,,,reviewed
381,word,Meinung,view,judgement,"or appraisal of an issue, opinion, Meine Meinung zu dem Thema ist eindeutig.",My opinion on the topic is clear.,A2,noun,4,high,Discourse and debate noun,lexicographer,2026-09-10,510,standard,,communication,opinion,feminine,Meinungen,Meinung,,,,,"seine Meinung sagen; Meinung ändern","Ansicht; Standpunkt; Auffassung",,,Goethe-Zertifikat A2 Wortliste,,,,,reviewed
382,word,meist-,constituting the largest part or number,most / majority of,Die meisten Nachbarn kenne ich noch nicht.,Most neighbours I don't know yet.,A2,pronoun,5,very high,Superlative quantifier/determiner,lexicographer,2026-09-10,95,standard,,general,quantity,,,,,,,,Superlativ zu viel,"die meisten Menschen; die meiste Zeit",der Großteil,die wenigsten,,Goethe-Zertifikat A2 Wortliste,,,,reviewed
383,word,meistens,on almost all occasions or predominantly,mostly / usually,Meistens trinke ich zum Frühstück nur einen Kaffee.,Usually I only drink a coffee for breakfast.,A2,adverb,4,high,Core temporal habituality adverb,lexicographer,2026-09-10,450,standard,,time,frequency,,,,,,,,Frequenzadverb,"meistens so; meistens morgens","gewöhnlich; im Allgemeinen",selten,"selten; nie",Goethe-Zertifikat A2 Wortliste,,,,reviewed
384,word,Menge,large indefinite number or quantity of things,quantity / lot / crowd,Wir haben noch eine Menge Zeit.,We still have a whole lot of time.,A2,noun,4,high,Quantification noun,lexicographer,2026-09-10,680,standard,,general,quantity,feminine,Mengen,Menge,,,,,"eine Menge Leute; eine Menge Geld; große Menge","Vielzahl; Masse; Unmenge","Wenig; Einzelfall",Wenig,Goethe-Zertifikat A2 Wortliste,,,,,reviewed
385,word,merken,to perceive,notice,"or retain in memory, to notice / remember (reflexive), Ich kann mir keine Zahlen merken.",I can't remember numbers.,A2,verb,4,high,Perception and cognitive retention verb,lexicographer,2026-09-10,480,standard,,cognition,memory,,,,optional,FALSE,haben,merkt,merkte,gemerkt,"sich (Dat.) etwas merken; merken",dass,"sofort merken; sich den Termin merken","bemerken; behalten; einprägen","übersehen; vergessen",,,reviewed
386,word,Messe,large industrial exhibition or trade fair,trade fair / exhibition,Kommst du mit zur Buchmesse nach Frankfurt?,Are you coming along to the book fair in Frankfurt?,A2,noun,4,high,Commerce and industry gathering noun,lexicographer,2026-09-10,1150,standard,,"work;commerce",events,feminine,Messen,Messe,,,,,"auf die Messe gehen; Frankfurter Buchmesse","Gewerbeschau; Ausstellung",,,Goethe-Zertifikat A2 Wortliste,,,,,reviewed
387,word,Messer,cutting instrument with a sharpened blade,knife,Das Messer schneidet nicht gut.,The knife does not cut well.,A2,noun,4,high,Cutlery and dining utensil noun,lexicographer,2026-09-10,1180,standard,,food,cutlery,neuter,Messer,Messers,,,,,"Messer und Gabel; scharfes Messer",Schneidewerkzeug,,Gabel,Goethe-Zertifikat A2 Wortliste,,,,,reviewed
388,word,mindestens,not less than or at the lowest estimate,at least,Schreiben Sie mindestens sieben Sätze!,Write at least seven sentences!,A2,adverb,4,high,Numerical boundary and threshold adverb,lexicographer,2026-09-10,480,standard,,general,quantity,,,,,,,,Gradadverb,"mindestens zwei Stunden; mindestens einmal","wenigstens; minimal","höchstens; maximal","höchstens; maximal",Goethe-Zertifikat A2 Wortliste,,,,reviewed
389,word,Mineralwasser,naturally carbonated or mineral-rich bottled water,mineral water,"Ein Glas Mineralwasser, bitte., A glass of mineral water",please.,A2,noun,4,high,Beverages and restaurant ordering noun,lexicographer,2026-09-10,1850,standard,,food,beverages,neuter,-,Mineralwassers,,,,"eine Flasche Mineralwasser; stilles Mineralwasser","Sprudel; Wasser",,,Goethe-Zertifikat A2 Wortliste,,,,,,reviewed
390,word,Mitarbeiter,person employed within an enterprise or institution,employee / staff member / co-worker,Unsere Firma hat sieben Mitarbeiter.,Our company has seven employees.,A2,noun,4,high,Workplace demographics and staffing noun,lexicographer,2026-09-10,480,standard,,work,people,masculine,Mitarbeiter,Mitarbeiters,,,,,"Mitarbeiter einstellen; feste Mitarbeiter","Angestellter; Kollege; Beschäftigter","Chef; Vorgesetzter","Chef; Arbeitgeber",Goethe-Zertifikat A2 Wortliste,,,,,reviewed
391,word,mitspielen,to take part in a game or musical performance,to play along / join in,Warum spielt ihr nicht mit?,Why aren't you playing along?,A2,verb,4,high,Games,sports,and recreation verb,lexicographer,2026-09-10,1450,standard,,"sports;games",participation,,,,FALSE,TRUE,haben,spielt mit,spielte mit,mitgespielt,bei + Dat. mitspielen,"beim Fußball mitspielen; im Konzert mitspielen","teilnehmen; mitwirken",,,reviewed
392,word,Mittagessen,meal consumed during the middle of the day,lunch,Um zwölf Uhr gibt es Mittagessen.,At twelve o'clock there is lunch.,A2,noun,4,high,Daily food routines and meals noun,lexicographer,2026-09-10,1450,standard,,food,meals,neuter,-,Mittagessens,,,,"Mittagessen kochen; warmes Mittagessen","Mittagsmahl; Lunch","Abendessen; Frühstück",,Goethe-Zertifikat A2 Wortliste,,,,,,reviewed
393,word,mittags,around noon as a daily habit,at noon / at midday,Mittags esse ich oft Salat.,At noon I often eat salad.,A2,adverb,4,high,Temporal recurring lunch-hour adverb,lexicographer,2026-09-10,680,standard,,time,frequency,,,,,,,,temporales Adverb,"mittags kochen; mittags Pause machen","am Mittag; um die Mittagszeit",mitternachts,,Goethe-Zertifikat A2 Wortliste,,,,reviewed
394,word,Mittel,substance,method,"or funds applied to achieve an end, remedy / means / agent, Haben Sie ein Mittel gegen Magenschmerzen?",Do you have a remedy for stomach pain?,A2,noun,4,high,Health remedies,detergents,and finances noun,lexicographer,2026-09-10,380,standard,,"health;household",medicine,neuter,Mittel,Mittels,,,,,"Mittel gegen Grippe; Waschmittel; finanzielle Mittel","Medikament; Hilfsmittel",,,Goethe-Zertifikat A2 Wortliste,,,reviewed
395,word,Mitternacht,twelve o'clock at night / middle of the night,midnight,Der Zug kommt um Mitternacht an.,The train arrives at midnight.,A2,noun,4,high,Clock time and night milestone noun,lexicographer,2026-09-10,1180,standard,,time,clock,feminine,-,Mitternacht,,,,,"um Mitternacht; vor Mitternacht","24:00 Uhr; Geisterstunde",Mittag,,Goethe-Zertifikat A2 Wortliste,,,,,reviewed
396,word,mittwochs,on Wednesdays as a recurring occurrence,on Wednesdays,Mittwochs esse ich bei meinen Eltern.,On Wednesdays I eat with my parents.,A2,adverb,4,high,Weekly recurring schedule adverb,lexicographer,2026-09-10,980,standard,,time,frequency,,,,,,,,temporales Adverb,"jeden Mittwoch; mittwochs abends",am Mittwoch,,,Goethe-Zertifikat A2 Wortliste,,,,reviewed
397,word,Mobiltelefon,handheld wireless telephone,cellular phone / mobile phone,Haben Sie ein Mobiltelefon?,Do you have a mobile phone?,A2,noun,3,medium,Official and formal telecommunication noun,lexicographer,2026-09-10,2850,standard,,communication,technology,neuter,Mobiltelefone,Mobiltelefons,Mobiltelefones,,,,Nummer des Mobiltelefons,"Handy; Smartphone",,,Goethe-Zertifikat A2 Wortliste,,,,,reviewed
398,word,Mode,popular prevailing style in clothing and attire,fashion,Wie findest du die neue Mode?,What do you think of the new fashion?,A2,noun,4,high,Clothing,trends,and lifestyle noun,lexicographer,2026-09-10,810,standard,,clothing,lifestyle,feminine,Moden,Mode,,,,,"aktuelle Mode; Blog über Mode","Trend; Modewelt",,,Goethe-Zertifikat A2 Wortliste,,,reviewed
399,word,Model,person employed to display fashion clothing,model (fashion),Sie arbeitet als Model in Paris.,She works as a model in Paris.,A2,noun,4,high,Fashion industry and advertising professions noun,lexicographer,2026-09-10,1320,standard,,"clothing;media",professions,neuter/masculine,Models,Models,,,,"Fotomodel; als Model arbeiten","Mannequin; Fotomodell",,,Goethe-Zertifikat A2 Wortliste,,,,,,reviewed
400,word,modern,conforming to present-day contemporary style,modern / contemporary,Das Stadtzentrum von Frankfurt ist sehr modern.,The city center of Frankfurt is very modern.,A2,adjective,4,high,Aesthetic and architecture adjective,lexicographer,2026-09-10,480,standard,,"general;housing",style,,,,,,,,predicative/attributive,"moderne Kunst; moderne Wohnung","zeitgemäß; neuzeitlich","altmodisch; antik","altmodisch; antik",Goethe-Zertifikat A2 Wortliste,,,,reviewed
401,word,Monat,one of the twelve divisions of a year,month,Nächsten Monat ziehen wir um.,Next month we are moving.,A2,noun,5,very high,Core calendar period and rent cycle noun,lexicographer,2026-09-10,120,standard,,time,calendar,masculine,Monate,Monates,Monats,,,,"in einem Monat; jeden Monat; Monatsende","Kalendermonat; vier Wochen",,,Goethe-Zertifikat A2 Wortliste,,,,,reviewed
402,word,montags,on Mondays as a recurring routine,on Mondays,Montags ist unser Büro geschlossen.,On Mondays our office is closed.,A2,adverb,4,high,Weekly recurring schedule adverb,lexicographer,2026-09-10,950,standard,,time,frequency,,,,,,,,temporales Adverb,"jeden Montag; immer montags",am Montag,,,Goethe-Zertifikat A2 Wortliste,,,,reviewed
403,word,morgens,on mornings as a general habit or recurrence,in the morning / mornings,Morgens trinke ich immer Kaffee.,In the morning I always drink coffee.,A2,adverb,5,very high,Temporal recurring morning routine adverb,lexicographer,2026-09-10,450,standard,,time,frequency,,,,,,,,temporales Adverb,"morgens früh; morgens um acht","am Morgen; früh",abends,,Goethe-Zertifikat A2 Wortliste,,,,reviewed
404,word,Motor,machine supplying motive power for a vehicle,engine / motor,Der Motor ist kaputt.,The engine is broken.,A2,noun,4,high,Vehicles and machinery noun,lexicographer,2026-09-10,1180,standard,,"transport;technology",vehicles,masculine,Motoren,Motors,,,,"den Motor reparieren; Motor anlassen","Antrieb; Triebwerk",,,Goethe-Zertifikat A2 Wortliste,,,,,,reviewed
405,word,Motorroller,light motorcycle with low step-through frame,scooter / motor scooter,Oskar fährt mit dem Motorroller zur Arbeit.,Oskar drives to work by motor scooter.,A2,noun,3,medium,Urban transport vehicle noun,lexicographer,2026-09-10,2950,standard,,transport,vehicles,masculine,Motorroller,Motorrollers,,,,,"mit dem Motorroller fahren; Roller fahren","Roller; Scooter",,,Goethe-Zertifikat A2 Wortliste,,,,,reviewed
406,word,Müll,discarded waste material or trash,rubbish / trash / garbage,Bringst du bitte den Müll raus?,Will you please take out the trash?,A2,noun,4,high,Domestic waste disposal noun,lexicographer,2026-09-10,1320,standard,,household,waste,masculine,-,Mülls,Mülles,,,,"den Müll rausbringen; in den Müll werfen","Abfall; Kehricht",,,Goethe-Zertifikat A2 Wortliste,,,,,reviewed
407,word,Museum,building where artistic/historical items are displayed,museum,Im Kunstmuseum gibt es eine neue Ausstellung.,In the art museum there is a new exhibition.,A2,noun,4,high,Culture,tourism,and exhibitions noun,lexicographer,2026-09-10,720,standard,,culture,buildings,neuter,Museen,Museums,,,,,"ins Museum gehen; Ausstellung im Museum","Galerie; Schauhaus",,,Goethe-Zertifikat A2 Wortliste,,,reviewed
408,word,Musik,art of combining vocal or instrumental sounds,music,Spanische Musik gefällt mir gut.,I like Spanish music.,A2,noun,5,very high,Core arts and leisure noun,lexicographer,2026-09-10,280,standard,,music,culture,feminine,-,Musik,,,,,"Musik hören; Musik machen; laute Musik","Tonkunst; Klänge",,,Goethe-Zertifikat A2 Wortliste,,,,,reviewed
409,word,Musik,instruction in musical notation,theory,"and singing, music (school subject), Wir singen heute im Musikunterricht.",We are singing in music class today.,A2,noun,5,very high,Core school subject and creative arts noun,lexicographer,2026-09-10,240,standard,,"school;music",education,feminine,-,Musik,,,,,"Unterricht in Musik; Musiklehrer",Musiklehre,,,Goethe-Zertifikat A2 Wortliste,,,,,reviewed
410,word,Musiker,person who plays a musical instrument or composes,musician,Anton ist ein begabter Musiker.,Anton is a gifted musician.,A2,noun,4,high,Music performance and arts professions noun,lexicographer,2026-09-10,780,standard,,"music;art",professions,masculine,Musiker,Musiks,Musikers,,,,"professioneller Musiker; Musiker in einer Band","Instrumentalist; Tonkünstler",Musikerin,,Goethe-Zertifikat A2 Wortliste,,,,,reviewed
411,word,Musikerin,female person playing music professionally,musician (female),Sie ist Musikerin im Orchester.,She is a musician in the orchestra.,A2,noun,4,high,Music performance and arts professions noun,lexicographer,2026-09-10,1180,standard,,"music;art",professions,feminine,Musikerinnen,Musikerin,,,,,berühmte Musikerin,"Instrumentalistin; Künstlerin",Musiker,,Goethe-Zertifikat A2 Wortliste,,,,,reviewed
412,word,Mütze,close-fitting brimless knitted head covering,beanie / cap,Haben Sie rote Mützen?,Do you have red caps?,A2,noun,3,medium,Clothing and cold-weather attire noun,lexicographer,2026-09-10,2250,standard,,clothing,attire,feminine,Mützen,Mütze,,,,,"warme Mütze; Mütze aufsetzen","Kappe; Haube",Hut,,Goethe-Zertifikat A2 Wortliste,,,,,reviewed
413,word,nach Hause,in the direction of one's domestic residence,home / homewards,Ich gehe jetzt nach Hause.,I am going home now.,A2,phrase,5,very high,Core domestic directional phrase,lexicographer,2026-09-10,95,standard,,housing,directions,,,,,,,,Direktionalphrase,"nach Hause gehen; nach Hause fahren; zurück nach Hause","heim; heimwärts",von zu Hause,,Goethe-Zertifikat A2 Wortliste,,,,reviewed
414,word,Nachbar,person living next door or nearby,neighbour,Mein Nachbar kommt aus Brasilien.,My neighbour comes from Brazil.,A2,noun,4,high,Housing,community,and social noun,lexicographer,2026-09-10,750,standard,,housing,people,masculine,Nachbarn,Nachbarn,,,,"die neuen Nachbarn; mit den Nachbarn sprechen","Anwohner; Nebenmann",,,Goethe-Zertifikat A2 Wortliste,,,,reviewed
415,word,Nachbarin,female person living adjacent or nearby,neighbour (female),Meine Nachbarin ist Italienerin.,My female neighbour is Italian.,A2,noun,4,high,Housing,community,and social noun,lexicographer,2026-09-10,1180,standard,,housing,people,feminine,Nachbarinnen,Nachbarin,,,,,"die Nachbarin grüßen; nette Nachbarin",Anwohnerin,,,Goethe-Zertifikat A2 Wortliste,,,reviewed
416,word,nachmittags,during afternoons as a recurring habit,in the afternoon / afternoons,Nachmittags spiele ich oft Tennis.,In the afternoon I often play tennis.,A2,adverb,4,high,Temporal recurring leisure/work adverb,lexicographer,2026-09-10,610,standard,,time,frequency,,,,,,,,temporales Adverb,"nachmittags frei; jeden Nachmittag",am Nachmittag,vormittags,,Goethe-Zertifikat A2 Wortliste,,,,reviewed
417,word,Nachricht,piece of information or broadcast report,message / news,Ich schreibe dir später eine Nachricht.,I will write you a message later.,A2,noun,5,very high,Media broadcast and personal texting noun,lexicographer,2026-09-10,480,standard,,"communication;media",news,feminine,Nachrichten,Nachricht,,,,,"Nachrichten im Fernsehen; eine Nachricht schreiben","Mitteilung; Neuigkeit; Info",,,Goethe-Zertifikat A2 Wortliste,,,,,reviewed
418,word,nächste-,coming immediately after in order or time,next,Sehen wir uns nächste Woche?,Will we see each other next week?,A2,adjective,5,very high,Sequence and temporal future adjective,lexicographer,2026-09-10,85,standard,,time,sequence,,,,,,,,nur attributiv,"nächste Woche; nächster Termin; bis nächstes Mal","folgende; kommende","vorherige; letzte",,Goethe-Zertifikat A2 Wortliste,,,,reviewed
419,word,nachts,during the night as a regular occurrence,at night / by night,Nachts ist es hier sehr ruhig.,At night it is very quiet here.,A2,adverb,4,high,Temporal recurring nocturnal adverb,lexicographer,2026-09-10,510,standard,,time,frequency,,,,,,,,temporales Adverb,"mitten in der Nacht; nachts schlafen","in der Nacht; nächtlich",tagsüber,,Goethe-Zertifikat A2 Wortliste,,,,reviewed
420,word,Nähe,short spatial or emotional distance,proximity / vicinity,Die Post ist in der Nähe vom Bahnhof.,The post office is near the train station.,A2,noun,4,high,Spatial orientation noun,lexicographer,2026-09-10,480,standard,,directions,space,feminine,-,Nähe,,,,,"in der Nähe von; ganz in der Nähe","Nachbarschaft; Umkreis","Ferne; Weite","Ferne; Weite",Goethe-Zertifikat A2 Wortliste,,,,,reviewed
421,word,nass,covered or soaked with water or moisture,wet,Du bist ja ganz nass.,You are completely wet.,A2,adjective,4,high,Moisture and weather adjective,lexicographer,2026-09-10,920,standard,,"nature;weather",condition,,,,,,,,predicative/attributive,"nasse Schuhe; nass werden","feucht; durchnässt",trocken,trocken,Goethe-Zertifikat A2 Wortliste,,,,reviewed
422,word,Natur,physical world collectively including plants and animals,nature,Ich bin gern draußen in der Natur.,I like being outside in nature.,A2,noun,4,high,Environment and outdoors noun,lexicographer,2026-09-10,480,standard,,nature,environment,feminine,-,Natur,,,,,"in die Natur gehen; Schutz der Natur","Umwelt; freie Natur","Kultur; Zivilisation","Kultur; Kunstwelt",Goethe-Zertifikat A2 Wortliste,,,,,reviewed
423,word,natürlich,as expected / unaffected / of nature,naturally / of course / natural,Natürlich helfen wir dir.,Of course we will help you.,A2,adverb,5,very high,Discourse affirmation and naturalness adverb/adjective,lexicographer,2026-09-10,180,standard,,communication,affirmation,,,,,,,,Satzadverb / Adjektiv,"aber natürlich; ganz natürlich","selbstverständlich; gewiss","keineswegs; künstlich",,Goethe-Zertifikat A2 Wortliste,,,,reviewed
424,word,neben,immediately adjacent to,next to / beside,Die Apotheke ist neben der Post.,The pharmacy is next to the post office.,A2,preposition,5,very high,Core two-way spatial proximity preposition,lexicographer,2026-09-10,95,standard,,directions,preposition,,,,,,,,,neben + Dat. (statisch) / neben + Akk. (dynamisch),"neben mir; neben das Haus stellen","nebenan; an der Seite von",weit von,,Goethe-Zertifikat A2 Wortliste,,,reviewed
425,word,nebenan,in the neighboring room or adjacent house,next door,Das ist José. Er wohnt nebenan.,That is José. He lives next door.,A2,adverb,4,high,Housing and spatial neighborliness adverb,lexicographer,2026-09-10,1350,standard,,housing,location,,,,,,,,lokales Adverb,"gleich nebenan; von nebenan","im Nebenzimmer; tür an tür","im Nachbarhaus; anliegend",weit weg,Goethe-Zertifikat A2 Wortliste,,,,reviewed
426,word,neblig,filled with or obscured by atmospheric fog,foggy / misty,Fahr vorsichtig! Es ist neblig.,Drive carefully! It is foggy.,A2,adjective,3,medium,Weather and driving conditions adjective,lexicographer,2026-09-10,2450,standard,,weather,nature,,,,,,,,predicative/attributive,"nebliges Wetter; es ist neblig","dunstig; diesig","klar; sonnig","klar; sonnig",Goethe-Zertifikat A2 Wortliste,,,,reviewed
427,word,nennen,to give a name to or address as,to call / name,Alle nennen ihn Alex.,Everyone calls him Alex.,A2,verb,5,very high,Appellation and naming verb,lexicographer,2026-09-10,280,standard,,communication,naming,,,,FALSE,FALSE,haben,nennt,nannte,genannt,jemanden etwas nennen,"beim Namen nennen; Gründe nennen","rufen; bezeichnen",,,,,reviewed
428,word,nervös,easily agitated,anxious,"or tense, nervous / anxious, Bei Prüfungen bin ich immer sehr nervös.",During exams I am always very nervous.,A2,adjective,4,high,Emotional and psychological tension adjective,lexicographer,2026-09-10,1180,standard,,psychology,feelings,,,,,,,,predicative/attributive,"nervös werden; nervös sein","unruhig; angespannt; zappelig","ruhig; gelassen","ruhig; gelassen",Goethe-Zertifikat A2 Wortliste,,,,reviewed
429,word,nett,pleasant,kind,"and agreeable, nice / kind, Vielen Dank! Das ist sehr nett von dir.",Thank you very much! That is very kind of you.,A2,adjective,5,very high,Interpersonal character and social adjective,lexicographer,2026-09-10,290,standard,,"social;character",politeness,,,,,,,,predicative/attributive,"sehr nett; nette Kollegen; nett von dir","freundlich; liebenswürdig; sympathisch","unfreundlich; gemein","gemein; unfreundlich",Goethe-Zertifikat A2 Wortliste,,,,reviewed
430,word,Neujahr,first calendar day of a new year,New Year's Day,Ein glückliches neues Jahr!,A happy New Year!,A2,noun,4,high,Calendar celebration and greetings noun,lexicographer,2026-09-10,810,standard,,"calendar;social",holidays,neuter,-,Neujahrs,Neujahres,,,,"an Neujahr; Frohes neues Jahr; Neujahrstag","Jahresanfang; Neujahrstag",Silvester,,Goethe-Zertifikat A2 Wortliste,,,,,reviewed
431,word,nichts,not anything / no single thing,nothing,Das macht nichts.,That doesn't matter (literally: makes nothing).,A2,indefinite_pronoun,5,very high,Core negative indefinite pronoun,lexicographer,2026-09-10,65,standard,,grammar,negation,,,,,,,,Indefinitpronomen,"nichts kaufen; gar nichts; fast nichts",kein bisschen,"alles; etwas",,Goethe-Zertifikat A2 Wortliste,,,,reviewed
432,word,niemand,no person / not anyone,nobody / no one,Hier ist niemand.,Nobody is here.,A2,indefinite_pronoun,5,very high,Core negative personal indefinite pronoun,lexicographer,2026-09-10,190,standard,,people,negation,,,,,,,,Indefinitpronomen,"niemand zu Hause; fast niemand","keiner; kein Mensch","jemand; alle",,Goethe-Zertifikat A2 Wortliste,,,,reviewed
433,word,nirgends,in or at no place,nowhere,Hier kann man nirgends parken.,One can park nowhere here.,A2,adverb,3,medium,Core negative spatial location adverb,lexicographer,2026-09-10,1650,standard,,location,space,,,,,,,,lokales Adverb,"nirgends sehen; nirgends finden",nirgendwo,überall,überall,Goethe-Zertifikat A2 Wortliste,,,,reviewed
434,word,Note,academic evaluation grade or musical tone mark,grade / mark / musical note,Eva hat immer sehr gute Noten in Deutsch.,Eva always gets very good grades in German.,A2,noun,4,high,School evaluation and music noun,lexicographer,2026-09-10,880,standard,,"school;music",evaluation,feminine,Noten,Note,,,,,"gute Noten bekommen; Noten in der Schule","Zensur; Bewertung",,,Goethe-Zertifikat A2 Wortliste,,,,,reviewed
435,word,notieren,to record written data or take down words,to note down / write down,Notieren Sie bitte alle wichtigen Informationen.,Please note down all important information.,A2,verb,4,high,Written notes and exam instructions verb,lexicographer,2026-09-10,1350,standard,,"communication;writing",action,,,,FALSE,FALSE,haben,notiert,notierte,notiert,etwas auf + Akk. notieren,"eine Telefonnummer notieren; Stichpunkte notieren","aufschreiben; vermerken","streichen; löschen",,,,reviewed
436,word,Notiz,short written record to assist memory,note / memo,Schreib mir bitte eine Notiz.,Please write me a note.,A2,noun,4,high,Brief message and memory record noun,lexicographer,2026-09-10,1250,standard,,communication,writing,feminine,Notizen,Notiz,,,,,"Notiz schreiben; Notizzettel","Aufzeichnung; Vermerk",,,Goethe-Zertifikat A2 Wortliste,,,,,reviewed
437,word,notwendig,essential to achieve a certain purpose,necessary,"Muss ich noch einmal kommen? - Nein, das ist nicht notwendig., Do I have to come once more? - No",that is not necessary.,A2,adjective,4,high,Essential requirement and logical adjective,lexicographer,2026-09-10,680,standard,,general,necessity,,,,,,,,predicative/attributive,"dringend notwendig; nicht notwendig sein","erforderlich; unumgänglich","überflüssig; unnötig","überflüssig; unnötig",Goethe-Zertifikat A2 Wortliste,,,,reviewed
438,word,Nudel,pasta product formed of unleavened dough,noodle / pasta,Möchten Sie lieber Reis oder Nudeln?,Would you prefer rice or noodles?,A2,noun,4,high,Food,dining,and pasta groceries noun,lexicographer,2026-09-10,1450,standard,,food,groceries,feminine,Nudeln,Nudel,,,,,"Nudeln kochen; Nudeln mit Soße","Pasta; Teigware",,,Goethe-Zertifikat A2 Wortliste,,,reviewed
439,word,nützlich,producing beneficial,advantageous,"or practical results, useful / helpful, Danke für den Tipp. Er war sehr nützlich.",Thanks for the tip. It was very useful.,A2,adjective,4,high,Functional utility and advice evaluation adjective,lexicographer,2026-09-10,1320,standard,,general,utility,,,,,,,,predicative/attributive,"sehr nützlich; nützliche Informationen","hilfreich; praktisch; zweckmäßig","nutzlos; unbrauchbar","nutzlos; überflüssig",Goethe-Zertifikat A2 Wortliste,,,,reviewed
440,word,offen,not closed,shut,"or locked / frank, open, Ist das Fenster im Bad noch offen?",Is the window in the bathroom still open?,A2,adjective,5,very high,Physical access and opening state adjective,lexicographer,2026-09-10,240,standard,,housing,state,,,,,,,,predicative/attributive,"offene Tür; offen sein bis 16 Uhr","auf; geöffnet; zugänglich","geschlossen; zu","geschlossen; zu",Goethe-Zertifikat A2 Wortliste,,,,reviewed
441,word,Ohr,organ of hearing in human beings,ear,Ich habe Ohrenschmerzen.,I have an earache.,A2,noun,4,high,Core human anatomy and health noun,lexicographer,2026-09-10,950,standard,,body,health,neuter,Ohren,Ohres,Ohrs,,,,"Ohrenschmerzen; auf beiden Ohren gut hören",Gehörorgan,,,Goethe-Zertifikat A2 Wortliste,,,,,reviewed
442,word,Onkel,brother of one's parent or uncle by marriage,uncle,Mein Onkel arbeitet nicht mehr.,My uncle does not work anymore.,A2,noun,4,high,Extended family kinship noun,lexicographer,2026-09-10,850,standard,,family,relationships,masculine,Onkel,Onkels,,,,,"lieber Onkel; Onkel und Tante",Verwandter,"Tante; Nichte; Neffe",Tante,Goethe-Zertifikat A2 Wortliste,,,,,reviewed
443,word,online,connected to or available on the internet,online,Wann bist du wieder online?,When will you be online again?,A2,adverb,5,very high,Digital connectivity modifier and predicate,lexicographer,2026-09-10,480,standard,,internet,technology,,,,,,,,predicative/adverbial,"online bestellen; Geld online überweisen; wieder online sein","im Internet; vernetzt",offline,,Goethe-Zertifikat A2 Wortliste,,,,reviewed
444,word,Orange,round citrus fruit with reddish-yellow skin,orange,Ich esse gern Orangen.,I like eating oranges.,A2,noun,4,high,Food,grocery,and market fruit noun,lexicographer,2026-09-10,1950,standard,,food,fruit,feminine,Orangen,Orange,,,,,"frische Orangen; Orangen kaufen","Apfelsine; Zitrusfrucht",,,Goethe-Zertifikat A2 Wortliste,,,reviewed
445,word,orange,having the reddish-yellow color of an orange,orange,Er mag orangefarbene T-Shirts.,He likes orange T-shirts.,A2,adjective,4,high,Color spectrum and appearance adjective,lexicographer,2026-09-10,1450,standard,,general,colors,,,,,,,,predicative/attributive,"orange Jacke; Farbe Orange",apfelsinenfarben,,,Goethe-Zertifikat A2 Wortliste,,,,reviewed
446,word,organisieren,to plan,arrange,"or coordinate an event, to organize / arrange, Frau Gomez organisiert unseren Ausflug.",Ms. Gomez is organizing our excursion.,A2,verb,4,high,Planning and coordination action verb,lexicographer,2026-09-10,680,standard,,"work;leisure",management,,,,FALSE,FALSE,haben,organisiert,organisierte,organisiert,"etwas organisieren; für + Akk. organisieren","eine Party organisieren; den Urlaub organisieren","planen; arrangieren",durcheinanderbringen,,,,reviewed
447,word,Ostern,Christian spring festival celebrating Resurrection,Easter,Frohe Ostern!,Happy Easter!,A2,noun,4,high,Spring religious holiday and festive calendar noun,lexicographer,2026-09-10,850,standard,,"culture;religion",holidays,neuter,-,Ostern,,,,"zu Ostern reisen; Ostereier suchen","Osterfest; Frühlingsfest",,,Goethe-Zertifikat A2 Wortliste,,,,,,reviewed
448,word,Paar,set of two matching things or items used together,pair,Ich brauche ein Paar Schuhe.,I need a pair of shoes.,A2,noun,4,high,Apparel and counting noun,lexicographer,2026-09-10,480,standard,,"general;shopping",quantity,neuter,Paare,Paares,Paars,,,,"ein Paar Schuhe; ein Paar Socken",Zweiergespann,,,Goethe-Zertifikat A2 Wortliste,,,,,reviewed
449,word,Paar,two people linked in a romantic relationship,couple / pair,Romeo und Julia sind ein Paar.,Romeo and Juliet are a couple.,A2,noun,4,high,Social relationships noun,lexicographer,2026-09-10,480,standard,,"family;social",people,neuter,Paare,Paares,Paars,,,,"ein glückliches Paar; als Paar leben","Liebespaar; Ehepaar",,,Goethe-Zertifikat A2 Wortliste,,,,,reviewed
450,word,packen,to fill a suitcase or container with belongings,to pack,Ich muss noch meinen Koffer packen.,I still have to pack my suitcase.,A2,verb,4,high,Travel and departure preparation verb,lexicographer,2026-09-10,750,standard,,"travel;household",action,,,,FALSE,FALSE,haben,packt,packte,gepackt,"etwas packen; in + Akk. packen","den Koffer packen; Sachen packen","einpacken; verstauen",auspacken,,,,reviewed
451,word,Paket,wrapped parcel or package for transit,parcel / package,Bringst du bitte das Paket zur Post?,Will you please take the parcel to the post office?,A2,noun,4,high,Postal and delivery service noun,lexicographer,2026-09-10,950,standard,,post,logistics,neuter,Pakete,Pakets,Paketes,,,,"ein Paket schicken; Paket abholen; schweres Paket","Päckchen; Postsendung",,,Goethe-Zertifikat A2 Wortliste,,,,,reviewed
452,word,Papa,familiar affectionate term for father,dad / papa,Papa kommt gleich nach Hause.,Dad is coming home shortly.,A2,noun,5,very high,Informal family nuclear kinship noun,lexicographer,2026-09-10,480,informal,,family,relationships,masculine,Papas,Papas,,,,,"lieber Papa; Papa fragen","Vater; Papi","Mama; Kind",,Goethe-Zertifikat A2 Wortliste,,,,,reviewed
453,word,Parfüm,fragrant liquid typically made from essential oils,perfume,Ich suche ein Parfüm als Geschenk für meine Frau.,I am looking for a perfume as a gift for my wife.,A2,noun,3,medium,Cosmetics,beauty,and gift retail noun,lexicographer,2026-09-10,2100,standard,,"shopping;beauty",cosmetics,neuter,Parfüms,Parfüms,,,,,"Parfüm kaufen; nach Parfüm riechen","Duftstoff; Duftwasser",,,Goethe-Zertifikat A2 Wortliste,,,reviewed
454,word,Park,public enclosed area of land with grass and trees,park,Ich gehe gern im Park spazieren.,I like going for a walk in the park.,A2,noun,4,high,Urban nature and recreation space noun,lexicographer,2026-09-10,750,standard,,city,nature,masculine,Parks,Parks,,,,,"im Park joggen; durch den Park laufen","Grünanlage; Stadtpark",,,Goethe-Zertifikat A2 Wortliste,,,,,reviewed
455,word,parken,to bring a vehicle to a halt and leave it,to park,Darf ich hier parken?,Am I allowed to park here?,A2,verb,4,high,Driving and road traffic action verb,lexicographer,2026-09-10,1180,standard,,transport,traffic,,,,FALSE,FALSE,haben,parkt,parkte,geparkt,"auf/in + Dat. parken; hier parken","das Auto parken; Parken verboten","abstellen; parkieren",,,,,reviewed
456,word,passen,to be of the correct size or suitable,to fit / suit,Die Bluse passt mir nicht.,The blouse does not fit me.,A2,verb,5,very high,Clothing fit and contextual suitability verb,lexicographer,2026-09-10,380,standard,,"clothing;general",suitability,,,,FALSE,FALSE,haben,passt,passte,gepasst,"zu + Dat. passen; jemandem (Dat.) passen","gut passen; welches Wort passt","sitzen; harmonieren; übereinstimmen","drücken; missfallen",,,,reviewed
457,word,passieren,to happen,occur,"or take place, to happen / occur, Wie ist der Unfall passiert?",How did the accident happen?,A2,verb,5,very high,Core event occurrence verb,lexicographer,2026-09-10,240,standard,,general,events,,,,FALSE,FALSE,sein,passiert,passierte,ist passiert,jemandem passieren,"was ist passiert; nichts passiert","geschehen; sich ereignen",,,,,reviewed
458,word,Passwort,secret word or string used for digital authentication,password,Bitte schreiben Sie Ihr Passwort.,Please write your password.,A2,noun,4,high,Digital security and computing noun,lexicographer,2026-09-10,1450,standard,,internet,technology,neuter,Passwörter,Passworts,Passwortes,,,,"Passwort eingeben; Passwort vergessen; neues Passwort","Kennwort; Code",,,Goethe-Zertifikat A2 Wortliste,,,,,reviewed
459,word,PC,abbreviation for personal computer,PC / personal computer,Wann bekommst du deinen PC?,When are you getting your PC?,A2,noun,4,high,Computing hardware noun,lexicographer,2026-09-10,650,standard,,technology,devices,masculine,PCs,PCs,,,,"am PC sitzen; PC einschalten","Computer; Rechner",,,Goethe-Zertifikat A2 Wortliste,,,,,,reviewed
460,word,Pferd,large domesticated solid-hoofed herbivorous mammal,horse,Amira liebt Pferde. Sie reitet seit zehn Jahren.,Amira loves horses. She has been riding for ten years.,A2,noun,4,high,Animals,equestrian sports,and leisure noun,lexicographer,2026-09-10,880,standard,,"nature;sports",animals,neuter,Pferde,Pferdes,Pferds,,,,"Pferde reiten; auf dem Pferd sitzen","Ross; Gaul",,,Goethe-Zertifikat A2 Wortliste,,,reviewed
461,word,Physik,branch of science studying matter,energy,"and motion, physics, Physik fällt mir nicht leicht.",Physics isn't easy for me.,A2,noun,4,high,Natural sciences and school subjects noun,lexicographer,2026-09-10,850,standard,,"school;science",education,feminine,-,Physik,,,,,"Physik und Chemie; Experiment in Physik",Naturlehre,,,Goethe-Zertifikat A2 Wortliste,,,,,reviewed
462,word,Pizza,baked flat round dough topped with tomato and cheese,pizza,Mein Lieblingsessen ist Pizza.,My favorite food is pizza.,A2,noun,4,high,Gastronomy,fast food,and dining noun,lexicographer,2026-09-10,1150,standard,,food,gastronomy,feminine,Pizzas,Pizza,,,,,"Pizza essen; Pizza bestellen; Stück Pizza",italienisches Gericht,,,Goethe-Zertifikat A2 Wortliste,,,reviewed
463,word,Plakat,large printed sign or poster displayed publicly,poster / placard,Wir machen im Unterricht ein Plakat zum Thema Essen.,We are making a poster on food in class.,A2,noun,4,high,Public display,advertising,and school project noun,lexicographer,2026-09-10,1650,standard,,"media;school",arts,neuter,Plakate,Plakats,Plakates,,,,"ein Plakat machen; Plakat aufhängen","Poster; Anschlagzettel",,,Goethe-Zertifikat A2 Wortliste,,,reviewed
464,word,planen,to arrange parts of an intention in advance,to plan,Wir sollen zusammen eine Klassenparty planen.,We are supposed to plan a class party together.,A2,verb,5,very high,Future intention,organization,and design verb,lexicographer,2026-09-10,480,standard,,"general;work",organization,,,,FALSE,FALSE,haben,plant,plante,geplant,"etwas planen; planen zu + Inf.","eine Reise planen; Zukunft planen","organisieren; vorhaben; entwerfen",,,reviewed
465,word,plötzlich,occurring unexpectedly and rapidly,suddenly,Plötzlich war das Licht aus.,Suddenly the light was off.,A2,adverb,5,very high,Narrative and temporal transition adverb,lexicographer,2026-09-10,310,standard,,general,time,,,,,,,,temporales Adverb,"ganz plötzlich; plötzlich aufhören","auf einmal; unverhofft","allmählich; langsam","allmählich; langsam",Goethe-Zertifikat A2 Wortliste,,,,reviewed
466,word,Polizist,sworn officer of the civilian police force,police officer (male),Mein Mann ist Polizist.,My husband is a police officer.,A2,noun,4,high,Law enforcement and public safety professions noun,lexicographer,2026-09-10,780,standard,,"safety;work",professions,masculine,Polizisten,Polizisten,,,,"Polizist um Hilfe bitten; im Dienst sein","Beamter; Ordnungshüter",Verbrecher,,Goethe-Zertifikat A2 Wortliste,,,,,,reviewed
467,word,Polizistin,female sworn officer of the police force,police officer (female),Die Polizistin kontrolliert den Verkehr.,The female police officer checks the traffic.,A2,noun,4,high,Law enforcement and public safety professions noun,lexicographer,2026-09-10,1280,standard,,"safety;work",professions,feminine,Polizistinnen,Polizistin,,,,,Polizistin auf der Wache,"Beamtin; Ordnungshüterin",Verbrecherin,,Goethe-Zertifikat A2 Wortliste,,,,,reviewed
468,word,Portion,single serving of food or drink for one person,portion / serving,Ich nehme eine kleine Portion Eis.,I'll take a small portion of ice cream.,A2,noun,4,high,Gastronomy and dining measure noun,lexicographer,2026-09-10,1650,standard,,food,gastronomy,feminine,Portionen,Portion,,,,,"eine Portion bestellen; große Portion; extra Portion","Ration; Portionierung; Teller voll",,,Goethe-Zertifikat A2 Wortliste,,,,,reviewed
469,word,Poster,large printed picture used for room decoration,poster,Das Poster hängt über dem Bett.,The poster hangs above the bed.,A2,noun,3,medium,Interior room decoration and youth culture noun,lexicographer,2026-09-10,1950,standard,,"housing;culture",media,neuter,Poster,Posters,,,,,"Poster aufhängen; Poster von der Band","Wandbild; Plakat",,,Goethe-Zertifikat A2 Wortliste,,,,,reviewed
470,word,praktisch,concerned with actual practice / convenient,practical / convenient / useful,Das finde ich sehr praktisch.,I find that very practical.,A2,adjective,4,high,Everyday utility and feasibility adjective,lexicographer,2026-09-10,680,standard,,general,utility,,,,,,,,predicative/attributive/adverbial,"sehr praktisch; praktisch veranlagt","nützlich; zweckmäßig; handlich","unpraktisch; umständlich","theoretisch; unpraktisch",Goethe-Zertifikat A2 Wortliste,,,,reviewed
471,word,preiswert,offering good value for monetary expenditure,inexpensive / good value,Die Jacke ist sehr preiswert.,The jacket is very good value.,A2,adjective,4,high,Shopping,evaluation,and pricing adjective,lexicographer,2026-09-10,1280,standard,,shopping,price,,,,,,,,predicative/attributive,"sehr preiswert; preiswerte Wohnung","günstig; bezahlbar; billig","teuer; überteuert",,,,reviewed
472,word,pro,for each unit,person,"or interval, per / each, Das Zimmer kostet 100 Euro pro Nacht.",The room costs 100 euros per night.,A2,preposition,5,very high,Distribution and pricing rate preposition,lexicographer,2026-09-10,340,standard,,"shopping;general",rate,,,,,,,,,pro + Akk./Dat.,"pro Person; pro Nacht; 15 Euro pro Stunde","je; für jeden",,,Goethe-Zertifikat A2 Wortliste,,,reviewed
473,word,probieren,to taste food or test an action to see result,to try / taste / sample,Möchten Sie den Käse probieren?,Would you like to sample the cheese?,A2,verb,4,high,Culinary tasting and action attempt verb,lexicographer,2026-09-10,880,standard,,"food;general",action,,,,FALSE,FALSE,haben,probiert,probierte,probiert,"etwas probieren; probieren zu + Inf.","den Kuchen probieren; mal probieren","versuchen; kosten; testen",,,,,reviewed
474,word,Produkt,article or substance that is manufactured or refined,product,Unsere Produkte haben eine sehr hohe Qualität.,Our products have a very high quality.,A2,noun,4,high,Commerce and industrial manufacturing noun,lexicographer,2026-09-10,420,standard,,"commerce;work",goods,neuter,Produkte,Produkts,Produktes,,,,"Produkte herstellen; Bio-Produkt","Erzeugnis; Ware",,,Goethe-Zertifikat A2 Wortliste,,,,,reviewed
475,word,Programm,broadcast schedule or series of planned activities,program,Was kommt heute im Kino? Hast du das Programm hier?,What is showing at the cinema today? Do you have the program here?,A2,noun,5,very high,Media and entertainment schedule noun,lexicographer,2026-09-10,310,standard,,"media;leisure",entertainment,neuter,Programme,Programms,Programmes,,,,"Kinoprogramm; Programm im Radio; Computerprogramm","Ablauf; Sendeplan",,,Goethe-Zertifikat A2 Wortliste,,,,,reviewed
476,word,Projekt,collaborative enterprise planned to achieve an aim,project,Wir machen ein Projekt über Sehenswürdigkeiten.,We are doing a project on sights.,A2,noun,5,very high,Work and educational assignment noun,lexicographer,2026-09-10,380,standard,,"work;education",organization,neuter,Projekte,Projekts,Projektes,,,,"ein Projekt leiten; Projekt abschließen","Vorhaben; Plan",,,Goethe-Zertifikat A2 Wortliste,,,,,reviewed
477,word,prüfen,to assess knowledge or inspect accuracy,to examine / test / check,Bitte prüfen Sie die Rechnung sofort.,Please check the invoice immediately.,A2,verb,4,high,Inspection and examination action verb,lexicographer,2026-09-10,610,standard,,"education;work",verification,,,,FALSE,FALSE,haben,prüft,prüfte,geprüft,"etwas prüfen; auf + Akk. prüfen","eine Rechnung prüfen; Wissen prüfen","kontrollieren; begutachten; testen",,,,,reviewed
478,word,Prüfer,official assessing candidate performance in exams,examiner,Der Prüfer stellt eine Frage.,The examiner asks a question.,A2,noun,3,medium,Exam administration and certification noun,lexicographer,2026-09-10,2100,standard,,education,exams,masculine,Prüfer,Prüfers,,,,,"mit dem Prüfer sprechen; strenger Prüfer","Examinator; Gutachter",,,Goethe-Zertifikat A2 Wortliste,,,,,reviewed
479,word,Prüferin,female official assessing candidates in exams,examiner (female),Die Prüferin erklärt den Ablauf.,The female examiner explains the procedure.,A2,noun,3,medium,Exam administration and certification noun,lexicographer,2026-09-10,2650,standard,,education,exams,feminine,Prüferinnen,Prüferin,,,,,die Prüferin bewertet das Gespräch,Examinatorin,,,Goethe-Zertifikat A2 Wortliste,,,,,reviewed
480,word,Pullover,knitted garment worn over upper body,pullover / sweater,Ich muss mir einen Pullover kaufen.,I have to buy myself a sweater.,A2,noun,4,high,Clothing and winter apparel noun,lexicographer,2026-09-10,1450,standard,,clothing,attire,masculine,Pullover,Pullovers,,,,,"warmer Pullover; Wollpullover","Pulli; Strickpullover",,,Goethe-Zertifikat A2 Wortliste,,,,,reviewed
481,word,Punkt,scored unit awarded in exam or punctuation full stop,point / mark / dot,Wie viele Punkte haben Sie erreicht?,How many points did you achieve?,A2,noun,5,very high,Exam scoring and typography noun,lexicographer,2026-09-10,180,standard,,"education;math",score,masculine,Punkte,Punktes,Punkts,,,,"Punkte zählen; volle Punktzahl; Punkt am Satzende","Score; Zählerstand",,,Goethe-Zertifikat A2 Wortliste,,,,,reviewed
482,word,putzen,to clean or polish household surfaces/teeth,to clean / polish / brush,Ich muss heute noch das Bad putzen.,I still have to clean the bathroom today.,A2,verb,4,high,Domestic cleaning and dental hygiene verb,lexicographer,2026-09-10,1180,standard,,"household;daily_routine",hygiene,,,,FALSE,FALSE,haben,putzt,putzte,geputzt,etwas putzen,"Zähne putzen; Fenster putzen; Bad putzen","reinigen; säubern",beschmutzen,,,,reviewed
483,word,Qualität,standard of something measured against other things,quality,Dieser Fernseher hat eine gute Qualität.,This television has good quality.,A2,noun,4,high,Standards of goods and evaluation noun,lexicographer,2026-09-10,480,standard,,commerce,standards,feminine,Qualitäten,Qualität,,,,,"gute Qualität; hohe Qualität; Qualität vor Preis","Güte; Güteklasse",Minderwertigkeit,Minderwertigkeit,Goethe-Zertifikat A2 Wortliste,,,,,reviewed
484,word,Quiz,entertainment game or competition testing knowledge,quiz,Er schaut gern Quizsendungen an.,He likes watching quiz shows.,A2,noun,3,medium,Entertainment and broadcasting games noun,lexicographer,2026-09-10,2100,standard,,entertainment,games,neuter,Quiz,Quiz,,,,,"beim Quiz gewinnen; Quizsendung","Ratespiel; Frage-Antwort-Spiel",,,Goethe-Zertifikat A2 Wortliste,,,,,reviewed
485,word,Rappen,monetary fractional unit in Switzerland (centime),rappen,1 Franke hat 100 Rappen.,One franc has 100 rappen.,A2,noun,3,medium,Swiss monetary fractional unit noun,lexicographer,2026-09-10,2400,standard,,"finances;shopping",currency,masculine,Rappen,Rappens,,,,"fünfzig Rappen; Rappenmünzen",Centime,,,Goethe-Zertifikat A2 Wortliste,,,,,,reviewed
486,word,raten,to give advice to someone or make a guess,to advise / guess,Was raten Sie mir?,What do you advise me?,A2,verb,4,high,Consultation and guessing game verb,lexicographer,2026-09-10,720,standard,,communication,advice,,,,FALSE,FALSE,haben,rät,riet,geraten,"jemandem zu + Dat. raten; raten wer/was","gut raten; rate mal","empfehlen; vermuten",abraten,,,,reviewed
487,word,Rathaus,building housing the municipal government,town hall / city hall,Das Formular bekommen Sie im Rathaus.,You can get the form at the town hall.,A2,noun,4,high,Civic administration and municipal buildings noun,lexicographer,2026-09-10,1180,standard,,administration,city,neuter,Rathäuser,Rathauses,Rathauss,,,,"im Rathaus anmelden; zum Rathaus gehen","Stadthaus; Gemeindezentrum",,,Goethe-Zertifikat A2 Wortliste,,,,,reviewed
488,word,Rätsel,puzzle or mysterious problem designed to test ingenuity,riddle / puzzle,Das Rätsel ist schwierig! Ich weiß die Antwort nicht.,The riddle is difficult! I don't know the answer.,A2,noun,4,high,Games,intellect,and leisure noun,lexicographer,2026-09-10,1450,standard,,"leisure;games",intellect,neuter,Rätsel,Rätsels,,,,,"ein Rätsel lösen; Kreuzworträtsel","Denkaufgabe; Mysterium",,,Goethe-Zertifikat A2 Wortliste,,,reviewed
489,word,rechnen,to determine mathematical values or calculate,to calculate / do sums,Sarah kann gut rechnen.,Sarah can do calculations well.,A2,verb,4,high,Mathematics,finances,and calculation verb,lexicographer,2026-09-10,650,standard,,math,action,,,,FALSE,FALSE,haben,rechnet,rechnete,gerechnet,"mit + Dat. rechnen; etwas rechnen","Zahlen rechnen; schnell rechnen","kalkulieren; zählen",,,reviewed
490,phrase,recht haben,to be correct or justified in opinion/judgment,to be right,Du hast recht.,You are right.,A2,phrase,5,very high,Core conversational validation phrase,lexicographer,2026-09-10,380,standard,,communication,opinion,,,,,,,,Prädikatsausdruck,"Recht haben mit; absolut recht haben",richtig liegen,"unrecht haben; sich irren",,Goethe-Zertifikat A2 Wortliste,,,,reviewed
491,word,reden,to speak words or converse with someone,to talk / speak,Mit meiner Freundin kann ich über alles reden.,With my friend I can talk about everything.,A2,verb,5,very high,Core spoken communication verb,lexicographer,2026-09-10,210,standard,,communication,speech,,,,FALSE,FALSE,haben,redet,redete,geredet,mit + Dat. über + Akk. reden,"miteinander reden; viel reden","sprechen; plauschen",schweigen,,,,reviewed
492,word,reich,possessing great material wealth and monetary assets,rich / wealthy,Lotte ist reich. Sie hat sehr viel Geld.,Lotte is rich. She has a lot of money.,A2,adjective,4,high,Socio-economic wealth descriptor,lexicographer,2026-09-10,480,standard,,finances,society,,,,,,,,predicative/attributive,"sehr reich sein; reiche Familie","wohlhabend; begütert","arm; mittellos","arm; mittellos",Goethe-Zertifikat A2 Wortliste,,,,reviewed
493,word,Reifen,pneumatic rubber covering fitted around wheel,tire,Ich brauche neue Reifen für mein Auto.,I need new tires for my car.,A2,noun,4,high,Automotive components and road transport noun,lexicographer,2026-09-10,1320,standard,,transport,vehicles,masculine,Reifen,Reifens,,,,,"Reifen wechseln; Winterreifen; Sommerreifen","Pneu; Autoreifen",,,Goethe-Zertifikat A2 Wortliste,,,,,reviewed
494,word,Reihe,line of people or items arranged sequentially,row / turn,Wir sitzen in der dritten Reihe.,We are sitting in the third row.,A2,noun,5,very high,Spatial arrangement and sequential turn noun,lexicographer,2026-09-10,380,standard,,"general;leisure",order,feminine,Reihen,Reihe,,,,,"an der Reihe sein; in der Reihe stehen; Reihe drei","Schlange; Abfolge",,,Goethe-Zertifikat A2 Wortliste,,,,,reviewed
495,word,Reinigung,business dry-cleaning clothes or process of cleaning,dry cleaners / cleaning,Bringst du bitte die Bluse in die Reinigung?,Will you please take the blouse to the dry cleaners?,A2,noun,3,medium,Apparel care services noun,lexicographer,2026-09-10,1850,standard,,"clothing;services",hygiene,feminine,Reinigungen,Reinigung,,,,,"in die Reinigung bringen; chemische Reinigung","Textilreinigung; Säuberung",Verschmutzung,Verschmutzung,Goethe-Zertifikat A2 Wortliste,,,,,reviewed
496,word,reiten,to sit on and control the movement of a horse,to ride (horses),Möchtest du reiten lernen?,Would you like to learn horse riding?,A2,verb,4,high,Equestrian sport and leisure verb,lexicographer,2026-09-10,1350,standard,,"sports;leisure",animals,,,,FALSE,FALSE,sein/haben,reitet,ritt,geritten,"auf + Dat. reiten; Pferd reiten","reiten lernen; über die Felder reiten",zu Pferde gehen,,,,,reviewed
497,word,Religion,instruction in religious doctrine and faith,religious education,Donnerstags haben wir Religion.,On Thursdays we have religious education.,A2,noun,4,high,School subjects and world faiths noun,lexicographer,2026-09-10,610,standard,,"school;religion",education,feminine,-,Religion,,,,,"Religionsunterricht; über Religion sprechen",Glaubenslehre,,Atheismus,Goethe-Zertifikat A2 Wortliste,,,,,reviewed
498,word,renovieren,to restore housing or decor to good condition,to renovate / redecorate,Wir renovieren das ganze Haus.,We are renovating the whole house.,A2,verb,4,high,Housing refurbishment and maintenance verb,lexicographer,2026-09-10,1650,standard,,housing,construction,,,,FALSE,FALSE,haben,renoviert,renovierte,renoviert,etwas renovieren,"die Wohnung renovieren; das Zimmer streichen","modernisieren; sanieren",verfallen lassen,,,,reviewed
499,word,Rentner,person receiving a pension retired from work,pensioner / retiree,Mein Onkel arbeitet nicht mehr. Er ist Rentner.,My uncle doesn't work anymore. He is a pensioner.,A2,noun,4,high,Demographics and retirement noun,lexicographer,2026-09-10,1180,standard,,"work;society",people,masculine,Rentner,Rentners,,,,,"Ermäßigung für Rentner; im Ruhestand sein","Ruheständler; Pensionär",Erwerbstätiger,,Goethe-Zertifikat A2 Wortliste,,,,,reviewed
500,word,Rentnerin,female person receiving a pension retired from work,pensioner (female) / retiree,Sie arbeitet nicht mehr. Sie ist Rentnerin.,She doesn't work anymore. She is a female retiree.,A2,noun,4,high,Demographics and retirement noun,lexicographer,2026-09-10,1450,standard,,"work;society",people,feminine,Rentnerinnen,Rentnerin,,,,,"Rentnerin werden; als Rentnerin leben","Ruheständlerin; Pensionärin",Erwerbstätige,,Goethe-Zertifikat A2 Wortliste,,,,,reviewed
501,word,reservieren,to retain for a person's future use,to reserve / book,Reservieren Sie bitte ein Doppelzimmer.,Please reserve a double room.,A2,verb,4,high,Hospitality,travel,and restaurant booking verb,lexicographer,2026-09-10,890,standard,,"gastronomy;travel",transactions,,,,FALSE,FALSE,haben,reserviert,reservierte,reserviert,etwas für + Akk. reservieren,"einen Tisch reservieren; Plätze reservieren","buchen; vorbestellen",,,reviewed
502,word,Rest,quantity or piece remaining over,rest / remainder / leftovers,Hier sind 50 Euro. Den Rest gebe ich dir später.,Here is 50 euros. The rest I will give you later.,A2,noun,4,high,Financial change and remaining quantity noun,lexicographer,2026-09-10,680,standard,,general,quantity,masculine,Reste,Restes,Rests,,,,"den Rest behalten; ein Rest Suppe","Überbleibsel; Restbetrag",Ganzes,,Goethe-Zertifikat A2 Wortliste,,,,,reviewed
503,word,Rezept,culinary formula or doctor's medical prescription,recipe / prescription,Kannst du mir bitte das Rezept geben?,Can you please give me the recipe?,A2,noun,4,high,Cooking instructions and pharmacy prescription noun,lexicographer,2026-09-10,810,standard,,"cooking;health",instructions,neuter,Rezepte,Rezepts,Rezeptes,,,,"Rezept backen; Medikament auf Rezept bekommen","Kochanleitung; Verordnung",,,Goethe-Zertifikat A2 Wortliste,,,,,reviewed
504,word,Rind,bovine animal or cattle meat/beef,beef / cattle,Ich esse nur Fleisch vom Rind.,I only eat meat from beef.,A2,noun,4,high,Food,meat,and cattle noun,lexicographer,2026-09-10,1850,standard,,"food;nature",groceries,neuter,Rinder,Rindes,Rinds,,,,"Rindfleisch; Fleisch vom Rind","Rindvieh; Hausrind",,,Goethe-Zertifikat A2 Wortliste,,,reviewed
505,word,Ring,circular band of precious metal worn on finger,ring,Ich habe meinen Ring verloren.,I lost my ring.,A2,noun,4,high,Jewelry,personal adornment,and shape noun,lexicographer,2026-09-10,850,standard,,"clothing;general",jewelry,masculine,Ringe,Rings,Ringes,,,,"den Ring tragen; goldener Ring; Ehering","Fingerring; Reif",,,Goethe-Zertifikat A2 Wortliste,,,reviewed
506,word,Rock,garment hanging from the waist downward,skirt,Der Rock ist zu eng.,The skirt is too tight.,A2,noun,4,high,Clothing and women's fashion noun,lexicographer,2026-09-10,1150,standard,,clothing,attire,masculine,Röcke,Rocks,Rockes,,,,"Rock anziehen; kurzer Rock; langer Rock",Faltenrock,,,Goethe-Zertifikat A2 Wortliste,,,,,reviewed
507,word,romantisch,characteristic of romance,love,"or idealism, romantic, Dieser Film ist sehr romantisch.",This movie is very romantic.,A2,adjective,4,high,Emotional sentiment,atmosphere,and media adjective,lexicographer,2026-09-10,1450,standard,,"social;media",feelings,,,,,,,,predicative/attributive,"total romantisch; romantisches Abendessen","gefühlvoll; schwärmerisch","unromantisch; nüchtern",,,,reviewed
508,word,rosa,having a pale reddish or pink hue,pink / rose,Meine Tochter liebt rosa Schuhe.,My daughter loves pink shoes.,A2,adjective,4,high,Color spectrum and fashion appearance adjective,lexicographer,2026-09-10,1650,standard,,general,colors,,,,,,,,predicative/attributive,"rosa Bluse; zartes Rosa","pink; rosenfarben",,,Goethe-Zertifikat A2 Wortliste,,,,reviewed
509,word,Rose,prickly shrub bearing fragrant colorful flowers,rose,Er schenkt seiner Freundin rote Rosen zum Geburtstag.,He gifts his girlfriend red roses for her birthday.,A2,noun,4,high,Flowers,gifts,and nature noun,lexicographer,2026-09-10,1350,standard,,"nature;social",plants,feminine,Rosen,Rose,,,,,"rote Rosen; Rosen schenken; Rosenstrauß","Blume; Edelrose",,,Goethe-Zertifikat A2 Wortliste,,,reviewed
510,word,Rücken,posterior part of the human torso from neck to pelvis,back,Mein Rücken tut mir weh.,My back hurts.,A2,noun,4,high,Human anatomy and health noun,lexicographer,2026-09-10,750,standard,,body,health,masculine,Rücken,Rückens,,,,,"Rückenschmerzen haben; auf dem Rücken liegen","Kreuz; Dorsum","Brust; Bauch","Brust; Bauch",Goethe-Zertifikat A2 Wortliste,,,,,reviewed
511,word,Rucksack,bag with shoulder straps carried on the back,backpack / rucksack,Ich nehme lieber einen Rucksack als einen Koffer mit.,I prefer taking a backpack rather than a suitcase with me.,A2,noun,4,high,Luggage,travel,and school gear noun,lexicographer,2026-09-10,1450,standard,,travel,luggage,masculine,Rucksäcke,Rucksacks,Rucksackes,,,,"den Rucksack packen; Rucksack tragen","Tornister; Ranzen",,,Goethe-Zertifikat A2 Wortliste,,,reviewed
512,word,rufen,to call out loudly to attract someone's attention,to call / shout,Wir müssen einen Arzt rufen.,We have to call a doctor.,A2,verb,5,very high,Vocal call and emergency summoning verb,lexicographer,2026-09-10,280,standard,,communication,speech,,,,FALSE,FALSE,haben,ruft,rief,gerufen,"jemanden rufen; nach + Dat. rufen","die Kinder rufen; Hilfe rufen; Taxi rufen","schreien; herbeirufen",flüstern,,,,reviewed
513,word,Ruhe,state of silence,stillness,"or tranquility, peace / quiet / rest, Ruhe bitte! Hier in der Bibliothek darf man nicht laut sprechen.",Quiet please! Here in the library one is not allowed to speak loudly.,A2,noun,4,high,Silence,rest,and wellness noun,lexicographer,2026-09-10,480,standard,,"health;general",state,feminine,-,Ruhe,,,,,"in Ruhe lassen; Ruhe brauchen; zur Ruhe kommen","Stille; Rast; Gelassenheit","Unruhe; Lärm",,Goethe-Zertifikat A2 Wortliste,,,reviewed
514,word,rund,having a curved circular shape or approximately,round / circular / around,Unser Wohnzimmertisch ist rund.,Our living room table is round.,A2,adjective,5,very high,Geometric form and numerical approximation adjective/adverb,lexicographer,2026-09-10,210,standard,,general,shape,,,,,,,,predicative/attributive/adverbial,"runder Tisch; rund 80 Kilometer","kreisförmig; zirka; etwa","eckig; kantig","eckig; exakt",Goethe-Zertifikat A2 Wortliste,,,,reviewed
515,word,Rundgang,tour on foot around a building or town,circuit / walking tour,Der Rundgang durch das Schloss beginnt in wenigen Minuten.,The tour through the palace begins in a few minutes.,A2,noun,3,medium,Tourism,sightseeing,and architecture noun,lexicographer,2026-09-10,2100,standard,,travel,sightseeing,masculine,Rundgänge,Rundgangs,Rundganges,,,,"einen Rundgang machen; Rundgang durch das Museum","Besichtigungstour; Rundgang",,,Goethe-Zertifikat A2 Wortliste,,,reviewed
516,word,Sache,material object,affair,"personal matter, or belonging, thing / affair / belonging, Nimm deine Sachen und komm!",Take your things and come!,A2,noun,5,very high,Universal entity,personal affair,and luggage noun,lexicographer,2026-09-10,120,standard,,general,objects,feminine,Sachen,Sache,,,,,"das ist meine Sache; seine Sachen packen","Ding; Angelegenheit; Gegenstand",,,Goethe-Zertifikat A2 Wortliste,,,reviewed
517,word,sammeln,to gather things together from various places,to collect / gather,Peter sammelt Briefmarken.,Peter collects stamps.,A2,verb,4,high,Hobbies,nature,and organizing verb,lexicographer,2026-09-10,650,standard,,"hobbies;nature",action,,,,FALSE,FALSE,haben,sammelt,sammelte,gesammelt,etwas sammeln,"Briefmarken sammeln; Blätter im Wald sammeln","zusammentragen; anhäufen",,,reviewed
518,word,samstags,on Saturdays as a recurring occurrence,on Saturdays,Samstags ist hier Markt.,On Saturdays there is a market here.,A2,adverb,4,high,Weekly recurring weekend adverb,lexicographer,2026-09-10,850,standard,,time,frequency,,,,,,,,temporales Adverb,"jeden Samstag; samstags einkaufen",am Samstag,,,Goethe-Zertifikat A2 Wortliste,,,,reviewed
519,word,Sänger,male vocalist performing songs,singer (male),Er ist ein berühmter Opernsänger.,He is a famous opera singer.,A2,noun,4,high,Music and vocal performance professions noun,lexicographer,2026-09-10,810,standard,,"music;art",professions,masculine,Sänger,Sängers,,,,,"Lieblingssänger; Leadsänger der Band","Vokalist; Interpret",Sängerin,,Goethe-Zertifikat A2 Wortliste,,,,,reviewed
520,word,Sängerin,female vocalist performing songs,singer (female),Diese Sängerin ist ein Star in Deutschland.,This singer is a star in Germany.,A2,noun,4,high,Music and vocal performance professions noun,lexicographer,2026-09-10,750,standard,,"music;art",professions,feminine,Sängerinnen,Sängerin,,,,,"bekannte Sängerin; Popsängerin","Vokalistin; Interpretin",Sänger,,Goethe-Zertifikat A2 Wortliste,,,,,reviewed
521,word,sauber,free from dirt,marks,"or stains, clean, Bringen Sie mir bitte ein sauberes Glas!",Please bring me a clean glass!,A2,adjective,4,high,Hygiene,household,and clarity adjective,lexicographer,2026-09-10,680,standard,,"household;hygiene",state,,,,,,,,predicative/attributive,"sauberes Zimmer; sauber machen","gereinigt; rein; fleckenlos","schmutzig; dreckig",,,,reviewed
522,word,sauer,acidic in taste or angry/annoyed,sour / annoyed / pissed off,Ich bin sauer.,I am annoyed.,A2,adjective,4,high,Food flavor and emotional irritation adjective,lexicographer,2026-09-10,810,standard,,"food;psychology",feelings,,,,,,,,predicative/attributive,"sauer sein auf + Akk.; saure Zitrone","wütend; säuerlich; erbost","süß; fröhlich","süß; erfreut",Goethe-Zertifikat A2 Wortliste,,,,reviewed
523,word,schade,used to express regret,disappointment,"or pity, pity / shame / too bad, Schade, dass du nicht kommen kannst.",It's a pity that you cannot come.,A2,interjection,5,very high,Emotional empathy and regret particle,lexicographer,2026-09-10,610,standard,,communication,emotion,,,,,,,,prädikativ / Ausruf,"wie schade; zu schade","bedauerlich; traurig",ein Glück,,Goethe-Zertifikat A2 Wortliste,,,,reviewed
524,word,schädlich,causing harm,damage,"or injury, harmful / damaging, Rauchen ist schädlich für die Gesundheit.",Smoking is harmful to health.,A2,adjective,4,high,Health risks and environmental adjective,lexicographer,2026-09-10,1350,standard,,health,safety,,,,,,,,predicative/attributive,schädlich für + Akk.,"gesundheitsschädlich; giftig","gesund; nützlich","nützlich; gesund",Goethe-Zertifikat A2 Wortliste,,,,reviewed
525,word,schaffen,to successfully manage,achieve,"or accomplish, to manage / accomplish / make it, Geschafft! Das Projekt ist endlich fertig.",Done! The project is finally finished.,A2,verb,5,very high,Effort,completion,and success verb,lexicographer,2026-09-10,240,standard,,"work;general",success,,,,FALSE,FALSE,haben,schafft,schaffte,geschafft,"etwas schaffen; es schaffen zu + Inf.","das schaffe ich allein; die Prüfung schaffen","bewältigen; hinkriegen; vollenden",,,reviewed
526,word,scharf,having a keen cutting edge or spicy pungent taste,sharp / spicy / hot,Pass auf! Das Messer ist sehr scharf.,Watch out! The knife is very sharp.,A2,adjective,4,high,Blades and spicy culinary flavor adjective,lexicographer,2026-09-10,750,standard,,"food;tools",taste,,,,,,,,predicative/attributive,"scharfe Suppe; scharfes Messer; scharfes Essen","spitz; pikant; feurig","stumpf; mild","mild; stumpf",Goethe-Zertifikat A2 Wortliste,,,,reviewed
527,word,Schauspieler,male artist performing dramatic roles,actor,Er ist ein berühmter Schauspieler.,He is a famous actor.,A2,noun,4,high,Theatre,film,and performing arts professions noun,lexicographer,2026-09-10,650,standard,,"culture;media",professions,masculine,Schauspieler,Schauspielers,,,,,"als Schauspieler im Film mitspielen; Theaterschauspieler","Darsteller; Mime",Schauspielerin,,Goethe-Zertifikat A2 Wortliste,,,reviewed
528,word,Schauspielerin,female artist performing dramatic roles,actress,Sie ist eine bekannte Schauspielerin.,She is a famous actress.,A2,noun,4,high,Theatre,cinema,and performing arts professions noun,lexicographer,2026-09-10,780,standard,,"culture;media",professions,feminine,Schauspielerinnen,Schauspielerin,,,,,"die Rolle der Schauspielerin; Filmschauspielerin","Darstellerin; Mimin",Schauspieler,,Goethe-Zertifikat A2 Wortliste,,,reviewed
529,word,schenken,to give something willingly as a present,to give (as a present) / gift,Was schenken wir Michael zum Geburtstag?,What are we giving Michael for his birthday?,A2,verb,4,high,Social gifts and celebrations verb,lexicographer,2026-09-10,650,standard,,social,celebration,,,,FALSE,FALSE,haben,schenkt,schenkte,geschenkt,jemandem etwas zum Geburtstag schenken,"Geschenke schenken; Blumen schenken","überreichen; beschenken","wegnehmen; kaufen",,,,reviewed
530,word,Schere,cutting tool consisting of two pivoted blades,scissors,Die Schere schneidet nicht gut.,The scissors do not cut well.,A2,noun,4,high,Stationery,household,and craft tools noun,lexicographer,2026-09-10,1950,standard,,"office;household",tools,feminine,Scheren,Schere,,,,,"mit der Schere schneiden; scharfe Schere",Schneidewerkzeug,,,Goethe-Zertifikat A2 Wortliste,,,reviewed
531,word,Schiff,large watercraft navigating oceans or rivers,ship / boat,Wir fahren mit dem Schiff von Basel nach Köln.,We are traveling by ship from Basel to Cologne.,A2,noun,4,high,Maritime transport and travel noun,lexicographer,2026-09-10,750,standard,,travel,transport,neuter,Schiffe,Schiffes,Schiffs,,,,"mit dem Schiff fahren; Schiff auf dem Rhein","Dampfer; Kahn; Boot",,,Goethe-Zertifikat A2 Wortliste,,,,,reviewed
532,word,schimpfen,to utter angry reproach or scold,to scold / rant / complain,Alle schimpfen über das Wetter.,Everyone is complaining about the weather.,A2,verb,4,high,Verbal anger and social reaction verb,lexicographer,2026-09-10,1320,standard,,communication,feelings,,,,FALSE,FALSE,haben,schimpft,schimpfte,geschimpft,"über/auf + Akk. schimpfen; mit + Dat. schimpfen","laut schimpfen; über das Auto schimpfen","meckern; tadeln; fluchen",loben,,,,reviewed
533,word,Schirm,portable folding canopy protecting against rain,umbrella,"Nimm den Schirm mit, es regnet., Take the umbrella with you",it is raining.,A2,noun,4,high,Weather protection and accessories noun,lexicographer,2026-09-10,1450,standard,,weather,accessories,masculine,Schirme,Schirmes,Schirms,,,,"den Schirm aufspannen; Regenschirm mitnehmen","Regenschirm; Parapluie",,,Goethe-Zertifikat A2 Wortliste,,,,,reviewed
534,word,schlimm,causing severe distress,bad,"or serious, bad / serious / terrible, Kein Problem, das ist nicht so schlimm., No problem",that's not so bad.,A2,adjective,4,high,Evaluation of severity and regret adjective,lexicographer,2026-09-10,480,standard,,general,evaluation,,,,,,,,predicative/attributive,"nicht so schlimm; schlimme Schmerzen","ärgerlich; furchtbar; gravierend","harmlos; erfreulich","harmlos; gut",Goethe-Zertifikat A2 Wortliste,,,,reviewed
535,word,Schloss,fortified historic building or door fastener,castle / palace / lock,An unserer Tür ist das Schloss kaputt.,On our door the lock is broken.,A2,noun,4,high,Architecture tourism and security door locks noun,lexicographer,2026-09-10,810,standard,,"travel;housing",buildings,neuter,Schlösser,Schlosses,,,,"Schloss besichtigen; Türschloss","Burg; Palast; Riegelschloss",,,Goethe-Zertifikat A2 Wortliste,,,,,,reviewed
536,word,Schmerz,physical suffering caused by illness or injury,pain / ache,Haben Sie Schmerzen?,Do you have pain?,A2,noun,4,high,Healthcare,bodily symptoms,and illness noun,lexicographer,2026-09-10,680,standard,,health,illness,masculine,Schmerzen,Schmerzes,,,,"furchtbare Schmerzen; Bauchschmerzen; Halsschmerzen","Leiden; Weh; Pein",Wohlbefinden,,Goethe-Zertifikat A2 Wortliste,,,,reviewed
537,word,schmutzig,covered with grime,dust,"or unwanted matter, dirty / soiled, Das Handtuch ist schmutzig.",The towel is dirty.,A2,adjective,4,high,Cleanliness and hygiene adjective,lexicographer,2026-09-10,1180,standard,,"household;hygiene",state,,,,,,,,predicative/attributive,"schmutzige Kleidung; schmutziges Geschirr","dreckig; unsauber","sauber; rein","sauber; rein",Goethe-Zertifikat A2 Wortliste,,,,reviewed
538,word,Schnee,precipitation in the form of white ice crystals,snow,In den Bergen liegt viel Schnee.,In the mountains there is a lot of snow.,A2,noun,4,high,Winter weather and meteorology noun,lexicographer,2026-09-10,950,standard,,weather,nature,masculine,-,Schnees,,,,"im Schnee spielen; Schnee liegt",Kristallniederschlag,,,Goethe-Zertifikat A2 Wortliste,,,,,,reviewed
539,word,schneiden,to sever or divide using an edged blade (reflexive),to cut / slice,Das Messer schneidet nicht gut.,The knife does not cut well.,A2,verb,4,high,Culinary,grooming,and injury action verb,lexicographer,2026-09-10,680,standard,,"household;health",action,,,,optional,FALSE,haben,schneidet,schnitt,geschnitten,"etwas schneiden; sich (Akk.) schneiden","Brot schneiden; Haare schneiden; sich schneiden","zerteilen; stutzen",,,reviewed
540,word,schneien,to precipitate snowflakes from clouds (impersonal),to snow,Morgen schneit es.,Tomorrow it will snow.,A2,verb,4,high,Winter weather meteorological verb,lexicographer,2026-09-10,1650,standard,,weather,nature,,,,FALSE,FALSE,haben,schneit,schneite,geschneit,"es schneit; stark schneien",Schnee fallen,regnen,,Goethe-Zertifikat A2 Wortliste,,,reviewed
541,word,Schokolade,sweet brown food confection prepared from cacao,chocolate,Julia liebt Schokolade.,Julia loves chocolate.,A2,noun,4,high,Sweets,confection,and snacks noun,lexicographer,2026-09-10,1280,standard,,food,groceries,feminine,-,Schokolade,,,,,"eine Tafel Schokolade; mit viel Schokolade","Süßigkeit; Kakaoerzeugnis",,,Goethe-Zertifikat A2 Wortliste,,,reviewed
542,word,schrecklich,inspiring extreme horror,unpleasantness,"or awful, terrible / dreadful / awful, Ich finde ihren Rock schrecklich.",I find her skirt terrible.,A2,adjective,4,high,Strong negative evaluative adjective/adverb,lexicographer,2026-09-10,850,standard,,general,evaluation,,,,,,,,predicative/attributive/adverbial,"schrecklicher Film; schrecklich aussehen","furchtbar; entsetzlich; grausig","wunderbar; herrlich","wunderbar; herrlich",Goethe-Zertifikat A2 Wortliste,,,,reviewed
543,word,schriftlich,expressed or documented in written letters,written / in writing,Sie müssen sich schriftlich anmelden.,You must register in writing.,A2,adjective,4,high,Administrative procedures and exam format adjective/adverb,lexicographer,2026-09-10,1180,standard,,"administration;education",formats,,,,,,,,predicative/attributive/adverbial,"schriftliche Prüfung; schriftlich einreichen","in Textform; geschrieben",mündlich,mündlich,Goethe-Zertifikat A2 Wortliste,,,,reviewed
544,word,schwach,lacking physical strength,intensity,"or effect, weak / faint, Er ist krank und schwach.",He is ill and weak.,A2,adjective,4,high,Physical strength and medicinal effect adjective,lexicographer,2026-09-10,480,standard,,"health;body",power,,,,,,,,predicative/attributive,"sich schwach fühlen; zu schwache Tabletten","kraftlos; matt; wirkungslos","stark; kräftig","stark; kräftig",Goethe-Zertifikat A2 Wortliste,,,,reviewed
545,word,schwanger,carrying a developing fetus within the womb,pregnant,Lena ist schwanger. Sie bekommt im Juli ein Kind.,Lena is pregnant. She is having a child in July.,A2,adjective,4,high,Reproduction,family,and health adjective,lexicographer,2026-09-10,1450,standard,,"family;health",life,,,,,,,,nur prädikativ,"schwanger sein; schwanger werden",in froher Erwartung,,,,,reviewed
546,word,Schwein,domesticated cloven-hoofed mammal reared for pork,pig / swine,Ich esse kein Schweinefleisch.,I do not eat pork.,A2,noun,4,high,Domestic livestock,meat,and fauna noun,lexicographer,2026-09-10,1180,standard,,"nature;food",animals,neuter,Schweine,Schweines,Schweins,,,,"Schweinefleisch; Schwein haben","Sau; Borstentier",,,Goethe-Zertifikat A2 Wortliste,,,reviewed
547,word,schwierig,presenting difficulties / hard to resolve,difficult / hard,Die Prüfung war nicht schwierig.,The exam was not difficult.,A2,adjective,5,very high,Problem complexity and task difficulty adjective,lexicographer,2026-09-10,240,standard,,"general;education",difficulty,,,,,,,,predicative/attributive,"schwierige Situation; schwierige Aufgabe","kompliziert; heikel; anstrengend","einfach; leicht","einfach; leicht",Goethe-Zertifikat A2 Wortliste,,,,reviewed
548,word,Seife,cleansing agent soluble in water used for washing,soap,Hier gibt es keine Seife.,There is no soap here.,A2,noun,4,high,Personal hygiene and bathroom supplies noun,lexicographer,2026-09-10,1950,standard,,hygiene,bathroom,feminine,Seifen,Seife,,,,,"sich mit Seife waschen; Stück Seife; Flüssigseife",Waschmittel,,,Goethe-Zertifikat A2 Wortliste,,,,,reviewed
549,word,Seite,one face of a leaf of paper or lateral flank,page / side,Öffnen Sie das Kursbuch auf Seite 20.,Open the coursebook to page 20.,A2,noun,5,very high,Books,orientation,and directions noun,lexicographer,2026-09-10,180,standard,,"books;directions",space,feminine,Seiten,Seite,,,,,"auf der linken Seite; auf Seite 20; Webseite","Blattseite; Flanke",,,Goethe-Zertifikat A2 Wortliste,,,reviewed
550,word,Sekretariat,office handling clerical administration/records,administrative office / front office,Gehen Sie bitte ins Sekretariat.,Please go to the front office.,A2,noun,4,high,School and corporate office administration noun,lexicographer,2026-09-10,1350,standard,,"work;education",office,neuter,Sekretariate,Sekretariats,Sekretariates,,,,"im Sekretariat melden; Unterlagen im Sekretariat abholen","Geschäftszimmer; Kanzlei",,,Goethe-Zertifikat A2 Wortliste,,,,,reviewed
551,word,selbst,used to emphasize identity of actor / by oneself,oneself / personally,"Du musst mir nicht helfen, ich mache das selbst., You don't have to help me",I will do that myself.,A2,pronoun,5,very high,Emphatic personal particle/pronoun,lexicographer,2026-09-10,110,standard,,general,emphasis,,,,,,,,Reflexiv- und Fokuspartikel,"selbst kochen; selbst machen; ich selbst","eigenhändig; persönlich",fremd,,Goethe-Zertifikat A2 Wortliste,,,,reviewed
552,word,Sendung,radio/television broadcast program or postal dispatch,broadcast / TV show / consignment,Welche Sendungen schaust du gern an?,Which television shows do you like watching?,A2,noun,4,high,Media broadcasts and mail logistics noun,lexicographer,2026-09-10,680,standard,,"media;post",entertainment,feminine,Sendungen,Sendung,,,,,"Sportsendung; Sendung im Fernsehen; Postsendung","Ausstrahlung; TV-Programm; Paket",,,Goethe-Zertifikat A2 Wortliste,,,,,reviewed
553,word,Service,assistance provided to customers by business,service / customer service,Ich bin mit dem Service sehr zufrieden.,I am very satisfied with the customer service.,A2,noun,4,high,Customer assistance and hospitality noun,lexicographer,2026-09-10,480,standard,,"commerce;services",work,masculine,Services,Services,,,,,"guter Service; Pizza-Service; Service in der Werkstatt","Kundendienst; Bedienung",,,Goethe-Zertifikat A2 Wortliste,,,,,reviewed
554,word,setzen,to cause to sit down or place in seated position,to sit down (reflexive) / seat,Setz dich doch!,Do sit down!,A2,verb,5,very high,Core posture placement verb,lexicographer,2026-09-10,280,standard,,daily_routine,action,,,,optional,FALSE,haben,setzt,setzte,gesetzt,"sich auf/in + Akk. setzen; etwas auf + Akk. setzen","sich auf die Bank setzen; bitte setzen Sie sich","hinsetzen; platzieren",aufstehen,,,,reviewed
555,word,sich umziehen,to change clothes into different garments (reflexive),to change (clothes),"Warte bitte, ich muss mich noch umziehen., Please wait",I still have to change my clothes.,A2,verb,4,high,Daily dressing routines and clothing verb,lexicographer,2026-09-10,1180,standard,,"clothing;daily_routine",action,,,,TRUE,TRUE,haben,zieht sich um,zog sich um,sich umgezogen,sich schnell umziehen,andere Kleidung anziehen,"ausziehen; anziehen",,Goethe-Zertifikat A2 Wortliste,,,reviewed
556,word,sicher,free from danger or firmly convinced,safe / secure / certain / surely,Er ist sicher gleich da.,He is surely here right away.,A2,adjective,5,very high,Safety,certainty,and epistemic adverb,lexicographer,2026-09-10,120,standard,,"safety;cognition",certainty,,,,,,,,predicative/attributive/adverbial,"ganz sicher sein; sicheres Auto","gewiss; geschützt; unbedenklich","unsicher; gefährlich",,,,reviewed
557,word,Silvester,the last day of the year on December 31,New Year's Eve,Was machst du an Silvester?,What are you doing on New Year's Eve?,A2,noun,4,high,Calendar celebrations and year-end party noun,lexicographer,2026-09-10,890,standard,,"calendar;social",holidays,neuter/masculine,-,Silvesters,,,,"an Silvester feiern; Silvesterparty","Jahresabschluss; Altjahresabend",Neujahr,,Goethe-Zertifikat A2 Wortliste,,,,,,reviewed
558,word,singen,to produce musical tones with the vocal cords,to sing,Er singt gern.,He likes singing.,A2,verb,4,high,Music,performance,and vocal arts verb,lexicographer,2026-09-10,610,standard,,music,arts,,,,FALSE,FALSE,haben,singt,sang,gesungen,"ein Lied singen; im Chor singen","schön singen; laut singen","trällern; musizieren",,,reviewed
559,word,Situation,set of circumstances in which one finds oneself,situation / state of affairs,Ich bin in einer schwierigen Situation.,I am in a difficult situation.,A2,noun,4,high,Life conditions and exam context noun,lexicographer,2026-09-10,380,standard,,general,state,feminine,Situationen,Situation,,,,,"schwierige Situation; welche Situation passt","Lage; Umstände; Zustand",,,Goethe-Zertifikat A2 Wortliste,,,,,reviewed
560,word,Ski,pair of long narrow runners fastened to boots,ski / skis,Gehen wir am Wochenende Ski fahren?,Shall we go skiing at the weekend?,A2,noun,4,high,Winter alpine sports gear noun,lexicographer,2026-09-10,1350,standard,,sports,winter,masculine,Ski,Skis,,,,"Ski fahren; neue Ski kaufen","Schier; Wintersportgerät",,,Goethe-Zertifikat A2 Wortliste,,,,,,reviewed
561,word,SMS,short message service mobile text,text message / SMS,Schreib mir eine SMS!,Send me a text message!,A2,noun,4,high,Mobile phone telecommunication noun,lexicographer,2026-09-10,1450,standard,,communication,technology,feminine,SMS,SMS,,,,"eine SMS schicken; per SMS","Kurznachricht; Textnachricht",,,Goethe-Zertifikat A2 Wortliste,,,,,,reviewed
562,word,sogar,used to emphasize surprising inclusion,even,In den Bergen schneit es sogar.,In the mountains it is even snowing.,A2,adverb,4,high,Emphatic additive focus particle,lexicographer,2026-09-10,210,standard,,general,emphasis,,,,,,,,Fokuspartikel,"sogar meine Tante; sogar heute","selbst; überdies",,,Goethe-Zertifikat A2 Wortliste,,,,reviewed
563,word,sonnig,bright with sunlight,sunny,Morgen ist das Wetter wieder warm und sonnig.,Tomorrow the weather is warm and sunny again.,A2,adjective,4,high,Weather forecast and climate adjective,lexicographer,2026-09-10,1320,standard,,weather,nature,,,,,,,,predicative/attributive,"sonniges Wetter; sonniger Tag","strahlend; heiter","wolkig; bewölkt; regnerisch",,Goethe-Zertifikat A2 Wortliste,,,,reviewed
564,word,sonntags,on Sundays as a recurring routine,on Sundays,Er isst sonntags ein Stück Kuchen.,He eats a piece of cake on Sundays.,A2,adverb,4,high,Weekly recurring Sunday adverb,lexicographer,2026-09-10,850,standard,,time,frequency,,,,,,,,temporales Adverb,"jeden Sonntag; sonntags frei",am Sonntag,,,Goethe-Zertifikat A2 Wortliste,,,,reviewed
565,word,sonst,apart from that,or under other conditions,"otherwise / else, Beeil dich, sonst kommen wir zu spät!, Hurry up",otherwise we'll arrive too late!,A2,adverb,5,very high,Conditional consequence and addition adverb,lexicographer,2026-09-10,280,standard,,general,consequence,,,,,,,,Satzadverb / Konnektor,"sonst noch etwas; sonst nichts; beeil dich sonst","andernfalls; ansonsten",,,Goethe-Zertifikat A2 Wortliste,,,,reviewed
566,word,Sozialkunde,school subject teaching civics and social systems,social studies / civics,In Sozialkunde besprechen wir Gesetze.,In social studies we discuss laws.,A2,noun,3,medium,School curriculum and civic studies noun,lexicographer,2026-09-10,2100,standard,,"school;society",education,feminine,-,Sozialkunde,,,,,"Fach Sozialkunde; Stunde in Sozialkunde","Gemeinschaftskunde; Bürgerkunde",,,Goethe-Zertifikat A2 Wortliste,,,,,reviewed
567,word,spannend,arousing excitement,suspense,"or keen interest, exciting / gripping / thrilling, Ich finde den Film sehr spannend.",I find the movie very suspenseful.,A2,adjective,4,high,Books,cinema,and narrative evaluation adjective,lexicographer,2026-09-10,920,standard,,media,entertainment,,,,,,,,predicative/attributive,"spannender Krimi; spannende Geschichte","aufregend; mitreißend; packend","langweilig; öde",,,,reviewed
568,word,sparen,to set aside money or conserve resources,to save (money/resources),Ein neues Auto ist sehr teuer. Ich muss sparen.,A new car is very expensive. I have to save.,A2,verb,4,high,Finances,economy,and thriftiness verb,lexicographer,2026-09-10,650,standard,,finances,economy,,,,FALSE,FALSE,haben,spart,sparte,gespart,"für + Akk. sparen; etwas sparen","Geld sparen; Energie sparen","zurücklegen; ansparen",,,reviewed
569,word,Spaß,amusement,enjoyment,"or pleasurable activity, fun / pleasure, Meine Arbeit macht mir Spaß.",My work is fun for me.,A2,noun,5,very high,Recreation,humor,and daily leisure noun,lexicographer,2026-09-10,340,standard,,"leisure;social",emotion,masculine,Späße,Spaßes,,,,"viel Spaß; Spaß machen; keinen Spaß verstehen","Freude; Vergnügen; Gaudi","Ernst; Langeweile",,Goethe-Zertifikat A2 Wortliste,,,,reviewed
570,phrase,spazieren gehen,to take an outdoor stroll for leisure,to go for a walk / stroll,Wir gehen sonntags immer spazieren.,We always go for a walk on Sundays.,A2,phrase,4,high,Outdoor recreation and wellness phrase,lexicographer,2026-09-10,610,standard,,"leisure;health",movement,,,,FALSE,FALSE,sein,geht spazieren,ging spazieren,spazieren gegangen,"im Park spazieren gehen; sonntags spazieren gehen","einen Spaziergang machen; flanieren",zu Hause hocken,,Goethe-Zertifikat A2 Wortliste,,,reviewed
571,word,Spaziergang,leisurely walk taken outdoors for recreation,walk / stroll,Abends mache ich immer einen Spaziergang.,In the evening I always take a walk.,A2,noun,4,high,Outdoor recreation and health noun,lexicographer,2026-09-10,1180,standard,,leisure,movement,masculine,Spaziergänge,Spaziergangs,Spazierganges,,,,"einen Spaziergang machen; kleiner Spaziergang","Promenade; Ausflug zu Fuß",,,Goethe-Zertifikat A2 Wortliste,,,,,reviewed
572,word,speichern,to record digital information in a storage medium,to save / store (data),Sie müssen die Datei speichern.,You must save the file.,A2,verb,4,high,Computing,IT,and office verb,lexicographer,2026-09-10,950,standard,,technology,data,,,,FALSE,FALSE,haben,speichert,speicherte,gespeichert,etwas speichern,"Datei speichern; Daten speichern","sichern; abspeichern",,,reviewed
573,word,Spiel,activity engaged in for enjoyment or sporting match,game / match,Monopoly ist ein sehr bekanntes Spiel.,Monopoly is a very famous game.,A2,noun,5,very high,Sports,board games,and recreation noun,lexicographer,2026-09-10,240,standard,,"games;sports",entertainment,neuter,Spiele,Spiels,Spieles,,,,"Kartenspiel; Spiel gewinnen; das Spiel beginnt","Match; Partie; Wettkampf",,,Goethe-Zertifikat A2 Wortliste,,,reviewed
574,word,sportlich,fond of sports,athletic,"or related to athletics, athletic / sporty, Tom ist sehr sportlich.",Tom is very athletic.,A2,adjective,4,high,Physical fitness,appearance,and lifestyle adjective,lexicographer,2026-09-10,980,standard,,"sports;character",fitness,,,,,,,,predicative/attributive,"sportlicher Typ; sportliche Kleidung","durchtrainiert; fit; dynamisch","unsportlich; träge",,,,reviewed
575,word,Sportplatz,outdoor area designated for sports matches,sports ground / playing field,Das Training ist auf dem Sportplatz.,The practice is on the sports ground.,A2,noun,4,high,Sports facilities and outdoor venues noun,lexicographer,2026-09-10,1650,standard,,sports,buildings,masculine,Sportplätze,Sportplatzes,,,,"auf dem Sportplatz trainieren; zum Sportplatz gehen","Sportgelände; Spielfeld",,,Goethe-Zertifikat A2 Wortliste,,,,,,reviewed
576,word,Sprechstunde,scheduled time when a doctor or teacher is available,consulting hours / office hours,Frau Doktor Weiß hat ab neun Uhr Sprechstunde.,Doctor Weiß has consulting hours starting at nine o'clock.,A2,noun,3,medium,Medical care and educational appointments noun,lexicographer,2026-09-10,2100,standard,,"health;education",time,feminine,Sprechstunden,Sprechstunde,,,,,"in die Sprechstunde gehen; Sprechstunde haben","Konsultationszeit; Arztsprechstunde",,,Goethe-Zertifikat A2 Wortliste,,,,,reviewed
577,word,Star,famous actor,singer,"or celebrity, star / celebrity, Diese Sängerin ist ein Star in Deutschland.",This singer is a star in Germany.,A2,noun,4,high,Entertainment,music,and fame noun,lexicographer,2026-09-10,780,standard,,"media;music",people,masculine,Stars,Stars,,,,,"berühmter Star; Filmstar; Popstar","Berühmtheit; Prominenter",,,Goethe-Zertifikat A2 Wortliste,,,reviewed
578,word,stark,having great physical power,force,"or intensity, strong / heavy (rain) / severe, Ich habe starke Kopfschmerzen.",I have a severe headache.,A2,adjective,5,very high,Power,weather intensity,and beverage strength adjective,lexicographer,2026-09-10,110,standard,,general,power,,,,,,,,predicative/attributive/adverbial,"starker Regen; starker Kaffee; sehr stark","kräftig; intensiv; mächtig","schwach; leicht",,,,reviewed
579,word,stattfinden,to take place or occur as planned,to take place / happen,Das Spiel findet auch bei Regen statt.,The match takes place even in the rain.,A2,verb,5,very high,Scheduled events and appointments verb,lexicographer,2026-09-10,240,standard,,general,events,,,,FALSE,TRUE,haben,findet statt,fand statt,stattgefunden,in/an + Dat. stattfinden,"die Konferenz findet statt; morgen stattfinden","ablaufen; über die Bühne gehen","ausfallen; abgesagt werden",,,,reviewed
580,word,sterben,to cease living and undergo demise,to die,Sein Vater ist gestern gestorben.,His father died yesterday.,A2,verb,5,very high,Biological decease and mortality verb,lexicographer,2026-09-10,280,standard,,"life;health",demise,,,,FALSE,FALSE,sein,stirbt,starb,gestorben,an + Dat. sterben,"im Krankenhaus sterben; friedlich sterben","verscheiden; umkommen","leben; geboren werden",,,,reviewed
581,word,Stiefel,protective sturdy footwear covering foot and ankle,boot,Wie viel kosten die roten Stiefel?,How much do the red boots cost?,A2,noun,4,high,Footwear and winter clothing noun,lexicographer,2026-09-10,1650,standard,,clothing,attire,masculine,Stiefel,Stiefels,,,,,"Stiefel anziehen; Winterstiefel; Lederstiefel",Schaftstiefel,,,Goethe-Zertifikat A2 Wortliste,,,,,reviewed
582,word,Stift,slender cylindrical writing or drawing implement,pen / pencil / marker,Kannst du mir bitte einen Stift geben?,Can you please give me a pen?,A2,noun,4,high,Writing instruments and stationery noun,lexicographer,2026-09-10,1280,standard,,"office;school",stationery,masculine,Stifte,Stiftes,Stifts,,,,"mit dem Stift schreiben; Bleistift oder Kugelschreiber","Schreibstift; Zeichenstift",,,Goethe-Zertifikat A2 Wortliste,,,,,reviewed
583,word,Stipendium,financial grant awarded to support a student's study,scholarship / grant,"Wenn ich ein gutes Zeugnis habe, bekomme ich ein Stipendium., If I have a good report card",I get a scholarship.,A2,noun,3,medium,Higher education,funding,and study noun,lexicographer,2026-09-10,1950,standard,,education,finances,neuter,Stipendien,Stipendiums,,,,,"ein Stipendium bekommen; sich um ein Stipendium bewerben","Fördergeld; Studienbeihilfe",,,Goethe-Zertifikat A2 Wortliste,,,reviewed
584,word,Stockwerk,horizontal division or level of a building,storey / floor,Das Gebäude hat zwanzig Stockwerke.,The building has twenty storeys.,A2,noun,3,medium,Architecture and multi-story buildings noun,lexicographer,2026-09-10,1850,standard,,housing,buildings,neuter,Stockwerke,Stockwerks,Stockwerkes,,,,"mehrere Stockwerke; oberstes Stockwerk","Etage; Geschoss",,,Goethe-Zertifikat A2 Wortliste,,,,,reviewed
585,word,stören,to disrupt the peace,progress,"or attention of, to disturb / bother / interrupt, Mach die Musik leiser! Sie stört mich.",Turn the music down! It is disturbing me.,A2,verb,4,high,Social consideration and noise verb,lexicographer,2026-09-10,680,standard,,"social;communication",disruption,,,,FALSE,FALSE,haben,stört,störte,gestört,"jemanden bei + Dat. stören; stören","beim Essen stören; darf ich kurz stören","belästigen; unterbrechen",unterstützen,,,,reviewed
586,word,Strand,shore of a body of water covered with sand/pebbles,beach,Im Urlaub bin ich am liebsten am Strand.,On vacation I prefer being on the beach.,A2,noun,4,high,Travel,vacation,and coastal geography noun,lexicographer,2026-09-10,890,standard,,travel,nature,masculine,Strände,Strands,Strandes,,,,"am Strand liegen; schöner Sandstrand","Küste; Ufer",,,Goethe-Zertifikat A2 Wortliste,,,reviewed
587,word,streiten,to engage in an angry argument or conflict (reflexive),to argue / quarrel,Die Kinder streiten sich oft.,The children often argue.,A2,verb,4,high,Interpersonal conflict and dispute verb,lexicographer,2026-09-10,650,standard,,social,conflict,,,,TRUE,FALSE,haben,streitet,stritt,gestritten,sich mit + Dat. über + Akk. streiten,"sich ständig streiten; um Geld streiten","zanken; hadern","vertragen; versöhnen",,,,reviewed
588,word,streng,demanding strict adherence to rules or rigid,strict / stern,Der Lehrer von meiner Tochter ist sehr streng.,My daughter's teacher is very strict.,A2,adjective,4,high,Education discipline and character adjective,lexicographer,2026-09-10,810,standard,,"character;school",rules,,,,,,,,predicative/attributive,"sehr streng sein; strenge Regeln","hart; unnachgiebig; rigide","nachsichtig; milde",,Goethe-Zertifikat A2 Wortliste,,,,reviewed
589,word,Stress,state of mental or physical tension from demanding tasks,stress,Ich habe bei der Arbeit viel Stress.,I have a lot of stress at work.,A2,noun,4,high,Workplace pressure and mental wellness noun,lexicographer,2026-09-10,680,standard,,"health;work",state,masculine,-,Stress,Stresses,,,,"Stress haben; im Stress sein; Stress abbauen","Belastung; Anspannung; Druck","Entspannung; Ruhe",,Goethe-Zertifikat A2 Wortliste,,,,,reviewed
590,word,stressig,causing mental tension or physical exhaustion,stressful,Meine Arbeit ist stressig.,My work is stressful.,A2,adjective,4,high,Workplace and daily routine evaluation adjective,lexicographer,2026-09-10,1150,standard,,"work;daily_routine",state,,,,,,,,predicative/attributive,"ein stressiger Tag; sehr stressig","anstrengend; belastend; nervenaufreibend","entspannt; geruhsam",,Goethe-Zertifikat A2 Wortliste,,,,reviewed
591,word,Stück,single detached part,portion,"or theatrical play, piece / slice / play, Möchten Sie noch ein Stück Kuchen?",Would you like another piece of cake?,A2,noun,5,very high,Portion measure,detachment,and theater play noun,lexicographer,2026-09-10,210,standard,,"food;culture",quantity,neuter,Stücke,Stücks,Stückes,,,,"ein Stück Kuchen; Theaterstück","Portion; Teil; Happen",,,Goethe-Zertifikat A2 Wortliste,,,reviewed
592,word,Stuhl,separate seat for one person typically with four legs,chair,Ist der Stuhl frei?,Is the chair free?,A2,noun,5,very high,Furniture and interior seating noun,lexicographer,2026-09-10,750,standard,,housing,furniture,masculine,Stühle,Stuhls,Stuhles,,,,"auf den Stuhl setzen; freier Stuhl","Sitzgelegenheit; Sessel",Tisch,,Goethe-Zertifikat A2 Wortliste,,,,,reviewed
593,word,Stundenplan,timetable of weekly lessons for pupils/teachers,class timetable / schedule,Unser neuer Stundenplan ist sehr voll.,Our new class timetable is very full.,A2,noun,4,high,School subjects and time organization noun,lexicographer,2026-09-10,1650,standard,,education,school,masculine,Stundenpläne,Stundenplans,Stundenplanes,,,,"auf den Stundenplan schauen; Stundenplan für Montag","Schulzeitplan; Lehrplan",,,Goethe-Zertifikat A2 Wortliste,,,,,reviewed
594,word,super,exceptionally good,marvelous,"or remarkably well, super / great / fantastic, Der Film ist super.",The movie is great.,A2,adjective,5,very high,Colloquial enthusiasm and evaluative praise adjective/adverb,lexicographer,2026-09-10,310,informal,,general,evaluation,,,,,,,,predicative/adverbial,"super tanzen; schmeckt super; super geklappt","toll; klasse; spitze","furchtbar; schlecht",,Goethe-Zertifikat A2 Wortliste,,,,reviewed
595,word,Supermarkt,large self-service retail store selling groceries,supermarket,Ich kaufe oft im Supermarkt ein.,I often shop at the supermarket.,A2,noun,4,high,Retail grocery shopping venue noun,lexicographer,2026-09-10,1180,standard,,shopping,groceries,masculine,Supermärkte,Supermarkts,Supermarktes,,,,"im Supermarkt einkaufen; zum Supermarkt gehen","Lebensmittelladen; Einkaufsmarkt",,,Goethe-Zertifikat A2 Wortliste,,,,,reviewed
596,word,Suppe,liquid food made by boiling meat,fish,"or vegetables, soup, Schmeckt dir die Suppe?",Do you like the soup?,A2,noun,4,high,Culinary meals and dining noun,lexicographer,2026-09-10,1180,standard,,food,meals,feminine,Suppen,Suppe,,,,,"heiße Suppe; Suppe kochen; einen Teller Suppe","Brühe; Eintopf",,,Goethe-Zertifikat A2 Wortliste,,,,,reviewed
597,word,surfen,to ride waves on a board or browse the internet,to surf (waves / internet),Surfst du oft im Internet?,Do you surf the internet often?,A2,verb,4,high,Water sports and digital internet browsing verb,lexicographer,2026-09-10,1450,standard,,"internet;sports",action,,,,FALSE,FALSE,haben/sein,surft,surfte,gesurft,"im Internet surfen; surfen lernen","im Netz browsen; Wellenreiten",,,Goethe-Zertifikat A2 Wortliste,,,reviewed
598,word,süß,tasting of sugar or charming and cute,sweet / cute,Ich finde die Torte zu süß.,I find the cake too sweet.,A2,adjective,4,high,Gustatory sugar flavor and affectionate appearance adjective,lexicographer,2026-09-10,750,standard,,"food;people",taste,,,,,,,,predicative/attributive,"süßes Kind; süße Früchte; süß schmecken","zuckrig; niedlich; drollig","bitter; sauer; hässlich",,Goethe-Zertifikat A2 Wortliste,,,,reviewed
599,word,Süßigkeit,sweet confectionery item containing sugar,sweet / candy / confectionery,Welche Süßigkeiten isst du am liebsten?,Which sweets do you like eating best?,A2,noun,4,high,Snacks and sugary confection noun,lexicographer,2026-09-10,1650,standard,,food,groceries,feminine,Süßigkeiten,Süßigkeit,,,,,"keine Süßigkeiten mögen; Schokolade und Süßigkeiten","Nascherei; Bonbons; Konfekt",Salziges,,Goethe-Zertifikat A2 Wortliste,,,,,reviewed
600,word,sympathisch,pleasant,likeable,"and appealing in personality, likeable / congenial / pleasant, Der neue Chef ist sehr sympathisch.",The new boss is very likeable.,A2,adjective,4,high,Interpersonal character perception adjective,lexicographer,2026-09-10,1180,standard,,character,social,,,,,,,,predicative/attributive,"sehr sympathisch sein; sympathischer Mensch","angenehm; gewinnend; nett","unsympathisch; abstoßend",,Goethe-Zertifikat A2 Wortliste,,,,reviewed
601,word,T-Shirt,short-sleeved collarless casual cotton top,T-shirt,Haben Sie dieses T-Shirt auch in M?,Do you have this T-shirt in M as well?,A2,noun,4,high,Casual attire and clothing retail noun,lexicographer,2026-09-10,1180,standard,,clothing,attire,neuter,T-Shirts,T-Shirts,,,,,"ein T-Shirt tragen; weißes T-Shirt",Freizeitshirt,,,Goethe-Zertifikat A2 Wortliste,,,,,reviewed
602,word,Tablet,wireless portable personal computer with touch screen,tablet / tablet computer,Hast du ein Tablet?,Do you have a tablet?,A2,noun,4,high,Mobile computer hardware noun,lexicographer,2026-09-10,1450,standard,,technology,devices,neuter,Tablets,Tablets,,,,,"auf dem Tablet lesen; Tablet und Handy","Tablet-PC; Flachrechner",,,Goethe-Zertifikat A2 Wortliste,,,,,reviewed
603,word,Tablette,small compressed disk of medicinal substance,tablet / pill,Du sollst am Abend zwei Tabletten nehmen.,You should take two tablets in the evening.,A2,noun,4,high,Pharmaceutical medicine noun,lexicographer,2026-09-10,1320,standard,,health,medicine,feminine,Tabletten,Tablette,,,,,"Tabletten nehmen; Kopfschmerztablette","Pille; Dragee",,,Goethe-Zertifikat A2 Wortliste,,,,,reviewed
604,word,Tafel,large smooth board in classroom for writing,chalkboard / board / notice board,Der Lehrer schreibt das neue Wort an die Tafel.,The teacher writes the new word on the chalkboard.,A2,noun,4,high,Classroom equipment and public notices noun,lexicographer,2026-09-10,950,standard,,"school;public_space",equipment,feminine,Tafeln,Tafel,,,,,"an die Tafel schreiben; Infotafel am Eingang","Schultafel; Anschlagtafel",,,Goethe-Zertifikat A2 Wortliste,,,,,reviewed
605,word,täglich,occurring or done every single day,daily,Ich schwimme täglich einen Kilometer.,I swim one kilometer daily.,A2,adjective,4,high,Temporal frequency routine adjective/adverb,lexicographer,2026-09-10,480,standard,,time,frequency,,,,,,,,predicative/attributive/adverbial,"täglich geöffnet; tägliche Arbeit","jeden Tag; alltagtäglich","selten; monatlich",,Goethe-Zertifikat A2 Wortliste,,,,reviewed
606,word,tagsüber,during the daytime hours,during the day,Tagsüber bin ich im Büro.,During the day I am in the office.,A2,adverb,4,high,Temporal diurnal duration adverb,lexicographer,2026-09-10,950,standard,,time,schedule,,,,,,,,temporales Adverb,"tagsüber geöffnet; meistens tagsüber",während des Tages,nachts,,Goethe-Zertifikat A2 Wortliste,,,,reviewed
607,word,Tante,sister of one's parent or aunt by marriage,aunt,Meine Tante ist im Krankenhaus.,My aunt is in the hospital.,A2,noun,4,high,Extended family kinship noun,lexicographer,2026-09-10,850,standard,,family,relationships,feminine,Tanten,Tante,,,,,"meine Lieblingstante; Tante aus Kanada",Verwandte,"Onkel; Neffe; Nichte",,Goethe-Zertifikat A2 Wortliste,,,,,reviewed
608,word,Taschengeld,allowance of money given periodically to children,pocket money / allowance,Wie viel Taschengeld bekommen deine Kinder?,How much pocket money do your children get?,A2,noun,3,medium,Family finances and childhood noun,lexicographer,2026-09-10,2400,standard,,"family;finances",money,neuter,-,Taschengelds,Taschengeldes,,,,"Taschengeld bekommen; mehr Taschengeld verlangen","Wochengeld; Handgeld",,,Goethe-Zertifikat A2 Wortliste,,,,,reviewed
609,word,Tasse,cup-shaped vessel with a handle used for drinks,cup / mug,Möchten Sie eine Tasse Kaffee?,Would you like a cup of coffee?,A2,noun,5,very high,Tableware,breakfast,and beverages noun,lexicographer,2026-09-10,650,standard,,food,dining,feminine,Tassen,Tasse,,,,,"eine Tasse Tee trinken; Kaffeetasse","Häferl; Schale",,,Goethe-Zertifikat A2 Wortliste,,,reviewed
610,word,tauschen,to give one thing and take another in return,to swap / exchange,Können wir bitte die Plätze tauschen?,Can we please swap places?,A2,verb,4,high,Mutual exchange and barter verb,lexicographer,2026-09-10,890,standard,,"social;general",transactions,,,,FALSE,FALSE,haben,tauscht,tauschte,getauscht,"mit + Dat. tauschen; Plätze tauschen","Gegenstände tauschen; Telefonnummern tauschen","umtauschen; wechseln; austauschen",,,,,reviewed
611,word,Team,group of people linked in a common purpose,team,Ich arbeite gern in einem Team.,I like working in a team.,A2,noun,4,high,Workplace collaboration and sports noun,lexicographer,2026-09-10,510,standard,,"work;sports",social,neuter,Teams,Teams,,,,,"im Team arbeiten; Fußballteam; starkes Team","Mannschaft; Arbeitsgruppe; Kollektiv",,,Goethe-Zertifikat A2 Wortliste,,,,,reviewed
612,word,Techniker,person skilled in the technical details of a craft,technician (male),Der Techniker schließt den Computer an.,The technician is connecting the computer.,A2,noun,4,high,Technical engineering and maintenance professions noun,lexicographer,2026-09-10,950,standard,,"technology;work",professions,masculine,Techniker,Technikers,,,,,"IT-Techniker; Servicetechniker","Fachmann; Ingenieurassistent",Technikerin,,Goethe-Zertifikat A2 Wortliste,,,,,reviewed
613,word,Technikerin,female person skilled in technology,technician (female),Sie arbeitet als Technikerin im Labor.,She works as a technician in the laboratory.,A2,noun,3,medium,Technical engineering and maintenance professions noun,lexicographer,2026-09-10,1950,standard,,"technology;work",professions,feminine,Technikerinnen,Technikerin,,,,,ausgebildete Technikerin,Fachfrau,Techniker,,Goethe-Zertifikat A2 Wortliste,,,,,reviewed
614,word,teilen,to divide into parts or share with someone,to divide / share / split,Wollen wir die Pizza teilen?,Shall we split the pizza?,A2,verb,5,very high,Distribution,dining,and sharing verb,lexicographer,2026-09-10,340,standard,,"social;general",action,,,,FALSE,FALSE,haben,teilt,teilte,geteilt,"etwas mit + Dat. teilen; durch + Akk. teilen","sich die Arbeit teilen; Zimmer teilen","aufteilen; splitten",,,reviewed
615,word,teilnehmen,to take part in or be present at an activity,to participate / take part,Ich möchte an dem Tanzkurs teilnehmen.,I would like to participate in the dance class.,A2,verb,5,very high,Course and event participation verb,lexicographer,2026-09-10,540,standard,,"education;social",action,,,,FALSE,TRUE,haben,nimmt teil,nahm teil,teilgenommen,an + Dat. teilnehmen,"an der Prüfung teilnehmen; an einer Konferenz teilnehmen","mitmachen; mitwirken",fernbleiben,,,,reviewed
616,word,Teller,shallow flat circular vessel from which food is eaten,plate,Stell die Teller bitte auf den Tisch!,Please put the plates on the table!,A2,noun,4,high,Dining tableware and meal kitchenware noun,lexicographer,2026-09-10,1180,standard,,food,cutlery,masculine,Teller,Tellers,,,,,"einen Teller Suppe; flacher Teller; tiefer Teller",Essteller,,,Goethe-Zertifikat A2 Wortliste,,,,,reviewed
617,word,Tennis,game played with rackets and a ball across a net,tennis,Steffi spielt sehr gut Tennis.,Steffi plays tennis very well.,A2,noun,4,high,Racket sports and leisure activity noun,lexicographer,2026-09-10,1210,standard,,sports,games,neuter,-,Tennis,,,,"Tennis spielen; Tennisplatz; Tennis-Club",Racketsport,,,Goethe-Zertifikat A2 Wortliste,,,,,,reviewed
618,word,Theater,building or stage where plays are performed,theatre,Ich gehe nicht gern ins Theater.,I don't like going to the theatre.,A2,noun,4,high,Cultural performing arts and venues noun,lexicographer,2026-09-10,650,standard,,"culture;art",entertainment,neuter,Theater,Theaters,,,,,"ins Theater gehen; ein Stück im Theater sehen","Schauspielhaus; Bühne",,,Goethe-Zertifikat A2 Wortliste,,,,,reviewed
619,word,tief,extending far down from top or surface,deep / low,"Vorsicht, das Wasser ist tief!, Careful",the water is deep!,A2,adjective,4,high,Spatial vertical depth and physical depth adjective,lexicographer,2026-09-10,340,standard,,"nature;housing",dimension,,,,,,,,predicative/attributive,"tiefes Wasser; tiefer Teller; tief unten","abgründig; bodenlos","flach; seicht; hoch",,Goethe-Zertifikat A2 Wortliste,,,,reviewed
620,word,Tipp,useful piece of practical advice or information,tip / piece of advice,Kannst du mir einen guten Tipp geben?,Can you give me a good tip?,A2,noun,4,high,Informal advice and helpful suggestions noun,lexicographer,2026-09-10,750,standard,,communication,advice,masculine,Tipps,Tipps,,,,,"einen Tipp geben; nützlicher Tipp; danke für den Tipp","Ratschlag; Empfehlung; Hinweis",,,Goethe-Zertifikat A2 Wortliste,,,,,reviewed
621,word,Titel,name of a book,composition,"or film, title, Wie heißt der Film? - Ich weiß den Titel nicht mehr.",What's the movie called? - I don't remember the title anymore.,A2,noun,4,high,Media,art nomenclature,and headlines noun,lexicographer,2026-09-10,610,standard,,"media;books",naming,masculine,Titel,Titels,,,,,"den Titel vergessen; Filmtitel; Buchtitel","Bezeichnung; Name; Überschrift",,,Goethe-Zertifikat A2 Wortliste,,,reviewed
622,word,toll,splendid,excellent,"or causing enthusiasm, great / wonderful / fantastic, Der Urlaub war toll.",The vacation was great.,A2,adjective,5,very high,General informal praise and enthusiasm adjective,lexicographer,2026-09-10,480,informal,,general,evaluation,,,,,,,,predicative/attributive/adverbial,"das ist ja toll; toller Tag; ein tolles Fest","großartig; spitze; super; herrlich","schlecht; furchtbar",,Goethe-Zertifikat A2 Wortliste,,,,reviewed
623,word,Topf,deep rounded culinary vessel for cooking,pot / saucepan,Hast du keinen größeren Topf?,Don't you have a larger pot?,A2,noun,4,high,Kitchen cookware and domestic utensils noun,lexicographer,2026-09-10,1180,standard,,food,kitchenware,masculine,Töpfe,Topfes,Topfs,,,,"Kartoffeln im Topf kochen; heißer Topf","Kochtopf; Kasserolle",,,Goethe-Zertifikat A2 Wortliste,,,,,reviewed
624,word,Torte,rich sweet layered cake typically frosted,tart / fancy cake / gateau,Zum Geburtstag backe ich dir eine Torte.,For your birthday I'll bake you a cake.,A2,noun,4,high,Pastry,confectionery,and celebrations noun,lexicographer,2026-09-10,1650,standard,,food,baking,feminine,Torten,Torte,,,,,"eine Torte backen; Geburtstagstorte; Stück Torte","Kuchen; Festtagskuchen",,,Goethe-Zertifikat A2 Wortliste,,,reviewed
625,word,total,complete,absolute,"or utterly, totally / utterly / complete, Der Film ist total langweilig.",The movie is totally boring.,A2,adverb,4,high,Colloquial intensifying degree modifier and adjective,lexicographer,2026-09-10,410,informal,,general,intensity,,,,,,,,Gradadverb / Adjektiv,"total müde; total verliebt sein; total nett","völlig; absolut; komplett","teilweise; kaum",,Goethe-Zertifikat A2 Wortliste,,,,reviewed
626,word,Tour,pleasure journey or organized circuit excursion,tour / route,Wo kann ich eine Stadttour buchen?,Where can I book a city tour?,A2,noun,4,high,Tourism,hiking routes,and leisure noun,lexicographer,2026-09-10,850,standard,,travel,sightseeing,feminine,Touren,Tour,,,,,"eine Tour durch die Berge; Stadttour machen","Rundfahrt; Exkursion; Wanderung",,,Goethe-Zertifikat A2 Wortliste,,,reviewed
627,word,Tourist,person who travels for pleasure and sightseeing,tourist,Im Sommer kommen viele Touristen in diese Stadt.,In summer many tourists come to this city.,A2,noun,4,high,Tourism demographics and travel noun,lexicographer,2026-09-10,890,standard,,travel,people,masculine,Touristen,Touristen,,,,"Touristen in der Stadt; Touristenführer","Urlauber; Reisender; Feriengast",Einheimischer,,Goethe-Zertifikat A2 Wortliste,,,,,,reviewed
628,word,Touristin,female person who travels for sightseeing,tourist (female),Im Sommer kommen viele Touristinnen in diese Stadt.,In summer many female tourists come to this city.,A2,noun,3,medium,Tourism demographics and travel noun,lexicographer,2026-09-10,1450,standard,,travel,people,feminine,Touristinnen,Touristin,,,,,"Touristinnen aus aller Welt; als Touristin reisen","Urlauberin; Reisende",Einheimische,,Goethe-Zertifikat A2 Wortliste,,,,,reviewed
629,word,tragen,to support the weight of or wear garments,to carry / wear,"Ich kann den Koffer nicht tragen, er ist zu schwer., I cannot carry the suitcase",it is too heavy.,A2,verb,5,very high,Core physical conveyance and clothing verb,lexicographer,2026-09-10,140,standard,,"clothing;travel",action,,,,FALSE,FALSE,haben,trägt,trug,getragen,"etwas tragen; Kleidung tragen","einen Anzug tragen; Tasche tragen; Brille tragen","schleppen; anhaben","ablegen; ausziehen",,,,reviewed
630,word,trainieren,to practice a sport or physical skill,to practice / train / work out,Wir trainieren einmal pro Woche im Sportverein.,We train once a week in the sports club.,A2,verb,4,high,Sports preparation and fitness verb,lexicographer,2026-09-10,750,standard,,sports,fitness,,,,FALSE,FALSE,haben,trainiert,trainierte,trainiert,"für + Akk. trainieren; regelmäßig trainieren","im Fitnessstudio trainieren; Muskeln trainieren","üben; proben",,,,,reviewed
631,word,Training,action of undertaking systematic physical exercise,training / practice session / workout,Das Training ist immer dienstags.,The practice session is always on Tuesdays.,A2,noun,4,high,Sports schedules and physical exercise noun,lexicographer,2026-09-10,680,standard,,sports,fitness,neuter,Trainings,Trainings,,,,,"zum Training gehen; hartes Training; Fußballtraining","Übung; Work-out",,,Goethe-Zertifikat A2 Wortliste,,,,,reviewed
632,word,Traum,series of visions during sleep or cherished hope,dream,Ich habe schlecht geträumt. Das ist mein Traum.,I had a bad dream. That is my dream.,A2,noun,4,high,Sleep imagery and life aspirations noun,lexicographer,2026-09-10,480,standard,,psychology,aspirations,masculine,Träume,Traumes,Traums,,,,"einen Traum haben; Traum von der eigenen Firma","Wunschtraum; Schäfchenzählen","Wirklichkeit; Realität",,Goethe-Zertifikat A2 Wortliste,,,,,reviewed
633,word,träumen,to experience visions while sleeping or fantasize,to dream,Ich träume von einem großen Haus mit Garten.,I dream of a big house with a garden.,A2,verb,4,high,Nocturnal sleep and waking ambition verb,lexicographer,2026-09-10,580,standard,,psychology,aspirations,,,,FALSE,FALSE,haben,träumt,träumte,geträumt,"von + Dat. träumen; schlecht träumen","süß träumen; vom Urlaub träumen","phantasieren; schwelgen",,,,,reviewed
634,word,traurig,affected by or expressing grief and unhappiness,sad / sorrowful,Ich bin sehr traurig. Meine Katze ist weggelaufen.,I am very sad. My cat ran away.,A2,adjective,4,high,Emotional sorrow and grief adjective,lexicographer,2026-09-10,540,standard,,psychology,feelings,,,,,,,,predicative/attributive,"traurig sein über; traurige Nachricht","betrübt; unglücklich; melancholisch","froh; fröhlich; glücklich",,Goethe-Zertifikat A2 Wortliste,,,,reviewed
635,word,trocken,free from moisture or wetness,dry,Die Wäsche ist bald trocken.,The laundry is dry soon.,A2,adjective,4,high,Humidity,weather,and laundry adjective,lexicographer,2026-09-10,480,standard,,"household;nature",condition,,,,,,,,predicative/attributive,"trockene Luft; trockenes Brot; trocken werden","dürr; ausgetrocknet","nass; feucht",,,,reviewed
636,word,tschüs,informal parting word addressed to friends,bye / goodbye,"Tschüs, bis morgen!, Bye",see you tomorrow!,A2,interjection,5,very high,Universal colloquial farewell particle,lexicographer,2026-09-10,190,informal,,social,greeting,,,,,,,,Abschiedsformel,"tschüs sagen; tschüs zusammen","auf Wiedersehen; servus","hallo; guten Tag",,Goethe-Zertifikat A2 Wortliste,,,,reviewed
637,word,Tür,movable hinged barrier closing an entrance,door,Mach bitte die Tür zu!,Please close the door!,A2,noun,5,very high,Household interior and entrance barrier noun,lexicographer,2026-09-10,210,standard,,housing,architecture,feminine,Türen,Tür,,,,,"die Tür aufmachen; Haustür; vor der Tür","Pforte; Eingangstür",Fenster,,Goethe-Zertifikat A2 Wortliste,,,,,reviewed
638,word,typisch,characteristic of a particular person or group,typical / characteristic,Diese Musik ist typisch für dieses Land.,This music is typical of this country.,A2,adjective,4,high,Cultural traits,behavior,and character adjective,lexicographer,2026-09-10,650,standard,,"general;culture",character,,,,,,,,predicative/attributive,"typisch für; typisches Verhalten","charakteristisch; bezeichnend","untypisch; ungewöhnlich",,,,reviewed
639,word,üben,to perform exercises repeatedly to acquire skill,to practice / exercise,Ich übe jeden Tag zwei Stunden Gitarre.,I practice guitar two hours every day.,A2,verb,4,high,Music,academic skills,and sports verb,lexicographer,2026-09-10,890,standard,,"education;music",study,,,,FALSE,FALSE,haben,übt,übte,geübt,"etwas üben; für + Akk. üben","Grammatik üben; Klavier üben","trainieren; einstudieren",,,reviewed
640,word,überall,in or to every existing place,everywhere,"Ich habe überall gesucht, aber finde die Brille nicht., I searched everywhere",but cannot find the glasses.,A2,adverb,5,very high,Universal spatial ubiquity adverb,lexicographer,2026-09-10,290,standard,,location,space,,,,,,,,lokales Adverb,"überall auf der Welt; fast überall","allerorten; allerorts","nirgends; nirgendwo",,Goethe-Zertifikat A2 Wortliste,,,,reviewed
641,word,übermorgen,on the day immediately following tomorrow,the day after tomorrow,Morgen habe ich frei. Ich komme übermorgen wieder ins Büro.,Tomorrow I am off. I'll come back to the office the day after tomorrow.,A2,adverb,4,high,Calendar and scheduling future temporal adverb,lexicographer,2026-09-10,1350,standard,,time,future,,,,,,,,temporales Adverb,"übermorgen früh; erst übermorgen",am Tage nach morgen,vorgestern,,Goethe-Zertifikat A2 Wortliste,,,,reviewed
642,word,übersetzen,to express text or speech in another language,to translate,Können Sie mir den Brief bitte übersetzen?,Could you please translate the letter for me?,A2,verb,4,high,Linguistics,documents,and comprehension verb,lexicographer,2026-09-10,950,standard,,linguistics,writing,,,,FALSE,FALSE,haben,übersetzt,übersetzte,übersetzt,"aus + Dat. in + Akk. übersetzen; etwas übersetzen","ins Deutsche übersetzen; Wörter übersetzen","übertragen; dolmetschen",,,reviewed
643,word,Übersetzung,written translation of text into another language,translation,Ich brauche eine Übersetzung von meinem Zeugnis.,I need a translation of my certificate.,A2,noun,4,high,Linguistics,official documents,and certified texts noun,lexicographer,2026-09-10,1450,standard,,"linguistics;administration",documents,feminine,Übersetzungen,Übersetzung,,,,,"Übersetzung anfertigen; deutsche Übersetzung","Übertragung; Translation",,,Goethe-Zertifikat A2 Wortliste,,,reviewed
644,word,um Mitternacht,at precisely twelve o'clock at night,at midnight,Der Zug kommt um Mitternacht.,The train arrives at midnight.,A2,phrase,4,high,Clock time point phrase,lexicographer,2026-09-10,650,standard,,time,clock,,,,,,,,temporale Phrase,"um Mitternacht schlafen; kurz vor Mitternacht",um 24:00 Uhr,am Mittag,,Goethe-Zertifikat A2 Wortliste,,,,reviewed
645,word,umsteigen,to transfer from one train/bus/line to another,to transfer / change (trains/buses),Sie müssen in Mannheim umsteigen.,You have to transfer in Mannheim.,A2,verb,4,high,Public transit connections and routing verb,lexicographer,2026-09-10,1450,standard,,travel,transport,,,,FALSE,TRUE,sein,steigt um,stieg um,umgestiegen,"in + Akk. umsteigen; in + Dat. umsteigen","in den Bus umsteigen; Anschluss zum Umsteigen",die Verbindung wechseln,durchfahren,,,,reviewed
646,word,Umzug,process of moving domestic residence,move / relocation,Der Umzug ist nächste Woche.,The move is next week.,A2,noun,4,high,Housing change and transport logistics noun,lexicographer,2026-09-10,1350,standard,,housing,relocation,masculine,Umzüge,Umzuges,Umzugs,,,,"den Umzug planen; Umzugswagen","Wohnungswechsel; Wohnsitzwechsel",,,Goethe-Zertifikat A2 Wortliste,,,,,reviewed
647,word,unbedingt,not modified by conditions / without fail,absolutely / definitely,Ich muss unbedingt mit dir sprechen.,I absolutely have to speak with you.,A2,adverb,4,high,Modal conviction and emphatic necessity adverb,lexicographer,2026-09-10,340,standard,,general,conviction,,,,,,,,Gradadverb / Modaladverb,"unbedingt machen; unbedingt ansehen","auf jeden Fall; zwingend","keineswegs; auf keinen Fall",,Goethe-Zertifikat A2 Wortliste,,,,reviewed
648,word,Unfall,unforeseen disastrous event causing injury/damage,accident,Wie ist der Unfall passiert?,How did the accident happen?,A2,noun,4,high,Traffic collisions,emergency,and injury noun,lexicographer,2026-09-10,680,standard,,"transport;health",emergency,masculine,Unfälle,Unfalles,Unfalls,,,,"einen Unfall haben; schwerer Unfall; Autounfall","Kollision; Unglück; Havarie",,,Goethe-Zertifikat A2 Wortliste,,,reviewed
649,word,Universität,institution of higher education and research,university,Er studiert an der Universität Freiburg.,He studies at the University of Freiburg.,A2,noun,5,very high,Higher education and academic campus noun,lexicographer,2026-09-10,480,standard,,education,institutions,feminine,Universitäten,Universität,,,,,"an der Universität studieren; Mensa der Universität","Uni; Hochschule",,,Goethe-Zertifikat A2 Wortliste,,,,,reviewed
650,word,unterhalten,to converse with someone informally (reflexive),to chat / talk / converse,Wir haben uns über das Fußballspiel unterhalten.,We talked about the football game.,A2,verb,4,high,Informal verbal conversation verb,lexicographer,2026-09-10,480,standard,,communication,speech,,,,TRUE,FALSE,haben,unterhält,unterhielt,unterhalten,sich mit + Dat. über + Akk. unterhalten,"sich lange unterhalten; sich nett unterhalten","plaudern; sprechen; reden",schweigen,,,,reviewed
651,word,unternehmen,to engage in or set about an activity or excursion,to do / undertake,Wollen wir heute Abend etwas unternehmen?,Shall we do something fun this evening?,A2,verb,4,high,Leisure activities,excursions,and initiative verb,lexicographer,2026-09-10,680,standard,,"leisure;social",action,,,,FALSE,FALSE,haben,unternimmt,unternahm,unternommen,"etwas unternehmen; zusammen etwas unternehmen","einen Ausflug unternehmen; etwas Schönes unternehmen","in die Tat umsetzen; anpacken",,,reviewed
652,word,Unterschied,point or way in which people/things are not the same,difference,Was ist der Unterschied zwischen den beiden Kursen?,What is the difference between the two courses?,A2,noun,4,high,Analytical comparison and differentiation noun,lexicographer,2026-09-10,480,standard,,general,comparison,masculine,Unterschiede,Unterschiedes,Unterschieds,,,,"kein Unterschied; großer Unterschied","Differenz; Diskrepanz","Gleichheit; Ähnlichkeit",,Goethe-Zertifikat A2 Wortliste,,,,,reviewed
653,word,untersuchen,to inspect closely or conduct medical examination,to examine / investigate,Der Arzt hat mich untersucht.,The doctor examined me.,A2,verb,4,high,Medical checkups and inspection verb,lexicographer,2026-09-10,610,standard,,"health;science",verification,,,,FALSE,FALSE,haben,untersucht,untersuchte,untersucht,jemanden/etwas untersuchen,"das Bein untersuchen; Patienten untersuchen","begutachten; durchchecken",,,,,reviewed
654,phrase,unterwegs sein,to be in the course of traveling or en route,to be on the way / out and about,Ich bin unterwegs und komme gleich.,I am on the way and will arrive shortly.,A2,phrase,4,high,Transit status and mobility predicate,lexicographer,2026-09-10,510,standard,,travel,movement,,,,,,,,Prädikatsausdruck,"schon unterwegs sein; den ganzen Tag unterwegs sein","auf Achse; auf der Reise",zu Hause sein,,Goethe-Zertifikat A2 Wortliste,,,,reviewed
655,word,usw.,abbreviation for und so weiter / et cetera,etc. / and so on,"Wir kaufen Äpfel, Birnen usw., We buy apples, pears",etc.,A2,abbreviation,5,very high,Formula for listing further entities,lexicographer,2026-09-10,380,standard,,general,writing,,,,,,,,Abkürzung (und so weiter),"und so fort; etc.",,,Goethe-Zertifikat A2 Wortliste,,,,,reviewed
656,phrase,verabredet sein,to have a prearranged meeting or social date,to have an appointment / be meeting,Ich bin mit meiner Freundin verabredet.,I am meeting up with my girlfriend.,A2,phrase,4,high,Social scheduling and dating predicate,lexicographer,2026-09-10,950,standard,,social,appointments,,,,,,,,Prädikatsausdruck,mit jemandem verabredet sein,eine Verabredung haben,,,Goethe-Zertifikat A2 Wortliste,,,,reviewed
657,word,Veranstaltung,organized public gathering or performance event,event / function,Am Samstag haben wir eine Veranstaltung.,On Saturday we have an event.,A2,noun,4,high,Public cultural events,celebrations,and gatherings noun,lexicographer,2026-09-10,580,standard,,"culture;social",events,feminine,Veranstaltungen,Veranstaltung,,,,,"an einer Veranstaltung teilnehmen; kulturelle Veranstaltung","Event; Festivität; Treffen",,,Goethe-Zertifikat A2 Wortliste,,,reviewed
658,word,verbieten,to order someone not to do something by rule,to forbid / prohibit,Hier ist Rauchen verboten.,Smoking is prohibited here.,A2,verb,4,high,Official prohibitions and regulations verb,lexicographer,2026-09-10,650,standard,,"society;administration",rules,,,,FALSE,FALSE,haben,verbietet,verbot,verboten,"jemandem etwas verbieten; verboten sein","streng verboten; Parken verboten","untersagen; sperren","erlauben; gestatten",,,,reviewed
659,word,vereinbaren,to agree upon an appointment,contract,"or term, to agree on / arrange, Können wir einen Termin vereinbaren?",Can we arrange an appointment?,A2,verb,4,high,Administrative scheduling and business arrangements verb,lexicographer,2026-09-10,680,standard,,"work;social",organization,,,,FALSE,FALSE,haben,vereinbart,vereinbarte,vereinbart,"einen Termin vereinbaren; etwas vereinbaren","gemeinsam vereinbaren; Treffen vereinbaren","ausmachen; absprechen",,,,,reviewed
660,word,vergessen,to fail to remember or leave something behind,to forget,Ich habe meine Hausaufgaben vergessen.,I forgot my homework.,A2,verb,5,very high,Cognitive memory lapse and negligence verb,lexicographer,2026-09-10,210,standard,,cognition,memory,,,,FALSE,FALSE,haben,vergisst,vergaß,vergessen,"etwas vergessen; vergessen zu + Inf.","den Schlüssel vergessen; Termin nicht vergessen","nicht daran denken; versäumen","erinnern; merken",,,,reviewed
661,word,vergleichen,to estimate or note similarities and differences,to compare,Vergleichen Sie die Angebote!,Compare the offers!,A2,verb,4,high,Evaluation,exam instructions,and prices verb,lexicographer,2026-09-10,540,standard,,general,comparison,,,,FALSE,FALSE,haben,vergleicht,verglich,verglichen,etwas mit + Dat. vergleichen,"Antworten vergleichen; Preise vergleichen","gegenüberstellen; abgleichen",,,reviewed
662,word,Verkehrsmittel,vehicle or transit infrastructure for transporting people,means of transport / transport,Welche Verkehrsmittel benutzen Sie oft?,Which means of transport do you use often?,A2,noun,4,high,Public transit categorization and vehicles noun,lexicographer,2026-09-10,1450,standard,,travel,transport,neuter,Verkehrsmittel,Verkehrsmittels,,,,,öffentliche Verkehrsmittel benutzen,"Transportmittel; Beförderungsmittel",,,Goethe-Zertifikat A2 Wortliste,,,,,reviewed
663,word,verletzen,to inflict physical bodily damage upon (reflexive),to injure / hurt oneself,Haben Sie sich verletzt?,Did you injure yourself?,A2,verb,4,high,Physical injury and trauma verb,lexicographer,2026-09-10,650,standard,,health,injury,,,,TRUE,FALSE,haben,verletzt,verletzte,verletzt,"sich am Bein verletzen; sich verletzen","schwer verletzt sein; leicht verletzt","verwunden; wehtun",heilen,,,,reviewed
664,word,verlieben,to begin to feel romantic love for (reflexive),to fall in love,Ich bin total verliebt.,I am totally in love.,A2,verb,4,high,Romantic affection and attachment verb,lexicographer,2026-09-10,810,standard,,"social;psychology",feelings,,,,TRUE,FALSE,haben,verliebt,verliebte,verliebt,sich in + Akk. verlieben,"unsterblich verliebt sein; sich Hals über Kopf verlieben",Liebe empfinden,,,,,reviewed
665,word,verlieren,to become deprived of,misplace,"or fail to win, to lose, Ich habe meinen Schlüssel verloren.",I lost my key.,A2,verb,5,very high,Loss of items,employment,and sports defeat verb,lexicographer,2026-09-10,210,standard,,"general;sports",loss,,,,FALSE,FALSE,haben,verliert,verlor,verloren,"etwas verlieren; gegen + Akk. verlieren","die Arbeit verlieren; das Spiel verlieren","einbüßen; verlegen",,,reviewed
666,word,Vermieterin,female person who rents out property to tenant,landlady,Unsere Vermieterin ist nett.,Our landlady is nice.,A2,noun,4,high,Housing tenancy and contracts noun,lexicographer,2026-09-10,1650,standard,,housing,people,feminine,Vermieterinnen,Vermieterin,,,,,"die Vermieterin anrufen; nette Vermieterin","Hauswirtin; Wohnungsgeberin",Mieterin,,Goethe-Zertifikat A2 Wortliste,,,,,reviewed
667,word,verpassen,to fail to catch transit or seize an occasion,to miss (train/chance),Ich habe den Zug verpasst.,I missed the train.,A2,verb,4,high,Transit schedules and opportunities verb,lexicographer,2026-09-10,880,standard,,travel,transport,,,,FALSE,FALSE,haben,verpasst,verpasste,verpasst,etwas verpassen,"den Bus verpassen; einen Termin verpassen","versäumen; verfehlen","erreichen; erwischen",,,,reviewed
668,word,verreisen,to depart on a trip or go away from home,to go away on a trip / travel away,Verreist ihr in den Ferien?,Are you going away on a trip during the holidays?,A2,verb,4,high,Vacation,departures,and holiday travel verb,lexicographer,2026-09-10,1450,standard,,travel,vacation,,,,FALSE,FALSE,sein,verreist,verreiste,verreist,"in den Ferien verreisen; zur Zeit verreist sein","wegfahren; Urlaub machen","daheimbleiben; zu Hause bleiben",,,reviewed
669,word,verschieben,to postpone an arrangement to a later time,to postpone / reschedule,Leider muss ich den Termin verschieben.,Unfortunately I have to reschedule the appointment.,A2,verb,4,high,Time organization and rescheduling verb,lexicographer,2026-09-10,950,standard,,"time;work",organization,,,,FALSE,FALSE,haben,verschiebt,verschob,verschoben,etwas auf + Akk. verschieben,"einen Termin auf Montag verschieben; Sitzung verschieben","vertagen; verlegen",,,,,reviewed
670,word,verschieden,not of the same kind / multiple distinct types,different / various,Unsere beiden Kinder sind sehr verschieden.,Our two children are very different.,A2,adjective,5,very high,Comparative divergence and multiplicity adjective,lexicographer,2026-09-10,160,standard,,general,diversity,,,,,,,,predicative/attributive,"verschiedene Farben; sehr verschieden sein","unterschiedlich; divers","gleich; identisch",,Goethe-Zertifikat A2 Wortliste,,,,reviewed
671,word,Verspätung,delay causing transit arrival past schedule,delay,Unser Zug hat leider 15 Minuten Verspätung.,Our train unfortunately has a 15-minute delay.,A2,noun,4,high,Public transport scheduling noun,lexicographer,2026-09-10,1180,standard,,travel,transport,feminine,Verspätungen,Verspätung,,,,,"Verspätung haben; Verspätung melden",Verzögerung,Pünktlichkeit,,Goethe-Zertifikat A2 Wortliste,,,,,reviewed
672,word,versuchen,to make an effort to do or test something,to try / attempt,Kann ich es auch einmal versuchen?,Can I also try it once?,A2,verb,5,very high,Core effort,experimentation,and trial verb,lexicographer,2026-09-10,210,standard,,general,action,,,,FALSE,FALSE,haben,versucht,versuchte,versucht,"etwas zu + Inf. versuchen; etwas versuchen","noch einmal versuchen; es versuchen mit","probieren; anstreben; testen",,,reviewed
673,word,Vertrag,binding formal legal or commercial agreement,contract,Ich muss den Vertrag noch unterschreiben.,I still have to sign the contract.,A2,noun,4,high,Legal,housing,and employment agreements noun,lexicographer,2026-09-10,480,standard,,"work;administration",law,masculine,Verträge,Vertrages,Vertrags,,,,"einen Vertrag unterschreiben; Mietvertrag; Arbeitsvertrag","Vereinbarung; Kontrakt",,,Goethe-Zertifikat A2 Wortliste,,,reviewed
674,word,viel,constituting a large quantity,extent,"or degree, much / many / a lot, Ich habe leider nicht viel Zeit.",Unfortunately I do not have much time.,A2,indefinite_pronoun,5,very high,Universal large quantity quantifier/adverb,lexicographer,2026-09-10,25,standard,,general,quantity,,,,,,,,Indefinitpronomen / Gradadverb,"viel Spaß; viele Grüße; viel Geld","eine Menge; haufenweise","wenig; kaum",,Goethe-Zertifikat A2 Wortliste,,,,reviewed
675,word,viermal,on four separate instances or occasions,four times,Wir haben viermal gewonnen.,We won four times.,A2,adverb,3,medium,Numerical frequency multiplication adverb,lexicographer,2026-09-10,1180,standard,,time,frequency,,,,,,,,Frequenzadverb,"viermal im Jahr; viermal hintereinander",vier Mal,"dreimal; fünfmal",,Goethe-Zertifikat A2 Wortliste,,,,reviewed
676,word,vierte,constituting number four in a sequence,fourth,Wir wohnen im vierten Stock.,We live on the fourth floor.,A2,adjective,4,high,Ordinal number adjective,lexicographer,2026-09-10,180,standard,,general,order,,,,,,,,Ordinalzahl,"der vierte Teil; vierte Klasse",an vierter Stelle,"dritte; fünfte",,Goethe-Zertifikat A2 Wortliste,,,,reviewed
677,word,viertens,in the fourth place / introducing fourth point,fourthly,4. viertens: Die Sache ist erledigt.,4. fourthly: the matter is done.,A2,adverb,3,medium,Enumeration and structuring discourse adverb,lexicographer,2026-09-10,2400,standard,,communication,sequence,,,,,,,,Aufzählungsadverb,viertens und letztens,an vierter Stelle,drittens,,Goethe-Zertifikat A2 Wortliste,,,,reviewed
678,word,Vogel,warm-blooded egg-laying feathered vertebrate,bird,Morgens singen die Vögel immer laut.,In the morning the birds always sing loudly.,A2,noun,4,high,Nature,wildlife,and animals noun,lexicographer,2026-09-10,950,standard,,nature,animals,masculine,Vögel,Vogels,,,,"Vögel singen; Zugvögel; kleiner Vogel",Federvieh,,,Goethe-Zertifikat A2 Wortliste,,,,reviewed
679,word,voll,filled to capacity / having no empty space,full / crowded,Morgens sind die Züge immer sehr voll.,In the morning the trains are always very full.,A2,adjective,5,very high,Capacity,crowding,and fullness adjective,lexicographer,2026-09-10,210,standard,,"transport;general",capacity,,,,,,,,predicative/attributive,"ganz voll; voller Bus; vollgetankt","gefüllt; überfüllt",leer,,,,reviewed
680,word,Volleyball,team game hitting ball over a high net,volleyball,Ich spiele gern Volleyball.,I like playing volleyball.,A2,noun,3,medium,Sports and leisure games noun,lexicographer,2026-09-10,2100,standard,,sports,games,masculine,-,Volleyballs,,,,"Volleyball spielen; Beachvolleyball",Ballspiel,,,Goethe-Zertifikat A2 Wortliste,,,,,,reviewed
681,word,von zu Hause,originating from one's own residence,from home,Er kommt gerade von zu Hause.,He is just coming from home.,A2,phrase,4,high,Origin domestic phrase,lexicographer,2026-09-10,340,standard,,housing,origin,,,,,,,,Herkunftsphrase,"von zu Hause weggehen; von zu Hause aus arbeiten",von daheim,nach Hause,,Goethe-Zertifikat A2 Wortliste,,,,reviewed
682,word,vorbei,passing past a spatial point or having ended,past / by / over,Kommst du morgen bei mir vorbei?,Will you drop by my place tomorrow?,A2,adverb,4,high,Spatial transit by a point and temporal conclusion adverb,lexicographer,2026-09-10,480,standard,,"directions;time",movement,,,,,,,,lokales Adverb / Prädikat,"am Krankenhaus vorbei fahren; bei jemandem vorbeikommen; die Zeit ist vorbei","vorüber; passee",anstehend,,Goethe-Zertifikat A2 Wortliste,,,,reviewed
683,word,vorbereiten,to make ready or prepare in advance (reflexive),to prepare / get ready,Ich muss mich auf meine Prüfung vorbereiten.,I have to prepare for my exam.,A2,verb,4,high,Task preparation and organization verb,lexicographer,2026-09-10,580,standard,,"education;work",action,,,,TRUE,TRUE,haben,bereitet vor,bereitete vor,vorbereitet,"sich auf + Akk. vorbereiten; etwas vorbereiten","die Party vorbereiten; auf die Prüfung vorbereiten","präparieren; rüsten",,,,,reviewed
684,word,vorgestern,on the day before yesterday,the day before yesterday,Er hat mich vorgestern angerufen.,He called me the day before yesterday.,A2,adverb,4,high,Retrospective past calendar day adverb,lexicographer,2026-09-10,1450,standard,,time,past,,,,,,,,temporales Adverb,"vorgestern Abend; schon vorgestern",zwei Tage zuvor,übermorgen,,Goethe-Zertifikat A2 Wortliste,,,,reviewed
685,word,vorher,at a time preceding another event,beforehand / earlier / before,"Vorher muss ich aber noch zur Bank., Before that, however",I still have to go to the bank.,A2,adverb,4,high,Chronological sequence and priority adverb,lexicographer,2026-09-10,380,standard,,time,sequence,,,,,,,,temporales Adverb,"gleich vorher; kurz vorher","zuvor; früher; im Vorfeld","nachher; hinterher",,Goethe-Zertifikat A2 Wortliste,,,,reviewed
686,word,vormittags,on forenoons as a recurring habit,in the mornings / forenoons,Vormittags haben wir Schule.,In the mornings we have school.,A2,adverb,4,high,Temporal recurring schedule adverb,lexicographer,2026-09-10,850,standard,,time,frequency,,,,,,,,temporales Adverb,"vormittags erreichbar; jeden Tag vormittags",am Vormittag,nachmittags,,Goethe-Zertifikat A2 Wortliste,,,,reviewed
687,word,vorn,at or toward the anterior front part,in front / at the front,Bitte vorn einsteigen!,Please board at the front!,A2,adverb,4,high,Spatial orientation and transit boarding adverb,lexicographer,2026-09-10,480,standard,,"directions;transport",space,,,,,,,,lokales Adverb (auch vorne),"ganz vorn; vorne sitzen; vorn im Bus","an der Spitze; im Vorderbereich",hinten,,Goethe-Zertifikat A2 Wortliste,,,,reviewed
688,word,Vorschlag,idea or scheme put forward for consideration,suggestion / proposal,Hast du einen guten Vorschlag?,Do you have a good suggestion?,A2,noun,4,high,Social coordination,ideas,and advice noun,lexicographer,2026-09-10,680,standard,,communication,ideas,masculine,Vorschläge,Vorschlags,Vorschlages,,,,"einen Vorschlag machen; guter Vorschlag","Anregung; Offerte; Plan",,,Goethe-Zertifikat A2 Wortliste,,,reviewed
689,word,vorsichtig,taking care to avoid danger or mishaps,careful / cautious / gently,Sei vorsichtig! Du musst vorsichtig fahren.,Be careful! You must drive carefully.,A2,adjective,4,high,Safety,conduct,and traffic alertness adjective/adverb,lexicographer,2026-09-10,650,standard,,"safety;transport",character,,,,,,,,predicative/attributive/adverbial,"vorsichtig sein; vorsichtig fahren","behutsam; wachsam; achtsam","unvorsichtig; leichtsinnig",,,,reviewed
690,word,vorwärts,in the direction that one is facing or ahead,forwards / ahead,Fahren Sie bitte noch ein Stück vorwärts.,Please drive forward a little bit further.,A2,adverb,4,high,Spatial direction and vehicle navigation adverb,lexicographer,2026-09-10,1180,standard,,"directions;transport",movement,,,,,,,,Direktionaladverb,"vorwärts fahren; Schritt vorwärts",nach vorne,rückwärts,,Goethe-Zertifikat A2 Wortliste,,,,reviewed
691,word,wach,not asleep or completely alert,awake,Bist du schon lange wach?,Have you been awake for long?,A2,adjective,4,high,Sleep state,vigilance,and morning alertness adjective,lexicographer,2026-09-10,750,standard,,"daily_routine;health",state,,,,,,,,predicative/attributive,"ganz wach sein; wach werden","munter; aufgeweckt","schlafend; müde",,,,reviewed
692,word,Wagen,wheeled road vehicle or railway passenger carriage,car / railway carriage,Wo steht Ihr Wagen? Im zweiten Wagen ist das Zugrestaurant.,Where is your car? In the second carriage is the train restaurant.,A2,noun,4,high,Automobile and train carriage noun,lexicographer,2026-09-10,480,standard,,transport,vehicles,masculine,Wagen,Wagens,,,,,"mit dem Wagen fahren; Speisewagen; Wagenklasse","Auto; Eisenbahnwagen; PKW",,,Goethe-Zertifikat A2 Wortliste,,,,,reviewed
693,word,wählen,to select from options or dial a phone number,to choose / select / dial,Wählen Sie bitte ein Getränk!,Please choose a beverage!,A2,verb,5,very high,Selection decisions and phone dialling verb,lexicographer,2026-09-10,380,standard,,"general;communication",action,,,,FALSE,FALSE,haben,wählt,wählte,gewählt,"etwas wählen; zwischen + Dat. wählen","die falsche Nummer wählen; Menü wählen","aussuchen; selektieren",,,,,reviewed
694,word,wahr,in accordance with fact or truth,true / real,Das ist nicht wahr!,That is not true!,A2,adjective,5,very high,Factuality,veracity,and agreement adjective,lexicographer,2026-09-10,280,standard,,general,correctness,,,,,,,,predicative/attributive,"nicht wahr; wahre Begebenheit","zutreffend; richtig; wahrheitsgemäß","falsch; gelogen",,,,reviewed
695,word,wahrscheinlich,reasonably to be expected / probable,probable / likely / probably,Er kommt wahrscheinlich nicht.,He probably won't come.,A2,adjective,4,high,Probability assessment and epistemic adverb/adjective,lexicographer,2026-09-10,340,standard,,general,probability,,,,,,,,predicative/adverbial,"sehr wahrscheinlich; wahrscheinlich kommen","vermutlich; wohl",unwahrscheinlich,,Goethe-Zertifikat A2 Wortliste,,,,reviewed
696,word,Wald,large area covered chiefly with trees,forest / woods,Ich gehe gern im Wald spazieren.,I like going for a walk in the forest.,A2,noun,4,high,Nature,environment,and outdoor recreation noun,lexicographer,2026-09-10,610,standard,,nature,environment,masculine,Wälder,Waldes,Walds,,,,"im Wald spazieren; durch den Wald fahren","Forst; Gehölz",,,Goethe-Zertifikat A2 Wortliste,,,reviewed
697,word,wann,at what time / interrogative temporal adverb,when,Wann bist du fertig?,When will you be ready?,A2,pronoun,5,very high,Core temporal question interrogative,lexicographer,2026-09-10,65,standard,,time,questions,,,,,,,,Interrogativadverb,"wann kommst du; wann kann ich anrufen",zu welchem Zeitpunkt,,,Goethe-Zertifikat A2 Wortliste,,,,reviewed
698,word,warm,having or giving out moderate heat,warm,Hier ist es sehr warm.,It is very warm here.,A2,adjective,5,very high,Core temperature,weather,and food adjective,lexicographer,2026-09-10,280,standard,,"weather;food",temperature,,,,,,,,predicative/attributive,"warmes Essen; warmer Pullover; warmes Wetter","aufgeheizt; mild","kalt; kühl",,,,reviewed
699,word,warum,for what reason or purpose / interrogative causal,why,Warum kommt er nicht?,Why isn't he coming?,A2,pronoun,5,very high,Core causal inquiry interrogative,lexicographer,2026-09-10,85,standard,,general,questions,,,,,,,,Interrogativadverb,"warum weinst du; warum nicht","wieso; weshalb; weswegen",,,Goethe-Zertifikat A2 Wortliste,,,,reviewed
700,word,Wäsche,garments,sheets,"and towels to be/being washed, laundry / washing, Ich muss noch Wäsche waschen.",I still have to do the laundry.,A2,noun,4,high,Domestic chores and textiles noun,lexicographer,2026-09-10,1150,standard,,household,clothing,feminine,-,Wäsche,,,,,"Wäsche waschen; schmutzige Wäsche; die Wäsche ist trocken","Schmutzwäsche; Unterwäsche",,,Goethe-Zertifikat A2 Wortliste,,,,,reviewed
701,word,WC,abbreviation for water closet / restroom,toilet / WC,Wo ist das WC?,Where is the WC/restroom?,A2,noun,4,high,Public sanitation facilities noun,lexicographer,2026-09-10,1150,standard,,hygiene,facilities,neuter,WCs,WCs,,,,"Damen-WC; Herren-WC; aufs WC gehen","Toilette; Klosett",,,Goethe-Zertifikat A2 Wortliste,,,,,,reviewed
702,word,Webseite,location connected to internet containing hyperlinked files,webpage / website,Es gibt viele Webseiten mit Grammatikübungen.,There are many websites with grammar exercises.,A2,noun,4,high,Internet,computing,and online media noun,lexicographer,2026-09-10,850,standard,,internet,technology,feminine,Webseiten,Webseite,,,,,"Webseite besuchen; auf der Webseite finden","Website; Internetauftritt; Homepage",,,Goethe-Zertifikat A2 Wortliste,,,reviewed
703,word,wechseln,to substitute or exchange one thing for another,to change / exchange,Wir müssen den Reifen wechseln.,We have to change the tire.,A2,verb,4,high,Substitution,tire maintenance,and currency verb,lexicographer,2026-09-10,580,standard,,"finances;transport",action,,,,FALSE,FALSE,haben,wechselt,wechselte,gewechselt,"etwas wechseln; Geld wechseln","Geld wechseln; Reifen wechseln; Kleidung wechseln","austauschen; umtauschen",,,reviewed
704,word,wecken,to cause to cease sleeping or awaken someone,to wake up / awaken,Bitte wecken Sie mich morgen früh um fünf.,Please wake me tomorrow morning at five.,A2,verb,4,high,Daily waking routine and hotel calls verb,lexicographer,2026-09-10,1180,standard,,daily_routine,action,,,,FALSE,FALSE,haben,weckt,weckte,geweckt,"jemanden wecken; durch Lärm geweckt werden","den Wecker stellen; rechtzeitig wecken","aufwecken; wachmachen",einschlafen lassen,,,,reviewed
705,word,weg,absent,removed,"or no longer present, away / gone, Meine Brille ist weg. Ich finde sie nicht mehr.",My glasses are gone. I can't find them anymore.,A2,adverb,5,very high,Absence and disappearance spatial adverb,lexicographer,2026-09-10,180,standard,,general,absence,,,,,,,,lokales Adverb / Prädikat,"schon weg; ganz weg; weg sein","verschwunden; fort","da; anwesend",,Goethe-Zertifikat A2 Wortliste,,,,reviewed
706,word,Weg,track,route,"or course followed to destination, way / path / route, Das ist der kürzeste Weg.",This is the shortest way.,A2,noun,5,very high,Wayfinding,routes,and walking paths noun,lexicographer,2026-09-10,140,standard,,directions,navigation,masculine,Wege,Weges,Wegs,,,,"den Weg beschreiben; auf dem Weg sein; kürzester Weg","Pfad; Route; Strecke",,,Goethe-Zertifikat A2 Wortliste,,,reviewed
707,word,wegbringen,to transport something away from a place,to take away,Bringst du bitte den Müll weg?,Will you please take away the trash?,A2,verb,4,high,Domestic disposal and transport verb,lexicographer,2026-09-10,1350,standard,,household,action,,,,FALSE,TRUE,haben,bringt weg,brachte weg,weggebracht,etwas wegbringen,"den Müll wegbringen; Sachen wegbringen","fortschaffen; abtransportieren",herbringen,,,,reviewed
708,word,wegen,on account of / because of,because of / on account of,Wegen seiner Arbeit kann er leider nicht kommen.,Because of his work he unfortunately cannot come.,A2,preposition,5,very high,Core causal preposition with genitive/dative,lexicographer,2026-09-10,140,standard,,general,reason,,,,,,,,,wegen + Gen./Dat.,"wegen des Wetters; wegen meiner Tochter; weswegen","aufgrund; infolge",,,Goethe-Zertifikat A2 Wortliste,,,reviewed
709,word,wegfahren,to drive away or depart in a vehicle,to drive away,Können Sie Ihr Auto bitte wegfahren?,Could you please drive your car away?,A2,verb,4,high,Vehicle repositioning and departure verb,lexicographer,2026-09-10,1280,standard,,transport,movement,,,,FALSE,TRUE,sein,fährt weg,fuhr weg,weggefahren,"mit dem Auto wegfahren; das Auto wegfahren","fortfahren; abfahren","herfahren; ankommen",,Goethe-Zertifikat A2 Wortliste,,,reviewed
710,word,weggehen,to walk away or depart from a location,to walk away / leave,Ich gehe jetzt weg.,I am leaving now.,A2,verb,4,high,Locomotion departure and social exit verb,lexicographer,2026-09-10,720,standard,,social,movement,,,,FALSE,TRUE,sein,geht weg,ging weg,weggegangen,"von + Dat. weggehen; jetzt weggehen","fortgehen; aufbrechen","kommen; dableiben",,Goethe-Zertifikat A2 Wortliste,,,reviewed
711,word,weglaufen,to run away or escape,to run away / flee,Unser Hund ist weggelaufen.,Our dog ran away.,A2,verb,4,high,Rapid animal or human escape verb,lexicographer,2026-09-10,1180,standard,,"movement;animals",escape,,,,FALSE,TRUE,sein,läuft weg,lief weg,weggelaufen,"von zu Hause weglaufen; Katze ist weggelaufen","davonlaufen; fliehen",zurückkommen,,Goethe-Zertifikat A2 Wortliste,,,reviewed
712,word,wegmachen,to clear away,remove,"or clean off, to remove / clean off, Kannst du das bitte wegmachen?",Can you please clean that off?,A2,verb,3,medium,Domestic cleaning and informal removal verb,lexicographer,2026-09-10,1850,informal,,household,cleaning,,,,FALSE,TRUE,haben,macht weg,machte weg,weggemacht,"den Fleck wegmachen; Schmutz wegmachen","beseitigen; entfernen; wegwischen",,,Goethe-Zertifikat A2 Wortliste,,,reviewed
713,word,wegnehmen,to deprive someone of or confiscate,to take away,Warum hast du dem Kind den Ball weggenommen?,Why did you take the ball away from the child?,A2,verb,4,high,Confiscation and deprivation verb,lexicographer,2026-09-10,950,standard,,social,action,,,,FALSE,TRUE,haben,nimmt weg,nahm weg,weggenommen,jemandem etwas wegnehmen,"Spielzeug wegnehmen; Platz wegnehmen","entwenden; abnehmen","geben; schenken",,,,reviewed
714,word,wegwerfen,to discard something into trash,to throw away / discard,Sie können diese Papiere wegwerfen.,You can throw away these papers.,A2,verb,4,high,Waste disposal and discarding verb,lexicographer,2026-09-10,1210,standard,,household,waste,,,,FALSE,TRUE,haben,wirft weg,warf weg,weggeworfen,etwas in den Müll wegwerfen,"alte Zeitungen wegwerfen; nicht wegwerfen","entsorgen; wegschmeißen","behalten; aufbewahren",,,,reviewed
715,word,wehtun,to cause physical pain or hurt,to hurt / ache,Wo tut es weh?,Where does it hurt?,A2,verb,5,very high,Core bodily pain symptom verb,lexicographer,2026-09-10,680,standard,,health,symptoms,,,,FALSE,TRUE,haben,tut weh,tat weh,wehgetan,"jemandem wehtun; am Körper wehtun","der Bauch tut weh; will dir nicht wehtun","schmerzen; peinigen","lindern; heilen",,,,reviewed
716,word,weich,yielding readily to touch or pressure,soft,Ich möchte zum Frühstück ein weiches Ei.,I would like a soft-boiled egg for breakfast.,A2,adjective,4,high,Texture and physical sensation adjective,lexicographer,2026-09-10,610,standard,,"general;food",texture,,,,,,,,predicative/attributive,"weiches Ei; weiches Bett; weich anfassen","nachgiebig; zart","hart; fest",,Goethe-Zertifikat A2 Wortliste,,,,reviewed
717,word,Weihnachten,Christian winter festival celebrating Christ's nativity,Christmas,Frohe Weihnachten!,Merry Christmas!,A2,noun,5,very high,Winter festive holiday and celebrations noun,lexicographer,2026-09-10,420,standard,,"culture;religion",holidays,neuter,-,Weihnachten,,,,"zu Weihnachten; Weihnachtsgeschenke; Heiligabend","Christfest; Weihnachtsfest",,,Goethe-Zertifikat A2 Wortliste,,,,,,reviewed
718,word,weil,for the reason that,because,"Ich kann nicht kommen, weil ich arbeiten muss.",I cannot come because I have to work.,A2,conjunction,5,very high,Core causal subordinating conjunction,lexicographer,2026-09-10,25,standard,,grammar,reason,,,,,,,,,Nebensatz einleitend,"weil ich krank bin; weil es regnet","da; denn",,,Goethe-Zertifikat A2 Wortliste,,,reviewed
719,word,weinen,to shed tears as an expression of sorrow,to cry / weep,Warum weint das Baby?,Why is the baby crying?,A2,verb,4,high,Emotional and physiological response verb,lexicographer,2026-09-10,510,standard,,"social;psychology",feelings,,,,FALSE,FALSE,haben,weint,weinte,geweint,"vor + Dat. weinen; bitterlich weinen","bitte nicht weinen; Tränen vergießen","schluchzen; heulen",lachen,,,,reviewed
720,word,weiterhelfen,to assist someone in overcoming a difficulty,to help out / assist further,"Entschuldigung, können Sie mir bitte weiterhelfen?, Excuse me",can you please help me out?,A2,verb,4,high,Support and service verb,lexicographer,2026-09-10,950,standard,,social,support,,,,FALSE,TRUE,haben,hilft weiter,half weiter,weitergeholfen,jemandem bei + Dat. weiterhelfen,"bitte weiterhelfen; jemandem weiterhelfen können","beistehen; unterstützen",im Stich lassen,,,,reviewed
721,word,weitermachen,to proceed with an ongoing activity,to carry on / continue,Können wir jetzt weitermachen?,Can we continue now?,A2,verb,4,high,Activity continuation verb,lexicographer,2026-09-10,850,standard,,"work;general",action,,,,FALSE,TRUE,haben,macht weiter,machte weiter,weitergemacht,mit + Dat. weitermachen,"jetzt weitermachen; mit der Arbeit weitermachen","fortfahren; fortsetzen","aufhören; abbrechen",,,,reviewed
722,word,welcher,asking for choice among alternatives,which / which one,Welcher Tag ist heute?,Which day is today?,A2,pronoun,5,very high,Core interrogative determiner,lexicographer,2026-09-10,25,standard,,grammar,questions,,,,,,,,Interrogativpronomen,"welchen Kurs möchtest du; welches Buch",was für ein,,,Goethe-Zertifikat A2 Wortliste,,,,reviewed
723,word,wenig,small in quantity,amount,"or frequency, little / few, Ich habe leider nur wenig verstanden.",Unfortunately I understood only little.,A2,indefinite_pronoun,5,very high,Core small quantity quantifier/adverb,lexicographer,2026-09-10,95,standard,,general,quantity,,,,,,,,Indefinitpronomen / Gradadverb,"wenig Zeit; wenig verdienen; nur wenig","spärlich; gering","viel; reichlich",,Goethe-Zertifikat A2 Wortliste,,,,reviewed
724,word,wenigstens,at the very lowest estimate or at least,at least,Essen Sie wenigstens ein Stück Kuchen!,At least eat a piece of cake!,A2,adverb,4,high,Concessive minimum limit adverb,lexicographer,2026-09-10,480,standard,,general,degree,,,,,,,,Gradadverb,"wenigstens etwas; wenn schon","mindestens; zumindest",höchstens,,Goethe-Zertifikat A2 Wortliste,,,,reviewed
725,word,wenn,in the event that / whenever,if / whenever,"Wenn ich nicht arbeiten muss, komme ich., If I don't have to work",I'll come.,A2,conjunction,5,very high,Core conditional and temporal subordinating conjunction,lexicographer,2026-09-10,12,standard,,grammar,condition,,,,,,,,,Nebensatz einleitend,"wenn es regnet; immer wenn; wenn möglich","falls; sofern",,,Goethe-Zertifikat A2 Wortliste,,,reviewed
726,word,Werkstatt,room or building where repairs/crafts are done,workshop / repair garage,Mein Auto ist in der Werkstatt.,My car is in the repair shop.,A2,noun,4,high,Crafts,automotive service,and repair venue noun,lexicographer,2026-09-10,950,standard,,"work;transport",buildings,feminine,Werkstätten,Werkstatt,,,,,"Auto in die Werkstatt bringen; Kfz-Werkstatt","Reparaturwerkstatt; Atelier",,,Goethe-Zertifikat A2 Wortliste,,,reviewed
727,word,Werktag,any day of the week except Sundays and holidays,working day / business day,Geschäfte haben an Werktagen geöffnet.,Shops are open on working days.,A2,noun,4,high,Business trading hours and legal calendar noun,lexicographer,2026-09-10,1350,standard,,"commerce;time",calendar,masculine,Werktage,Werktags,Werktages,,,,"nur an Werktagen; werktags geöffnet","Arbeitstag; Wochentag",Sonn- und Feiertag,,Goethe-Zertifikat A2 Wortliste,,,,,reviewed
728,word,Wettbewerb,event in which people compete against each other,competition / contest,Mein Sohn hat bei einem Wettbewerb gewonnen.,My son won in a competition.,A2,noun,4,high,Sports,school,and public contests noun,lexicographer,2026-09-10,750,standard,,"sports;social",events,masculine,Wettbewerbe,Wettbewerbs,Wettbewerbes,,,,"beim Wettbewerb gewinnen; an einem Wettbewerb teilnehmen","Wettstreit; Kontest; Ausscheidung",,,Goethe-Zertifikat A2 Wortliste,,,reviewed
729,word,wie,in what way or manner / as / like,how / as / like,Wie heißt du?,What is your name?,A2,pronoun,5,very high,Core manner question,comparative,and discourse marker,lexicographer,2026-09-10,10,standard,,communication,manner,,,,,,,,Interrogativadverb / Vergleichspartikel,"wie bitte; wie groß; so groß wie; wie lange","auf welche Weise; in welcher Art",,,,,reviewed
730,phrase,wie viel,asking for quantity or monetary amount,how much / how many,Wie viel kostet diese Hose?,How much do these trousers cost?,A2,phrase,5,very high,Core inquiry for price and numerical quantity,lexicographer,2026-09-10,65,standard,,"shopping;general",quantity,,,,,,,,Interrogativphrase,"wie viele Kinder; wie viel Uhr ist es",welche Menge,,,Goethe-Zertifikat A2 Wortliste,,,,reviewed
731,word,wieder,once more or back to an earlier condition,again / back,Stefan kann wieder zum Fußballtraining kommen.,Stefan can come to football practice again.,A2,adverb,5,very high,Core repetition and restorative temporal adverb,lexicographer,2026-09-10,50,standard,,time,repetition,,,,,,,,temporales Adverb,"schon wieder; wieder da; wiederholen","erneut; nochmals",nie mehr,,Goethe-Zertifikat A2 Wortliste,,,,reviewed
732,word,windig,exposed to or characterized by prevailing wind,windy,Heute ist es sehr windig.,Today it is very windy.,A2,adjective,4,high,Weather forecast and meteorological adjective,lexicographer,2026-09-10,1650,standard,,weather,nature,,,,,,,,predicative/attributive,"windiges Wetter; sehr windig sein","stürmisch; luftig",windstill,,Goethe-Zertifikat A2 Wortliste,,,,reviewed
733,word,wirklich,in actual fact or truth / truly,really / truly / actual,"Es ist aber wirklich so., It really is like that",though.,A2,adjective,5,very high,Factual truth,confirmation,and modal adverb,lexicographer,2026-09-10,85,standard,,general,truth,,,,,,,,predicative/adverbial,"wirklich wahr; nicht wirklich","tatsächlich; wahrhaftig; echt","scheinbar; unwirklich",,,,reviewed
734,word,Witz,short humorous oral narrative causing laughter,joke,Wir haben Witze erzählt und viel gelacht.,We told jokes and laughed a lot.,A2,noun,4,high,Humor,social amusement,and storytelling noun,lexicographer,2026-09-10,850,standard,,"social;leisure",humor,masculine,Witze,Witzes,,,,"einen Witz erzählen; über einen Witz lachen","Scherz; Gag; Pointe",,,Goethe-Zertifikat A2 Wortliste,,,,reviewed
735,word,witzig,humorous,amusing,"or full of wit, funny / witty, Ich finde das nicht witzig.",I don't find that funny.,A2,adjective,4,high,Humor assessment and amusement adjective,lexicographer,2026-09-10,1180,standard,,general,humor,,,,,,,,predicative/attributive,"sehr witzig; witzige Bemerkung","lustig; komisch; humorvoll","ernst; langweilig",,Goethe-Zertifikat A2 Wortliste,,,,reviewed
736,word,wo,in or at what place / interrogative local,where,Wo waren Sie im Urlaub?,Where were you on vacation?,A2,pronoun,5,very high,Core spatial location interrogative adverb,lexicographer,2026-09-10,40,standard,,"directions;location",questions,,,,,,,,Interrogativadverb,"wo ist; wo wohnst du",an welchem Ort,"überall; nirgends",,Goethe-Zertifikat A2 Wortliste,,,,reviewed
737,word,woher,from what place or source / interrogative origin,where from,Woher kommen Sie?,Where do you come from?,A2,pronoun,5,very high,Core origin and derivation interrogative adverb,lexicographer,2026-09-10,210,standard,,origin,questions,,,,,,,,Interrogativadverb,"woher wissen Sie das; woher kommst du",von welchem Ort,wohin,,Goethe-Zertifikat A2 Wortliste,,,,reviewed
738,word,wohin,to what place or destination / interrogative target,where to,Wohin fährt dieser Bus?,Where is this bus going?,A2,pronoun,5,very high,Core destination and target interrogative adverb,lexicographer,2026-09-10,240,standard,,"directions;travel",questions,,,,,,,,Interrogativadverb,"wohin gehst du; wohin reisen",zu welchem Ort,woher,,Goethe-Zertifikat A2 Wortliste,,,,reviewed
739,word,Wohnzimmer,main domestic room used for general living/leisure,living room,Die Kinder sitzen im Wohnzimmer und sehen fern.,The children are sitting in the living room watching TV.,A2,noun,4,high,Domestic residential interior architecture noun,lexicographer,2026-09-10,1180,standard,,housing,room,neuter,Wohnzimmer,Wohnzimmers,,,,,"im Wohnzimmer sitzen; gemütliches Wohnzimmer","Stube; Salon; Wohnbereich",,,Goethe-Zertifikat A2 Wortliste,,,,,reviewed
740,word,Wolke,visible mass of condensed vapor in the sky,cloud,Es gibt viele Wolken am Himmel.,There are many clouds in the sky.,A2,noun,4,high,Weather and nature noun,lexicographer,2026-09-10,1380,standard,,weather,nature,feminine,Wolken,Wolke,,,,,"Wolken am Himmel; dunkle Wolken","keine Wolken; schwere Wolken",Gewölk,,,Goethe-Zertifikat A2 Wortliste,,,,reviewed
741,word,Workshop,brief intensive educational seminar for practical work,workshop,Das war ein toller Workshop.,That was a great workshop.,A2,noun,4,high,Vocational training,seminars,and education noun,lexicographer,2026-09-10,980,standard,,"education;work",learning,masculine,Workshops,Workshops,,,,,"an einem Workshop teilnehmen; Computer-Workshop","Seminar; Arbeitskreis; Fortbildung",,,Goethe-Zertifikat A2 Wortliste,,,reviewed
742,word,Wörterbuch,reference book of alphabetized lexical words,dictionary,Das Wort muss ich im Wörterbuch suchen.,I need to look up the word in the dictionary.,A2,noun,4,high,Language learning reference tool noun,lexicographer,2026-09-10,1450,standard,,"linguistics;school",books,neuter,Wörterbücher,Wörterbuchs,Wörterbuches,,,,"im Wörterbuch nachschlagen; zweisprachiges Wörterbuch","Lexikon; Diktionär",,,Goethe-Zertifikat A2 Wortliste,,,,,reviewed
743,word,Wunsch,craving,aspiration,"or desire for something, wish / desire / request, Was ist dein größter Wunsch?",What is your greatest wish?,A2,noun,4,high,Personal aspirations,shopping,and greetings noun,lexicographer,2026-09-10,480,standard,,"social;general",aspirations,masculine,Wünsche,Wunsches,Wunschs,,,,"einen Wunsch haben; haben Sie noch einen Wunsch","Begehren; Anliegen; Traum",,,Goethe-Zertifikat A2 Wortliste,,,reviewed
744,word,wünschen,to express hopes for someone or desire (reflexive),to wish / desire,Ich wünsche Ihnen alles Gute!,I wish you all the best!,A2,verb,5,very high,Social courtesy formulas and desire verb,lexicographer,2026-09-10,280,standard,,social,courtesy,,,,optional,FALSE,haben,wünscht,wünschte,gewünscht,"jemandem etwas wünschen; sich (Dat.) etwas wünschen","Gute Besserung wünschen; sich eine Kamera wünschen","erhoffen; ersehnen",,,,,reviewed
745,word,Wurst,seasoned minced meat enclosed in a casing,sausage,"Eine Wurst mit Pommes, bitte., A sausage with fries",please.,A2,noun,4,high,Meat delicacies and dining groceries noun,lexicographer,2026-09-10,1280,standard,,food,groceries,feminine,Würste,Wurst,,,,,"Bratwurst; eine Scheibe Wurst; Wurstbrot","Würstchen; Fleischware",,,Goethe-Zertifikat A2 Wortliste,,,,,reviewed
746,word,z. B.,abbreviation for zum Beispiel / for example,e.g. / for example,"Obst, z. B. Äpfel, Fruit",e.g. apples,A2,abbreviation,5,very high,Everyday explanatory abbreviation,lexicographer,2026-09-10,75,standard,,communication,writing,,,,,,,,Abkürzung (zum Beispiel),wie z. B.,beispielsweise,,,Goethe-Zertifikat A2 Wortliste,,,,reviewed
747,word,Zahl,mathematical symbol or figure representing quantity,number / figure,Können Sie die Zahl bitte wiederholen?,Could you please repeat the number?,A2,noun,5,very high,Mathematics,counting,and data noun,lexicographer,2026-09-10,280,standard,,math,quantity,feminine,Zahlen,Zahl,,,,,"Zahlen merken; eine Zahl aufschreiben","Ziffer; Nummer; Menge",,,Goethe-Zertifikat A2 Wortliste,,,reviewed
748,word,Zahn,hard bone-like structure rooted in the jaw,tooth,Der Zahn tut mir schon seit einer Woche weh.,The tooth has been hurting me for a week already.,A2,noun,4,high,Dentistry,anatomy,and healthcare noun,lexicographer,2026-09-10,1180,standard,,"body;health",dentistry,masculine,Zähne,Zahnes,Zahns,,,,"Zähne putzen; zum Zahnarzt gehen; Zahnschmerzen","Beißer; Kauwerkzeug",,,Goethe-Zertifikat A2 Wortliste,,,reviewed
749,word,zeichnen,to produce pictures by drawing with pencils/chalk,to draw,Caterina kann gut zeichnen.,Caterina can draw well.,A2,verb,4,high,Creative arts,sketching,and graphics verb,lexicographer,2026-09-10,880,standard,,art,action,,,,FALSE,FALSE,haben,zeichnet,zeichnete,gezeichnet,"etwas zeichnen; mit Bleistift zeichnen","ein Bild zeichnen; einen Plan zeichnen","skizzieren; malen",,,reviewed
750,word,zeigen,to indicate,point out,"or display for viewing, to show, Können Sie mir bitte den Weg zum Bahnhof zeigen?",Could you please show me the way to the station?,A2,verb,5,very high,Demonstration,directions,and exhibition verb,lexicographer,2026-09-10,65,standard,,"directions;communication",action,,,,FALSE,FALSE,haben,zeigt,zeigte,gezeigt,"jemandem etwas zeigen; auf + Akk. zeigen","den Ausweis zeigen; ein Foto zeigen","vorführen; weisen; präsentieren",,,reviewed
751,word,Zeitschrift,regularly published illustrated periodical magazine,magazine / periodical,Diese Zeitschrift kauft Andrea jede Woche.,Andrea buys this magazine every week.,A2,noun,4,high,Print media and journalism noun,lexicographer,2026-09-10,1210,standard,,media,press,feminine,Zeitschriften,Zeitschrift,,,,,"Zeitschrift lesen; Mode-Zeitschrift","Magazin; Journal; Illustrierte",,,Goethe-Zertifikat A2 Wortliste,,,,,reviewed
752,word,Zelt,portable fabric shelter pitched outdoors,tent,Im Sommer schlafen wir manchmal im Zelt.,In summer we sometimes sleep in a tent.,A2,noun,4,high,Camping,outdoor recreation,and lodging noun,lexicographer,2026-09-10,1350,standard,,leisure,equipment,neuter,Zelte,Zeltes,Zelts,,,,"das Zelt aufbauen; im Zelt übernachten","Campingzelt; Schutzdach",,,Goethe-Zertifikat A2 Wortliste,,,reviewed
753,word,Zentrum,middle point or commercial heart of a town,center / downtown,Der Bahnhof ist im Stadtzentrum.,The train station is in the city center.,A2,noun,4,high,Urban geography and downtown core noun,lexicographer,2026-09-10,480,standard,,city,location,neuter,Zentren,Zentrums,,,,,"im Zentrum wohnen; Einkaufszentrum; Stadtzentrum","Mitte; Innenstadt; Kern","Stadtrand; Peripherie",,Goethe-Zertifikat A2 Wortliste,,,,,reviewed
754,word,Zettel,small loose slip of paper used for notes,slip of paper / note,Hast du einen Zettel für mich?,Do you have a slip of paper for me?,A2,noun,4,high,Stationery,messages,and memos noun,lexicographer,2026-09-10,1280,standard,,"office;communication",stationery,masculine,Zettel,Zettels,,,,,"auf den Zettel schreiben; Notizzettel","Wisch; Papierstreifen",,,Goethe-Zertifikat A2 Wortliste,,,reviewed
755,word,Zeugnis,official certificate of grades or report card,certificate / report card,Morgen bekommen die Kinder ihr Zeugnis.,Tomorrow the children get their report cards.,A2,noun,4,high,School evaluation and qualifications noun,lexicographer,2026-09-10,1180,standard,,education,documents,neuter,Zeugnisse,Zeugnisses,,,,"gutes Zeugnis; Schulzeugnis; Arbeitszeugnis","Zertifikat; Urkunde; Diplom",,,Goethe-Zertifikat A2 Wortliste,,,,,,reviewed
756,word,Ziel,aim,objective,"or finish line of a route, goal / objective / finish line, John lief sehr schnell. Er war als erster am Ziel.",John ran very fast. He was first at the finish line.,A2,noun,5,very high,Sports finish line,aspirations,and travel noun,lexicographer,2026-09-10,210,standard,,"travel;sports",aspirations,neuter,Ziele,Zieles,Ziels,,,,"am Ziel ankommen; Reiseziel; Ziel im Leben","Destination; Endpunkt; Zweck","Start; Ausgangspunkt",,Goethe-Zertifikat A2 Wortliste,,,reviewed
757,word,Zirkus,traveling company of acrobats,clowns,"and animals, circus, Heute gehen wir mit den Kindern in den Zirkus.",Today we are going to the circus with the children.,A2,noun,3,medium,Entertainment,leisure,and performance venue noun,lexicographer,2026-09-10,1850,standard,,leisure,entertainment,masculine,Zirkusse,Zirkusses,,,,"in den Zirkus gehen; Zirkusvorstellung","Manege; Wanderbühne",,,Goethe-Zertifikat A2 Wortliste,,,,reviewed
758,word,Zitrone,oval yellow citrus fruit with acidic juice,lemon,Ich trinke den Tee mit Zitrone.,I drink tea with lemon.,A2,noun,4,high,Citrus fruits,groceries,and dining noun,lexicographer,2026-09-10,1650,standard,,food,fruit,feminine,Zitronen,Zitrone,,,,,"Zitroneneis; frische Zitrone; Scheibe Zitrone",Zitrusfrucht,,,Goethe-Zertifikat A2 Wortliste,,,reviewed
759,word,Zoo,establishment maintaining a collection of wild animals,zoo,Am Sonntag gehen wir in den Zoo.,On Sunday we are going to the zoo.,A2,noun,4,high,Recreation,animals,and family outings noun,lexicographer,2026-09-10,1450,standard,,"leisure;nature",animals,masculine,Zoos,Zoos,,,,,"in den Zoo gehen; Tiere im Zoo anschauen","Tierpark; Zoologischer Garten",,,Goethe-Zertifikat A2 Wortliste,,,reviewed
760,word,zu Fuß,moving by walking on one's own feet,on foot,Ich gehe zu Fuß zur Arbeit.,I go to work on foot.,A2,phrase,5,very high,Locomotion manner phrase,lexicographer,2026-09-10,180,standard,,transport,movement,,,,,,,,Modalphrase,"zu Fuß gehen; lieber zu Fuß",per pedes,"mit dem Auto; mit dem Bus",,Goethe-Zertifikat A2 Wortliste,,,,reviewed
761,word,zu Hause,at one's own domestic residence,at home,Ich bleibe heute zu Hause.,I am staying at home today.,A2,phrase,5,very high,Core domestic locational phrase,lexicographer,2026-09-10,95,standard,,housing,location,,,,,,,,lokale Phrase,"zu Hause sein; zu Hause bleiben; niemanden zu Hause",daheim,"unterwegs; draußen",,Goethe-Zertifikat A2 Wortliste,,,,reviewed
762,word,Zucker,sweet crystalline substance derived from sugar beet/cane,sugar,Trinken Sie den Tee mit oder ohne Zucker?,Do you drink tea with or without sugar?,A2,noun,4,high,Daily food seasoning and sweet grocery noun,lexicographer,2026-09-10,1180,standard,,food,groceries,masculine,-,Zuckers,,,,"Kaffee ohne Zucker; ein Löffel Zucker","Süßungsmittel; Kristallzucker",Salz,,Goethe-Zertifikat A2 Wortliste,,,,,,reviewed
763,word,zuerst,before all others in time,order,"or priority, first / at first, Zuerst müsst ihr die Hausaufgaben machen.",First you must do your homework.,A2,adverb,5,very high,Temporal chronological sequence adverb,lexicographer,2026-09-10,180,standard,,time,sequence,,,,,,,,temporales Adverb,"zuerst nicht gefallen; gleich zuerst","anfangs; zunächst","zuletzt; danach",,Goethe-Zertifikat A2 Wortliste,,,,reviewed
764,word,zuhören,to give one's attention to sound or a speaker,to listen (attentively),Hör mir doch mal zu!,Do listen to me!,A2,verb,4,high,Communication,auditory attention,and dialogue verb,lexicographer,2026-09-10,680,standard,,communication,senses,,,,FALSE,TRUE,haben,hört zu,hörte zu,zugehört,"jemandem zuhören; aufmerksam zuhören","dem Lehrer zuhören; gut zuhören","lauschen; hinhören",,,reviewed
765,word,zuletzt,at the final point in time or sequence,last / finally,Wir haben uns vor drei Jahren zuletzt gesehen.,We saw each other last three years ago.,A2,adverb,4,high,Chronological finality and sequence adverb,lexicographer,2026-09-10,310,standard,,time,sequence,,,,,,,,temporales Adverb,"zuletzt machen; als Letztes","schließlich; am Ende","zuerst; anfangs",,Goethe-Zertifikat A2 Wortliste,,,,reviewed
766,word,zumachen,to close,shut,"or lock a barrier/window, to close / shut, Machst du bitte das Fenster zu?",Will you please close the window?,A2,verb,5,very high,Domestic interior and barrier closure verb,lexicographer,2026-09-10,610,informal,,housing,action,,,,FALSE,TRUE,haben,macht zu,machte zu,zugemacht,etwas zumachen,"die Tür zumachen; das Buch zumachen","schließen; versperren","aufmachen; öffnen",,,,reviewed
767,word,zurückfahren,to travel back to the starting point in vehicle,to drive back / travel back,Fahrt ihr nach der Party zurück nach Hause?,Are you driving back home after the party?,A2,verb,4,high,Return travel and driving verb,lexicographer,2026-09-10,890,standard,,travel,movement,,,,FALSE,TRUE,sein,fährt zurück,fuhr zurück,zurückgefahren,"nach Hause zurückfahren; mit dem Zug zurückfahren","heimfahren; umkehren","hinreisen; hinfahren",,Goethe-Zertifikat A2 Wortliste,,,reviewed
768,word,zurückgeben,to return a borrowed or purchased object,to return / give back,Wann muss ich das Buch zurückgeben?,When do I have to return the book?,A2,verb,4,high,Library loans and commercial returns verb,lexicographer,2026-09-10,950,standard,,"social;commerce",action,,,,FALSE,TRUE,haben,gibt zurück,gab zurück,zurückgegeben,jemandem etwas zurückgeben,"ein Buch in die Bibliothek zurückgeben; Geld zurückgeben","erstatten; wiedergeben","behalten; leihen",,,,reviewed
769,word,zurückgehen,to walk back to a prior point on foot,to go back / walk back,Wir gehen wieder zurück.,We are walking back again.,A2,verb,4,high,Return locomotion on foot verb,lexicographer,2026-09-10,650,standard,,directions,movement,,,,FALSE,TRUE,sein,geht zurück,ging zurück,zurückgegangen,"nach Hause zurückgehen; zu Fuß zurückgehen","umkehren; heimkehren","fortgehen; weitergehen",,Goethe-Zertifikat A2 Wortliste,,,reviewed
770,word,zurückkommen,to arrive back at one's point of departure,to come back / return,Wann kommst du zurück?,When are you coming back?,A2,verb,5,very high,Return arrival and homecoming verb,lexicographer,2026-09-10,310,standard,,"social;travel",movement,,,,FALSE,TRUE,sein,kommt zurück,kam zurück,zurückgekommen,"aus dem Urlaub zurückkommen; spät zurückkommen","wiederkommen; heimkommen","weggehen; abreisen",,Goethe-Zertifikat A2 Wortliste,,,reviewed
771,word,zurücklaufen,to run or walk back hurriedly to retrieve something,to run back / walk back,Ich laufe schnell nach Hause zurück.,I am running back home quickly.,A2,verb,3,medium,Urgent return locomotion verb,lexicographer,2026-09-10,1450,standard,,movement,action,,,,FALSE,TRUE,sein,läuft zurück,lief zurück,zurückgelaufen,"schnell zurücklaufen; ins Zimmer zurücklaufen",zurückeilen,weglaufen,,Goethe-Zertifikat A2 Wortliste,,,reviewed
772,word,zweimal,on two separate instances or occasions,twice / two times,Ich habe dich zweimal angerufen.,I called you twice.,A2,adverb,4,high,Numerical frequency multiplication adverb,lexicographer,2026-09-10,510,standard,,time,frequency,,,,,,,,Frequenzadverb,"zweimal pro Woche; zweimal täglich",doppelt,"einmal; dreimal",,Goethe-Zertifikat A2 Wortliste,,,,reviewed
773,word,zweite,constituting number two in a sequence,second,Im zweiten Wagen ist das Restaurant.,In the second carriage is the restaurant.,A2,adjective,5,very high,Core ordinal number adjective,lexicographer,2026-09-10,65,standard,,general,order,,,,,,,,Ordinalzahl,"der zweite Teil; im zweiten Stock","folgend; nachfolgend","erste; dritte",,Goethe-Zertifikat A2 Wortliste,,,,reviewed
774,word,zweitens,in the second place / introducing second point,secondly,2. zweitens: Das kostet zu viel.,2. secondly: that costs too much.,A2,adverb,4,high,Enumeration and structuring discourse adverb,lexicographer,2026-09-10,810,standard,,communication,sequence,,,,,,,,Aufzählungsadverb,zweitens haben wir keine Zeit,an zweiter Stelle,"erstens; drittens",,Goethe-Zertifikat A2 Wortliste,,,,reviewed