id,type,term,sense,translation,example_de,example_en,levels,part_of_speech,native_frequency_rating,native_frequency_label,native_frequency_notes,rated_by,rated_at,corpus_rank,register,regional_labels,contexts,tags,gender,plural,genitive_singular,is_reflexive,is_separable,auxiliary,present_er_sie_es,praeteritum,partizip_ii,valency,collocations,synonyms,antonyms,false_friends,source_name,source_url,review_status
1,word,abbiegen,change direction while driving/walking,to turn (left/right),An der nächsten Kreuzung müssen Sie links abbiegen.,At the next intersection you have to turn left.,B1,verb,3,medium,Frequently used for giving directions,,,,standard,,,"traffic;directions",,,,,false,true,sein,biegt ab,bog ab,abgebogen,intr,"links abbiegen; rechts abbiegen",einbiegen,,Goethe-Zertifikat B1 Wortliste,https://www.goethe.de,draft
2,word,Abbildung,picture or illustration in text,illustration / figure / picture,"Auf der Abbildung sehen Sie, wie man das Gerät einschaltet.",In the illustration you can see how to switch on the device.,B1,noun,2,medium-low,Common in instructions and textbooks,,,,standard,,,"media;manual",feminine,-en,Abbildung,false,false,,,,,,"Illustration; Bild",,,,Goethe-Zertifikat B1 Wortliste,https://www.goethe.de,draft
3,word,Abenteuer,exciting or unusual experience,adventure,Unser Urlaub war ein tolles Abenteuer. / Die Kinder lieben Abenteuergeschichten.,Our vacation was a great adventure. / The children love adventure stories.,B1,noun,3,medium,,,,,standard,,,"leisure;narrative",neuter,-,Abenteuers,false,false,,,,,,Erlebnis,,,,Goethe-Zertifikat B1 Wortliste,https://www.goethe.de,draft
4,word,Abfall,refuse / trash,waste / garbage,Werfen Sie den Bioabfall bitte nicht zum normalen Müll.,Please do not throw organic waste into normal trash.,B1,noun,3,medium,Pertains to recycling/environment,,,,standard,,,"environment;waste",masculine,Abfälle,Abfalls,false,false,,,,,,"Müll; Unrat",,,,Goethe-Zertifikat B1 Wortliste,https://www.goethe.de,draft
5,word,Abfalleimer,container for waste,waste bin / trash can,Wirf das bitte in den Abfalleimer!,Please throw that into the trash can!,B1,noun,3,medium,,,,,standard,,,"household;waste",masculine,-,Abfalleimers,false,false,,,,,,"Mülleimer; Papierkorb",,,,Goethe-Zertifikat B1 Wortliste,https://www.goethe.de,draft
6,word,Abgase,exhaust fumes from engines/industry,exhaust fumes / exhaust gases,Abgase aus Industrie und Haushalten verschmutzen die Luft.,Exhaust fumes from industry and households pollute the air.,B1,noun,3,medium,Mainly used in the plural,,,,standard,,,"environment;traffic",feminine,Abgase,Abgase,false,false,,,,,,Emissionen,,,,Goethe-Zertifikat B1 Wortliste,https://www.goethe.de,draft
7,word,abhängen,be conditional upon,to depend on (von),"Vielleicht bleiben wir ein paar Tage länger; das hängt vom Wetter ab.","Maybe we stay a few days longer; that depends on the weather.",B1,verb,4,high,,,,,standard,,,reasoning,,,,,false,true,haben,hängt ab,hing ab,abgehangen,von + dat,abhängen von,anrechnen,,Goethe-Zertifikat B1 Wortliste,https://www.goethe.de,draft
8,word,abhängig,contingent or reliant on,dependent,Gregor ist finanziell von seinen Eltern abhängig.,Gregor is financially dependent on his parents.,B1,adjective,3,medium,,,,,standard,,,"finances;family",adjective,,,,false,false,,,,von + dat,abhängig sein von,unselbstständig,unabhängig,,Goethe-Zertifikat B1 Wortliste,https://www.goethe.de,draft
9,word,abheben,withdraw money from account,to withdraw (money),Für die Reise habe ich 500 Euro von meinem Konto abgehoben.,For the trip I withdrew 500 euros from my account.,B1,verb,3,medium,Banking/money context,,,,standard,,,"banking;money",,,,,false,true,haben,hebt ab,hob ab,abgehoben,"acc, von + dat",Geld abheben,auszahlen lassen,einzahlen,Goethe-Zertifikat B1 Wortliste,https://www.goethe.de,draft
10,word,abschreiben,copy text from someone/something,to copy / to plagiarize,Er hat die Hausaufgaben von mir abgeschrieben.,He copied the homework from me.,B1,verb,3,medium,Common in school and education,,,,standard,,,"education;school",,,,,false,true,haben,schreibt ab,schrieb ab,abgeschrieben,"acc, von + dat",Hausaufgaben abschreiben,"kopieren; abkupfern",,Goethe-Zertifikat B1 Wortliste,https://www.goethe.de,draft
11,word,ablehnen,refuse to accept or agree,to reject / to turn down,"Er hat mein Angebot; ihm zu helfen; abgelehnt.",He declined my offer to help him.,B1,verb,3,medium,,,,,standard,,,communication,,,,,false,true,haben,lehnt ab,lehnte ab,abgelehnt,acc,ein Angebot ablehnen,zurückweisen,annehmen,Goethe-Zertifikat B1 Wortliste,https://www.goethe.de,draft
12,word,abmachen,agree on an arrangement,to arrange / to agree upon,"Wir hatten doch abgemacht, dass du die Getränke besorgst.",We had agreed that you would get the drinks.,B1,verb,3,medium,,,,,standard,,,"arrangements;meetings",,,,,false,true,haben,macht ab,machte ab,abgemacht,"acc, dass-clause",etwas abmachen,"vereinbaren; verabreden",,Goethe-Zertifikat B1 Wortliste,https://www.goethe.de,draft
13,word,abnehmen,"remove; lose weight","to take off; to lose weight",Morgen können wir den Verband abnehmen. / Ich habe zehn Kilo abgenommen.,Tomorrow we can take off the bandage. / I have lost ten kilos.,B1,verb,4,high,,,,,standard,,,"health;daily life",,,,,false,true,haben,nimmt ab,nahm ab,abgenommen,acc / intr,Gewicht abnehmen,"verringern; reduzieren",zunehmen,Goethe-Zertifikat B1 Wortliste,https://www.goethe.de,draft
14,word,abonnieren,subscribe to a publication/service,to subscribe to,Diese Zeitschrift würde ich gerne abonnieren.,I would like to subscribe to this magazine.,B1,verb,2,medium-low,,,,,standard,,,"media;reading",,,,,false,false,haben,abonniert,abonnierte,abonniert,acc,eine Zeitschrift abonnieren,beziehen,kündigen,Goethe-Zertifikat B1 Wortliste,https://www.goethe.de,draft
15,word,Abonnement,subscription contract,subscription,Ich habe das Abonnement gekündigt.,I canceled the subscription.,B1,noun,2,medium-low,Often abbreviated as 'das Abo',,,,standard,,,"media;finance",neuter,-s / -e,Abonnements,false,false,,,,,,Abo,,,,Goethe-Zertifikat B1 Wortliste,https://www.goethe.de,draft
16,word,absagen,cancel an event or appointment,to cancel / to call off,"Ich muss unser Treffen leider absagen, weil ich krank geworden bin.",I unfortunately have to cancel our meeting because I have fallen ill.,B1,verb,3,medium,,,,,standard,,,"appointments;work",,,,,false,true,haben,sagt ab,sagte ab,abgesagt,acc / dat,einen Termin absagen,stornieren,zusagen,Goethe-Zertifikat B1 Wortliste,https://www.goethe.de,draft
17,word,Abschluss,graduation / conclusion / deal,qualification / degree / conclusion,Ein guter Schulabschluss ist sehr wichtig.,A good school-leaving certificate is very important.,B1,noun,3,medium,,,,,standard,,,"education;career",masculine,Abschlüsse,Abschlusses,false,false,,,,,,"Absolvierung; Ende",Beginn,,,Goethe-Zertifikat B1 Wortliste,https://www.goethe.de,draft
18,word,Abschnitt,passage / paragraph / section of text,section / paragraph,Lesen Sie bitte den zweiten Abschnitt.,Please read the second section.,B1,noun,3,medium,,,,,standard,,,"reading;exams",masculine,-e,Abschnitts,false,false,,,,,,"Teil; Absatz",,,,Goethe-Zertifikat B1 Wortliste,https://www.goethe.de,draft
19,word,Absenderin,female sender,sender (female),Schicken Sie das Paket an die Absenderin zurück.,Return the parcel to the (female) sender.,B1,noun,2,medium,,,,,standard,,,"postal;correspondence",feminine,-nen,Absenderin,false,false,,,,,,Versenderin,Empfängerin,,,Goethe-Zertifikat B1 Wortliste,https://www.goethe.de,draft
20,word,Absicht,aim / deliberate intent,intention / purpose,"Entschuldigen Sie bitte, meine Tochter hat das nicht mit Absicht gemacht. / Hast du die Absicht zu studieren?","Please excuse me; my daughter did not do that intentionally. / Do you intend to study?",B1,noun,3,medium,,,,,standard,,,"intent;planning",feminine,-en,Absicht,false,false,,,,,,"Plan; Vorhaben",,,,Goethe-Zertifikat B1 Wortliste,https://www.goethe.de,draft
21,word,absolut,complete / utter / without doubt,absolute / completely,"Was Sie da sagen, ist absolut falsch. / Ich habe absolutes Vertrauen zu dir.",What you are saying there is absolutely false. / I have absolute trust in you.,B1,adverb,4,high,,,,,standard,,,emphasis,adverb,,,,false,false,,,,,,"völlig; gänzlich",relativ,,Goethe-Zertifikat B1 Wortliste,https://www.goethe.de,draft
22,word,abstimmen,cast a ballot or decide by vote,to vote,Lasst uns über diesen Punkt abstimmen.,Let us vote on this point.,B1,verb,3,medium,,,,,standard,,,"politics;decision",,,,,false,true,haben,stimmt ab,stimmte ab,abgestimmt,über + acc,über einen Vorschlag abstimmen,"wählen; votieren",,Goethe-Zertifikat B1 Wortliste,https://www.goethe.de,draft
23,word,Abteilung,division in a firm or store,department,Meine Freundin arbeitet in der Abteilung von Frau Kaufmann.,My girlfriend works in Ms. Kaufmann's department.,B1,noun,4,high,,,,,standard,,,"work;business",feminine,-en,Abteilung,false,false,,,,,,"Sektion; Bereich",,,,Goethe-Zertifikat B1 Wortliste,https://www.goethe.de,draft
24,word,Abwart,caretaker / janitor (Swiss German),caretaker / janitor,"Der Abwart hat mir geholfen; den Schrank in die Wohnung zu tragen.",The janitor helped me carry the wardrobe into the apartment.,B1,noun,2,low,,CH,,standard,"CH-specific; D/A=Hausmeister","housing;jobs",masculine,-e,Abwarts,false,false,,,,,,Hausmeister,,,,,,Goethe-Zertifikat B1 Wortliste,https://www.goethe.de,draft
25,word,Abwartin,female caretaker / janitor (Swiss German),caretaker / janitor (female),Die Abwartin hat mir den Schlüssel gegeben.,The caretaker gave me the key.,B1,noun,1,low,,CH,,standard,"CH-specific; D/A=Hausmeisterin","housing;jobs",feminine,-nen,Abwartin,false,false,,,,,,Hausmeisterin,,,,,,Goethe-Zertifikat B1 Wortliste,https://www.goethe.de,draft
26,word,abwärts,in a downward direction,downward / downwards,Von dort führt der Weg abwärts ins Tal.,From there the path leads down into the valley.,B1,adverb,2,medium-low,,,,,standard,,,"directions;spatial",adverb,,,,false,false,,,,,,"hinunter; bergab",aufwärts,,Goethe-Zertifikat B1 Wortliste,https://www.goethe.de,draft
27,word,abwaschen,wash dishes or clean with water,to wash up / to do dishes,Ich muss noch das Geschirr abwaschen.,I still have to wash the dishes.,B1,verb,3,medium,,,,,standard,,,"household;kitchen",,,,,false,true,haben,wäscht ab,wusch ab,abgewaschen,acc,Geschirr abwaschen,"spülen; reinigen",,Goethe-Zertifikat B1 Wortliste,https://www.goethe.de,draft
28,word,abwesend,not present,absent,Herr Huber ist bis zum 25. April abwesend.,Mr. Huber is absent until April 25th.,B1,adjective,2,medium,,,,,standard,,,"office;formal",adjective,,,,false,false,,,,,,"nicht da; fort",anwesend,,Goethe-Zertifikat B1 Wortliste,https://www.goethe.de,draft
29,word,achten,pay attention / monitor,to pay attention / to watch out (auf),"Achten Sie bitte darauf; dass Sie abschließen; wenn Sie gehen.",Please make sure that you lock up when you leave.,B1,verb,4,high,,,,,standard,,,instructions,,,,,false,false,haben,achtet,achtete,geachtet,auf + acc,aufpassen auf,beachten,,Goethe-Zertifikat B1 Wortliste,https://www.goethe.de,draft
30,word,Anbieter,supplier of goods or services,provider / supplier,Ist das ein privater Telefonanbieter?,Is that a private telephone provider?,B1,noun,3,medium,Frequently used in commercial contexts,,,,standard,,,"telecom;business",masculine,-,Anbieters,false,false,,,,,,"Dienstleister; Provider","Kunde; Nachfrager",,,Goethe-Zertifikat B1 Wortliste,https://www.goethe.de,draft
31,word,andererseits,from another viewpoint,on the other hand,"Tarek möchte zwar studieren; aber andererseits möchte er auch gleich Geld verdienen.","Tarek would like to study; but on the other hand he also wants to earn money right away.",B1,adverb,3,medium,,,,,standard,,,"discourse;reasoning",adverb,,,,false,false,,,,einerseits ... andererseits,"hingegen; dagegen",einerseits,,,Goethe-Zertifikat B1 Wortliste,https://www.goethe.de,draft
32,word,Änderung,alteration or revision,change / modification,Es gibt eine Programmänderung.,There is a program change.,B1,noun,3,medium,,,,,standard,,,organization,feminine,-en,Änderung,false,false,,,,,,"Modifikation; Wechsel",,,,Goethe-Zertifikat B1 Wortliste,https://www.goethe.de,draft
33,word,anerkennen,officially validate or credit,to recognize / to accept (credentials),Meine Ausbildung wird hier nicht anerkannt.,My vocational training is not recognized here.,B1,verb,3,medium,Important for immigration and job contexts,,,,standard,,,"administration;jobs",,,,,false,true,haben,erkennt an,erkannte an,anerkannt,acc,einen Abschluss anerkennen,"bestätigen; beglaubigen",aberkennen,Goethe-Zertifikat B1 Wortliste,https://www.goethe.de,draft
34,word,anfangs,at the start,initially / at first,Anfangs ging alles gut.,Initially everything went well.,B1,adverb,3,medium,,,,,standard,,,"narrative;time",adverb,,,,false,false,,,,,,"zu Beginn; am Anfang","schließlich; am Ende",,Goethe-Zertifikat B1 Wortliste,https://www.goethe.de,draft
35,word,angeben,"state facts or details; boast",to specify / to state,Bitte geben Sie Ihre genaue Adresse an.,Please state your exact address.,B1,verb,3,medium,,,,,standard,,,"official;forms",,,,,false,true,haben,gibt an,gab an,angegeben,acc,die Adresse angeben,"nennen; mitteilen",,Goethe-Zertifikat B1 Wortliste,https://www.goethe.de,draft
36,word,Angabe,information item provided,detail / information,"Wir brauchen von Ihnen folgende Angaben: Name; Adresse; Geburtsdatum.","We need the following details from you: name; address; date of birth.",B1,noun,3,medium,,,,,standard,,,"official;forms",feminine,-n,Angabe,false,false,,,,Angaben machen,"Information; Datum",,,,,Goethe-Zertifikat B1 Wortliste,https://www.goethe.de,draft
37,word,Angehörige,family member or relative,relative / family member,Der Arzt darf nur Familienangehörigen Auskunft geben.,The doctor may only disclose information to family members.,B1,noun,2,medium-low,,,,,standard,,,"family;medical",masculine,-n,Angehörigen,false,false,,,,,,"Verwandter; Familienmitglied",,,,Goethe-Zertifikat B1 Wortliste,https://www.goethe.de,draft
38,word,Angehörige,female family member or relative,relative (female),Die Angehörige wurde vom Arzt informiert.,The female relative was informed by the doctor.,B1,noun,2,medium-low,,,,,standard,,,"family;medical",feminine,-n,Angehörigen,false,false,,,,,,Verwandte,,,,Goethe-Zertifikat B1 Wortliste,https://www.goethe.de,draft
39,word,angenehm,pleasurable or agreeable,pleasant / enjoyable,Wir wünschen Ihnen eine angenehme Reise.,We wish you a pleasant journey.,B1,adjective,3,medium,,,,,standard,,,"travel;feelings",adjective,,,,false,false,,,,angenehme Reise,"gemütlich; erfreulich",unangenehm,,,Goethe-Zertifikat B1 Wortliste,https://www.goethe.de,draft
40,word,ängstlich,fearful or easily scared,fearful / timid,Meine Mutter ist etwas ängstlich. Sie geht nicht gern allein auf die Straße.,My mother is somewhat fearful. She does not like going out onto the street alone.,B1,adjective,2,medium-low,,,,,standard,,,"personality;emotions",adjective,,,,false,false,,,,,,"furchtsam; unsicher","mutig; tapfer",,Goethe-Zertifikat B1 Wortliste,https://www.goethe.de,draft
41,word,anhaben,wear a piece of clothing,to have on / to wear,Gestern hatte Julia ein rotes Kleid an.,Yesterday Julia was wearing a red dress.,B1,verb,3,medium,,,,,standard,,,"clothing;daily life",,,,,false,true,haben,hat an,hatte an,angehabt,acc,ein Kleid anhaben,"tragen; anziehen",ausziehen,Goethe-Zertifikat B1 Wortliste,https://www.goethe.de,draft
42,word,ankündigen,declare beforehand,to announce,Wir sollten unseren Besuch ankündigen.,We should announce our visit.,B1,verb,3,medium,,,,,standard,,,"communication;schedule",,,,,false,true,haben,kündigt an,kündigte an,angekündigt,acc,einen Besuch ankündigen,"bekanntgeben; vermelden",,Goethe-Zertifikat B1 Wortliste,https://www.goethe.de,draft
43,word,Anlage,system installation / enclosure in mail,sound system / facility / attachment,Meine Musikanlage ist kaputt. / In der Anlage der E-Mail finden Sie meinen Lebenslauf.,My stereo system is broken. / In the attachment to the email you will find my resume.,B1,noun,3,medium,,,,,standard,,,"technology;correspondence",feminine,-n,Anlage,false,false,,,,in der Anlage,"Anhang; Apparatur",,,,,Goethe-Zertifikat B1 Wortliste,https://www.goethe.de,draft
44,word,Anleitung,printed explanatory steps,instructions / tutorial,"In der Anleitung steht; dass bei diesem Spiel der Älteste beginnt.",The manual says that in this game the oldest starts.,B1,noun,3,medium,,,,,standard,,,"manual;reading",feminine,-en,Anleitung,false,false,,,,nach Anleitung,"Gebrauchsanweisung; Leitfaden",,,,,Goethe-Zertifikat B1 Wortliste,https://www.goethe.de,draft
45,word,annehmen,"accept an offer; presume",to accept / to assume,"Ich nehme Ihre Einladung gern an. / Ich nehme an, dass Sie mit dem Vorschlag einverstanden sind.",I gladly accept your invitation. / I assume that you agree with the proposal.,B1,verb,4,high,,,,,standard,,,"communication;belief",,,,,false,true,haben,nimmt an,nahm an,angenommen,"acc, dass-clause","eine Einladung annehmen; ich nehme an","akzeptieren; vermuten",ablehnen,Goethe-Zertifikat B1 Wortliste,https://www.goethe.de,draft
46,word,Annonce,printed advertisement,classified ad / advertisement,"Ich habe alle Annoncen gelesen; aber die Wohnungen sind zu teuer.","I read all the classified ads; but the apartments are too expensive.",B1,noun,2,medium-low,,,,,standard,,,"housing;media",feminine,-n,Annonce,false,false,,,,eine Annonce aufgeben,"Anzeige; Inserat",,,,,Goethe-Zertifikat B1 Wortliste,https://www.goethe.de,draft
47,word,anschaffen,buy or acquire (goods/furniture),to acquire / to purchase,Wir haben uns neue Möbel angeschafft.,We bought ourselves new furniture.,B1,verb,3,medium,,,,,standard,,,"shopping;household",,,,,true,true,haben,schafft an,schaffte an,angeschafft,"acc, refl dat",neue Möbel anschaffen,"kaufen; zulegen",abschaffen,Goethe-Zertifikat B1 Wortliste,https://www.goethe.de,draft
48,word,anschließen,connect to a network or supply,to connect / to hook up,Wo kann ich den Computer anschließen?,Where can I connect the computer?,B1,verb,3,medium,,,,,standard,,,"technology;devices",,,,,false,true,haben,schließt an,schloss an,angeschlossen,"acc, an + acc",an das Netz anschließen,"verbinden; anstecken",trennen,Goethe-Zertifikat B1 Wortliste,https://www.goethe.de,draft
49,word,anschnallen,fasten seatbelt,to buckle up / to fasten seatbelt,"Vergiss nicht; dich anzuschnallen.",Do not forget to fasten your seatbelt.,B1,verb,3,medium,,,,,standard,,,"traffic;travel",,,,,true,true,haben,schnallt an,schnallte an,angeschnallt,refl,den Sicherheitsgurt anlegen,angurten,abschnallen,Goethe-Zertifikat B1 Wortliste,https://www.goethe.de,draft
50,word,ansprechen,address or speak to someone,to address / to speak to,Gestern hat mich unsere neue Nachbarin im Treppenhaus angesprochen.,Yesterday our new neighbor spoke to me in the stairwell.,B1,verb,3,medium,,,,,standard,,,"social;communication",,,,,false,true,haben,spricht an,sprach an,angesprochen,acc,jemanden ansprechen,"anreden; kontaktieren",ignorieren,Goethe-Zertifikat B1 Wortliste,https://www.goethe.de,draft
51,word,Anspruch,"legal or moral entitlement; demand",claim / entitlement,Sie wohnen im Stadtzentrum. Deshalb haben Sie keinen Anspruch auf Fahrgeld.,You live in the city center. Therefore you have no entitlement to travel allowance.,B1,noun,3,medium,,,,,standard,,,"official;rights",masculine,Ansprüche,Anspruchs,false,false,,,,Anspruch haben auf + acc,"Recht; Forderung",,,,,Goethe-Zertifikat B1 Wortliste,https://www.goethe.de,draft
52,word,anstellen,"turn on appliance; queue; hire",to turn on / to line up / to employ,Können Sie bitte die Heizung anstellen? / Mein Schwager ist bei einer Möbelfirma angestellt. / Da vorne ist die Kasse. Du musst dich anstellen.,Could you please turn on the heating? / My brother-in-law is employed at a furniture company. / Up there is the cash register. You have to line up.,B1,verb,4,high,,,,,standard,,,"household;jobs;daily life",,,,,true,true,haben,stellt an,stellte an,angestellt,acc / refl,"sich anstellen; die Heizung anstellen","einschalten; einstellen; anstehen","abstellen; kündigen",Goethe-Zertifikat B1 Wortliste,https://www.goethe.de,draft
53,word,sich anstrengen,exert effort,to make an effort / to push oneself,"Diese Arbeit strengt mich sehr an. / Wenn du die Prüfung schaffen willst, musst du dich mehr anstrengen.","This work exerts me a lot. / If you want to pass the exam; you have to make more of an effort.",B1,verb,3,medium,,,,,standard,,,"work;education",,,,,true,true,haben,strengt sich an,strengte sich an,angestrengt,refl,sich viel Mühe geben,sich bemühen,nachlassen,Goethe-Zertifikat B1 Wortliste,https://www.goethe.de,draft
54,word,anstrengend,requiring significant physical or mental effort,exhausting / strenuous,Ich finde diese Arbeit sehr anstrengend.,I find this work very strenuous.,B1,adjective,3,medium,,,,,standard,,,"work;effort",adjective,,,,false,false,,,,anstrengende Arbeit,"mühsam; ermüdend","erholsam; leicht",,,Goethe-Zertifikat B1 Wortliste,https://www.goethe.de,draft
55,word,Antrag,formal written petition or application,application / request,Haben Sie schon einen Antrag für das Wohngeld ausgefüllt?,Have you already filled out an application for housing benefit?,B1,noun,3,medium,,,,,standard,,,"administrative;official",masculine,Anträge,Antrags,false,false,,,,einen Antrag ausfüllen/stellen,"Gesuch; Bewerbung",,,,,Goethe-Zertifikat B1 Wortliste,https://www.goethe.de,draft
56,word,anwenden,put into practical use,to apply / to use,Diese Salbe muss man dreimal am Tag anwenden.,One must apply this ointment three times a day.,B1,verb,3,medium,,,,,standard,,,"medical;practical",,,,,false,true,haben,wendet an,wandte an / wendete an,angewandt / angewendet,acc,ein Medikament anwenden,"gebrauchen; benutzen",,Goethe-Zertifikat B1 Wortliste,https://www.goethe.de,draft
57,word,anwesend,physically present,present,Bei dem Treffen waren alle Mitglieder anwesend.,At the meeting all members were present.,B1,adjective,3,medium,,,,,standard,,,"meetings;official",adjective,,,,false,false,,,,anwesend sein,"da; zugegen",abwesend,,,Goethe-Zertifikat B1 Wortliste,https://www.goethe.de,draft
58,word,Anwalt,legal counsel / attorney,lawyer / attorney,Ich werde das nicht bezahlen. Ich möchte zuerst mit meinem Anwalt sprechen.,I will not pay that. I want to speak to my lawyer first.,B1,noun,3,medium,,,,,standard,,,"legal;profession",masculine,Anwälte,Anwalts,false,false,,,,zum Anwalt gehen,"Rechtsanwalt; Jurist",,,,,Goethe-Zertifikat B1 Wortliste,https://www.goethe.de,draft
59,word,Anwältin,female legal counsel / attorney,lawyer / attorney (female),Ich möchte zuerst mit meiner Anwältin sprechen.,I want to speak to my lawyer first.,B1,noun,3,medium,,,,,standard,,,"legal;profession",feminine,-nen,Anwältin,false,false,,,,zur Anwältin gehen,"Rechtsanwältin; Juristin",,,,,Goethe-Zertifikat B1 Wortliste,https://www.goethe.de,draft
60,word,anzeigen,report an offense to authorities,to report / to press charges against,"Wenn Sie hier parken, zeige ich Sie an.",If you park here I will report you.,B1,verb,3,medium,,,,,standard,,,"legal;traffic",,,,,false,true,haben,zeigt an,zeigte an,angezeigt,acc,bei der Polizei anzeigen,"melden; melden bei",,Goethe-Zertifikat B1 Wortliste,https://www.goethe.de,draft
61,word,Aprikose,orange-colored stone fruit,apricot,Schmecken dir die Aprikosen?,Do you like the apricots?,B1,noun,2,medium-low,,"D; CH",,standard,DACH: A=Marille,"food;fruit",feminine,-n,Aprikose,false,false,,,,frische Aprikosen,Marille,,,,,,,Goethe-Zertifikat B1 Wortliste,https://www.goethe.de,draft
62,word,Arbeiter,manual or industrial employee,worker / laborer,Maria ist seit zwei Jahren Arbeiterin bei Siemens.,Maria has been a worker at Siemens for two years.,B1,noun,3,medium,,,,,standard,,,"jobs;industry",masculine,-,Arbeiters,false,false,,,,als Arbeiter tätig sein,"Werktätiger; Facharbeiter","Angestellter; Chef",,,,Goethe-Zertifikat B1 Wortliste,https://www.goethe.de,draft
63,word,Arbeiterin,female manual or industrial employee,worker / laborer (female),Maria ist seit zwei Jahren Arbeiterin bei Siemens.,Maria has been a worker at Siemens for two years.,B1,noun,3,medium,,,,,standard,,,"jobs;industry",feminine,-nen,Arbeiterin,false,false,,,,als Arbeiterin tätig sein,"Werktätige; Facharbeiterin","Angestellte; Chefin",,,,Goethe-Zertifikat B1 Wortliste,https://www.goethe.de,draft
64,word,Arbeitserlaubnis,official authorization to work,work permit,Haben Sie eine Arbeitserlaubnis?,Do you have a work permit?,B1,noun,3,medium,Important for migration and employment,,,,standard,,,"administration;jobs",feminine,-se,Arbeitserlaubnis,false,false,,,,eine Arbeitserlaubnis beantragen,Arbeitsgenehmigung,,,,,Goethe-Zertifikat B1 Wortliste,https://www.goethe.de,draft
65,word,Arbeitslosigkeit,condition of being without paid employment,unemployment,Die Arbeitslosigkeit ist gesunken.,Unemployment has decreased.,B1,noun,3,medium,,,,,standard,,,"economy;society",feminine,-,Arbeitslosigkeit,false,false,,,,hohe Arbeitslosigkeit,Erwerbslosigkeit,Beschäftigung,,,,Goethe-Zertifikat B1 Wortliste,https://www.goethe.de,draft
66,word,Arbeitsstelle,specific employment position,job / position,Meine Frau hat eine neue Arbeitsstelle gefunden.,My wife found a new job.,B1,noun,3,medium,,,,,standard,,,"jobs;work",feminine,-n,Arbeitsstelle,false,false,,,,eine Arbeitsstelle antreten,"Arbeitsplatz; Anstellung",,,,,Goethe-Zertifikat B1 Wortliste,https://www.goethe.de,draft
67,word,Architekt,person qualified to design buildings,architect,Dieses Haus hat eine berühmte Architektin gebaut.,A famous architect built this house.,B1,noun,3,medium,,,,,standard,,,"architecture;jobs",masculine,-en,Architekten,false,false,,,,als Architekt arbeiten,Baumeister,,,,,Goethe-Zertifikat B1 Wortliste,https://www.goethe.de,draft
68,word,Architektin,female person qualified to design buildings,architect (female),Dieses Haus hat eine berühmte Architektin gebaut.,A famous architect built this house.,B1,noun,3,medium,,,,,standard,,,"architecture;jobs",feminine,-nen,Architektin,false,false,,,,als Architektin arbeiten,Baumeisterin,,,,,Goethe-Zertifikat B1 Wortliste,https://www.goethe.de,draft
69,word,Ärger,state of irritation or trouble,trouble / anger,Ich hatte heute Ärger im Büro. Ich habe mich mit einem Kollegen gestritten.,I had trouble in the office today. I had an argument with a colleague.,B1,noun,4,high,,,,,standard,,,"work;emotions",masculine,-,Ärgers,false,false,,,,Ärger haben mit + dat,"Stress; Zorn; Streit","Freude; Ruhe",,,,Goethe-Zertifikat B1 Wortliste,https://www.goethe.de,draft
70,word,ärgerlich,causing annoyance or irritation,annoying / irritating,Der Zug hat schon wieder Verspätung. Das ist wirklich ärgerlich.,The train is delayed yet again. That is really annoying.,B1,adjective,3,medium,,,,,standard,,,"opinion;feelings",adjective,,,,false,false,,,,ärgerlich sein,"nervig; lästig","erfreulich; angenehm",,,Goethe-Zertifikat B1 Wortliste,https://www.goethe.de,draft
71,word,Art,"type or category; manner of behaving",way / kind / manner / species,Im Zoo haben sie 34 verschiedene Arten von Vögeln. / Seine Art gefällt mir nicht. / Man kann auf unterschiedliche Art und Weise ein Fest feiern.,In the zoo they have 34 different species of birds. / I do not like his manner. / One can celebrate a party in various ways.,B1,noun,4,high,,,,,standard,,,"classification;behavior",feminine,-en,Art,false,false,,,,"Art und Weise; auf diese Art","Sorte; Typ; Weise",,,,,Goethe-Zertifikat B1 Wortliste,https://www.goethe.de,draft
72,word,Asyl,protection granted to refugees,asylum,Die Menschen sind auf der Flucht und bitten um Asyl.,The people are fleeing and asking for asylum.,B1,noun,3,medium,Frequent in socio-political topics,,,,standard,,,"politics;migration",neuter,-,Asyls,false,false,,,,"um Asyl bitten; Asyl beantragen","Zuflucht; Schutz",,,,,Goethe-Zertifikat B1 Wortliste,https://www.goethe.de,draft
73,word,atmen,inhale and exhale air,to breathe,Er hat eine Erkältung und kann nicht durch die Nase atmen.,He has a cold and cannot breathe through his nose.,B1,verb,3,medium,,,,,standard,,,"health;body",,,,,false,false,haben,atmet,atmete,geatmet,"intr, durch + acc",tief einatmen,Luft holen,,Goethe-Zertifikat B1 Wortliste,https://www.goethe.de,draft
74,word,Atem,air drawn in and out during respiration,breath,Bitte den Atem anhalten.,Please hold your breath.,B1,noun,3,medium,,,,,standard,,,"health;body",masculine,-,Atems,false,false,,,,"den Atem anhalten; außer Atem","Puste; Respiration",,,,,Goethe-Zertifikat B1 Wortliste,https://www.goethe.de,draft
75,word,Aufenthalt,stay at a location / transit stopover,stay / stopover,Der Zug hat in München nur 20 Minuten Aufenthalt. / Wir wünschen Ihnen einen angenehmen Aufenthalt.,The train has only a 20-minute stopover in Munich. / We wish you a pleasant stay.,B1,noun,3,medium,,,,,standard,,,"travel;transit",masculine,-e,Aufenthalts,false,false,,,,angenehmer Aufenthalt,"Verweilen; Zwischenstopp",,,,,Goethe-Zertifikat B1 Wortliste,https://www.goethe.de,draft
76,word,auffallen,attract attention or be noticed,to stand out / to notice,"Mir ist aufgefallen; dass Harriett ganz blass ist.",I noticed that Harriett is very pale.,B1,verb,4,high,,,,,standard,,,"perception;appearance",,,,,false,true,sein,fällt auf,fiel auf,aufgefallen,"dat, dass-clause",jemandem auffallen,"ins Auge springen; bemerken",,Goethe-Zertifikat B1 Wortliste,https://www.goethe.de,draft
77,word,auffordern,request or summon someone to act,to call upon / to ask someone to do something,"Sie forderte mich auf, meine Meinung zu sagen. / Er fordert sie zum Tanz auf.",She called upon me to state my opinion. / He asks her to dance.,B1,verb,3,medium,,,,,standard,,,"communication;social",,,,,false,true,haben,fordert auf,forderte auf,aufgefordert,"acc, zu + dat, zu + inf",zum Tanz auffordern,"bitten; anhalten",abraten,Goethe-Zertifikat B1 Wortliste,https://www.goethe.de,draft
78,word,Aufforderung,formal request or summons,request / invitation / prompt,"Sie erhalten eine Aufforderung; den Betrag bis Juni zu zahlen.",You will receive a request to pay the amount by June.,B1,noun,3,medium,,,,,standard,,,"official;communication",feminine,-en,Aufforderung,false,false,,,,eine Aufforderung erhalten,"Mahnung; Einladung",,,,,Goethe-Zertifikat B1 Wortliste,https://www.goethe.de,draft
79,word,aufführen,stage or perform a play/show,to perform / to stage,Die Kinder führen zu Weihnachten ein Theaterstück auf.,The children are performing a play for Christmas.,B1,verb,3,medium,,,,,standard,,,"culture;theater",,,,,false,true,haben,führt auf,führte auf,aufgeführt,acc,ein Theaterstück aufführen,"vorspielen; inszenieren",,Goethe-Zertifikat B1 Wortliste,https://www.goethe.de,draft
80,word,aufgeben,"hand in parcel; surrender or abandon",to check in / to post / to give up,Ich habe auf der Post ein Paket aufgegeben. / Man darf nie aufgeben. Es gibt immer eine Hoffnung.,I posted a parcel at the post office. / One must never give up. There is always hope.,B1,verb,4,high,,,,,standard,,,"postal;mindset",,,,,false,true,haben,gibt auf,gab auf,aufgegeben,acc / intr,"ein Paket aufgeben; die Hoffnung aufgeben","absenden; kapitulieren",weitermachen,Goethe-Zertifikat B1 Wortliste,https://www.goethe.de,draft
81,word,aufhalten,"stop / delay someone; hold open door",to hold up / to delay / to stay,"Wo hält er sich gerade auf? - In München. / Darf ich Ihnen die Tür aufhalten? / Entschuldigen Sie die Verspätung, ich wurde aufgehalten.","Where is he currently staying? - In Munich. / May I hold the door open for you? / Excuse the delay; I was held up.",B1,verb,3,medium,,,,,standard,,,"daily life;delay",,,,,true,true,haben,hält auf,hielt auf,aufgehalten,"acc, refl","sich aufhalten; die Tür aufhalten","verzögern; stoppen; verweilen",beeilen,Goethe-Zertifikat B1 Wortliste,https://www.goethe.de,draft
82,word,aufheben,"pick up from floor; keep or preserve",to pick up / to keep / to store,"Lassen Sie die Papiere nur auf dem Boden liegen, ich hebe sie schon auf. / Die Quittung müssen Sie gut aufheben.","Just leave the papers on the floor; I will pick them up. / You have to keep the receipt safe.",B1,verb,3,medium,,,,,standard,,,"daily life;documents",,,,,false,true,haben,hebt auf,hob auf,aufgehoben,acc,"vom Boden aufheben; gut aufheben","aufsammeln; bewahren","wegwerfen; fallenlassen",Goethe-Zertifikat B1 Wortliste,https://www.goethe.de,draft
83,word,aufladen,recharge battery or load cargo,to charge / to recharge,Ich muss mein Telefon aufladen. Die Batterie ist leer.,I need to recharge my phone. The battery is dead.,B1,verb,3,medium,,,,,standard,,,"technology;devices",,,,,false,true,haben,lädt auf,lud auf,aufgeladen,acc,das Handy aufladen,laden,entladen,Goethe-Zertifikat B1 Wortliste,https://www.goethe.de,draft
84,word,auflösen,dissolve in liquid,to dissolve,Die Tablette bitte in Wasser auflösen.,Please dissolve the tablet in water.,B1,verb,2,medium-low,,,,,standard,,,"health;medicine",,,,,false,true,haben,löst auf,löste auf,aufgelöst,"acc, in + dat",eine Tablette auflösen,"zersetzen; verflüssigen",,Goethe-Zertifikat B1 Wortliste,https://www.goethe.de,draft
85,word,aufmerksam,"listening with focus; courteous",attentive,"Die Schülerin hörte aufmerksam zu. / Ich mache Sie darauf aufmerksam, dass wir in einer halben Stunde schließen.",The female pupil listened attentively. / I draw your attention to the fact that we close in half an hour.,B1,adjective,3,medium,,,,,standard,,,"education;behavior",adjective,,,,false,false,,,,"aufmerksam zuhören; aufmerksam machen auf","konzentriert; wachsam","unaufmerksam; abgelenkt",,,Goethe-Zertifikat B1 Wortliste,https://www.goethe.de,draft
86,word,aufnehmen,"admit member; record audio/video",to admit / to record,Wir haben Aneta in unseren Verein aufgenommen. / Ich habe den Film im Urlaub aufgenommen.,We admitted Aneta into our club. / I recorded the film during vacation.,B1,verb,3,medium,,,,,standard,,,"social;media",,,,,false,true,haben,nimmt auf,nahm auf,aufgenommen,acc,"ein Video aufnehmen; ein Mitglied aufnehmen","akzeptieren; filmen; mitschneiden",ausschließen,Goethe-Zertifikat B1 Wortliste,https://www.goethe.de,draft
87,word,Aufnahme,"audio/video recording; admission",recording / reception / intake,Bitte seid leise! Ich starte die Aufnahme.,Please be quiet! I am starting the recording.,B1,noun,3,medium,,,,,standard,,,"media;technology",feminine,-n,Aufnahme,false,false,,,,eine Aufnahme starten,"Mitschnitt; Aufzeichnung",,,,,Goethe-Zertifikat B1 Wortliste,https://www.goethe.de,draft
88,word,aufregen,agitate / upset emotionally,to upset / to excite / to agitate,"Es regt mich auf, dass ich schon wieder Überstunden machen muss. / Ganz ruhig! Bitte regen Sie sich nicht auf. / Heute hast du eine Prüfung. Bist du schon aufgeregt?",It upsets me that I have to do overtime again. / Calm down! Please do not get agitated. / You have an exam today. Are you excited already?,B1,verb,4,high,,,,,standard,,,"emotions;stress",,,,,true,true,haben,regt auf,regte auf,aufgeregt,"acc, refl, über + acc",sich über Kleinigkeiten aufregen,"empören; ärgern; beunruhigen",beruhigen,Goethe-Zertifikat B1 Wortliste,https://www.goethe.de,draft
89,word,Auftrag,"instruction to perform work; commercial order",order / assignment / commission,Ich komme im Auftrag von Frau Müller und soll Ihnen diesen Brief geben. / Im Moment hat die Firma besonders viele Aufträge.,I come on behalf of Ms. Müller and am supposed to give you this letter. / At the moment the company has a particularly large number of orders.,B1,noun,3,medium,,,,,standard,,,"business;work",masculine,Aufträge,Auftrags,false,false,,,,"im Auftrag von; einen Auftrag erteilen","Bestellung; Mandat; Kommando",,,,,Goethe-Zertifikat B1 Wortliste,https://www.goethe.de,draft
90,word,auftreten,"perform publicly on stage; occur",to perform / to appear / to step up,Nächste Woche tritt in der Stadthalle eine berühmte Musikgruppe auf.,Next week a famous music band will perform in the city hall.,B1,verb,3,medium,,,,,standard,,,"culture;music",,,,,false,true,sein,tritt auf,trat auf,aufgetreten,intr,auf der Bühne auftreten,"erscheinen; darbieten",,Goethe-Zertifikat B1 Wortliste,https://www.goethe.de,draft
91,word,Auftritt,appearance on stage or public platform,performance / appearance,Nach dem Auftritt feiern die Musiker.,After the performance the musicians celebrate.,B1,noun,3,medium,,,,,standard,,,"culture;music",masculine,-e,Auftritts,false,false,,,,einen Auftritt haben,"Darbietung; Vorstellung",,,,,Goethe-Zertifikat B1 Wortliste,https://www.goethe.de,draft
92,word,aufwachen,stop sleeping,to wake up,Von dem Lärm bin ich aufgewacht.,I woke up because of the noise.,B1,verb,4,high,,,,,standard,,,"sleep;daily life",,,,,false,true,sein,wacht auf,wachte auf,aufgewacht,intr,plötzlich aufwachen,erwachen,einschlafen,Goethe-Zertifikat B1 Wortliste,https://www.goethe.de,draft
93,word,aufwärts,in an upward direction / improving,upward / upwards / uphill,Sie müssen gute Schuhe anziehen. Der Weg geht immer aufwärts. / In letzter Zeit geht es wieder aufwärts mit der Wirtschaft.,You need to put on good shoes. The trail goes continuously uphill. / Lately things are looking up again for the economy.,B1,adverb,3,medium,,,,,standard,,,"directions;economy",adverb,,,,false,false,,,,aufwärts gehen,"bergauf; hinauf",abwärts,,,Goethe-Zertifikat B1 Wortliste,https://www.goethe.de,draft
94,word,Augenblick,very short duration / specific moment,moment / instant,"Ich wollte gerade parken. In dem Augenblick ist ein Wagen aus der Ausfahrt gekommen. / Einen Augenblick, bitte! / Im Augenblick sind keine Plätze frei.","I was just about to park. At that moment a car came out of the driveway. / Just a moment; please! / At the moment there are no seats available.",B1,noun,4,high,,,,,standard,,,"time;courtesy",masculine,-e,Augenblicks,false,false,,,,"einen Augenblick bitte; im Augenblick","Moment; Sekunde",,,,,Goethe-Zertifikat B1 Wortliste,https://www.goethe.de,draft
95,word,ausgebildet,trained or formally qualified,trained / qualified,Für diesen Beruf müssen Sie gut ausgebildet sein.,For this profession you must be well trained.,B1,adjective,3,medium,,,,,standard,,,"jobs;education",adjective,,,,false,false,,,,gut ausgebildet,"qualifiziert; geschult",ungelernt,,,Goethe-Zertifikat B1 Wortliste,https://www.goethe.de,draft
96,word,ausdrucken,print text/files on paper,to print out,Kann ich das auf deinem Drucker ausdrucken?,Can I print this out on your printer?,B1,verb,3,medium,,,,,standard,,,"office;computer",,,,,false,true,haben,druckt aus,druckte aus,ausgedruckt,acc,ein Dokument ausdrucken,"printen; zu Papier bringen",löschen,Goethe-Zertifikat B1 Wortliste,https://www.goethe.de,draft
97,word,Ausdruck,idiom / linguistic phrase,expression / term,Diesen Ausdruck habe ich noch nie gehört.,I have never heard this expression before.,B1,noun,3,medium,,,,,standard,,,"linguistics;language",masculine,Ausdrücke,Ausdrucks,false,false,,,,einen Ausdruck verwenden,"Redewendung; Begriff",,,,,Goethe-Zertifikat B1 Wortliste,https://www.goethe.de,draft
98,word,Ausdruck,printed copy on paper,printout,Machen Sie doch bitte einen Ausdruck von der E-Mail.,Please make a printout of the email.,B1,noun,2,medium-low,,,,,standard,,,"office;computer",masculine,Ausdrucke,Ausdrucks,false,false,,,,einen Ausdruck machen,"Druckexemplar; Printout",,,,,Goethe-Zertifikat B1 Wortliste,https://www.goethe.de,draft
99,word,auseinander,separated in distance or relation,apart / away from each other,Wir wohnen nicht weit auseinander.,We do not live far apart.,B1,adverb,3,medium,,,,,standard,,,"spatial;distance",adverb,,,,false,false,,,,nicht weit auseinander,"getrennt; voneinander entfernt",zusammen,,,Goethe-Zertifikat B1 Wortliste,https://www.goethe.de,draft
100,word,Ausfahrt,vehicle exit from road/motorway,exit / driveway,"Hier ist eine Ausfahrt, da dürfen Sie nicht parken. / Wie weit ist es noch bis zur Ausfahrt Freiburg?","Here is a driveway; you must not park there. / How far is it still to the Freiburg exit?",B1,noun,3,medium,,,,,standard,,,"traffic;transit",feminine,-en,Ausfahrt,false,false,,,,die nächste Ausfahrt nehmen,"Autobahnausfahrt; Einfahrt",Einfahrt,,,,Goethe-Zertifikat B1 Wortliste,https://www.goethe.de,draft
101,word,ausfallen,be canceled / not take place,to be canceled / to drop out,Nächste Woche fällt der Kurs aus.,Next week the course is canceled.,B1,verb,3,medium,,,,,standard,,,"education;events",,,,,false,true,sein,fällt aus,fiel aus,ausgefallen,intr,der Unterricht fällt aus,"entfallen; storniert werden",stattfinden,Goethe-Zertifikat B1 Wortliste,https://www.goethe.de,draft
102,word,Ausgabe,monetary spending / counter / book edition,expense / distribution desk / edition,Wie hoch sind Ihre Ausgaben in einem Monat? / Wo ist die Essensausgabe? / In welchem Buch hast du das gelesen? In welcher Ausgabe?,How high are your expenses in a month? / Where is the meal distribution counter? / In which book did you read that? In which edition?,B1,noun,4,high,,,,,standard,,,"finance;food;reading",feminine,-n,Ausgabe,false,false,,,,"Ausgaben haben; Essensausgabe","Kosten; Edition; Verteilung",Einnahme,,,,Goethe-Zertifikat B1 Wortliste,https://www.goethe.de,draft
103,word,Ballett,artistic theatrical dance,ballet,Meine Tochter möchte gern Ballett tanzen.,My daughter would like to dance ballet.,B1,noun,2,medium-low,,,,,standard,,,"art;dance",neuter,-e,Balletts,false,false,,,,Ballett tanzen,Tanztheater,,,,,Goethe-Zertifikat B1 Wortliste,https://www.goethe.de,draft
104,word,Bancomat,cash dispensing machine (Swiss/Austrian),ATM / cash dispenser,Ich hole noch schnell Geld vom Bankomaten.,I will quickly withdraw some money from the ATM.,B1,noun,3,medium,,"CH; A",,standard,DACH: D=Geldautomat,"banking;money",masculine,-en,Bancomaten,false,false,,,,Geld am Bankomaten abheben,"Geldautomat; Bankomat",,,,,,,Goethe-Zertifikat B1 Wortliste,https://www.goethe.de,draft
105,word,Bankomat,cash dispensing machine (Austrian/Swiss),ATM / cash dispenser,Ich hole noch schnell Geld vom Bankomaten.,I will quickly withdraw some money from the ATM.,B1,noun,3,medium,,"A; CH",,standard,DACH: D=Geldautomat,"banking;money",masculine,-en,Bankomaten,false,false,,,,Geld am Bankomaten abheben,"Geldautomat; Bancomat",,,,,,,Goethe-Zertifikat B1 Wortliste,https://www.goethe.de,draft
106,word,Bankleitzahl,bank routing identification number,bank sorting code / bank code,Bitte geben Sie Ihre Bankleitzahl an.,Please state your bank code.,B1,noun,2,medium-low,,,,,standard,,,"banking;administrative",feminine,-en,Bankleitzahl,false,false,,,,Bankleitzahl angeben,"BLZ; Bankcode",,,,,Goethe-Zertifikat B1 Wortliste,https://www.goethe.de,draft
107,word,Bankomat-Karte,debit card linked to checking account (Austrian),debit card / cash card,Sie können auch mit Bankomat-Karte zahlen.,You can also pay with debit card.,B1,noun,3,medium,,A,,standard,"DACH: D=EC-Karte; Girocard","banking;money",feminine,-n,Bankomat-Karte,false,false,,,,mit Bankomat-Karte zahlen,"EC-Karte; Debitkarte; Girocard",,,,,,,Goethe-Zertifikat B1 Wortliste,https://www.goethe.de,draft
108,word,Bar,establishment serving drinks at counter,bar,Setzen wir uns doch an die Bar! / Ich treffe meine Freundin in der Hotelbar.,Let us sit at the bar! / I am meeting my girlfriend in the hotel bar.,B1,noun,3,medium,,,,,standard,,,"leisure;hospitality",feminine,-s,Bar,false,false,,,,an der Bar sitzen,"Kneipe; Lokal; Pub",,,,,Goethe-Zertifikat B1 Wortliste,https://www.goethe.de,draft
109,word,Bargeld,physical coins and notes,cash,Ich habe kein Bargeld mehr.,I have no cash left.,B1,noun,3,medium,,,,,standard,,,"money;finances",neuter,-,Bargelds,false,false,,,,Bargeld abheben,Münzen und Scheine,Buchgeld,,,,Goethe-Zertifikat B1 Wortliste,https://www.goethe.de,draft
110,word,Bart,facial hair on chin and cheeks,beard,John trägt jetzt einen Bart.,John is now wearing a beard.,B1,noun,3,medium,,,,,standard,,,"body;appearance",masculine,Bärte,Bartes,false,false,,,,einen Bart tragen/rasieren,"Gesichtsbehaarung; Schnurrbart",,,,,Goethe-Zertifikat B1 Wortliste,https://www.goethe.de,draft
111,word,Batterie,portable chemical electric energy cell,battery,Bringst du bitte Batterien für die Kamera mit?,Will you please bring batteries for the camera?,B1,noun,3,medium,,,,,standard,,,"technology;devices",feminine,-n,Batterie,false,false,,,,Batterien wechseln,"Akku; Zelle",,,,,Goethe-Zertifikat B1 Wortliste,https://www.goethe.de,draft
112,word,Bau,erection process / completed structure,building / construction / structure,Ich wohne in einer Neubauwohnung. / Unser Haus ist ein Altbau.,I live in a newly built apartment. / Our house is an older building.,B1,noun,3,medium,,,,,standard,,,"construction;housing",masculine,Bauten,Baus,false,false,,,,"im Bau sein; Altbau; Neubau","Errichtung; Bauwerk; Gebäude",,,,,Goethe-Zertifikat B1 Wortliste,https://www.goethe.de,draft
113,word,Bauer,person managing an agricultural enterprise,farmer,Wir kaufen unser Gemüse beim Bauern.,We buy our vegetables from the farmer.,B1,noun,3,medium,,,,,standard,,,"agriculture;food",masculine,-n,Bauern,false,false,,,,beim Bauern kaufen,"Landwirt; Ökonom",,,,,Goethe-Zertifikat B1 Wortliste,https://www.goethe.de,draft
114,word,Bäuerin,female managing agricultural enterprise,farmer (female),Die Bäuerin verkauft frische Eier.,The farmer sells fresh eggs.,B1,noun,2,medium-low,,,,,standard,,,"agriculture;food",feminine,-nen,Bäuerin,false,false,,,,Landwirtin,,,,,,Goethe-Zertifikat B1 Wortliste,https://www.goethe.de,draft
115,word,beachten,observe instructions or take heed,to pay attention to / to heed,Bitte beachten Sie die Ansagen am Bahnsteig.,Please heed the announcements on the platform.,B1,verb,4,high,,,,,standard,,,"rules;instructions",,,,,false,false,haben,beachtet,beachtete,beachtet,acc,"Regeln beachten; Ansagen beachten","befolgen; einhalten","ignorieren; missachten",Goethe-Zertifikat B1 Wortliste,https://www.goethe.de,draft
116,word,beantragen,formally request document/pension,to apply for,Hast du schon einen neuen Pass beantragt?,Have you already applied for a new passport?,B1,verb,3,medium,,,,,standard,,,"administrative;official",,,,,false,false,haben,beantragt,beantragte,beantragt,acc,ein Visum/einen Pass beantragen,"einreichen; anfordern",,Goethe-Zertifikat B1 Wortliste,https://www.goethe.de,draft
117,word,sich bedanken,express gratitude to someone,to thank,Ich möchte mich noch einmal sehr herzlich für Ihre Hilfe bedanken.,I would like to thank you very cordially once more for your help.,B1,verb,4,high,,,,,standard,,,"courtesy;social",,,,,true,false,haben,bedankt sich,bedankte sich,bedankt,"refl, bei + dat, für + acc",sich herzlich bedanken für,"Dank sagen; danken",beschweren,Goethe-Zertifikat B1 Wortliste,https://www.goethe.de,draft
118,word,Bedarf,demand or necessity for goods/assistance,requirement / demand / need,An diesem Produkt besteht großer Bedarf.,There is a large demand for this product.,B1,noun,3,medium,,,,,standard,,,"business;economy",masculine,-,Bedarfs,false,false,,,,Bedarf haben/bestehen an + dat,"Nachfrage; Notwendigkeit",Überfluss,,,,Goethe-Zertifikat B1 Wortliste,https://www.goethe.de,draft
119,word,Bedeutung,semantic sense or importance,meaning / significance,Das Wort „Maus“ hat inzwischen zwei Bedeutungen.,The word 'Maus' has gained two meanings in the meantime.,B1,noun,4,high,,,,,standard,,,"language;importance",feminine,-en,Bedeutung,false,false,,,,"von Bedeutung sein; doppelte Bedeutung","Sinn; Wichtigkeit; Belang",Bedeutungslosigkeit,,,,Goethe-Zertifikat B1 Wortliste,https://www.goethe.de,draft
120,word,bedienen,serve customer / operate device,to serve (customers) / to operate (machine),Werden Sie schon bedient? / Die Kaffeemaschine ist ganz leicht zu bedienen.,Are you already being served? / The coffee machine is very easy to operate.,B1,verb,4,high,,,,,standard,,,"service;technology",,,,,false,false,haben,bedient,bediente,bedient,acc,"Kunden bedienen; ein Gerät bedienen","handhaben; bewirten",,Goethe-Zertifikat B1 Wortliste,https://www.goethe.de,draft
121,word,Bedienungsanleitung,written handbook on device usage,instruction manual / user guide,Die Bedienungsanleitung verstehe ich nicht.,I do not understand the user guide.,B1,noun,3,medium,,,,,standard,,,"technology;manual",feminine,-en,Bedienungsanleitung,false,false,,,,die Bedienungsanleitung lesen,"Gebrauchsanweisung; Handbuch",,,,,Goethe-Zertifikat B1 Wortliste,https://www.goethe.de,draft
122,word,Bedingung,stipulation or state of surroundings,condition / requirement / term,"Wenn Sie unsere Bedingungen akzeptieren, können wir einen Vertrag machen. / Wir haben in unserem Betrieb sehr gute Arbeitsbedingungen.",If you accept our conditions we can draw up a contract. / In our company we have very good working conditions.,B1,noun,4,high,,,,,standard,,,"agreements;work",feminine,-en,Bedingung,false,false,,,,"unter der Bedingung; gute Arbeitsbedingungen","Voraussetzung; Kondition",,,,,Goethe-Zertifikat B1 Wortliste,https://www.goethe.de,draft
123,word,sich beeilen,move or act with haste,to hurry / to rush,Wir müssen uns beeilen. Sonst verpassen wir den Zug.,We have to hurry. Otherwise we will miss the train.,B1,verb,4,high,,,,,standard,,,"time;speed",,,,,true,false,haben,beeilt sich,beeilte sich,beeilt,refl,sich beeilen müssen,"sich sputen; eilen","trödeln; Zeit lassen",Goethe-Zertifikat B1 Wortliste,https://www.goethe.de,draft
124,word,sich befinden,be situated at location / in a state,to be located / to be situated,Das Bord-Bistro befindet sich in der Mitte des Zuges.,The on-board bistro is located in the middle of the train.,B1,verb,4,high,,,,,standard,,,"spatial;location",,,,,true,false,haben,befindet sich,befand sich,befunden,"refl, local prep",sich in der Mitte befinden,"gelegen sein; liegen; sein",,Goethe-Zertifikat B1 Wortliste,https://www.goethe.de,draft
125,word,befreit,exempt from tax/fee/duty,exempt / released,Studenten und Studentinnen sind von den Rundfunk-Gebühren befreit.,Students are exempt from broadcast license fees.,B1,adjective,3,medium,,,,,standard,,,"administrative;finance",adjective,,,,false,false,,,,befreit sein von + dat,"entlastet; freigestellt",verpflichtet,,,Goethe-Zertifikat B1 Wortliste,https://www.goethe.de,draft
126,word,befriedigend,acceptable or mediocre (grade 3),satisfactory / fair,Das Ergebnis ist befriedigend.,The result is satisfactory.,B1,adjective,3,medium,,,,,standard,,,"education;evaluation",adjective,,,,false,false,,,,ein befriedigendes Ergebnis,"ausreichend; ordentlich","ungenügend; mangelhaft",,,Goethe-Zertifikat B1 Wortliste,https://www.goethe.de,draft
127,word,begegnen,meet someone by chance,to encounter / to meet (by chance),Sind wir uns nicht schon mal irgendwann begegnet?,Haven't we encountered each other sometime before?,B1,verb,3,medium,,,,,standard,,,social,,,,,false,false,sein,begegnet,begegnete,begegnet,dat,jemandem auf der Straße begegnen,"treffen; antreffen",verpassen,Goethe-Zertifikat B1 Wortliste,https://www.goethe.de,draft
128,word,begeistert,filled with enthusiasm and admiration,enthusiastic / thrilled,Es war ein tolles Konzert. Ich bin begeistert.,It was a great concert. I am thrilled.,B1,adjective,3,medium,,,,,standard,,,"emotions;events",adjective,,,,false,false,,,,begeistert sein von + dat,"euphorisch; hingerissen","enttäuscht; gelangweilt",,,Goethe-Zertifikat B1 Wortliste,https://www.goethe.de,draft
129,word,Beginn,initial point or commencement,beginning / start,Zu Beginn der Stunde begrüßt die Lehrerin ihre Schüler.,At the beginning of the lesson the female teacher greets her pupils.,B1,noun,4,high,,,,,standard,,,"time;education",masculine,-,Beginns,false,false,,,,"zu Beginn; vor Beginn","Anfang; Eröffnung","Ende; Abschluss",,,,Goethe-Zertifikat B1 Wortliste,https://www.goethe.de,draft
130,word,begleiten,go along with someone,to accompany / to escort,Ich begleite dich ein Stück.,I will accompany you for part of the way.,B1,verb,3,medium,,,,,standard,,,"travel;social",,,,,false,false,haben,begleitet,begleitete,begleitet,acc,jemanden nach Hause begleiten,"mitgehen mit; geleiten",verlassen,Goethe-Zertifikat B1 Wortliste,https://www.goethe.de,draft
131,word,begrenzt,confined within fixed limits,limited / restricted,Die Teilnehmerzahl ist auf 12 begrenzt.,The number of participants is limited to 12.,B1,adjective,3,medium,,,,,standard,,,"quantities;official",adjective,,,,false,false,,,,"zeitlich begrenzt; begrenzt auf + acc","eingeschränkt; limitiert","unbegrenzt; unlimitiert",,,Goethe-Zertifikat B1 Wortliste,https://www.goethe.de,draft
132,word,Begründung,statement explaining causes,justification / reasoning,Die Miete wurde ohne Begründung erhöht.,The rent was increased without justification.,B1,noun,3,medium,,,,,standard,,,"reasoning;official",feminine,-en,Begründung,false,false,,,,eine Begründung liefern,"Erklärung; Rechtfertigung",,,,,Goethe-Zertifikat B1 Wortliste,https://www.goethe.de,draft
133,word,begrüßen,greet someone welcomingly,to greet / to welcome,Der Gastgeber begrüßt seine Gäste.,The host welcomes his guests.,B1,verb,4,high,,,,,standard,,,"courtesy;social",,,,,false,false,haben,begrüßt,begrüßte,begrüßt,acc,Gäste herzlich begrüßen,"willkommen heißen; grüßen",verabschieden,Goethe-Zertifikat B1 Wortliste,https://www.goethe.de,draft
134,word,behalten,retain in one's possession,to keep / to retain,Darf ich die Zeitschrift behalten?,May I keep the magazine?,B1,verb,4,high,,,,,standard,,,"daily life;possession",,,,,false,false,haben,behält,behielt,behalten,acc,für sich behalten,"einbehalten; bewahren","weggeben; abgeben",Goethe-Zertifikat B1 Wortliste,https://www.goethe.de,draft
135,word,behandeln,deal with a patient / handle subject or person,to treat / to handle,Welcher Arzt hat Sie bis jetzt behandelt? / So lasse ich mich von Ihnen nicht länger behandeln.,Which doctor has treated you until now? / I will no longer let myself be treated by you like this.,B1,verb,4,high,,,,,standard,,,"medical;behavior",,,,,false,false,haben,behandelt,behandelte,behandelt,acc,"einen Patienten behandeln; ein Thema behandeln","kurieren; versorgen; umgehen mit",,Goethe-Zertifikat B1 Wortliste,https://www.goethe.de,draft
136,word,behaupten,declare as fact without proof / assert oneself,to claim / to assert / to hold one's ground,"Er behauptet, unsere Meinung sei nicht wichtig. / Es ist schwer, sich gegen meinen Kollegen zu behaupten.",He claims that our opinion is not important. / It is difficult to hold one's ground against my colleague.,B1,verb,3,medium,,,,,standard,,,"communication;discourse",,,,,true,false,haben,behauptet,behauptete,behauptet,"acc, dass-clause, refl","eine Behauptung aufstellen; sich behaupten","versichern; vorgeben; durchsetzen",zugeben,Goethe-Zertifikat B1 Wortliste,https://www.goethe.de,draft
137,word,behindern,obstruct movement or someone's action,to hinder / to obstruct / to impede,"Bitte parken Sie so, dass Sie niemanden behindern.",Please park in such a way that you obstruct no one.,B1,verb,3,medium,,,,,standard,,,"traffic;daily life",,,,,false,false,haben,behindert,behinderte,behindert,acc,den Verkehr behindern,"stören; blockieren","fördern; unterstützen",Goethe-Zertifikat B1 Wortliste,https://www.goethe.de,draft
138,word,behindert,having physical or mental disability,disabled / handicapped,Seit dem Unfall ist das Kind unserer Freunde behindert.,Since the accident our friends' child is disabled.,B1,adjective,3,medium,,,,,standard,,,"health;society",adjective,,,,false,false,,,,körperlich behindert,"gehandicapt; beeinträchtigt",gesund,,,Goethe-Zertifikat B1 Wortliste,https://www.goethe.de,draft
139,word,Behörde,official public administrative body,authority / public agency / government office,Sie erhalten ein Schreiben von der zuständigen Behörde.,You will receive a letter from the competent authority.,B1,noun,3,medium,,,,,standard,,,"official;administrative",feminine,-n,Behörde,false,false,,,,zuständige Behörde,"Amt; Dienststelle",,,,,Goethe-Zertifikat B1 Wortliste,https://www.goethe.de,draft
140,word,beid-,both together,both,"Beide waren mit meinem Vorschlag einverstanden. / Welche Bluse nehmen Sie, die rote oder die grüne? - Ich nehme beide.","Both agreed with my proposal. / Which blouse do you take; the red or the green one? - I'll take both.",B1,pronoun,5,very high,,,,,standard,,,"quantifier;pronoun",,,,false,false,,,,alle beide,zwei,keiner,,,,Goethe-Zertifikat B1 Wortliste,https://www.goethe.de,draft
141,word,beinahe,almost / very close to happening,almost / nearly,Ich habe heute beinahe den Bus verpasst.,I almost missed the bus today.,B1,adverb,3,medium,,,,,standard,,,"time;degree",adverb,,,,false,false,,,,beinahe zu spät kommen,"fast; nahezu",,,,Goethe-Zertifikat B1 Wortliste,https://www.goethe.de,draft
142,word,beispielsweise,serving as an instance,for example / for instance,"Hier gibt's so viele Sachen: beispielsweise Wurst, Obst, Brot...","There are so many things here: for example sausage; fruit; bread...",B1,adverb,3,medium,,,,,standard,,,"explanation;discourse",adverb,,,,false,false,,,,beispielsweise nennen,"zum Beispiel; etwa",,,,Goethe-Zertifikat B1 Wortliste,https://www.goethe.de,draft
143,word,beißen,use teeth to cut or pierce,to bite,"Pass auf, dass dich der Hund nicht beißt!",Watch out that the dog doesn't bite you!,B1,verb,3,medium,,,,,standard,,,"animals;danger",,,,,false,false,haben,beißt,biss,gebissen,"acc, in + acc",die Zähne zusammenbeißen,"zubeißen; schnappen",,Goethe-Zertifikat B1 Wortliste,https://www.goethe.de,draft
144,word,Beitrag,financial subscription / article / contribution,contribution / fee / premium / dues,Die Krankenkasse hat die Beiträge erhöht. / Der Mitgliedsbeitrag für den Sportverein beträgt 34 Euro pro Monat.,The health insurance company increased the premiums. / The membership fee for the sports club is 34 euros per month.,B1,noun,4,high,,,,,standard,,,"finance;media;insurance",masculine,Beiträge,Beitrags,false,false,,,,"einen Beitrag leisten/zahlen; Mitgliedsbeitrag","Abgabe; Gebühr; Artikel",,,,,Goethe-Zertifikat B1 Wortliste,https://www.goethe.de,draft
145,word,bekannt geben,announce officially to public,to announce / to make known,Den Prüfungsort geben wir Ihnen noch rechtzeitig bekannt.,We will announce the examination location to you in good time.,B1,verb,3,medium,,,,,standard,,,"official;education",,,,,false,true,haben,gibt bekannt,gab bekannt,bekannt gegeben,acc / dat,einen Termin bekannt geben,"ankündigen; mitteilen; veröffentlichen",verheimlichen,Goethe-Zertifikat B1 Wortliste,https://www.goethe.de,draft
146,word,Beleg,written evidence of payment,receipt / voucher / proof,Brauchen Sie einen Beleg?,Do you need a receipt?,B1,noun,3,medium,,,,,standard,,,"shopping;finance",masculine,-e,Belegs,false,false,,,,einen Beleg aufbewahren,"Quittung; Bon; Nachweis",,,,,Goethe-Zertifikat B1 Wortliste,https://www.goethe.de,draft
147,word,beleidigen,hurt feelings or insult someone,to offend / to insult,Ich wollte Sie nicht beleidigen. / Sei doch nicht immer gleich beleidigt.,I did not want to offend you. / Don't always be so easily offended.,B1,verb,3,medium,,,,,standard,,,"emotions;social",,,,,false,false,haben,beleidigt,beleidigte,beleidigt,acc,jemanden tief beleidigen,"kränken; verletzen","respektieren; loben",Goethe-Zertifikat B1 Wortliste,https://www.goethe.de,draft
148,word,bemerken,observe or perceive mentally,to notice / to remark,"Ich habe nicht bemerkt, dass das Fenster offen ist.",I did not notice that the window was open.,B1,verb,4,high,,,,,standard,,,"perception;cognition",,,,,false,false,haben,bemerkt,bemerkte,bemerkt,"acc, dass-clause",einen Unterschied bemerken,"wahrnehmen; feststellen; merken",übersehen,Goethe-Zertifikat B1 Wortliste,https://www.goethe.de,draft
149,word,sich bemühen,make strenuous effort to achieve,to make an effort / to strive for,"Er hat sich sehr bemüht, etwas Gutes zu kochen. / Ich werde mich um einen Termin bemühen.",He made a great effort to cook something nice. / I will try to get an appointment.,B1,verb,3,medium,,,,,standard,,,"work;effort",,,,,true,false,haben,bemüht sich,bemühte sich,bemüht,"refl, um + acc, zu + inf",sich um eine Stelle bemühen,"sich anstrengen; sich Mühe geben",nachlassen,Goethe-Zertifikat B1 Wortliste,https://www.goethe.de,draft
150,word,benötigen,stand in need of something,to require / to need,"Sagen Sie Bescheid, wenn Sie noch etwas benötigen.",Let me know if you need anything else.,B1,verb,3,medium,,,,,standard,,,"work;shopping",,,,,false,false,haben,benötigt,benötigte,benötigt,acc,Hilfe benötigen,"brauchen; bedürfen",entbehren,Goethe-Zertifikat B1 Wortliste,https://www.goethe.de,draft
151,word,Benzin,refined petroleum used as fuel,petrol / gasoline,Das Benzin soll wieder teurer werden.,Petrol is said to become more expensive again.,B1,noun,3,medium,,,,,standard,,,"traffic;fuel",neuter,-,Benzins,false,false,,,,Benzin tanken,"Treibstoff; Sprit",,,,,Goethe-Zertifikat B1 Wortliste,https://www.goethe.de,draft
152,word,beobachten,watch attentively over time,to observe / to watch,Wer hat den Unfall beobachtet?,Who observed the accident?,B1,verb,3,medium,,,,,standard,,,"visual;police",,,,,false,false,haben,beobachtet,beobachtete,beobachtet,acc,die Situation beobachten,"zusehen; belauern; betrachten",ignorieren,Goethe-Zertifikat B1 Wortliste,https://www.goethe.de,draft
153,word,Beratung,expert counsel or consultation service,consultation / counseling / advice,Beratungen für Familien gibt es jeden Dienstag zwischen 14 und 16 Uhr.,Consultations for families are held every Tuesday between 2 and 4 pm.,B1,noun,3,medium,,,,,standard,,,"service;official",feminine,-en,Beratung,false,false,,,,eine Beratung anbieten/in Anspruch nehmen,"Konsultation; Betreuung",,,,,Goethe-Zertifikat B1 Wortliste,https://www.goethe.de,draft
154,word,berechnen,determine mathematically or financially,to calculate / to charge,Die Kosten für die Fahrt müssen erst berechnet werden.,The costs for the journey must first be calculated.,B1,verb,3,medium,,,,,standard,,,"finance;math",,,,,false,false,haben,berechnet,berechnete,berechnet,acc,die Kosten berechnen,"ausrechnen; kalkulieren; in Rechnung stellen",,Goethe-Zertifikat B1 Wortliste,https://www.goethe.de,draft
155,word,Bereich,defined physical or abstract domain,area / field / sector,In welchem Bereich möchten Sie arbeiten? / Umfahren Sie den Baustellenbereich.,In which field would you like to work? / Drive around the construction site area.,B1,noun,4,high,,,,,standard,,,"work;spatial",masculine,-e,Bereichs,false,false,,,,"im Bereich von; beruflicher Bereich","Sektor; Fachgebiet; Zone",,,,,Goethe-Zertifikat B1 Wortliste,https://www.goethe.de,draft
156,word,bereit,prepared or willing to act,ready / prepared / willing,"Ich bin jederzeit bereit, dir zu helfen. / Das Paket liegt auf der Post für Sie bereit.",I am ready to help you at any time. / The parcel is ready for you at the post office.,B1,adjective,4,high,,,,,standard,,,"mindset;daily life",adjective,,,,false,false,,,,bereit sein zu + dat,"fertig; gewillt","unbereit; unwillig",,,Goethe-Zertifikat B1 Wortliste,https://www.goethe.de,draft
157,word,bereits,at or before stated time,already,Bitte melde dich bei Frau Kaiser. Sie hat bereits dreimal angerufen.,Please get in touch with Ms. Kaiser. She has already called three times.,B1,adverb,4,high,,,,,standard,,,"time;emphasis",adverb,,,,false,false,,,,bereits vorhanden,schon,noch nicht,,,Goethe-Zertifikat B1 Wortliste,https://www.goethe.de,draft
158,word,Bericht,detailed factual account,report / account,Ich habe gestern einen interessanten Bericht gelesen.,I read an interesting report yesterday.,B1,noun,4,high,,,,,standard,,,"media;work",masculine,-e,Berichts,false,false,,,,einen Bericht schreiben,"Meldung; Reportage; Artikel",,,,,Goethe-Zertifikat B1 Wortliste,https://www.goethe.de,draft
159,word,berufstätig,currently holding a paid job,employed / working,Sind Sie berufstätig?,Are you employed?,B1,adjective,3,medium,,,,,standard,,,"jobs;work",adjective,,,,false,false,,,,voll berufstätig sein,"erwerbstätig; arbeitend","arbeitslos; erwerbslos",,,Goethe-Zertifikat B1 Wortliste,https://www.goethe.de,draft
160,word,beruhigen,make or become calm and relaxed,to calm down / to soothe,Beruhigen Sie sich bitte. Es ist alles in Ordnung. / Ich kann Sie beruhigen. Ihrem Sohn ist nichts passiert.,Please calm down. Everything is in order. / I can reassure you. Nothing happened to your son.,B1,verb,3,medium,,,,,standard,,,"emotions;health",,,,,true,false,haben,beruhigt,beruhigte,beruhigt,"acc, refl",die Nerven beruhigen,"beschwichtigen; trösten","aufregen; beunruhigen",Goethe-Zertifikat B1 Wortliste,https://www.goethe.de,draft
161,word,beschädigen,inflict physical damage upon an object,to damage,"Bitte machen Sie eine Liste davon, was die Einbrecher beschädigt haben.",Please make a list of what the burglars damaged.,B1,verb,3,medium,,,,,standard,,,"insurance;legal",,,,,false,false,haben,beschädigt,beschädigte,beschädigt,acc,Eigentum beschädigen,"kaputtmachen; demolieren",reparieren,Goethe-Zertifikat B1 Wortliste,https://www.goethe.de,draft
162,word,beschäftigen,occupy oneself with / employ someone,to occupy / to deal with / to employ,Womit haben Sie sich bei Ihrer Arbeit beschäftigt? / Seit wann sind Sie bei dieser Firma beschäftigt?,What did you occupy yourself with in your work? / Since when have you been employed at this company?,B1,verb,4,high,,,,,standard,,,"work;tasks",,,,,true,false,haben,beschäftigt,beschäftigte,beschäftigt,"acc, refl, mit + dat",sich mit einem Thema beschäftigen,"anstellen; befassen",entlassen,Goethe-Zertifikat B1 Wortliste,https://www.goethe.de,draft
163,word,Beschäftigung,regular activity / employment,occupation / employment,"Ich suche eine Halbtagsbeschäftigung, weil ich ein kleines Kind habe.",I am looking for part-time employment because I have a young child.,B1,noun,3,medium,,,,,standard,,,"jobs;routine",feminine,-,Beschäftigung,false,false,,,,eine Beschäftigung finden,"Arbeit; Tätigkeit; Anstellung",Arbeitslosigkeit,,,,Goethe-Zertifikat B1 Wortliste,https://www.goethe.de,draft
164,word,Bescheid,official notification or answer,decision / notification / notice,Den endgültigen Bescheid erhalten Sie in etwa vier Wochen.,You will receive the final notification in about four weeks.,B1,noun,4,high,,,,,standard,,,"official;administrative",masculine,-e,Bescheids,false,false,,,,einen schriftlichen Bescheid bekommen,"Mitteilung; Beschluss",,,,,Goethe-Zertifikat B1 Wortliste,https://www.goethe.de,draft
165,phrase,Bescheid sagen,inform someone about a development,to let someone know,Ich erkundige mich nach den Terminen und sage Ihnen dann Bescheid.,I will inquire about the dates and then let you know.,B1,phrase,4,high,,,,,standard,,,"communication;appointments",phrase,,,,false,false,,,,dat,jemandem rechtzeitig Bescheid sagen,"informieren; Bescheid geben",,,Goethe-Zertifikat B1 Wortliste,https://www.goethe.de,draft
166,word,beschließen,make a firm decision or resolve,to decide / to resolve,"Wir haben beschlossen, uns ein kleineres Auto zu kaufen.",We have decided to buy a smaller car.,B1,verb,4,high,,,,,standard,,,"decision;planning",,,,,false,false,haben,beschließt,beschloss,beschlossen,"acc, zu + inf",eine Maßnahme beschließen,"entscheiden; vereinbaren",,Goethe-Zertifikat B1 Wortliste,https://www.goethe.de,draft
167,word,beschränken,set limits or restrict,to restrict / to limit,Die Teilnehmerzahl für den Kurs ist beschränkt.,The number of participants for the course is limited.,B1,verb,3,medium,,,,,standard,,,"rules;administration",,,,,true,false,haben,beschränkt,beschränkte,beschränkt,"acc, refl, auf + acc",sich auf das Wesentliche beschränken,"begrenzen; limitieren",erweitern,Goethe-Zertifikat B1 Wortliste,https://www.goethe.de,draft
168,word,Beschreibung,verbal or written portrayal,description,Eine Beschreibung des Geräts liegt bei.,A description of the device is enclosed.,B1,noun,3,medium,,,,,standard,,,"manual;communication",feminine,-en,Beschreibung,false,false,,,,eine genaue Beschreibung geben,"Schilderung; Erklärung",,,,,Goethe-Zertifikat B1 Wortliste,https://www.goethe.de,draft
169,word,sich beschweren,express dissatisfaction or grievance,to complain,Wo können wir uns beschweren?,Where can we complain?,B1,verb,3,medium,,,,,standard,,,"service;conflict",,,,,true,false,haben,beschwert sich,beschwerte sich,beschwert,"refl, bei + dat, über + acc",sich über das Essen beschweren,"reklamieren; klagen",loben,Goethe-Zertifikat B1 Wortliste,https://www.goethe.de,draft
170,word,besetzen,take up space/seat or occupy,to occupy / to take (a seat),Dieser Platz ist besetzt. / Ich habe drei Plätze besetzt. / Ich habe jetzt schon dreimal dort angerufen. Es ist immer besetzt.,This seat is occupied. / I have held three seats. / I have called there three times already. It is always busy.,B1,verb,4,high,,,,,standard,,,"transit;telecom;daily life",,,,,false,false,haben,besetzt,besetzte,besetzt,acc,"einen Platz besetzen; die Leitung ist besetzt","belegen; okkupieren","freimachen; frei",Goethe-Zertifikat B1 Wortliste,https://www.goethe.de,draft
171,word,besitzen,have legal ownership of,to own / to possess,Besitzt Ihre Frau ein eigenes Auto?,Does your wife own her own car?,B1,verb,4,high,,,,,standard,,,"possession;finance",,,,,false,false,haben,besitzt,besaß,besessen,acc,ein Haus besitzen,"haben; verfügen über",entbehren,Goethe-Zertifikat B1 Wortliste,https://www.goethe.de,draft
172,word,besonder-,distinguished from others / specific,particular / special,Meine Eltern wollten uns mit dieser Reise eine ganz besondere Freude machen.,My parents wanted to give us a very special joy with this trip.,B1,adjective,4,high,,,,,standard,,,"evaluation;description",adjective,,,,false,false,,,,eine besondere Rolle spielen,"speziell; außergewöhnlich","gewöhnlich; alltäglich",,,Goethe-Zertifikat B1 Wortliste,https://www.goethe.de,draft
173,word,besorgen,obtain or take care of getting something,to get / to obtain / to procure,Soll ich die Eintrittskarten besorgen?,Shall I get the tickets?,B1,verb,4,high,,,,,standard,,,"shopping;organization",,,,,false,false,haben,besorgt,besorgte,besorgt,acc,Tickets besorgen,"holen; beschaffen; kaufen",,Goethe-Zertifikat B1 Wortliste,https://www.goethe.de,draft
174,word,besprechen,talk over in detail,to discuss,"Wir müssen noch genau besprechen, wann wir losfahren und was wir mitnehmen.",We still need to discuss exactly when we leave and what we take along.,B1,verb,4,high,,,,,standard,,,"communication;work",,,,,false,false,haben,bespricht,besprach,besprochen,acc,einen Termin besprechen,"diskutieren; bereden",,Goethe-Zertifikat B1 Wortliste,https://www.goethe.de,draft
175,word,Besprechung,deliberation or business meeting,meeting / conference,"Tut mir leid, Herr Schmidt ist noch in einer Besprechung., I am sorry",Mr. Schmidt is still in a meeting.,B1,noun,3,medium,,,,,standard,,,"work;business",feminine,-en,Besprechung,false,false,,,,in einer Besprechung sein,"Meeting; Sitzung; Konferenz",,,,,Goethe-Zertifikat B1 Wortliste,https://www.goethe.de,draft
176,word,Besserung,process of recovery from illness,recovery / improvement,Gute Besserung!,Get well soon!,B1,noun,3,medium,,,,,standard,,,"health;courtesy",feminine,-,Besserung,false,false,,,,Gute Besserung wünschen,"Genesung; Erholung",Verschlechterung,,,,Goethe-Zertifikat B1 Wortliste,https://www.goethe.de,draft
177,word,Bestätigung,written evidence or proof,confirmation / certificate,Ich brauche eine schriftliche Bestätigung für das Amt.,I need a written confirmation for the public office.,B1,noun,3,medium,,,,,standard,,,"official;administrative",feminine,-en,Bestätigung,false,false,,,,eine Bestätigung vorlegen,"Nachweis; Bescheinigung",,,,,Goethe-Zertifikat B1 Wortliste,https://www.goethe.de,draft
178,word,bestimmt,"definite / certain; surely",certain / specific / definitely,Das hat Nancy bestimmt nicht so gemeint. / Möchtest du ein bestimmtes Brot?,Nancy certainly did not mean it that way. / Would you like a specific bread?,B1,adjective,4,high,,,,,standard,,,"emphasis;opinion",adjective,,,,false,false,,,,ganz bestimmt,"gewiss; sicher; spezifisch","ungewiss; unbestimmt",,,Goethe-Zertifikat B1 Wortliste,https://www.goethe.de,draft
179,word,bestrafen,impose a penalty on an offender,to punish / to penalize,Zu schnelles Fahren wird streng bestraft.,Speeding is severely penalized.,B1,verb,3,medium,,,,,standard,,,"legal;traffic",,,,,false,false,haben,bestraft,bestrafte,bestraft,acc,eine Tat bestrafen,"ahnden; sanktionieren",belohnen,Goethe-Zertifikat B1 Wortliste,https://www.goethe.de,draft
180,word,sich beteiligen,take active part in or contribute to,to participate / to contribute,Wir wollen unserer Lehrerin ein Geschenk kaufen. Wer möchte sich beteiligen?,We want to buy our teacher a gift. Who wants to chip in?,B1,verb,3,medium,,,,,standard,,,"social;cooperation",,,,,true,false,haben,beteiligt sich,beteiligte sich,beteiligt,"refl, an + dat",sich an den Kosten beteiligen,"mitmachen; beisteuern",aushalten,Goethe-Zertifikat B1 Wortliste,https://www.goethe.de,draft
181,word,Betrag,specific sum of money,amount / sum,Bitte überweisen Sie den Betrag auf unser Konto.,Please transfer the amount to our account.,B1,noun,4,high,,,,,standard,,,"finance;banking",masculine,Beträge,Betrags,false,false,,,,den fälligen Betrag überweisen,"Summe; Geldsumme",,,,,Goethe-Zertifikat B1 Wortliste,https://www.goethe.de,draft
182,word,betreuen,look after or manage people/children,to look after / to supervise / to care for,Wer betreut bei Ihnen die Kinder?,Who looks after the children at your home?,B1,verb,3,medium,,,,,standard,,,"childcare;social",,,,,false,false,haben,betreut,betreute,betreut,acc,Kinder/Kunden betreuen,"pflegen; beaufsichtigen; versorgen",vernachlässigen,Goethe-Zertifikat B1 Wortliste,https://www.goethe.de,draft
183,word,Betreuer,supervisor or care worker,caregiver / supervisor / advisor,Der Betreuer der Kinder ist sehr nett.,The children's supervisor is very nice.,B1,noun,3,medium,,,,,standard,,,"jobs;social",masculine,-,Betreuers,false,false,,,,als Betreuer arbeiten,"Begleiter; Aufseher",,,,,Goethe-Zertifikat B1 Wortliste,https://www.goethe.de,draft
184,word,Betreuerin,female supervisor or care worker,caregiver / supervisor (female),Die Betreuerin der Kinder ist sehr nett.,The children's supervisor is very nice.,B1,noun,3,medium,,,,,standard,,,"jobs;social",feminine,-nen,Betreuerin,false,false,,,,als Betreuerin arbeiten,"Begleiterin; Aufseherin",,,,,Goethe-Zertifikat B1 Wortliste,https://www.goethe.de,draft
185,word,Betreuung,ongoing care or supervision,care / supervision,Haben Sie eine Betreuung für Ihre Kinder?,Do you have childcare for your children?,B1,noun,3,medium,,,,,standard,,,"childcare;social",feminine,-,Betreuung,false,false,,,,"ärztliche Betreuung; Kinderbetreuung","Pflege; Fürsorge",,,,,Goethe-Zertifikat B1 Wortliste,https://www.goethe.de,draft
186,word,Betrieb,business enterprise / busy activity,enterprise / operation / commotion / business,In diesem Betrieb arbeiten zehn Leute. / Kurz vor Weihnachten ist in den Kaufhäusern immer viel Betrieb. / Der Aufzug ist in Betrieb/außer Betrieb.,Ten people work in this enterprise. / Just before Christmas there is always a lot of hustle and bustle in the department stores. / The elevator is in service / out of service.,B1,noun,4,high,,,,,standard,,,"work;business;transit",masculine,-e,Betriebs,false,false,,,,"in Betrieb sein; außer Betrieb; viel Betrieb","Firma; Unternehmen; Trubel",,,,,Goethe-Zertifikat B1 Wortliste,https://www.goethe.de,draft
187,word,Betriebsrat,elected employees' representative council,works council,Der Betriebsrat wird Sie über die neuen Arbeitszeiten informieren.,The works council will inform you about the new working hours.,B1,noun,2,medium-low,,,,,standard,,,"work;legal",masculine,Betriebsräte,Betriebsrats,false,false,,,,den Betriebsrat wählen,Arbeitnehmervertretung,,,,,Goethe-Zertifikat B1 Wortliste,https://www.goethe.de,draft
188,word,Betriebsrätin,female member of works council,works council representative (female),Die Betriebsrätin wird Sie über die neuen Arbeitszeiten informieren.,The works council representative will inform you about the new working hours.,B1,noun,2,medium-low,,,,,standard,,,"work;legal",feminine,-nen,Betriebsrätin,false,false,,,,Arbeitnehmervertreterin,,,,,,Goethe-Zertifikat B1 Wortliste,https://www.goethe.de,draft
189,word,betrügen,deceive someone dishonestly,to deceive / to cheat / to defraud,Ich würde meine Familie niemals betrügen. / Die Rechnung stimmt nicht. Der Kellner hat mich betrogen.,I would never cheat on my family. / The bill is not right. The waiter cheated me.,B1,verb,3,medium,,,,,standard,,,"crime;social",,,,,false,false,haben,betrügt,betrog,betrogen,acc,jemanden beim Geld betrügen,"hintergehen; täuschen; schwindeln",aufrichtig sein,Goethe-Zertifikat B1 Wortliste,https://www.goethe.de,draft
190,word,betrunken,intoxicated by alcohol,drunk / intoxicated,"Wenn Sie betrunken Auto fahren, verlieren Sie Ihren Führerschein.",If you drive drunk you will lose your driving licence.,B1,adjective,3,medium,,,,,standard,,,"traffic;health",adjective,,,,false,false,,,,"betrunken sein; betrunken fahren","alkoholisiert; berauscht",nüchtern,,,Goethe-Zertifikat B1 Wortliste,https://www.goethe.de,draft
191,word,Bevölkerung,all inhabitants of a territory,population,11% der Bevölkerung wurden nicht im Inland geboren.,11% of the population were not born domestically.,B1,noun,3,medium,,,,,standard,,,"society;geography",feminine,-,Bevölkerung,false,false,,,,die einheimische Bevölkerung,"Einwohnerschaft; Volk",,,,,Goethe-Zertifikat B1 Wortliste,https://www.goethe.de,draft
192,word,bevor,subordinating conjunction before action takes place,before,"Bevor wir gehen, möchte ich noch etwas essen.",Before we go I would like to eat something.,B1,conjunction,4,high,,,,,standard,,,"time;grammar",,,,false,false,,,,bevor es zu spät ist,ehe,nachdem,,,,Goethe-Zertifikat B1 Wortliste,https://www.goethe.de,draft
193,word,bewegen,alter physical position of body or object,to move,Ich kann mich vor Schmerzen kaum noch bewegen. / Ich kann meinen Finger nicht mehr bewegen.,I can hardly move due to pain. / I can no longer move my finger.,B1,verb,4,high,,,,,standard,,,"body;health",,,,,true,false,haben,bewegt,bewegte,bewegt,"acc, refl",sich regelmäßig bewegen,"rühren; verlagern",stillstehen,Goethe-Zertifikat B1 Wortliste,https://www.goethe.de,draft
194,word,Bewegung,physical movement or exercise,movement / physical activity,Sie brauchen mehr Bewegung. Sie müssen regelmäßig spazieren gehen.,You need more physical activity. You must go for walks regularly.,B1,noun,4,high,,,,,standard,,,"sports;health",feminine,-en,Bewegung,false,false,,,,"in Bewegung sein; Bewegung brauchen","Körperbewegung; Dynamik","Ruhe; Stillstand",,,,Goethe-Zertifikat B1 Wortliste,https://www.goethe.de,draft
195,word,beweisen,demonstrate truth with evidence,to prove,"Wir können beweisen, dass Sie bei Rot über die Ampel gefahren sind.",We can prove that you ran the red light.,B1,verb,3,medium,,,,,standard,,,"legal;logic",,,,,false,false,haben,beweist,bewies,bewiesen,"acc, dass-clause",die Schuld beweisen,"belegen; nachweisen",widerlegen,Goethe-Zertifikat B1 Wortliste,https://www.goethe.de,draft
196,word,Beweis,factual indication confirming truth,proof / evidence,Haben Sie dafür Beweise?,Do you have evidence for that?,B1,noun,3,medium,,,,,standard,,,"legal;logic",masculine,-e,Beweises,false,false,,,,Beweise vorlegen/finden,"Beleg; Nachweis",,,,,Goethe-Zertifikat B1 Wortliste,https://www.goethe.de,draft
197,word,sich bewerben,apply formally for employment or position,to apply (for a job),Ich habe mich um diese Stelle beworben. / Ich habe mich als Kellner beworben.,I applied for this position. / I applied as a waiter.,B1,verb,4,high,,,,,standard,,,"jobs;work",,,,,true,false,haben,bewirbt sich,bewarb sich,beworben,"refl, um + acc, als + nom",sich um eine Stelle bewerben,"kandidieren; anfragen",,Goethe-Zertifikat B1 Wortliste,https://www.goethe.de,draft
198,word,Bewohner,person residing in a house or flat,resident / occupant / inhabitant,Ich kenne die anderen Hausbewohner nicht.,I do not know the other house residents.,B1,noun,3,medium,,,,,standard,,,"housing;society",masculine,-,Bewohners,false,false,,,,die Bewohner des Hauses,"Einwohner; Mieter; Insasse",,,,,Goethe-Zertifikat B1 Wortliste,https://www.goethe.de,draft
199,word,Bewohnerin,female person residing in a house or flat,resident / occupant (female),Ich kenne die anderen Hausbewohnerinnen nicht.,I do not know the other residents.,B1,noun,3,medium,,,,,standard,,,"housing;society",feminine,-nen,Bewohnerin,false,false,,,,"Einwohnerin; Mieterin",,,,,,Goethe-Zertifikat B1 Wortliste,https://www.goethe.de,draft
200,word,bieten,tender an amount / provide an opportunity,to offer / to provide,"Er hat mir für den alten Wagen noch 800 Euro geboten. / Die Firma bietet ihren Mitarbeitern die Möglichkeit, Sprachkurse zu besuchen.",He offered me 800 euros for the old car. / The company offers its employees the opportunity to attend language courses.,B1,verb,4,high,,,,,standard,,,"business;general",,,,,false,false,haben,bietet,bot,geboten,"acc, dat",eine Gelegenheit bieten,"anbieten; offerieren",verwehren,Goethe-Zertifikat B1 Wortliste,https://www.goethe.de,draft
201,word,Bildschirm,display monitor of television or computer,screen / monitor,Ich brauche einen größeren Bildschirm für meinen Computer. / Wir haben einen Fernsehapparat mit einem sehr großen Bildschirm.,I need a larger screen for my computer. / We have a television set with a very large screen.,B1,noun,4,high,,,,,standard,,,"technology;media",masculine,-e,Bildschirms,false,false,,,,auf den Bildschirm schauen,"Monitor; Display",,,,,Goethe-Zertifikat B1 Wortliste,https://www.goethe.de,draft
202,word,Billett,passenger ticket (Swiss German),ticket,Ein Billett können Sie am Schalter kaufen.,You can buy a ticket at the counter.,B1,noun,3,medium,,CH,,standard,"DACH: D; A=Fahrkarte","travel;transit",neuter,-e / -s,Billetts,false,false,,,,ein Billett lösen/kaufen,"Fahrkarte; Fahrschein; Ticket",,,,,,,Goethe-Zertifikat B1 Wortliste,https://www.goethe.de,draft
203,word,Bio-,prefix designating organically produced goods,organic / bio,Ich kaufe nur noch Biogemüse.,I only buy organic vegetables nowadays.,B1,prefix,3,medium,,,,,standard,,,"food;shopping",,,,false,false,,,,"Bioprodukte; Bioladen",ökologisch,konventionell,,,,Goethe-Zertifikat B1 Wortliste,https://www.goethe.de,draft
204,word,biologisch,cultivated ecologically without chemicals,organic / biological,Biologische Lebensmittel gibt es jetzt auch im Supermarkt.,Organic food products are now also available in supermarkets.,B1,adjective,3,medium,,,,,standard,,,"food;environment",adjective,,,,false,false,,,,biologischer Anbau,ökologisch,"chemisch; konventionell",,,Goethe-Zertifikat B1 Wortliste,https://www.goethe.de,draft
205,word,bisher,up to the current present moment,so far / until now,Bisher ist alles in Ordnung.,So far everything is in order.,B1,adverb,4,high,,,,,standard,,,"time;continuity",adverb,,,,false,false,,,,bis jetzt,"bislang; zuvor","fortan; ab jetzt",,,Goethe-Zertifikat B1 Wortliste,https://www.goethe.de,draft
206,word,ein bisschen,small indeterminate quantity,a little / a bit,"Wenn Sie ein bisschen warten, können wir zusammen gehen. / Möchten Sie noch ein bisschen Reis? / Können Sie bitte ein bisschen lauter sprechen? / Sprechen Sie Englisch? - Ein bisschen.",If you wait a little we can walk together. / Would you like a little more rice? / Could you please speak a little louder? / Do you speak English? - A little bit.,B1,adverb,5,very high,,,,,standard,,,"quantity;degree",adverb,,,,false,false,,,,ein kleines bisschen,"etwas; wenig",viel,,,Goethe-Zertifikat B1 Wortliste,https://www.goethe.de,draft
207,word,bitte,courteous conversational formula,please / you are welcome / pardon,"Eine Tasse Kaffee, bitte! / Bitte schön! / Wie bitte? Was haben Sie gesagt? / Sprechen Sie bitte langsam.","A cup of coffee; please! / You are welcome! / Pardon? What did you say? / Please speak slowly.",B1,interjection,5,very high,,,,,standard,,,"courtesy;etiquette",particle,,,,false,false,,,,"bitte sehr; wie bitte?","bitte schön; gern geschehen",,,,Goethe-Zertifikat B1 Wortliste,https://www.goethe.de,draft
208,word,blass,lacking normal healthy skin color,pale,Du siehst ganz blass aus. Bist du krank?,You look completely pale. Are you ill?,B1,adjective,3,medium,,,,,standard,,,"body;health",adjective,,,,false,false,,,,"blass aussehen; blass werden","bleich; fahl","farbig; rotbackig",,,Goethe-Zertifikat B1 Wortliste,https://www.goethe.de,draft
209,word,blind,deprived of the sense of sight,blind,Er ist von Geburt an blind.,He has been blind since birth.,B1,adjective,3,medium,,,,,standard,,,"health;body",adjective,,,,false,false,,,,blind sein von Geburt an,"sehbehindert; erblindet",sehend,,,Goethe-Zertifikat B1 Wortliste,https://www.goethe.de,draft
210,word,blitzen,"flash with lightning; glint",to flash / to lighten / to flash photo,Gestern Abend gab es ein Gewitter. Es hat furchtbar geblitzt und gedonnert. / Ihre Augen blitzen vor Freude.,Yesterday evening there was a thunderstorm. There was terrible lightning and thunder. / Her eyes sparkled with joy.,B1,verb,3,medium,,,,,standard,,,"weather;emotions",,,,,false,false,haben,blitzt,blitzte,geblitzt,intr,blitzen und donnern,"funkeln; aufleuchten",,Goethe-Zertifikat B1 Wortliste,https://www.goethe.de,draft
211,word,Blitz,"discharge of atmospheric electricity; camera flash",lightning / camera flash,"Was für ein Gewitter, hast du den Blitz gesehen? / Hast du das Foto mit Blitz gemacht?","What a thunderstorm; did you see the lightning bolt? / Did you take the photo with flash?",B1,noun,3,medium,,,,,standard,,,"weather;technology",masculine,-e,Blitzes,false,false,,,,"vom Blitz getroffen; Foto mit Blitz","Blitzschlag; Fotoblitz",,,,,Goethe-Zertifikat B1 Wortliste,https://www.goethe.de,draft
212,word,bloß,adverb of restriction or emphasis,only / merely / just / on earth,"Ich möchte nichts kaufen. Ich möchte mich bloß umsehen. / Komm bloß nicht zu spät. / Ach, wenn ich bloß mehr verdienen würde!","I don't want to buy anything. I just want to look around. / Just don't come too late. / Ah; if only I earned more money!",B1,adverb,4,high,,,,,standard,,,"degree;emphasis",adverb,,,,false,false,,,,"wenn ich bloß; bloß nicht","nur; lediglich; einzig",,,,Goethe-Zertifikat B1 Wortliste,https://www.goethe.de,draft
213,word,blühen,produce blossoms or open flower,to bloom / to blossom,Die Bäume blühen schon. Es ist Frühling.,The trees are blooming already. It is spring.,B1,verb,3,medium,,,,,standard,,,"nature;plants",,,,,false,false,haben,blüht,blühte,geblüht,intr,in Blüte stehen,"erblühen; florieren","verblühen; welken",Goethe-Zertifikat B1 Wortliste,https://www.goethe.de,draft
214,word,bluten,emit blood from damaged vessels,to bleed,Ich habe mich verletzt. Meine Hand blutet.,I injured myself. My hand is bleeding.,B1,verb,3,medium,,,,,standard,,,"health;injuries",,,,,false,false,haben,blutet,blutete,geblutet,intr,stark bluten,Blut verlieren,,Goethe-Zertifikat B1 Wortliste,https://www.goethe.de,draft
215,word,Blut,circulating red bodily fluid,blood,Der Verletzte hat viel Blut verloren.,The injured person lost a lot of blood.,B1,noun,4,high,,,,,standard,,,"body;health",neuter,-,Blutes,false,false,,,,"Blut spenden/verlieren; Blut abnehmen",Lebenssaft,,,,,Goethe-Zertifikat B1 Wortliste,https://www.goethe.de,draft
216,word,Boden,ground surface or bottom floor,floor / ground / soil,Die Bücher lagen alle auf dem Boden. / Auf diesem Boden wächst Gemüse besonders gut.,The books were all lying on the floor. / Vegetables grow particularly well in this soil.,B1,noun,4,high,,,,,standard,,,"housing;nature",masculine,Böden,Bodens,false,false,,,,"auf den Boden fallen; fruchtbarer Boden","Fußboden; Erdboden; Grund",Decke,,,,Goethe-Zertifikat B1 Wortliste,https://www.goethe.de,draft
217,word,Boot,small water vessel,boat,An diesem See kann man Boote mieten.,At this lake one can rent boats.,B1,noun,3,medium,,,,,standard,,,"transport;water",neuter,-e,Bootes,false,false,,,,"mit dem Boot fahren; ein Boot mieten","Kahn; Schiffchen; Jolle",,,,,Goethe-Zertifikat B1 Wortliste,https://www.goethe.de,draft
218,word,Botschaft,"diplomatic mission of country; core message",embassy / diplomatic mission / message,Das Visum habe ich von der Botschaft bekommen.,I received the visa from the embassy.,B1,noun,3,medium,,,,,standard,,,"diplomacy;politics",feminine,-en,Botschaft,false,false,,,,"zur Botschaft gehen; eine Botschaft übermitteln","Konsulat; Gesandtschaft; Nachricht",,,,,Goethe-Zertifikat B1 Wortliste,https://www.goethe.de,draft
219,word,Braten,large cut of roasted meat,roast / roast meat,Nehmen Sie noch etwas Soße zum Braten?,Will you have some more gravy with the roast?,B1,noun,3,medium,,,,,standard,,,"food;cooking",masculine,-,Bratens,false,false,,,,"Rinderbraten; Schweinebraten",Rostfleisch,,,,,Goethe-Zertifikat B1 Wortliste,https://www.goethe.de,draft
220,word,brechen,"fracture into pieces; break bone",to break,"Er hat sich beim Skifahren verletzt, sein Bein ist gebrochen. / Ich habe mir im Urlaub das Bein gebrochen.","He injured himself skiing; his leg is broken. / I broke my leg on holiday.",B1,verb,4,high,,,,,standard,,,"injuries;health",,,,,false,false,haben,bricht,brach,gebrochen,"acc, refl dat",sich das Bein brechen,"zerbrechen; frakturieren","heilen; reparieren",Goethe-Zertifikat B1 Wortliste,https://www.goethe.de,draft
221,word,Breite,lateral extent of dimension,width / breadth,"Welche Maße hat der Tisch? - Länge: 1 m, Breite: 80 cm, Höhe: 1,20 m.","What dimensions does the table have? - Length: 1 m; width: 80 cm; height: 1.20 m.",B1,noun,3,medium,,,,,standard,,,"measurement;dimensions",feminine,-n,Breite,false,false,,,,"in die Breite gehen; Maße in der Breite",Weite,"Länge; Schmale",,,,Goethe-Zertifikat B1 Wortliste,https://www.goethe.de,draft
222,word,bremsen,slow down or stop a moving vehicle,to brake / to slow down,Der Mann ist ganz plötzlich über die Straße gegangen. Ich musste stark bremsen.,The man crossed the street very suddenly. I had to brake hard.,B1,verb,3,medium,,,,,standard,,,"traffic;transit",,,,,false,false,haben,bremst,bremste,gebremst,intr / acc,"voll auf die Bremse treten; stark bremsen","verlangsamen; anhalten","beschleunigen; Gas geben",Goethe-Zertifikat B1 Wortliste,https://www.goethe.de,draft
223,word,Bremse,device for slowing down vehicle,brake,Du musst unbedingt die Bremsen kontrollieren lassen.,You absolutely must have the brakes checked.,B1,noun,3,medium,,,,,standard,,,"traffic;technology",feminine,-n,Bremse,false,false,,,,"auf die Bremse treten; die Handbremse anziehen","Bremsvorrichtung; Hemmung",Gaspedal,,,,Goethe-Zertifikat B1 Wortliste,https://www.goethe.de,draft
224,word,brennen,be in state of combustion / consume by fire,to burn / to be lit,In diesem Haus hat es letztes Jahr gebrannt. / Die Kerze brennt noch. Mach sie bitte aus. / In deinem Zimmer hat die ganze Nacht das Licht gebrannt.,There was a fire in this house last year. / The candle is still burning. Please blow it out. / The light was burning in your room all night.,B1,verb,4,high,,,,,standard,,,"fire;light",,,,,false,false,haben,brennt,brannte,gebrannt,intr,"lichterloh brennen; das Licht brennt","lodern; glühen; leuchten","löschen; ausgehen",Goethe-Zertifikat B1 Wortliste,https://www.goethe.de,draft
225,word,Briefkasten,box where mail is collected or delivered,letterbox / mailbox / postbox,Ist hier in der Nähe ein Briefkasten? / Hol bitte mal die Zeitung aus dem Briefkasten.,Is there a postbox nearby? / Please collect the newspaper from the letterbox.,B1,noun,3,medium,,,,,standard,,,"postal;housing",masculine,Briefkästen,Briefkastens,false,false,,,,Briefe in den Briefkasten werfen,"Postkasten; Einwurf",,,,,Goethe-Zertifikat B1 Wortliste,https://www.goethe.de,draft
226,word,Brieftasche,folding pocket case for money,wallet,Ich habe nur Kleingeld in meiner Brieftasche.,I only have small change in my wallet.,B1,noun,3,medium,,"D; CH",,standard,"DACH: A=Geldbörse; D=Portemonnaie","finance;shopping",feminine,-n,Brieftasche,false,false,,,,die Brieftasche zücken,"Portemonnaie; Geldbeutel; Geldbörse",,,,,,,Goethe-Zertifikat B1 Wortliste,https://www.goethe.de,draft
227,word,Briefträger,mail delivery person,postman / mail carrier,War die Briefträgerin schon da?,Has the mail carrier been here already?,B1,noun,3,medium,,"D; A",,standard,DACH: CH=Pöstler,"postal;jobs",masculine,-,Briefträgers,false,false,,,,der Briefträger bringt Post,"Postbote; Zusteller",,,,,,,Goethe-Zertifikat B1 Wortliste,https://www.goethe.de,draft
228,word,Briefträgerin,female mail delivery person,postwoman / mail carrier (female),War die Briefträgerin schon da?,Has the postwoman been here already?,B1,noun,3,medium,,"D; A",,standard,DACH: CH=Pöstlerin,"postal;jobs",feminine,-nen,Briefträgerin,false,false,,,,"Postbotin; Zustellerin",,,,,,,,Goethe-Zertifikat B1 Wortliste,https://www.goethe.de,draft
229,word,Briefumschlag,flat paper packaging for letters,envelope,Ich hätte gern 50 Briefumschläge und Briefmarken dazu.,I would like 50 envelopes and stamps to go with them.,B1,noun,3,medium,,"D; CH",,standard,"DACH: A=Kuvert; CH=Couvert","postal;office",masculine,Briefumschläge,Briefumschlags,false,false,,,,Briefumschlag frankieren,"Umschlag; Kuvert; Couvert",,,,,,,Goethe-Zertifikat B1 Wortliste,https://www.goethe.de,draft
230,word,Broschüre,small informational paper booklet,brochure / booklet / pamphlet,In der Broschüre finden Sie die neuesten Informationen.,In the brochure you will find the newest information.,B1,noun,3,medium,,,,,standard,,,"media;information",feminine,-n,Broschüre,false,false,,,,eine Broschüre herausgeben,"Heft; Flyer; Prospekt",,,,,Goethe-Zertifikat B1 Wortliste,https://www.goethe.de,draft
231,word,Brötli,small round bread roll (Swiss German),bread roll / bun,Ich hole schnell ein paar Brötli zum Frühstück.,I will quickly fetch a few bread rolls for breakfast.,B1,noun,3,medium,,CH,,standard,"DACH: D=Brötchen; A=Semmel","food;bakery",neuter,-,Brötlis,false,false,,,,Brötli holen,"Brötchen; Semmel",,,,,,,Goethe-Zertifikat B1 Wortliste,https://www.goethe.de,draft
232,word,Brust,front surface of human body between neck and abdomen,chest / breast,Ich habe Schmerzen in der Brust.,I have pains in my chest.,B1,noun,3,medium,,,,,standard,,,"body;health",feminine,Brüste,Brust,false,false,,,,Brustschmerzen haben,"Thorax; Oberkörper",,,,,Goethe-Zertifikat B1 Wortliste,https://www.goethe.de,draft
233,word,Bub,male child or boy (Austrian / Swiss German),boy / lad,In der Schulklasse sind 15 Buben und 10 Mädchen.,In the school class there are 15 boys and 10 girls.,B1,noun,3,medium,,"A; CH",,standard,DACH: D=Junge,"family;society",masculine,-en,Buben,false,false,,,,ein kleiner Bub,"Junge; Knabe",Mädchen,,,,,,Goethe-Zertifikat B1 Wortliste,https://www.goethe.de,draft
234,word,Buchhandlung,retail store where books are sold,bookshop / bookstore,In der Buchhandlung in der Stadt haben sie das Buch sicher.,In the bookstore in town they surely have the book.,B1,noun,3,medium,,,,,standard,,,"shopping;culture",feminine,-en,Buchhandlung,false,false,,,,in die Buchhandlung gehen,"Buchladen; Sortiment",,,,,Goethe-Zertifikat B1 Wortliste,https://www.goethe.de,draft
235,word,Büchse,cylindrical sealed metal container (German / Swiss),can / tin,Ich habe noch eine Büchse Bohnen.,I still have a can of beans.,B1,noun,2,medium-low,,"D; CH",,standard,DACH: A=Dose,"food;household",feminine,-n,Büchse,false,false,,,,eine Büchse öffnen,"Dose; Konservendose",,,,,,,Goethe-Zertifikat B1 Wortliste,https://www.goethe.de,draft
236,word,Buffet,presentation table with self-service foods,buffet,Das Buffet ist eröffnet!,The buffet is open!,B1,noun,3,medium,,,,,standard,,,"food;hospitality",neuter,-s,Buffets,false,false,,,,am Buffet bedienen,"Kalt-Warmes Büfett; Vorratstisch",,,,,Goethe-Zertifikat B1 Wortliste,https://www.goethe.de,draft
237,word,Bühne,elevated platform in theater for performances,stage,Er steht gern auf der Bühne.,He likes standing on the stage.,B1,noun,3,medium,,,,,standard,,,"culture;theater",feminine,-n,Bühne,false,false,,,,auf der Bühne auftreten,"Theaterbühne; Podium",,,,,Goethe-Zertifikat B1 Wortliste,https://www.goethe.de,draft
238,word,Burg,fortified historic stone stronghold,castle / fortress,Von der Burg hat man eine schöne Aussicht.,From the castle one has a beautiful view.,B1,noun,3,medium,,,,,standard,,,"tourism;history",feminine,-en,Burg,false,false,,,,eine Burg besichtigen,"Festung; Schloss",,,,,Goethe-Zertifikat B1 Wortliste,https://www.goethe.de,draft
239,word,Bürger,citizen entitled to legal rights in a country/town,citizen,EU-Bürgerinnen und Bürger können überall in Europa arbeiten.,EU citizens can work anywhere in Europe.,B1,noun,3,medium,,,,,standard,,,"society;politics",masculine,-,Bürgers,false,false,,,,die Rechte der Bürger,"Staatsbürger; Einwohner",,,,,Goethe-Zertifikat B1 Wortliste,https://www.goethe.de,draft
240,word,Bürgerin,female citizen,citizen (female),EU-Bürgerinnen und Bürger können überall in Europa arbeiten.,EU citizens can work anywhere in Europe.,B1,noun,3,medium,,,,,standard,,,"society;politics",feminine,-nen,Bürgerin,false,false,,,,"Staatsbürgerin; Einwohnerin",,,,,,Goethe-Zertifikat B1 Wortliste,https://www.goethe.de,draft
241,word,Bürste,tool with bristles for cleaning or grooming,brush,Hast du eine Bürste? Meine Schuhe sind so schmutzig. / Ich brauche eine Bürste für meine Haare.,Do you have a brush? My shoes are so dirty. / I need a brush for my hair.,B1,noun,3,medium,,,,,standard,,,"household;hygiene",feminine,-n,Bürste,false,false,,,,eine Bürste benutzen,"Haarbürste; Schuhbürste",Kamm,,,,Goethe-Zertifikat B1 Wortliste,https://www.goethe.de,draft
242,word,Zahnbürste,small brush for cleaning human teeth,toothbrush,Ich brauche eine neue Zahnbürste.,I need a new toothbrush.,B1,noun,3,medium,,,,,standard,,,"hygiene;health",feminine,-n,Zahnbürste,false,false,,,,die Zahnbürste wechseln,Mundhygieneartikel,,,,,Goethe-Zertifikat B1 Wortliste,https://www.goethe.de,draft
243,word,Chance,favorable occasion or probability,chance / opportunity,"Mein Mann hat gute Chancen, die Stelle zu bekommen.",My husband has good chances of getting the position.,B1,noun,4,high,,,,,standard,,,"work;future",feminine,-n,Chance,false,false,,,,eine Chance verpassen/nutzen,"Gelegenheit; Möglichkeit; Aussicht",Risiko,,,,Goethe-Zertifikat B1 Wortliste,https://www.goethe.de,draft
244,word,schick,smart and stylish in appearance,chic / smart / stylish,Ich finde dein Kleid sehr schick.,I find your dress very chic.,B1,adjective,3,medium,,,,,standard,,,"fashion;clothing",adjective,,,,false,false,,,,schick aussehen,"elegant; modisch; fesch","altmodisch; hässlich",,,Goethe-Zertifikat B1 Wortliste,https://www.goethe.de,draft
245,word,Coiffeur,hairdresser or barber (Swiss German),hairdresser / barber,Du siehst toll aus! Wer ist dein Coiffeur?,You look great! Who is your hairdresser?,B1,noun,2,medium-low,,CH,,standard,"DACH: D; A=Friseur","body;jobs",masculine,-e,Coiffeurs,false,false,,,,zum Coiffeur gehen,"Friseur; Haarstylist",,,,,,,Goethe-Zertifikat B1 Wortliste,https://www.goethe.de,draft
246,word,Coiffeuse,female hairdresser (Swiss German),hairdresser (female),Meine Tochter will Coiffeuse werden.,My daughter wants to become a hairdresser.,B1,noun,2,medium-low,,CH,,standard,"DACH: D; A=Friseurin","body;jobs",feminine,-n,Coiffeuse,false,false,,,,"Friseurin; Haarstylistin",,,,,,,,Goethe-Zertifikat B1 Wortliste,https://www.goethe.de,draft
247,word,Couch,upholstered sofa for seating or reclining,couch / sofa,Wir haben uns eine Couch und neue Sessel gekauft.,We bought ourselves a couch and new armchairs.,B1,noun,3,medium,,,,,standard,,,"furniture;housing",feminine,-es / -s,Couch,false,false,,,,auf der Couch sitzen/liegen,"Sofa; Polstermöbel",,,,,Goethe-Zertifikat B1 Wortliste,https://www.goethe.de,draft
248,word,Couvert,envelope for postal letters (Swiss German),envelope,Ich hätte gern 50 Couverts und Briefmarken dazu.,I would like 50 envelopes and stamps to go with them.,B1,noun,2,medium-low,,CH,,standard,"DACH: D; CH=Briefumschlag; A=Kuvert","postal;office",neuter,-s,Couverts,false,false,,,,"Briefumschlag; Kuvert",,,,,,,,Goethe-Zertifikat B1 Wortliste,https://www.goethe.de,draft
249,word,dabei,present at scene / carrying on person,with it / present / along / on oneself,"Was hast du dir dabei gedacht? / Schön, dass du da bist. Ist deine Familie auch dabei? / Hast du einen Stift dabei?",What were you thinking with that? / Great that you are here. Is your family with you as well? / Do you have a pen on you?,B1,adverb,4,high,,,,,standard,,,"possession;social",adverb,,,,false,false,,,,"dabei sein; dabeihaben","anwesend; am Körper",,,,Goethe-Zertifikat B1 Wortliste,https://www.goethe.de,draft
250,word,Dach,protective upper covering of a building,roof,Wir müssen das Dach reparieren lassen. / Wir wohnen direkt unter dem Dach.,We need to have the roof repaired. / We live directly under the roof.,B1,noun,4,high,,,,,standard,,,"housing;architecture",neuter,Dächer,Daches,false,false,,,,"unter einem Dach leben; das Dach decken",Überdachung,"Keller; Boden",,,,Goethe-Zertifikat B1 Wortliste,https://www.goethe.de,draft
251,word,dafür,in favor of / in return for that,for it / in favor of it,"Meine Schwester interessiert sich für Politik. Ich interessiere mich nicht dafür. / Ich bin dafür, dass wir möglichst früh losfahren.",My sister is interested in politics. I am not interested in that. / I am in favor of us setting off as early as possible.,B1,adverb,5,very high,,,,,standard,,,"opinion;prepositional adverb",adverb,,,,false,false,,,,dafür sein,"zugunsten; dafür",dagegen,,,Goethe-Zertifikat B1 Wortliste,https://www.goethe.de,draft
252,word,dagegen,in collision with / opposed to,against it / in contrast / opposed,"Vorsicht, da ist ein Baum! Fahr nicht dagegen! / Sind Sie für oder gegen ein Rauchverbot? - Ich bin dagegen. / Ich habe nichts dagegen, dass wir schon nach Hause gehen.","Watch out; there is a tree! Don't drive into it! / Are you in favor of or against a smoking ban? - I am against it. / I have nothing against us going home already.",B1,adverb,4,high,,,,,standard,,,"opinion;prepositional adverb",adverb,,,,false,false,,,,"dagegen sein; nichts dagegen haben","wider; konträr",dafür,,,Goethe-Zertifikat B1 Wortliste,https://www.goethe.de,draft
253,word,daher,for that reason / from that origin,therefore / hence / for that reason,"Ich bin erkältet, daher kann ich heute nicht kommen.","I have a cold; therefore I cannot come today.",B1,adverb,4,high,,,,,standard,,,"reasoning;cause",adverb,,,,false,false,,,,"deshalb; darum; deswegen",,,,,Goethe-Zertifikat B1 Wortliste,https://www.goethe.de,draft
254,word,dahin,to that place or up to that point in time,there / until then,Der Zug kommt in 30 Minuten. Bis dahin können wir einen Kaffee trinken.,The train arrives in 30 minutes. Until then we can drink a coffee.,B1,adverb,4,high,,,,,standard,,,"temporal;spatial",adverb,,,,false,false,,,,bis dahin,"dorthin; bis zu dem Zeitpunkt",von dort,,,Goethe-Zertifikat B1 Wortliste,https://www.goethe.de,draft
255,word,damit,by means of that / in order that,with it / so that / in order that,"Mach schnell, damit wir nicht zu spät kommen. / Was macht man mit diesem Ding? - Damit kann man Dosen aufmachen.",Hurry up so that we don't arrive too late. / What do you do with this thing? - With that you can open cans.,B1,conjunction,5,very high,,,,,standard,,,"reasoning;grammar",,,,false,false,,,,"damit man; was damit tun","sodass; wodurch",,,,,Goethe-Zertifikat B1 Wortliste,https://www.goethe.de,draft
256,word,danach,following in sequence or time,afterwards / after that,"Zuerst gehen wir einkaufen, danach grillen wir auf unserem Balkon.","First we go shopping; after that we grill on our balcony.",B1,adverb,5,very high,,,,,standard,,,"time;sequence",adverb,,,,false,false,,,,gleich danach,"anschließend; darauf; später","davor; zuvor",,,Goethe-Zertifikat B1 Wortliste,https://www.goethe.de,draft
257,word,dankbar,feeling or showing appreciation,thankful / grateful,Ich bin Ihnen sehr dankbar für Ihre Hilfe.,I am very grateful to you for your help.,B1,adjective,3,medium,,,,,standard,,,"emotions;courtesy",adjective,,,,false,false,,,,dankbar sein für + acc,erkenntlich,undankbar,,,Goethe-Zertifikat B1 Wortliste,https://www.goethe.de,draft
258,word,darstellen,portray / depict / represent,to represent / to depict / to portray,Er konnte das Problem sehr gut darstellen.,He was able to portray the problem very well.,B1,verb,4,high,,,,,standard,,,"description;presentation",,,,,false,true,haben,stellt dar,stellte dar,dargestellt,acc,ein Problem darstellen,"abbilden; präsentieren; verkörpern",,Goethe-Zertifikat B1 Wortliste,https://www.goethe.de,draft
259,word,Darstellung,visual or descriptive account,presentation / depiction / account,Ihr Buch enthält eine klare Darstellung dieser Probleme.,Her book contains a clear account of these problems.,B1,noun,3,medium,,,,,standard,,,"books;description",feminine,-en,Darstellung,false,false,,,,eine genaue Darstellung,"Schilderung; Beschreibung; Präsentation",,,,,Goethe-Zertifikat B1 Wortliste,https://www.goethe.de,draft
260,word,Daten,facts or figures collected for reference,data / records,Wir haben alle Ihre Daten im Computer.,We have all your data in the computer.,B1,noun,5,very high,Used predominantly in plural,,,,standard,,,"computer;information",feminine,Daten,Daten,false,false,,,,persönliche Daten eingeben,"Informationen; Angaben",,,,,Goethe-Zertifikat B1 Wortliste,https://www.goethe.de,draft
261,word,Dauer,length of continuous time,duration / period,Sie können das Buch für die Dauer einer Woche ausleihen. / Auf Dauer ist die Arbeit nicht interessant.,You can borrow the book for a period of one week. / In the long run the work is not interesting.,B1,noun,3,medium,,,,,standard,,,time,feminine,-,Dauer,false,false,,,,"auf Dauer; für die Dauer von","Zeitspanne; Frist; Verlauf",Ende,,,,Goethe-Zertifikat B1 Wortliste,https://www.goethe.de,draft
262,word,dauernd,happening without interruption or repeatedly,constant / continuous / continuously,Das dauernde Klingeln des Telefons stört mich. / Er ist dauernd krank.,The continuous ringing of the phone bothers me. / He is constantly ill.,B1,adjective,4,high,,,,,standard,,,"time;frequency",adjective,,,,false,false,,,,dauernd stören,"ständig; ununterbrochen; permanent","selten; gelegentlich",,,Goethe-Zertifikat B1 Wortliste,https://www.goethe.de,draft
263,word,Decke,overhead room surface / covering cloth,ceiling / blanket,Im Wohnzimmer haben wir keine Lampe an der Decke. / Kann ich noch eine Decke bekommen? Mir ist kalt.,In the living room we have no lamp on the ceiling. / Can I have another blanket? I am cold.,B1,noun,4,high,,,,,standard,,,"housing;furniture",feminine,-n,Decke,false,false,,,,"unter der Decke; Wolldecke","Zimmerdecke; Bettdecke",Boden,,,,Goethe-Zertifikat B1 Wortliste,https://www.goethe.de,draft
264,word,dekorieren,embellish or adorn with ornaments,to decorate,"Hilfst du mir; den Tisch für die Party zu dekorieren?",Will you help me decorate the table for the party?,B1,verb,3,medium,,,,,standard,,,"household;celebration",,,,,false,false,haben,dekoriert,dekorierte,dekoriert,acc,den Raum dekorieren,"schmücken; verzieren",,Goethe-Zertifikat B1 Wortliste,https://www.goethe.de,draft
265,word,Gedanke,mental idea or reflection,thought / idea,"Ich muss zuerst meine Gedanken sammeln. / Dein Hinweis bringt mich auf einen Gedanken. / Der Gedanke an das Unglück macht uns traurig. / Lass uns einen Ausflug machen, damit du auf andere Gedanken kommst. / Sie ist ganz in Gedanken versunken.",I first need to collect my thoughts. / Your hint gives me an idea. / The thought of the misfortune makes us sad. / Let us go on an excursion so that you can take your mind off things. / She is completely lost in thought.,B1,noun,4,high,,,,,standard,,,"cognition;mental",masculine,-n,Gedankens,false,false,,,,"sich Gedanken machen über; auf andere Gedanken kommen","Idee; Überlegung; Einfall",,,,,Goethe-Zertifikat B1 Wortliste,https://www.goethe.de,draft
266,word,Denkmal,structure erected to commemorate person/event,monument / memorial,In dieser Stadt gibt es viele berühmte Denkmäler.,In this city there are many famous monuments.,B1,noun,3,medium,,,,,standard,,,"history;tourism",neuter,Denkmäler,Denkmals,false,false,,,,ein Denkmal errichten,"Monument; Gedenkstätte",,,,,Goethe-Zertifikat B1 Wortliste,https://www.goethe.de,draft
267,word,derselbe,identical entity mentioned,the same,Mein Freund und ich gehen in dieselbe Schule.,My friend and I go to the same school.,B1,pronoun,4,high,,,,,standard,,,"identification;pronoun",,,,false,false,,,,zur selben Zeit,"der gleiche; identisch",ein anderer,,,,Goethe-Zertifikat B1 Wortliste,https://www.goethe.de,draft
268,word,Dessert,sweet dish served at end of meal,dessert,Nach dem Essen gab es noch ein leckeres Dessert.,After the meal there was a delicious dessert.,B1,noun,3,medium,,"D; CH",,standard,"DACH: D; A=Nachspeise","food;dining",neuter,-s,Desserts,false,false,,,,ein Dessert servieren,"Nachtisch; Nachspeise",Vorspeise,,,,,,Goethe-Zertifikat B1 Wortliste,https://www.goethe.de,draft
269,word,deswegen,on account of that,therefore / because of that,Ich habe falsch geparkt. Deswegen habe ich einen Strafzettel bekommen.,I parked incorrectly. Therefore I got a parking ticket.,B1,adverb,4,high,,,,,standard,,,"reasoning;cause",adverb,,,,false,false,,,,deswegen weil,"deshalb; darum; aus diesem Grund",,,,Goethe-Zertifikat B1 Wortliste,https://www.goethe.de,draft
270,word,Detail,individual item or feature of whole,detail,Ich habe alles bis ins kleinste Detail vorbereitet. / Dieses Detail ist unwichtig.,I prepared everything down to the smallest detail. / This detail is unimportant.,B1,noun,3,medium,,,,,standard,,,"analysis;planning",neuter,-s,Details,false,false,,,,bis ins kleinste Detail,"Einzelheit; Einzelpunkt",Ganzes,,,,Goethe-Zertifikat B1 Wortliste,https://www.goethe.de,draft
271,word,Diät,special course of food for medical or weight reasons,diet,Ich möchte abnehmen. Deshalb mache ich eine Diät.,I want to lose weight. That is why I am on a diet.,B1,noun,3,medium,,,,,standard,,,"health;food",feminine,-en,Diät,false,false,,,,eine Diät machen/halten,"Schonkost; Reduktionskost",,,,,Goethe-Zertifikat B1 Wortliste,https://www.goethe.de,draft
272,word,Dialekt,regional variety of a language,dialect,"Ich verstehe dich besser; wenn du nicht Dialekt sprichst.",I understand you better when you don't speak dialect.,B1,noun,3,medium,,,,,standard,,,"language;regional",masculine,-e,Dialekts,false,false,,,,im Dialekt sprechen,Mundart,"Standardsprache; Hochdeutsch",,,,Goethe-Zertifikat B1 Wortliste,https://www.goethe.de,draft
273,word,Dialog,conversation between two or more people,dialogue,Sie hören jetzt einen Dialog.,You will now hear a dialogue.,B1,noun,3,medium,,,,,standard,,,"communication;language",masculine,-e,Dialogs,false,false,,,,einen Dialog führen,"Gespräch; Unterhaltung",Monolog,,,,Goethe-Zertifikat B1 Wortliste,https://www.goethe.de,draft
274,word,dicht,compact / impermeable to liquid/draft,tight / sealed / thick / close,Unsere Fenster sind nicht dicht. Es zieht immer.,Our windows are not airtight. There is always a draft.,B1,adjective,3,medium,,,,,standard,,,"housing;materials",adjective,,,,false,false,,,,dicht am Fenster,"undurchlässig; geschlossen; kompakt","undicht; offen",,,Goethe-Zertifikat B1 Wortliste,https://www.goethe.de,draft
275,word,Dieb,person who steals property without violence,thief,Ein Dieb hat mir auf dem Markt die Tasche gestohlen.,A thief stole my bag at the market.,B1,noun,3,medium,,,,,standard,,,"crime;law",masculine,-e,Diebes,false,false,,,,den Dieb fassen,"Langfinger; Einbrecher; Räuber",,,,,Goethe-Zertifikat B1 Wortliste,https://www.goethe.de,draft
276,word,Diebin,female person who steals property,thief (female),Die Polizei hat die Diebin festgenommen.,The police arrested the female thief.,B1,noun,2,medium-low,,,,,standard,,,"crime;law",feminine,-nen,Diebin,false,false,,,,Langfingerin,,,,,,Goethe-Zertifikat B1 Wortliste,https://www.goethe.de,draft
277,word,dienen,perform a function or assist,to serve / to be of use,Solche Kontakte dienen der Verbesserung der internationalen Beziehungen. / Dieser Raum dient als Aufenthaltsraum. / Er hat der Firma viele Jahre lang gedient.,Such contacts serve to improve international relations. / This room serves as a common room. / He served the company for many years.,B1,verb,3,medium,,,,,standard,,,"function;work",,,,,false,false,haben,dient,diente,gedient,"dat, als + nom","dienen als; zu etwas dienen","fungieren als; nützen",,Goethe-Zertifikat B1 Wortliste,https://www.goethe.de,draft
278,word,Dienst,work shift or assigned official duty,duty / service / shift,Als Krankenschwester habe ich oft Frühdienst. / Morgen habe ich Dienst. Deshalb kann ich nicht kommen.,As a nurse I often have early shift. / Tomorrow I am on duty. Therefore I cannot come.,B1,noun,4,high,,,,,standard,,,"work;jobs",masculine,-e,Dienstes,false,false,,,,"Dienst haben; zum Dienst antreten","Schicht; Arbeit; Einsatz",Freizeit,,,,Goethe-Zertifikat B1 Wortliste,https://www.goethe.de,draft
279,word,diesmal,on this particular occasion,this time,Die letzten Spiele haben wir verloren. Diesmal haben wir zum Glück gewonnen.,We lost the last games. This time luckily we won.,B1,adverb,4,high,,,,,standard,,,"time;frequency",adverb,,,,false,false,,,,diesmal nicht,"dieses Mal; heute","damals; letztes Mal",,,Goethe-Zertifikat B1 Wortliste,https://www.goethe.de,draft
280,word,digital,involving computer technology / binary display,digital,Ich habe eine Digitaluhr gekauft. Die geht genauer als meine alte Uhr.,I bought a digital watch. It is more accurate than my old watch.,B1,adjective,4,high,,,,,standard,,,"technology;media",adjective,,,,false,false,,,,"digitale Medien; Digitalkamera","elektronisch; rechnergestützt",analog,,,Goethe-Zertifikat B1 Wortliste,https://www.goethe.de,draft
281,word,Diplom,official degree or graduation certificate,diploma / degree,Wo kann ich mein Diplom abholen?,Where can I collect my diploma?,B1,noun,3,medium,,,,,standard,,,"education;jobs",neuter,-e,Diploms,false,false,,,,ein Diplom erhalten,"Abschlusszeugnis; Urkunde",,,,,Goethe-Zertifikat B1 Wortliste,https://www.goethe.de,draft
282,word,Direktorin,female head of institution or school,director / manager / headmistress (female),Ich möchte gern mit der Direktorin sprechen.,I would like to speak to the female director.,B1,noun,3,medium,,,,,standard,,,"work;school",feminine,-nen,Direktorin,false,false,,,,die Direktorin der Schule,"Leiterin; Chefin",Mitarbeiterin,,,,Goethe-Zertifikat B1 Wortliste,https://www.goethe.de,draft
283,word,Diskothek,venue for dancing to recorded music,discotheque / club,Wir gehen heute Abend in die Diskothek.,We are going to the discotheque tonight.,B1,noun,3,medium,,,,,standard,,,"leisure;entertainment",feminine,-en,Diskothek,false,false,,,,in die Diskothek gehen,"Disko; Tanzlokal; Club",,,,,Goethe-Zertifikat B1 Wortliste,https://www.goethe.de,draft
284,word,Disko,informal club with dance music,disco / club,Wir gehen heute Abend in die Disko.,We are going to the disco tonight.,B1,noun,3,medium,,,,,standard,,,"leisure;entertainment",feminine,-s,Disko,false,false,,,,in die Disko gehen,"Diskothek; Tanzclub",,,,,Goethe-Zertifikat B1 Wortliste,https://www.goethe.de,draft
285,word,Diskussion,formal or structured verbal exchange,discussion / debate,Im Fernsehen gab es eine Diskussion zum Thema „Kinderbetreuung“.,On television there was a discussion on the topic of childcare.,B1,noun,4,high,,,,,standard,,,"communication;media",feminine,-en,Diskussion,false,false,,,,"eine Diskussion führen; in eine Diskussion geraten","Debatte; Gespräch; Erörterung",,,,,Goethe-Zertifikat B1 Wortliste,https://www.goethe.de,draft
286,word,Empfehlung,favorable suggestion or advice,recommendation,Ich rufe auf Empfehlung von Herrn Weber an.,I am calling on Mr. Weber's recommendation.,B1,noun,3,medium,,,,,standard,,,"communication;advice",feminine,-en,Empfehlung,false,false,,,,"auf Empfehlung; eine Empfehlung aussprechen","Ratschlag; Tipp",Warnung,,,,Goethe-Zertifikat B1 Wortliste,https://www.goethe.de,draft
287,word,endgültig,final and not subject to further changes,final / definitive / permanent,Damit ist das Problem endgültig gelöst. / Der endgültige Termin steht noch nicht fest. / Das Ergebnis ist noch nicht endgültig.,With that the problem is definitively solved. / The final date is not fixed yet. / The result is not yet final.,B1,adjective,3,medium,,,,,standard,,,"time;decision",adjective,,,,false,false,,,,endgültige Entscheidung,"definitiv; letztgültig","vorläufig; provisorisch",,,Goethe-Zertifikat B1 Wortliste,https://www.goethe.de,draft
288,word,Energie,power resource or personal vitality,energy,"Wir müssen Energie sparen. / Abends habe ich keine Energie mehr, um Sport zu machen.",We have to save energy. / In the evening I have no energy left to do sports.,B1,noun,4,high,,,,,standard,,,"environment;health",feminine,-n,Energie,false,false,,,,"erneuerbare Energien; Energie sparen","Kraft; Strom; Elan",Schwäche,,,,Goethe-Zertifikat B1 Wortliste,https://www.goethe.de,draft
289,word,entdecken,find something unknown or spot an error,to discover / to spot,Ich habe in deinem Brief noch ein paar Fehler entdeckt.,I spotted a few more errors in your letter.,B1,verb,4,high,,,,,standard,,,"cognition;research",,,,,false,false,haben,entdeckt,entdeckte,entdeckt,acc,"Neuland entdecken; Fehler entdecken","herausfinden; feststellen",übersehen,Goethe-Zertifikat B1 Wortliste,https://www.goethe.de,draft
290,word,entfernen,take away / be distanced from,to remove / to be distant from,Der Müll muss dringend entfernt werden. / Das Hotel liegt etwa 100 m vom Strand entfernt.,The rubbish urgently needs to be removed. / The hotel is situated about 100 m away from the beach.,B1,verb,4,high,,,,,standard,,,"spatial;cleaning",,,,,true,false,haben,entfernt,entfernte,entfernt,"acc, von + dat, refl","Flecken entfernen; sich entfernen","beseitigen; abtragen","hinzufügen; nähern",Goethe-Zertifikat B1 Wortliste,https://www.goethe.de,draft
291,word,Entfernung,spatial distance between two points,distance,Aus dieser Entfernung ist das nicht zu erkennen.,From this distance that cannot be recognized.,B1,noun,3,medium,,,,,standard,,,"spatial;measurement",feminine,-en,Entfernung,false,false,,,,in weiter Entfernung,"Distanz; Abstand; Weite",Nähe,,,,Goethe-Zertifikat B1 Wortliste,https://www.goethe.de,draft
292,word,entgegenkommen,walk toward someone / make a concession,to come toward / to accommodate (price),Auf dem Weg nach Hause ist mir mein Nachbar entgegengekommen. / Können Sie mir mit dem Preis entgegenkommen?,On the way home my neighbor came toward me. / Can you accommodate me on the price?,B1,verb,3,medium,,,,,standard,,,"social;commerce",,,,,false,true,sein,kommt entgegen,kam entgegen,entgegengekommen,"dat, mit + dat",beim Preis entgegenkommen,"zukommen auf; nachgeben",verweigern,Goethe-Zertifikat B1 Wortliste,https://www.goethe.de,draft
293,word,enthalten,have within itself as component,to contain / to include,Diese Schokolade enthält nur sehr wenig Zucker. / Ist die Änderung im Preis enthalten?,This chocolate contains very little sugar. / Is the modification included in the price?,B1,verb,4,high,,,,,standard,,,"food;pricing",,,,,false,false,haben,enthält,enthielt,enthalten,"acc, in + dat","Zutaten enthalten; im Preis enthalten sein","beinhalten; umfassen",ausschließen,Goethe-Zertifikat B1 Wortliste,https://www.goethe.de,draft
294,word,entlang,parallel to the line or length of,along,Gehen Sie diese Straße entlang. Dann kommen Sie direkt zum Bahnhof.,Walk along this street. Then you will arrive directly at the station.,B1,preposition,4,high,,,,,standard,,,"directions;spatial",,,,false,false,,,acc / dat,"den Fluss entlang; der Straße entlang",längs,,,,,Goethe-Zertifikat B1 Wortliste,https://www.goethe.de,draft
295,word,entlassen,discharge from hospital or dismiss from job,to dismiss / to discharge / to lay off,Die Operation ist gut gelaufen. Wir können Sie nächste Woche aus dem Krankenhaus entlassen. / Die Firma hat viele Mitarbeiter entlassen.,The operation went well. We can discharge you from the hospital next week. / The company laid off many employees.,B1,verb,3,medium,,,,,standard,,,"medical;work",,,,,false,false,haben,entlässt,entließ,entlassen,"acc, aus + dat","aus dem Krankenhaus entlassen; Mitarbeiter entlassen","kündigen; freisetzen","einstellen; aufnehmen",Goethe-Zertifikat B1 Wortliste,https://www.goethe.de,draft
296,word,Entlassung,termination of employment or medical stay,dismissal / discharge / layoff,Seine Entlassung aus der Firma kam überraschend.,His dismissal from the company came surprisingly.,B1,noun,3,medium,,,,,standard,,,"work;medical",feminine,-en,Entlassung,false,false,,,,die fristlose Entlassung,"Kündigung; Freisetzung","Einstellung; Aufnahme",,,,Goethe-Zertifikat B1 Wortliste,https://www.goethe.de,draft
297,word,entscheiden,make a definitive choice or judgment,to decide / to make up one's mind,"Das kann ich nicht allein entscheiden, da muss ich erst fragen. / Für welchen Anzug haben Sie sich entschieden?","I cannot decide that alone; I have to ask first. / Which suit did you decide on?",B1,verb,5,very high,,,,,standard,,,"decision;choice",,,,,true,false,haben,entscheidet,entschied,entschieden,"acc, für + acc, über + acc, refl",sich für etwas entscheiden,"beschließen; bestimmen",schwanken,Goethe-Zertifikat B1 Wortliste,https://www.goethe.de,draft
298,word,Entscheidung,definitive choice made between alternatives,decision,Diese wichtige Entscheidung möchte ich zuerst mit meinem Mann besprechen.,I would like to discuss this important decision with my husband first.,B1,noun,4,high,,,,,standard,,,"decision;life",feminine,-en,Entscheidung,false,false,,,,eine Entscheidung treffen/fällen,"Entschluss; Beschluss",Unentschlossenheit,,,,Goethe-Zertifikat B1 Wortliste,https://www.goethe.de,draft
299,word,unentschieden,tied score in sports / hesitant,draw / tied / undecided,"Es steht unentschieden zwischen den beiden Mannschaften. / Ich bin noch immer unentschieden, was ich morgen tun soll.",It is a draw between the two teams. / I am still undecided about what to do tomorrow.,B1,adjective,3,medium,,,,,standard,,,"sports;decision",adjective,,,,false,false,,,,"unentschieden spielen; unentschieden sein","Remis; unschlüssig",entschieden,,,Goethe-Zertifikat B1 Wortliste,https://www.goethe.de,draft
300,word,sich entschließen,come to a definite intention or resolve,to make up one's mind / to resolve,"Mein Nachbar hat sich nun doch entschlossen, sein Auto zu verkaufen.",My neighbor has resolved after all to sell his car.,B1,verb,4,high,,,,,standard,,,decision,,,,,true,false,haben,entschließt sich,entschloss sich,entschlossen,"refl, zu + dat, zu + inf",sich kurzfristig entschließen,"beschließen; sich entscheiden",,Goethe-Zertifikat B1 Wortliste,https://www.goethe.de,draft
301,word,entschlossen,resolute and determined in purpose,determined / resolute,"Ich bin fest entschlossen, diese Ausbildung fertigzumachen.",I am firmly determined to finish this vocational training.,B1,adjective,3,medium,,,,,standard,,,"personality;decision",adjective,,,,false,false,,,,fest entschlossen sein,"zielstrebig; tatkräftig","zögerlich; unentschlossen",,,Goethe-Zertifikat B1 Wortliste,https://www.goethe.de,draft
302,word,entsorgen,dispose of waste or old appliances,to dispose of,Wie kann ich meine alte Kaffeemaschine entsorgen?,How can I dispose of my old coffee machine?,B1,verb,3,medium,,,,,standard,,,"environment;waste",,,,,false,false,haben,entsorgt,entsorgte,entsorgt,acc,Müll/Geräte entsorgen,"wegwerfen; beseitigen",,Goethe-Zertifikat B1 Wortliste,https://www.goethe.de,draft
303,word,entspannend,producing relief from tension or stress,relaxing,Der Urlaub war sehr entspannend.,The vacation was very relaxing.,B1,adjective,3,medium,,,,,standard,,,"travel;emotions",adjective,,,,false,false,,,,ein entspannender Abend,"erholsam; beruhigend","stressig; anstrengend",,,Goethe-Zertifikat B1 Wortliste,https://www.goethe.de,draft
304,word,entstehen,originate or develop from,to arise / to emerge / to develop,Hier entsteht ein neues Einkaufszentrum. / Andere Kosten entstehen nicht.,A new shopping center is emerging here. / No other costs will arise.,B1,verb,4,high,,,,,standard,,,"construction;finance",,,,,false,false,sein,entsteht,entstand,entstanden,"intr, aus + dat","Kosten entstehen; neu entstehen","sich bilden; erwachsen","vergehen; verschwinden",Goethe-Zertifikat B1 Wortliste,https://www.goethe.de,draft
305,word,enttäuschen,fail to satisfy hopes or expectations,to disappoint,Leider hat mich sein Verhalten enttäuscht. / Wir waren von dem Konzert sehr enttäuscht. / Das Ergebnis war enttäuschend.,Unfortunately his behavior disappointed me. / We were very disappointed by the concert. / The result was disappointing.,B1,verb,3,medium,,,,,standard,,,"emotions;social",,,,,false,false,haben,enttäuscht,enttäuschte,enttäuscht,"acc, von + dat",jemanden tief enttäuschen,desillusionieren,"begeistern; erfreuen",Goethe-Zertifikat B1 Wortliste,https://www.goethe.de,draft
306,word,Enttäuschung,feeling of sadness from unmet expectations,disappointment,Das Endspiel war eine große Enttäuschung.,The final match was a big disappointment.,B1,noun,3,medium,,,,,standard,,,"emotions;sports",feminine,-en,Enttäuschung,false,false,,,,eine Enttäuschung erleben,"Frustration; Niederlage","Freude; Genugtuung",,,,Goethe-Zertifikat B1 Wortliste,https://www.goethe.de,draft
307,phrase,entweder... oder,correlative conjunction of alternatives,either... or,"Nur einer kann gewinnen, entweder du oder ich.","Only one can win; either you or me.",B1,conjunction,4,high,,,,,standard,,,"grammar;logic",phrase,,,,false,false,,,,entweder jetzt oder nie,alternativ,,,,Goethe-Zertifikat B1 Wortliste,https://www.goethe.de,draft
308,word,entwickeln,grow or create systematically,to develop / to design,Unser Sohn entwickelt sich gut in der Schule. / Die Firma hat ein neues Produkt entwickelt.,Our son is developing well at school. / The company has developed a new product.,B1,verb,4,high,,,,,standard,,,"growth;business",,,,,true,false,haben,entwickelt,entwickelte,entwickelt,"acc, refl","ein Produkt entwickeln; sich positiv entwickeln","erarbeiten; entfalten",,Goethe-Zertifikat B1 Wortliste,https://www.goethe.de,draft
309,word,Entwicklung,growth,progress,"or evolution, development / trend, Genug Schlaf ist wichtig für die Entwicklung Ihres Kindes.",Sufficient sleep is important for the development of your child.,B1,noun,4,high,,,,,standard,,,"health;growth",feminine,-en,Entwicklung,false,false,,,,eine positive Entwicklung nehmen,"Entfaltung; Fortschritt",Rückschritt,,,,Goethe-Zertifikat B1 Wortliste,https://www.goethe.de,draft
310,word,Erde,planet Earth / soil / ground,earth / soil / ground / world,Die Pflanzen brauchen neue Erde. / Mein Sohn hat das Glas auf die Erde fallen lassen. / An der Konferenz nehmen Vertreter aus fast allen Ländern der Erde teil.,The plants need fresh soil. / My son dropped the glass onto the ground. / Representatives from almost all countries on Earth attend the conference.,B1,noun,4,high,,,,,standard,,,"nature;world",feminine,-,Erde,false,false,,,,"auf die Erde fallen; Mutter Erde","Boden; Erdboden; Globus",Himmel,,,,Goethe-Zertifikat B1 Wortliste,https://www.goethe.de,draft
311,word,Erdapfel,edible starchy tuber (Austrian German),potato,Kann ich bitte noch Erdäpfel bekommen?,May I please have some more potatoes?,B1,noun,3,medium,,A,,standard,"DACH: D; CH=Kartoffel","food;cooking",masculine,Erdäpfel,Erdapfels,false,false,,,,Erdäpfel kochen,"Kartoffel; Grundbirne",,,,,,,Goethe-Zertifikat B1 Wortliste,https://www.goethe.de,draft
312,word,Erdgeschoß,level of building closest to ground level (Austrian),ground floor,Unsere Wohnung befindet sich im Erdgeschoß.,Our apartment is situated on the ground floor.,B1,noun,3,medium,,A,,standard,"DACH: D; CH=Erdgeschoss","housing;buildings",neuter,-e,Erdgeschosses,false,false,,,,im Erdgeschoß,"Parterre; Erdgeschoss",Obergeschoß,,,,,,Goethe-Zertifikat B1 Wortliste,https://www.goethe.de,draft
313,word,Ereignis,notable happening or occurrence,event / occurrence,Alle Zeitungen haben über diese Ereignisse berichtet. / Das Konzert war ein großes Ereignis.,All newspapers reported on these events. / The concert was a big event.,B1,noun,3,medium,,,,,standard,,,"news;media",neuter,-se,Ereignisses,false,false,,,,ein historisches Ereignis,"Geschehnis; Vorfall",,,,,Goethe-Zertifikat B1 Wortliste,https://www.goethe.de,draft
314,word,sich ereignen,take place or come to pass,to occur / to happen,Der Unfall ereignete sich am frühen Morgen.,The accident occurred in the early morning.,B1,verb,3,medium,,,,,standard,,,"news;traffic",,,,,true,false,haben,ereignet sich,ereignete sich,ereignet,refl,ein Unglück ereignet sich,"geschehen; vorfallen; passieren",,Goethe-Zertifikat B1 Wortliste,https://www.goethe.de,draft
315,word,erfahren,gain information / undergo life experience,to learn / to find out / to experience,Wann erfahren wir das Ergebnis der Prüfung?,When do we find out the result of the examination?,B1,verb,4,high,,,,,standard,,,"education;cognition",,,,,false,false,haben,erfährt,erfuhr,erfahren,"acc, von + dat, über + acc",Neuigkeiten erfahren,"in Erfahrung bringen; mitbekommen",verheimlichen,Goethe-Zertifikat B1 Wortliste,https://www.goethe.de,draft
316,word,erfinden,create or design something entirely new,to invent,Das Rad wurde vor ca. 6000 Jahren erfunden.,The wheel was invented about 6000 years ago.,B1,verb,3,medium,,,,,standard,,,"history;science",,,,,false,false,haben,erfindet,erfand,erfunden,acc,eine Maschine erfinden,"ersinnen; kreieren",,Goethe-Zertifikat B1 Wortliste,https://www.goethe.de,draft
317,word,Erfindung,newly created device,idea,"or method, invention, Die Erfindung des Buchdrucks war sehr wichtig für die Menschen.",The invention of book printing was very important for mankind.,B1,noun,3,medium,,,,,standard,,,"history;technology",feminine,-en,Erfindung,false,false,,,,eine bahnbrechende Erfindung,"Neuerung; Entdeckung",,,,,Goethe-Zertifikat B1 Wortliste,https://www.goethe.de,draft
318,word,Erfolg,favorable outcome or triumph,success,Der Film war ein großer Erfolg. / Ich wünsche Ihnen viel Erfolg bei der Prüfung.,The film was a big success. / I wish you great success in the exam.,B1,noun,4,high,,,,,standard,,,"work;education",masculine,-e,Erfolgs,false,false,,,,"viel Erfolg wünschen; Erfolg haben","Triumph; Gelingen","Misserfolg; Scheitern",,,,Goethe-Zertifikat B1 Wortliste,https://www.goethe.de,draft
319,word,erfolgreich,achieving desired positive aims,successful,Mein Großvater war ein erfolgreicher Geschäftsmann.,My grandfather was a successful businessman.,B1,adjective,4,high,,,,,standard,,,"work;evaluation",adjective,,,,false,false,,,,erfolgreich abschließen,"gelungen; siegreich",erfolglos,,,Goethe-Zertifikat B1 Wortliste,https://www.goethe.de,draft
320,word,erforderlich,strictly necessary according to rule/task,required / necessary,"Hier ist die Liste der erforderlichen Zutaten für den Kuchen. / Es ist erforderlich, dass man den Pass persönlich abholt.",Here is the list of required ingredients for the cake. / It is required that one collects the passport in person.,B1,adjective,3,medium,,,,,standard,,,"rules;official",adjective,,,,false,false,,,,erforderlich sein,"notwendig; unverzichtbar",überflüssig,,,Goethe-Zertifikat B1 Wortliste,https://www.goethe.de,draft
321,word,erfordern,make necessary as requirement,to require / to demand,Dieser Job erfordert viel Kraft.,This job requires a lot of strength.,B1,verb,3,medium,,,,,standard,,,"work;effort",,,,,false,false,haben,erfordert,erforderte,erfordert,acc,Geduld erfordern,"brauchen; abverlangen; voraussetzen",,Goethe-Zertifikat B1 Wortliste,https://www.goethe.de,draft
322,word,erfüllen,execute obligations / satisfy desire,to fulfill / to satisfy / to meet,Sie müssen den Vertrag in allen Punkten erfüllen. / Wir erfüllen Ihnen jeden Wunsch.,You must fulfill the contract in all points. / We will fulfill your every wish.,B1,verb,3,medium,,,,,standard,,,"work;agreements",,,,,false,false,haben,erfüllt,erfüllte,erfüllt,"acc, dat",einen Wunsch/Vertrag erfüllen,"nachkommen; realisieren",vernachlässigen,Goethe-Zertifikat B1 Wortliste,https://www.goethe.de,draft
323,word,erhalten,receive goods/mail / preserve state,to receive / to obtain / to preserve,Ihr Schreiben vom 3. Januar haben wir erhalten.,We received your letter of January 3rd.,B1,verb,4,high,,,,,standard,,,"official;communication",,,,,false,false,haben,erhält,erhielt,erhalten,acc,"einen Brief erhalten; gesund erhalten","bekommen; kriegen; bewahren",verlieren,Goethe-Zertifikat B1 Wortliste,https://www.goethe.de,draft
324,word,erhöhen,make higher in amount,rate,"or price, to raise / to increase, Die Regierung wird sicher bald wieder die Steuern erhöhen. / Die Zahl der Unfälle hat sich stark erhöht.",The government will certainly raise taxes again soon. / The number of accidents has increased sharply.,B1,verb,4,high,,,,,standard,,,"finance;statistics",,,,,true,false,haben,erhöht,erhöhte,erhöht,"acc, refl","die Preise erhöhen; sich erhöhen","steigern; anheben","senken; verringern",Goethe-Zertifikat B1 Wortliste,https://www.goethe.de,draft
325,word,Erhöhung,upward adjustment in rate or wage,increase / raise,Wir streiken für eine Lohnerhöhung.,We are striking for a wage increase.,B1,noun,3,medium,,,,,standard,,,"work;finance",feminine,-en,Erhöhung,false,false,,,,eine Gehaltserhöhung fordern,"Anhebung; Steigerung",Senkung,,,,Goethe-Zertifikat B1 Wortliste,https://www.goethe.de,draft
326,word,sich erholen,regain health or rest from work,to recover / to recuperate / to relax,Im Urlaub habe ich mich sehr gut erholt. / Er hat sich nach dem Unfall sehr schnell wieder erholt.,During vacation I recuperated very well. / He recovered very quickly after the accident.,B1,verb,4,high,,,,,standard,,,"health;travel",,,,,true,false,haben,erholt sich,erholte sich,erholt,"refl, von + dat",sich vom Stress erholen,"genesen; ausruhen",erkranken,Goethe-Zertifikat B1 Wortliste,https://www.goethe.de,draft
327,word,Erholung,period of rest returning energy,rest / recreation / recovery,Ich habe zu viel gearbeitet. Jetzt brauche ich etwas Erholung.,I have worked too much. Now I need some rest.,B1,noun,3,medium,,,,,standard,,,"health;leisure",feminine,-,Erholung,false,false,,,,"Erholung finden; Erholung brauchen","Entspannung; Rast; Genesung",Überarbeitung,,,,Goethe-Zertifikat B1 Wortliste,https://www.goethe.de,draft
328,word,Erinnerung,retrieved past memory or commemorative souvenir,memory / recollection,An diese Zeit habe ich viele schöne Erinnerungen.,I have many fond memories of that time.,B1,noun,4,high,,,,,standard,,,"memory;personal",feminine,-en,Erinnerung,false,false,,,,in guter Erinnerung behalten,"Gedächtnis; Rückblick",Vergessen,,,,Goethe-Zertifikat B1 Wortliste,https://www.goethe.de,draft
329,word,sich erkälten,contract an upper respiratory tract infection,to catch a cold,Der Junge hat sich beim Baden erkältet.,The boy caught a cold while swimming.,B1,verb,3,medium,,,,,standard,,,"health;medicine",,,,,true,false,haben,erkältet sich,erkältete sich,erkältet,refl,sich schwer erkälten,sich verkühlen,,Goethe-Zertifikat B1 Wortliste,https://www.goethe.de,draft
330,word,erkältet,suffering from a common cold,having a cold,Ich bin stark erkältet.,I have a bad cold.,B1,adjective,3,medium,,,,,standard,,,"health;medicine",adjective,,,,false,false,,,,schwer erkältet sein,"verschnupft; verkühlt",gesund,,,Goethe-Zertifikat B1 Wortliste,https://www.goethe.de,draft
331,word,Erkältung,upper respiratory viral illness,cold (illness),Du hast eine schlimme Erkältung!,You have a bad cold!,B1,noun,3,medium,,,,,standard,,,"health;medicine",feminine,-en,Erkältung,false,false,,,,eine Erkältung auskurieren,"Verkühlung; Schnupfen; Grippe",,,,,Goethe-Zertifikat B1 Wortliste,https://www.goethe.de,draft
332,word,erkennen,identify something familiar / realize truth,to recognize / to realize,"Ich habe Roberto gleich an seiner Stimme erkannt. / Auf dem Foto kann man kaum etwas erkennen. / Ich habe erkannt, dass es ein Fehler war, den Kurs nicht fertigzumachen.",I recognized Roberto immediately by his voice. / On the photograph one can hardly recognize anything. / I realized that it was a mistake not to finish the course.,B1,verb,4,high,,,,,standard,,,"perception;cognition",,,,,false,false,haben,erkennt,erkannte,erkannt,"acc, an + dat, dass-clause","an der Stimme erkennen; einen Fehler erkennen","wiedererkennen; begreifen; wahrnehmen","verkennen; übersehen",Goethe-Zertifikat B1 Wortliste,https://www.goethe.de,draft
333,word,Erklärung,elucidation of facts / formal statement,explanation / declaration,Hast du schon die Steuererklärung gemacht? / Die Erklärung der Lehrerin ist besser als die Erklärung im Buch.,Have you done your tax return yet? / The teacher's explanation is better than the explanation in the book.,B1,noun,4,high,,,,,standard,,,"education;official",feminine,-en,Erklärung,false,false,,,,"eine Steuererklärung abgeben; Erklärung geben","Erläuterung; Deklaration",,,,,Goethe-Zertifikat B1 Wortliste,https://www.goethe.de,draft
334,word,sich erkundigen,seek information about matter,to inquire,"Ich möchte mich erkundigen; wie es Ihnen geht.",I would like to inquire how you are doing.,B1,verb,3,medium,,,,,standard,,,"communication;courtesy",,,,,true,false,haben,erkundigt sich,erkundigte sich,erkundigt,"refl, nach + dat, über + acc",sich nach dem Weg erkundigen,"nachfragen; informieren",,Goethe-Zertifikat B1 Wortliste,https://www.goethe.de,draft
335,word,erleben,encounter or live through events personally,to experience,In unserem Urlaub haben wir viel Schönes erlebt.,During our vacation we experienced many wonderful things.,B1,verb,4,high,,,,,standard,,,"travel;life",,,,,false,false,haben,erlebt,erlebte,erlebt,acc,ein Abenteuer erleben,"durchleben; mitmachen",,Goethe-Zertifikat B1 Wortliste,https://www.goethe.de,draft
336,word,Erlebnis,memorable occurrence lived through personally,experience / event,Die Reise war ein tolles Erlebnis.,The journey was a great experience.,B1,noun,4,high,,,,,standard,,,"travel;narrative",neuter,-se,Erlebnisses,false,false,,,,ein unvergessliches Erlebnis,"Begebenheit; Ereignis",,,,,Goethe-Zertifikat B1 Wortliste,https://www.goethe.de,draft
337,word,erledigen,complete a task or business matter,to take care of / to settle,Diese zwei Pakete müssen zur Post. Könntest du das für mich erledigen?,These two packages need to go to the post office. Could you take care of that for me?,B1,verb,4,high,,,,,standard,,,"work;routine",,,,,false,false,haben,erledigt,erledigte,erledigt,acc,"die Post erledigen; Einkäufe erledigen","fertigstellen; ausführen; besorgen",aufschieben,Goethe-Zertifikat B1 Wortliste,https://www.goethe.de,draft
338,word,erleichtern,make an effort easier / feel relief,to relieve / to make easier,"Ich bin erleichtert, dass alles so gut geklappt hat. / Das Internet erleichtert mir die Arbeit sehr.",I am relieved that everything worked out so well. / The internet makes my work much easier.,B1,verb,3,medium,,,,,standard,,,"emotions;work",,,,,false,false,haben,erleichtert,erleichterte,erleichtert,acc,"die Arbeit erleichtern; erleichtert sein","vereinfachen; beruhigen","erschweren; belasten",Goethe-Zertifikat B1 Wortliste,https://www.goethe.de,draft
339,word,ernähren,supply with bodily food / feed family,to nourish / to feed / to sustain,"Wie ernähre ich mich richtig? / Meine Eltern müssen beide arbeiten, um die Familie zu ernähren.",How do I eat properly? / Both my parents have to work in order to feed the family.,B1,verb,3,medium,,,,,standard,,,"food;family",,,,,true,false,haben,ernährt,ernährte,ernährt,"acc, refl, von + dat","sich gesund ernähren; die Familie ernähren","versorgen; durchbringen",,Goethe-Zertifikat B1 Wortliste,https://www.goethe.de,draft
340,word,Ernährung,food intake and bodily nourishment,nutrition / diet,Ich finde eine gesunde Ernährung wichtig.,I consider healthy nutrition important.,B1,noun,4,high,,,,,standard,,,"health;food",feminine,-,Ernährung,false,false,,,,gesunde/ausgewogene Ernährung,"Kost; Verpflegung",,,,,Goethe-Zertifikat B1 Wortliste,https://www.goethe.de,draft
341,word,ernst,grave / solemn / requiring sincere concern,serious / grave,Der starke Verkehr ist ein ernstes Problem.,Heavy traffic is a serious problem.,B1,adjective,4,high,,,,,standard,,,"problem;attitude",adjective,,,,false,false,,,,"ein ernstes Gesicht; eine ernste Lage","gravierend; seriös; bedeutend","lustig; heiter",,,Goethe-Zertifikat B1 Wortliste,https://www.goethe.de,draft
342,word,ernsthaft,sincere and genuine without frivolity,serious / seriously,"Ich überlege ernsthaft, ob ich in eine andere Stadt ziehen soll.",I am seriously considering whether I should move to another city.,B1,adjective,3,medium,,,,,standard,,,"decision;personality",adjective,,,,false,false,,,,ernsthaft nachdenken,"aufrichtig; gewissenhaft",leichtfertig,,,Goethe-Zertifikat B1 Wortliste,https://www.goethe.de,draft
343,word,Ernte,gathering of agricultural crops or the yield,harvest / crop,Die Ernte ist dieses Jahr gut.,The harvest is good this year.,B1,noun,3,medium,,,,,standard,,,"agriculture;food",feminine,-n,Ernte,false,false,,,,die Ernte einbringen,"Ertrag; Feldfrüchte",,,,,Goethe-Zertifikat B1 Wortliste,https://www.goethe.de,draft
344,word,eröffnen,open business/account or begin event,to open / to inaugurate,Mein Nachbar hat letzten Monat ein Geschäft eröffnet. / Ich möchte ein Konto eröffnen.,My neighbor opened a shop last month. / I would like to open a bank account.,B1,verb,4,high,,,,,standard,,,"business;banking",,,,,false,false,haben,eröffnet,eröffnete,eröffnet,acc,ein Konto/Geschäft eröffnen,"aufmachen; einweihen","schließen; auflösen",Goethe-Zertifikat B1 Wortliste,https://www.goethe.de,draft
345,word,Eröffnung,commencement or inaugural event,opening / inauguration,Die Eröffnung der neuen Oper ist am 1. Juni.,The opening of the new opera is on June 1st.,B1,noun,3,medium,,,,,standard,,,"culture;events",feminine,-en,Eröffnung,false,false,,,,zur Eröffnung einladen,"Einweihung; Beginn",Schließung,,,,Goethe-Zertifikat B1 Wortliste,https://www.goethe.de,draft
346,word,erschöpft,severely fatigued and lacking energy,exhausted,Nach dem Sport bin ich immer sehr erschöpft.,After sports I am always very exhausted.,B1,adjective,3,medium,,,,,standard,,,"health;sports",adjective,,,,false,false,,,,völlig erschöpft sein,"ausgelaugt; entkräftet","ausgeruht; munter",,,Goethe-Zertifikat B1 Wortliste,https://www.goethe.de,draft
347,word,erschrecken,be startled / cause someone to feel shock,to be startled / to frighten / to scare,Du hast richtig krank ausgesehen. Ich war ganz erschrocken. / Hast du mich aber erschreckt! / Entschuldigung. Ich wollte Sie nicht erschrecken.,You looked really ill. I was quite alarmed. / You really startled me! / Excuse me. I didn't mean to scare you.,B1,verb,3,medium,,,,,standard,,,"emotions;reactions",,,,,false,false,haben / sein,erschrickt / erschreckt,erschrak / erschreckte,erschrocken / erschreckt,"acc / intr, über + acc",zu Tode erschrecken,"ängstigen; verblüffen",beruhigen,Goethe-Zertifikat B1 Wortliste,https://www.goethe.de,draft
348,word,ersetzen,take the place of / compensate cost,to replace / to compensate / to substitute,Wir ersetzen Ihnen die Kosten. / Peter ist krank. Jemand muss ihn ersetzen.,We will reimburse your costs. / Peter is ill. Someone has to substitute for him.,B1,verb,3,medium,,,,,standard,,,"work;finance",,,,,false,false,haben,ersetzt,ersetzte,ersetzt,"acc, dat","Kosten ersetzen; einen Kollegen ersetzen","austauschen; erstatten; vertreten",,Goethe-Zertifikat B1 Wortliste,https://www.goethe.de,draft
349,word,Ersatz,substitute item or replacement part,replacement / substitute,Sie bekommen von unserer Firma einen Ersatz für das kaputte Gerät.,You will receive a replacement from our company for the broken device.,B1,noun,3,medium,,,,,standard,,,"service;shopping",masculine,-,Ersatzes,false,false,,,,Ersatz leisten/bekommen,"Austausch; Ausgleich; Surrogat",,,,,Goethe-Zertifikat B1 Wortliste,https://www.goethe.de,draft
350,word,erstellen,produce or draft systematically,to create / to generate / to draw up,"Erstellen Sie bitte eine Liste mit allen Informationen; die Sie brauchen.",Please compile a list with all the information that you need.,B1,verb,3,medium,,,,,standard,,,"office;tasks",,,,,false,false,haben,erstellt,erstellte,erstellt,acc,einen Plan/eine Liste erstellen,"anfertigen; erarbeiten; verfassen",,Goethe-Zertifikat B1 Wortliste,https://www.goethe.de,draft
351,word,erwachsen,having reached physical and legal maturity,grown-up / adult,Die Kinder sind schon fast erwachsen. / Wir haben zwei erwachsene Töchter.,The children are almost grown up. / We have two adult daughters.,B1,adjective,4,high,,,,,standard,,,"age;family",adjective,,,,false,false,,,,erwachsen werden,"volljährig; reif","minderjährig; kindlich",,,Goethe-Zertifikat B1 Wortliste,https://www.goethe.de,draft
352,word,erwarten,look forward to or anticipate arrival,to expect / to await,"Ich erwarte einen Anruf aus Berlin. / Frau Müller erwartet ein Kind. / Wir hatten nichts anderes erwartet. / Ich kann es gar nicht erwarten, euch wieder zu sehen.",I am expecting a phone call from Berlin. / Ms. Müller is expecting a baby. / We had expected nothing else. / I can hardly wait to see you again.,B1,verb,4,high,,,,,standard,,,"future;cognition",,,,,false,false,haben,erwartet,erwartete,erwartet,acc,"Besuch erwarten; ein Kind erwarten","voraussehen; harren",befürchten,Goethe-Zertifikat B1 Wortliste,https://www.goethe.de,draft
353,word,Erzählung,literary story or narrative prose,story / short tale / narrative,Diese Erzählung ist sehr berühmt. Du musst sie lesen.,This short story is very famous. You must read it.,B1,noun,3,medium,,,,,standard,,,"literature;reading",feminine,-en,Erzählung,false,false,,,,eine Erzählung lesen/schreiben,"Geschichte; Novelle; Schilderung",,,,,Goethe-Zertifikat B1 Wortliste,https://www.goethe.de,draft
354,word,erziehen,bring up and educate a child,to raise / to bring up / to educate,Kinder zu erziehen ist nicht leicht.,Raising children is not easy.,B1,verb,3,medium,,,,,standard,,,"family;education",,,,,false,false,haben,erzieht,erzog,erzogen,acc,Kinder streng erziehen,"großziehen; bilden; schulen",,Goethe-Zertifikat B1 Wortliste,https://www.goethe.de,draft
355,word,Erziehung,rearing and moral training of children,upbringing / education,Heute kümmern sich auch viele Väter um die Erziehung der Kinder.,Nowadays many fathers also attend to the upbringing of the children.,B1,noun,3,medium,,,,,standard,,,"family;education",feminine,-,Erziehung,false,false,,,,"strenge Erziehung; Kindererziehung","Bildung; Sozialisation",,,,,Goethe-Zertifikat B1 Wortliste,https://www.goethe.de,draft
356,word,Essig,sour fermented condiment liquid,vinegar,Am Salat fehlt noch etwas Essig.,The salad is still missing a little vinegar.,B1,noun,3,medium,,,,,standard,,,"food;cooking",masculine,-e,Essigs,false,false,,,,Öl und Essig,Würze,,,,,Goethe-Zertifikat B1 Wortliste,https://www.goethe.de,draft
357,word,Etage,level of building above ground (German/Swiss),floor / storey,"Das Büro ist in der 3. Etage, Zimmer 305.","The office is on the 3rd floor; Room 305.",B1,noun,4,high,,"D; CH",,standard,"DACH: D; A=Stock","housing;buildings",feminine,-n,Etage,false,false,,,,in der oberen Etage,"Stockwerk; Stock; Geschoss",,,,,,,Goethe-Zertifikat B1 Wortliste,https://www.goethe.de,draft
358,word,etwa,approximately / modal question particle,approximately / about / perchance,Von hier sind es etwa zwanzig Kilometer. / Von zu Hause brauche ich etwa 10 Minuten bis zur Arbeit. / Du bist doch nicht etwa krank?,"From here it is approximately twenty kilometers. / From home I need about 10 minutes to work. / You aren't ill by any chance; are you?",B1,adverb,5,very high,,,,,standard,,,"degree;numbers;particle",adverb,,,,false,false,,,,"etwa so viel; nicht etwa","ungefähr; zirka; rund",genau,,,Goethe-Zertifikat B1 Wortliste,https://www.goethe.de,draft
359,word,etwas,unspecified thing or minor degree,something / a little / anything,Ich muss dir etwas erzählen. / Ich habe nur Tee. Etwas anderes kann ich Ihnen leider nicht anbieten. / Haben Sie etwas zum Schreiben? / Wollen wir mit dem Nachtisch noch etwas warten? / So etwas habe ich noch nie gehört. / Ich habe etwas Gutes für dich gekocht.,I have to tell you something. / I only have tea. Unfortunately I cannot offer you anything else. / Do you have something to write with? / Shall we wait a little with dessert? / I have never heard such a thing. / I cooked something nice for you.,B1,pronoun,5,very high,,,,,standard,,,"quantifier;pronoun",,,,false,false,,,,"etwas anderes; so etwas","ein wenig; ein bisschen",nichts,,,,Goethe-Zertifikat B1 Wortliste,https://www.goethe.de,draft
360,word,eventuell,contingent upon circumstances,possible / possibly / perhaps,Ich komme eventuell etwas später.,I might possibly come a little later.,B1,adverb,3,medium,,,,,standard,,,possibility,adverb,,,,false,false,,,,eventuell möglich sein,"vielleicht; möglicherweise","sicher; gewiss",eventually (means 'schließlich / am Ende'),,Goethe-Zertifikat B1 Wortliste,https://www.goethe.de,draft
361,word,ewig,lasting forever or seemingly endless,eternal / forever,Ich warte schon ewig auf mein neues Auto!,I have been waiting forever for my new car!,B1,adjective,3,medium,,,,,standard,,,"time;emphasis",adjective,,,,false,false,,,,"ewig dauern; auf ewig","endlos; unendlich","kurz; vergänglich",,,Goethe-Zertifikat B1 Wortliste,https://www.goethe.de,draft
362,word,Experte,person with extensive specialized skill,expert / specialist,Ich verstehe ein bisschen was von Computern. Aber ich bin kein Experte.,I understand a little bit about computers. But I am not an expert.,B1,noun,3,medium,,,,,standard,,,"knowledge;work",masculine,-n,Experten,false,false,,,,ein Experte auf dem Gebiet,"Fachmann; Spezialist","Laie; Amateur",,,,Goethe-Zertifikat B1 Wortliste,https://www.goethe.de,draft
363,word,Expertin,female person with extensive specialized skill,expert / specialist (female),Sie ist eine Expertin für Steuerfragen.,She is an expert on tax issues.,B1,noun,3,medium,,,,,standard,,,"knowledge;work",feminine,-nen,Expertin,false,false,,,,"Fachfrau; Spezialistin",Laiin,,,,,Goethe-Zertifikat B1 Wortliste,https://www.goethe.de,draft
364,word,Export,sending of goods to foreign nations,export,"Hier ist die Firma Schulz, Import und Export. / Sonja arbeitet in der Exportabteilung.","This is the company Schulz; Import and Export. / Sonja works in the export department.",B1,noun,3,medium,,,,,standard,,,"trade;economy",masculine,-e,Exports,false,false,,,,"Export und Import; Exportabteilung",Ausfuhr,"Import; Einfuhr",,,,Goethe-Zertifikat B1 Wortliste,https://www.goethe.de,draft
365,word,extra,separated / specially intended for,extra / specially / separately,Die Getränke kosten extra. / Warum sind Sie nicht gekommen? Ich habe extra auf Sie gewartet.,The beverages cost extra. / Why didn't you come? I waited specially for you.,B1,adverb,4,high,,,,,standard,,,"finance;intention",adverb,,,,false,false,,,,"extra kosten; extra machen","gesondert; eigens; speziell",inklusiv,,,Goethe-Zertifikat B1 Wortliste,https://www.goethe.de,draft
366,word,extrem,reaching the highest degree or boundary,extreme / extremely,Die Prüfung war extrem schwer.,The exam was extremely difficult.,B1,adjective,3,medium,,,,,standard,,,"degree;emphasis",adjective,,,,false,false,,,,extrem anstrengend,"äußerst; radikal","moderat; gemäßigt",,,Goethe-Zertifikat B1 Wortliste,https://www.goethe.de,draft
367,word,Fabrik,industrial plant producing goods,factory / manufacturing plant,Ich arbeite in einer Autofabrik.,I work in a car factory.,B1,noun,3,medium,,,,,standard,,,"industry;work",feminine,-en,Fabrik,false,false,,,,in der Fabrik arbeiten,"Werk; Produktionsstätte",,,,,Goethe-Zertifikat B1 Wortliste,https://www.goethe.de,draft
368,word,Fachmann,qualified professional or expert,specialist / expert,Meine Schwester ist Fachfrau auf diesem Gebiet.,My sister is a specialist in this field.,B1,noun,3,medium,,,,,standard,,,"jobs;work",masculine,Fachleute,Fachmanns,false,false,,,,einen Fachmann zu Rate ziehen,"Experte; Spezialist",Laie,,,,Goethe-Zertifikat B1 Wortliste,https://www.goethe.de,draft
369,word,Fachfrau,female qualified professional or expert,specialist / expert (female),Meine Schwester ist Computerfachfrau.,My sister is a computer specialist.,B1,noun,3,medium,,,,,standard,,,"jobs;work",feminine,-en,Fachfrau,false,false,,,,"Expertin; Spezialistin",Laiin,,,,,Goethe-Zertifikat B1 Wortliste,https://www.goethe.de,draft
370,word,Fachleute,group of qualified professionals,experts / specialists,Die suchen Fachleute für dieses Computerprogramm.,They are looking for experts for this computer program.,B1,noun,3,medium,Plural of Fachmann/Fachfrau,,,,standard,,,"jobs;work",feminine,Fachleute,Fachleute,false,false,,,,gefragte Fachleute,"Experten; Profis",Laien,,,,Goethe-Zertifikat B1 Wortliste,https://www.goethe.de,draft
371,word,Fähigkeit,innate aptitude or learned competence,ability / skill / capacity,"In seiner Position braucht man die Fähigkeit, andere zu überzeugen. / Ich glaube, sie hat die Fähigkeit dazu.",In his position one needs the ability to convince others. / I believe she has the capacity for that.,B1,noun,3,medium,,,,,standard,,,"personality;work",feminine,-en,Fähigkeit,false,false,,,,"die Fähigkeit besitzen; handwerkliche Fähigkeiten","Können; Kompetenz; Talent",Unfähigkeit,,,,Goethe-Zertifikat B1 Wortliste,https://www.goethe.de,draft
372,word,Fähre,boat conveying passengers and cars across water,ferry,Wir nehmen die Fähre über den Bodensee.,We are taking the ferry across Lake Constance.,B1,noun,3,medium,,,,,standard,,,"transit;water",feminine,-n,Fähre,false,false,,,,mit der Fähre übersetzen,"Fährschiff; Fährboot",,,,,Goethe-Zertifikat B1 Wortliste,https://www.goethe.de,draft
373,word,Fahrbahn,paved lane or carriageway for traffic,roadway / carriageway,Fahren Sie bitte vorsichtig. Es sind Kühe auf der Fahrbahn.,Please drive carefully. There are cows on the roadway.,B1,noun,3,medium,,,,,standard,,,"traffic;safety",feminine,-en,Fahrbahn,false,false,,,,auf die Fahrbahn geraten,"Fahrstreifen; Fahrspur; Straße","Gehsteig; Bürgersteig",,,,Goethe-Zertifikat B1 Wortliste,https://www.goethe.de,draft
374,word,Fahrzeug,any motorized or non-motorized transport machine,vehicle,Wem gehört das Fahrzeug?,To whom does the vehicle belong?,B1,noun,4,high,,,,,standard,,,"traffic;transit",neuter,-e,Fahrzeugs,false,false,,,,ein Fahrzeug führen/abstellen,"Gefährt; Wagen; Kraftfahrzeug",,,,,Goethe-Zertifikat B1 Wortliste,https://www.goethe.de,draft
375,word,fair,just and adhering strictly to equitable rules,fair / sporty,"Ich finde, unsere Mannschaft hat sehr fair gespielt.",I think our team played very fairly.,B1,adjective,3,medium,,,,,standard,,,"sports;ethics",adjective,,,,false,false,,,,"ein faires Spiel; fair behandeln","gerecht; anständig","unfair; parteiisch",,,Goethe-Zertifikat B1 Wortliste,https://www.goethe.de,draft
376,word,Faktor,contributing circumstance influencing result,factor,Die Creme hat einen hohen Sonnenschutzfaktor.,The lotion has a high sun protection factor.,B1,noun,3,medium,,,,,standard,,,"science;analysis",masculine,-en,Faktors,false,false,,,,ein entscheidender Faktor,"Element; Einflussgröße; Moment",,,,,Goethe-Zertifikat B1 Wortliste,https://www.goethe.de,draft
377,word,Fall,instance or actual legal/medical scenario,case / scenario / event,"Was würden Sie in diesem Fall tun? / Rufen Sie auf jeden Fall vorher noch einmal an. / Für den Fall, dass meine Mutter aus dem Krankenhaus kommt, bleibe ich zu Hause.",What would you do in this case? / In any case call once more beforehand. / In the event that my mother leaves the hospital I will stay home.,B1,noun,5,very high,,,,,standard,,,"logic;legal;general",masculine,Fälle,Falles,false,false,,,,"auf jeden Fall; auf keinen Fall; im Fall von","Szenario; Begebenheit; Kasus",,,,,Goethe-Zertifikat B1 Wortliste,https://www.goethe.de,draft
378,word,fällig,due to be discharged or paid,due / payable,Die Rechnung ist Ende des Monats fällig.,The bill is due at the end of the month.,B1,adjective,3,medium,,,,,standard,,,"finance;deadlines",adjective,,,,false,false,,,,fällig werden,"zahlbar; geschuldet",,,,Goethe-Zertifikat B1 Wortliste,https://www.goethe.de,draft
379,word,falls,conditional subordinating conjunction,in case / if,"Falls es regnet, machen wir kein Picknick.",In case it rains we will not have a picnic.,B1,conjunction,4,high,,,,,standard,,,"logic;grammar",,,,false,false,,,,falls nicht,"wenn; im Falle dass",,,,,Goethe-Zertifikat B1 Wortliste,https://www.goethe.de,draft
380,word,fangen,seize or intercept a moving prey or ball,to catch,Das Kind hat den Ball gefangen. / Unsere Katze hat eine Maus gefangen.,The child caught the ball. / Our cat caught a mouse.,B1,verb,4,high,,,,,standard,,,"sports;animals",,,,,false,false,haben,fängt,fing,gefangen,acc,einen Ball/Fisch fangen,"greifen; schnappen","loslassen; verfehlen",Goethe-Zertifikat B1 Wortliste,https://www.goethe.de,draft
381,word,Fantasie,creative faculty of imagination,imagination / fantasy,Mein Sohn malt sehr gut. Er hat viel Fantasie.,My son paints very well. He has a lot of imagination.,B1,noun,3,medium,,,,,standard,,,"creativity;art",feminine,-n,Fantasie,false,false,,,,viel Fantasie haben,"Einbildungskraft; Phantasie",Realität,,,,Goethe-Zertifikat B1 Wortliste,https://www.goethe.de,draft
382,word,farbig,displaying visible tints,colored / colorful,"Ich brauche kein weißes, sondern farbiges Papier.",I do not need white but colored paper.,B1,adjective,3,medium,,,,,standard,,,"visual;art",adjective,,,,false,false,,,,"farbiges Papier; farbige Bilder","bunt; koloriert","schwarz-weiß; einfarbig",,,Goethe-Zertifikat B1 Wortliste,https://www.goethe.de,draft
383,word,Faschierte,minced meat (Austrian German),minced meat / ground meat,Geben Sie mir bitte 500 g Faschiertes.,Please give me 500 g of minced meat.,B1,noun,3,medium,,A,,standard,"DACH: D; CH=Hackfleisch","food;meat",neuter,-,Faschierten,false,false,,,,frisches Faschiertes,"Hackfleisch; Gehacktes",,,,,,,Goethe-Zertifikat B1 Wortliste,https://www.goethe.de,draft
384,word,Fasching,carnival festive season (German / Austrian),carnival,Dort hängt mein Kostüm für den Faschingsumzug.,There hangs my costume for the carnival parade.,B1,noun,3,medium,,"D; A",,standard,"DACH: D=Karneval; CH=Fasnacht","culture;celebration",masculine,-s,Faschings,false,false,,,,"den Fasching feiern; Faschingszug","Karneval; Fastnacht; Fasnacht",,,,,,,Goethe-Zertifikat B1 Wortliste,https://www.goethe.de,draft
385,word,Fasnacht,carnival festive season (Swiss German),carnival,Dort hängt mein Kostüm für den Fasnachtsumzug.,There hangs my costume for the carnival parade.,B1,noun,3,medium,,CH,,standard,"DACH: D; A=Fasching; D=Karneval","culture;celebration",feminine,-,Fasnacht,false,false,,,,Fasnacht feiern,"Karneval; Fastnacht; Fasching",,,,,,,Goethe-Zertifikat B1 Wortliste,https://www.goethe.de,draft
386,word,fassen,capture a culprit / take a resolution,to catch / to seize / to formulate,"Sie haben den Dieb gefasst. / Ich habe den Entschluss gefasst, nach Wien zu ziehen.",They caught the thief. / I took the resolution to move to Vienna.,B1,verb,3,medium,,,,,standard,,,"crime;decision",,,,,false,false,haben,fasst,fasste,gefasst,acc,einen Entschluss/Täter fassen,"greifen; festnehmen; beschließen",entkommen lassen,Goethe-Zertifikat B1 Wortliste,https://www.goethe.de,draft
387,word,faulenzen,spend time relaxing idly,to laze around / to idle,Am Wochenende können wir faulenzen.,At the weekend we can laze around.,B1,verb,3,medium,,,,,standard,,,"leisure;lifestyle",,,,,false,false,haben,faulenzt,faulenzte,gefaulenzt,intr,am Strand faulenzen,"nichtstun; die Seele baumeln lassen","arbeiten; schuften",Goethe-Zertifikat B1 Wortliste,https://www.goethe.de,draft
388,word,Fauteuil,upholstered armchair (Austrian / Swiss),armchair,Ich hätte gern einen bequemen Fauteuil.,I would like a comfortable armchair.,B1,noun,2,medium-low,,"A; CH",,standard,"DACH: D; CH=Sessel","furniture;home",masculine,-s,Fauteuils,false,false,,,,im Fauteuil sitzen,"Sessel; Polstersessel",,,,,,,Goethe-Zertifikat B1 Wortliste,https://www.goethe.de,draft
389,word,Feld,cleared arable agricultural land,field,Auf diesem Feld wächst Gemüse.,Vegetables grow in this field.,B1,noun,4,high,,,,,standard,,,"agriculture;nature",neuter,-er,Feldes,false,false,,,,auf dem Feld arbeiten,"Acker; Flur; Weide",,,,,Goethe-Zertifikat B1 Wortliste,https://www.goethe.de,draft
390,word,Ferien-,prefix denoting vacation activities,vacation- / holiday-,Ich suche eine günstige Ferienwohnung.,I am looking for an affordable vacation rental.,B1,prefix,4,high,,,,,standard,,,"travel;housing",,,,false,false,,,,"Ferienhaus; Ferienzeit",Urlaubs-,,,,,Goethe-Zertifikat B1 Wortliste,https://www.goethe.de,draft
391,word,Fernbedienung,remote controller device,remote control,Hast du die Fernbedienung gesehen?,Have you seen the remote control?,B1,noun,3,medium,,,,,standard,,,"media;technology",feminine,-en,Fernbedienung,false,false,,,,die Fernbedienung suchen,"Fernsteuerung; Handbediengerät",,,,,Goethe-Zertifikat B1 Wortliste,https://www.goethe.de,draft
392,word,Fernsehen,television broadcasting medium,television / TV,Was gibt es heute Abend im Fernsehen?,What is on television this evening?,B1,noun,5,very high,,,,,standard,,,"media;entertainment",neuter,-,Fernsehens,false,false,,,,im Fernsehen laufen,"TV; Rundfunk",,,,,Goethe-Zertifikat B1 Wortliste,https://www.goethe.de,draft
393,word,fest,firm / solid / deeply / unshakeable,firm / solid / fast (asleep) / fixed,"Mein Kollege glaubt fest daran, dass er die neue Stelle bekommt. / Als wir nach Hause kamen, haben die Kinder schon fest geschlafen. / Für die nächste Familienfeier gibt es noch keinen festen Termin.",My colleague firmly believes that he will get the new job. / When we came home the children were already fast asleep. / There is no fixed date yet for the next family celebration.,B1,adjective,4,high,,,,,standard,,,"quality;sleep",adjective,,,,false,false,,,,"fest schlafen; fester Termin; fest glauben","stabil; sicher; verbindlich","locker; weich; lose",,,Goethe-Zertifikat B1 Wortliste,https://www.goethe.de,draft
394,word,Festplatte,computer hard disk drive,hard drive / hard disk,Mein Computer hat eine große Festplatte.,My computer has a large hard drive.,B1,noun,3,medium,,,,,standard,,,"computer;technology",feminine,-n,Festplatte,false,false,,,,auf die Festplatte speichern,"Harddrive; Speichermedium",,,,,Goethe-Zertifikat B1 Wortliste,https://www.goethe.de,draft
395,word,festhalten,grip firmly / grasp with hands,to hold on to / to grip,Halt dich gut fest. / Halt die Flasche gut fest.,Hold on tight. / Hold the bottle firmly.,B1,verb,3,medium,,,,,standard,,,"physical;actions",,,,,true,true,haben,hält fest,hielt fest,festgehalten,"acc, refl, an + dat",sich am Geländer festhalten,"packen; umklammern","loslassen; fallenlassen",Goethe-Zertifikat B1 Wortliste,https://www.goethe.de,draft
396,word,festlegen,stipulate or commit oneself to terms,to fix / to determine / to commit oneself,"Ich weiß noch nicht, ob ich das mache. Ich möchte mich noch nicht festlegen. / Habt ihr den Hochzeitstermin schon festgelegt?",I don't know yet whether I'll do that. I don't want to commit myself yet. / Have you already fixed the wedding date?,B1,verb,3,medium,,,,,standard,,,"decision;agreements",,,,,true,true,haben,legt fest,legte fest,festgelegt,"acc, refl, auf + acc",einen Termin festlegen,"vereinbaren; bestimmen; definieren",offenlassen,Goethe-Zertifikat B1 Wortliste,https://www.goethe.de,draft
397,word,festnehmen,apprehend suspect by police,to arrest / to detain,Die Polizei hat einen Mann festgenommen.,The police arrested a man.,B1,verb,3,medium,,,,,standard,,,"police;crime",,,,,false,true,haben,nimmt fest,nahm fest,festgenommen,acc,einen Verdächtigen festnehmen,"verhaften; arretieren",freilassen,Goethe-Zertifikat B1 Wortliste,https://www.goethe.de,draft
398,word,festsetzen,officially establish rule or schedule,to schedule / to set / to stipulate,Die Schule hat den Termin für die Prüfung festgesetzt.,The school fixed the date for the examination.,B1,verb,3,medium,,,,,standard,,,"official;education",,,,,false,true,haben,setzt fest,setzte fest,festgesetzt,acc,einen Termin festsetzen,"beschließen; bestimmen; anordnen",aufheben,Goethe-Zertifikat B1 Wortliste,https://www.goethe.de,draft
399,word,feststehen,be definitely settled or certain,to be certain / to be fixed,Der Termin steht seit Langem fest.,The date has been settled for a long time.,B1,verb,3,medium,,,,,standard,,,"time;decision",,,,,false,true,haben / sein,steht fest,stand fest,festgestanden,intr,es steht fest,"gesichert sein; fest vereinbart sein","wackeln; ungewiss sein",Goethe-Zertifikat B1 Wortliste,https://www.goethe.de,draft
400,word,feststellen,ascertain a fact or diagnose condition,to establish / to find / to notice,"Er hat festgestellt, dass der Absender des Briefes falsch war. / Der Arzt hat mich untersucht, konnte aber nichts feststellen.",He established that the sender of the letter was incorrect. / The doctor examined me but could not find anything wrong.,B1,verb,4,high,,,,,standard,,,"cognition;medical",,,,,false,true,haben,stellt fest,stellte fest,festgestellt,"acc, dass-clause",eine Krankheit feststellen,"konstatieren; wahrnehmen; diagnostizieren",übersehen,Goethe-Zertifikat B1 Wortliste,https://www.goethe.de,draft
401,word,Fett,lipid organic compound or cooking grease,fat / grease,Man soll nicht so viel Fett essen.,One should not eat so much fat.,B1,noun,4,high,,,,,standard,,,"food;cooking",neuter,-e,Fettes,false,false,,,,"tierisches Fett; Fett sparen","Schmalz; Öl",,,,,Goethe-Zertifikat B1 Wortliste,https://www.goethe.de,draft
402,word,feucht,slightly damp or moist,damp / moist / humid,Die Wäsche ist noch feucht. / Es ist heute feucht draußen.,The laundry is still damp. / It is damp outside today.,B1,adjective,3,medium,,,,,standard,,,"weather;household",adjective,,,,false,false,,,,"feuchte Luft; feuchte Hände","klammm; nass",trocken,,,Goethe-Zertifikat B1 Wortliste,https://www.goethe.de,draft
403,word,Feuerzeug,pocket mechanical flame device,lighter,Ist das Feuerzeug neu?,Is the lighter new?,B1,noun,3,medium,,,,,standard,,,"devices;household",neuter,-e,Feuerzeugs,false,false,,,,ein Feuerzeug anzünden,"Zündgerät; Streichholzersatz",,,,,Goethe-Zertifikat B1 Wortliste,https://www.goethe.de,draft
404,word,Feuerwehr,emergency service tackling blazes,fire brigade / fire department,Schnell! Rufen Sie die Feuerwehr! Die Nummer ist: 112.,Quick! Call the fire brigade! The number is 112.,B1,noun,3,medium,,,,,standard,,,"safety;emergency",feminine,-en,Feuerwehr,false,false,,,,die Feuerwehr rufen/alarmieren,"Brandbekämpfer; Löschtrupp",,,,,Goethe-Zertifikat B1 Wortliste,https://www.goethe.de,draft
405,word,Figur,bodily shape or playing piece in board game,figure / physique / game piece,Lars hat eine gute Figur. / Bei diesem Spiel hat jeder Spieler vier Figuren.,Lars has a good figure. / In this game every player has four pieces.,B1,noun,3,medium,,,,,standard,,,"body;games",feminine,-en,Figur,false,false,,,,"eine gute Figur machen; Spielfigur","Statur; Körperbau; Spielstein",,,,,Goethe-Zertifikat B1 Wortliste,https://www.goethe.de,draft
406,word,finanzieren,provide funds or capital for,to finance / to fund,"Ich weiß nicht; wie ich das Auto finanzieren soll.",I don't know how I am supposed to finance the car.,B1,verb,3,medium,,,,,standard,,,"finance;money",,,,,false,false,haben,finanziert,finanzierte,finanziert,acc,ein Projekt finanzieren,"bezahlen; aufbringen; fördern",,Goethe-Zertifikat B1 Wortliste,https://www.goethe.de,draft
407,word,finanziell,pertaining to monetary matters,financial / financially,Finanziell geht es meinem Neffen jetzt besser.,Financially my nephew is doing better now.,B1,adjective,3,medium,,,,,standard,,,"finance;money",adjective,,,,false,false,,,,finanzielle Probleme,"geldlich; monetär",ideell,,,Goethe-Zertifikat B1 Wortliste,https://www.goethe.de,draft
408,word,Finger,one of the terminal digits of hand,finger,Alessandro hat sich in den Finger geschnitten.,Alessandro cut his finger.,B1,noun,4,high,,,,,standard,,,"body;health",masculine,-,Fingers,false,false,,,,sich in den Finger schneiden,Handglied,,,,,Goethe-Zertifikat B1 Wortliste,https://www.goethe.de,draft
409,word,flach,without elevation or deep spots,flat / shallow,Für die Arbeit brauche ich flache Schuhe. / An dieser Stelle ist der See sehr flach.,For work I need flat shoes. / At this spot the lake is very shallow.,B1,adjective,3,medium,,,,,standard,,,"nature;clothing",adjective,,,,false,false,,,,"flaches Land; flaches Wasser","eben; seicht; platt","steil; tief; hügelig",,,Goethe-Zertifikat B1 Wortliste,https://www.goethe.de,draft
410,word,Fläche,measured plane surface area,surface / area,Unsere Wohnung hat eine Wohnfläche von 100 m².,Our apartment has a living area of 100 m².,B1,noun,3,medium,,,,,standard,,,"housing;measurement",feminine,-n,Fläche,false,false,,,,eine große Fläche,"Areal; Ebene; Oberfläche",,,,,Goethe-Zertifikat B1 Wortliste,https://www.goethe.de,draft
411,word,Fleck,colored mark or localized dirt on surface,stain / spot,Du hast einen Fleck auf der Bluse.,You have a stain on your blouse.,B1,noun,3,medium,,,,,standard,,,"cleanliness;clothing",masculine,-en,Fleckes,false,false,,,,einen Fleck entfernen,"Schmutzfleck; Klecks; Makel",,,,,Goethe-Zertifikat B1 Wortliste,https://www.goethe.de,draft
412,word,Fleischhauer,artisan butcher (Austrian German),butcher,Dieser Fleischhauer macht sehr gute Wurst.,This butcher makes very good sausage.,B1,noun,2,low,,A,,standard,"DACH: D; CH=Metzger","jobs;food",masculine,-,Fleischhauers,false,false,,,,beim Fleischhauer einkaufen,"Metzger; Fleischer",,,,,,,Goethe-Zertifikat B1 Wortliste,https://www.goethe.de,draft
413,word,Fleischhauerin,female artisan butcher (Austrian German),butcher (female),Die Fleischhauerin verkauft frisches Fleisch.,The female butcher sells fresh meat.,B1,noun,1,low,,A,,standard,"DACH: D; CH=Metzgerin","jobs;food",feminine,-nen,Fleischhauerin,false,false,,,,"Metzgerin; Fleischerin",,,,,,,,Goethe-Zertifikat B1 Wortliste,https://www.goethe.de,draft
414,word,flexibel,readily adaptable to new circumstances,flexible,Meine Arbeitszeit ist flexibel.,My working hours are flexible.,B1,adjective,3,medium,,,,,standard,,,"work;routine",adjective,,,,false,false,,,,flexible Arbeitszeiten,"anpassungsfähig; beweglich","starr; unflexibel",,,Goethe-Zertifikat B1 Wortliste,https://www.goethe.de,draft
415,word,fliehen,run away from imminent danger,to flee / to escape,Der Einbrecher ist sofort geflohen.,The burglar fled immediately.,B1,verb,3,medium,,,,,standard,,,"crime;danger",,,,,false,false,sein,flieht,floh,geflohen,"intr, vor + dat",vor der Gefahr fliehen,"flüchten; entkommen",bleiben,Goethe-Zertifikat B1 Wortliste,https://www.goethe.de,draft
416,word,Flucht,act of escaping from danger or capture,escape / flight,Der Einbrecher war schon auf der Flucht.,The burglar was already on the run.,B1,noun,3,medium,,,,,standard,,,"crime;danger",feminine,-,Flucht,false,false,,,,"auf der Flucht sein; die Flucht ergreifen","Entkommen; Fliehen",,,,,Goethe-Zertifikat B1 Wortliste,https://www.goethe.de,draft
417,word,fließen,move steadily as a liquid,to flow,Dieser Fluss fließt in die Nordsee.,This river flows into the North Sea.,B1,verb,3,medium,,,,,standard,,,"nature;liquids",,,,,false,false,sein,fließt,floss,geflossen,"intr, in + acc",ins Meer fließen,"strömen; rinnen",stocken,Goethe-Zertifikat B1 Wortliste,https://www.goethe.de,draft
418,word,fließend,speaking without halting / continuously running,fluent / fluently / running (water),Mein Kollege spricht fließend Deutsch. / Zimmer mit fließendem Wasser.,My colleague speaks fluent German. / Room with running water.,B1,adjective,4,high,,,,,standard,,,"language;housing",adjective,,,,false,false,,,,"fließend sprechen; fließendes Wasser","flüssig; akzentfrei",stockend,,,Goethe-Zertifikat B1 Wortliste,https://www.goethe.de,draft
419,word,Flöte,woodwind instrument with holes,flute,Sie spielt sehr schön Flöte.,She plays the flute very beautifully.,B1,noun,2,medium-low,,,,,standard,,,"music;instruments",feminine,-n,Flöte,false,false,,,,Flöte spielen,"Querflöte; Blockflöte",,,,,Goethe-Zertifikat B1 Wortliste,https://www.goethe.de,draft
420,word,Flur,corridor within house (Standard / German),hallway / corridor,Wir warten draußen im Flur.,We are waiting outside in the corridor.,B1,noun,3,medium,,D,,standard,"DACH: D; CH=Korridor; Gang","housing;buildings",masculine,-e,Flurs,false,false,,,,im Flur warten,"Korridor; Diele; Gang",,,,,,,Goethe-Zertifikat B1 Wortliste,https://www.goethe.de,draft
421,word,Flüssigkeit,fluid state of matter or beverage,liquid / fluid,Dieses Medikament mit viel Flüssigkeit einnehmen.,Take this medication with plenty of fluid.,B1,noun,3,medium,,,,,standard,,,"health;medicine",feminine,-en,Flüssigkeit,false,false,,,,Flüssigkeit zu sich nehmen,"Fluid; Wasser; Getränk",Feststoff,,,,Goethe-Zertifikat B1 Wortliste,https://www.goethe.de,draft
422,word,folgen,go behind someone / come after as consequence,to follow / to succeed,Es folgen die Nachrichten. / Folgen Sie der Reiseleiterin.,The news follow. / Follow the female tour guide.,B1,verb,4,high,,,,,standard,,,"movement;media",,,,,false,false,sein,folgt,folgte,gefolgt,dat,jemandem unauffällig folgen,"hinterhergehen; nachfolgen",führen,Goethe-Zertifikat B1 Wortliste,https://www.goethe.de,draft
423,word,Folge,consequence of action or television installment,consequence / result / episode,Die Folgen des Unfalls waren schlimm. / Fortsetzung folgt.,The consequences of the accident were severe. / To be continued.,B1,noun,4,high,,,,,standard,,,"media;causality",feminine,-n,Folge,false,false,,,,"zur Folge haben; nächste Folge","Auswirkung; Konsequenz; Episode",Ursache,,,,Goethe-Zertifikat B1 Wortliste,https://www.goethe.de,draft
424,word,folgend,mentioned next immediately after,following / subsequent,Mehr Informationen auf den folgenden Seiten. / Das Geschäft hat folgende Angebote:,More information on the following pages. / The shop has the following offers:,B1,adjective,4,high,,,,,standard,,,"text;order",adjective,,,,false,false,,,,die folgenden Punkte,"nachfolgend; anschließend",vorhergehend,,,Goethe-Zertifikat B1 Wortliste,https://www.goethe.de,draft
425,word,fordern,claim entitlement to forcefully,to demand / to claim,Die Arbeitnehmer fordern mehr Geld.,The employees demand more money.,B1,verb,3,medium,,,,,standard,,,"work;politics",,,,,false,false,haben,fordert,forderte,gefordert,acc,mehr Lohn fordern,"verlangen; beanspruchen",nachgeben,Goethe-Zertifikat B1 Wortliste,https://www.goethe.de,draft
426,word,Forderung,assertive claim for payment or rights,demand / claim,Alle Forderungen der Arbeitnehmer kann man in dieser E-Mail lesen.,All demands of the employees can be read in this email.,B1,noun,3,medium,,,,,standard,,,"work;politics",feminine,-en,Forderung,false,false,,,,eine Forderung stellen/erfüllen,"Anspruch; Begehren",,,,,Goethe-Zertifikat B1 Wortliste,https://www.goethe.de,draft
427,word,fördern,support development financially or educationally,to promote / to encourage / to support,Die Stadt fördert viele Sportprojekte.,The city supports many sports projects.,B1,verb,3,medium,,,,,standard,,,"politics;education",,,,,false,false,haben,fördert,förderte,gefördert,acc,Talente fördern,"unterstützen; begünstigen","bremsen; behindern",Goethe-Zertifikat B1 Wortliste,https://www.goethe.de,draft
428,word,Förderung,financial support grant or encouragement,support / grant / promotion,Für das Projekt bekommen wir eine Förderung von der Stadt.,For the project we receive a grant from the city.,B1,noun,3,medium,,,,,standard,,,"finance;education",feminine,-en,Förderung,false,false,,,,eine finanzielle Förderung erhalten,"Unterstützung; Zuschuss; Subvention",,,,,Goethe-Zertifikat B1 Wortliste,https://www.goethe.de,draft
429,word,Form,shape / structural pattern / baking tin,form / shape / mold / tin,Diese Schuhe haben eine schöne Form. / Kannst du mir eine Backform leihen?,These shoes have a nice shape. / Can you lend me a cake tin?,B1,noun,4,high,,,,,standard,,,"geometry;cooking",feminine,-en,Form,false,false,,,,"in Form bringen; Backform","Gestalt; Kontur; Backblech",,,,,Goethe-Zertifikat B1 Wortliste,https://www.goethe.de,draft
430,word,Forschung,scientific inquiry to establish facts,research,Er arbeitet in der Forschung.,He works in research.,B1,noun,3,medium,,,,,standard,,,"science;jobs",feminine,-en,Forschung,false,false,,,,"in die Forschung gehen; wissenschaftliche Forschung","Wissenschaft; Erkundung; Recherche",,,,,Goethe-Zertifikat B1 Wortliste,https://www.goethe.de,draft
431,word,Fortbildung,further professional instruction course,advanced training / continuing education,"Die Fortbildung; die ich machen will; ist sehr teuer.",The advanced training course that I want to do is very expensive.,B1,noun,3,medium,,,,,standard,,,"jobs;education",feminine,-en,Fortbildung,false,false,,,,eine Fortbildung besuchen/machen,"Weiterbildung; Qualifikation",,,,,Goethe-Zertifikat B1 Wortliste,https://www.goethe.de,draft
432,word,Fortschritt,forward advancement toward completion/better state,progress / advancement,Ich habe beim Deutschlernen große Fortschritte gemacht.,I made great progress in learning German.,B1,noun,3,medium,,,,,standard,,,"education;general",masculine,-e,Fortschritts,false,false,,,,Fortschritte machen,"Entwicklung; Vorwärtskommen",Rückschritt,,,,Goethe-Zertifikat B1 Wortliste,https://www.goethe.de,draft
433,word,fortsetzen,resume after suspension or keep going,to continue / to resume,Wir setzen die Behandlung am nächsten Donnerstag um 11 Uhr fort.,We will resume the treatment next Thursday at 11 am.,B1,verb,3,medium,,,,,standard,,,"medical;tasks",,,,,false,true,haben,setzt fort,setzte fort,fortgesetzt,acc,die Verhandlungen fortsetzen,"weitermachen; weiterführen","unterbrechen; abbrechen",Goethe-Zertifikat B1 Wortliste,https://www.goethe.de,draft
434,word,Fortsetzung,continuation or following installment,continuation / sequel,Fortsetzung folgt.,To be continued.,B1,noun,3,medium,,,,,standard,,,"media;narrative",feminine,-en,Fortsetzung,false,false,,,,"Fortsetzung folgt; in die nächste Fortsetzung gehen","Weiterführung; Folge; Fortgang",Anfang,,,,Goethe-Zertifikat B1 Wortliste,https://www.goethe.de,draft
435,word,Forum,online discussion platform,forum / online community,Ich melde mich heute bei diesem Forum an.,I will register for this forum today.,B1,noun,3,medium,,,,,standard,,,"internet;communication",neuter,Foren,Forums,false,false,,,,im Forum diskutieren,"Internetforum; Plattform",,,,,Goethe-Zertifikat B1 Wortliste,https://www.goethe.de,draft
436,word,Fotograf,practitioner taking photos,photographer,Die Fotografin hat sehr schöne Fotos gemacht.,The photographer took very beautiful photos.,B1,noun,3,medium,,,,,standard,,,"jobs;art",masculine,-en,Fotografen,false,false,,,,als Fotograf arbeiten,Lichtbildner,,,,,Goethe-Zertifikat B1 Wortliste,https://www.goethe.de,draft
437,word,Fotografin,female practitioner taking photos,photographer (female),Die Fotografin hat sehr schöne Fotos gemacht.,The female photographer took very beautiful photos.,B1,noun,3,medium,,,,,standard,,,"jobs;art",feminine,-nen,Fotografin,false,false,,,,als Fotografin tätig sein,Lichtbildnerin,,,,,Goethe-Zertifikat B1 Wortliste,https://www.goethe.de,draft
438,word,Fotografie,art or technique of capturing photographs,photography,Ich interessiere mich für Fotografie.,I am interested in photography.,B1,noun,3,medium,,,,,standard,,,"art;leisure",feminine,-n,Fotografie,false,false,,,,die Kunst der Fotografie,"Lichtbildnerei; Fotoaufnahme",,,,,Goethe-Zertifikat B1 Wortliste,https://www.goethe.de,draft
439,word,frech,impertinent or boldly disrespectful,cheeky / insolent / saucy,Du darfst in der Schule nicht so frech sein.,You must not be so cheeky at school.,B1,adjective,3,medium,,,,,standard,,,"behavior;school",adjective,,,,false,false,,,,eine freche Antwort,"dreist; unverschämt; vorlaut","artig; höflich",,,Goethe-Zertifikat B1 Wortliste,https://www.goethe.de,draft
440,phrase,im Freien,in open outdoor air,outdoors / in the open air,Wir wollen heute im Freien übernachten.,We want to spend the night outdoors today.,B1,phrase,3,medium,,,,,standard,,,"nature;leisure",phrase,,,,false,false,,,,im Freien schlafen/essen,"draußen; an der frischen Luft",drinnen,,,Goethe-Zertifikat B1 Wortliste,https://www.goethe.de,draft
441,word,Freiheit,state of liberty and absence of constraint,freedom / liberty,"Wir wollen die Freiheit haben, unsere Meinung sagen zu können.",We want to have the freedom to speak our mind.,B1,noun,4,high,,,,,standard,,,"politics;values",feminine,-,Freiheit,false,false,,,,"persönliche Freiheit; in Freiheit leben","Unabhängigkeit; Autonomie","Unfreiheit; Zwang",,,,Goethe-Zertifikat B1 Wortliste,https://www.goethe.de,draft
442,word,fressen,eat food voraciously (used for animals),to feed / to eat (animals),Hat der Hund schon etwas zu fressen bekommen?,Has the dog already had something to eat?,B1,verb,3,medium,,,,,standard,,,"animals;food",,,,,false,false,haben,frisst,fraß,gefressen,acc / intr,Futter fressen,"vertilgen; verzehren",,Goethe-Zertifikat B1 Wortliste,https://www.goethe.de,draft
443,word,sich freuen,feel gladness or look forward with joy,to be glad / to be happy / to look forward to,"Es freut mich, dass alles so gut geklappt hat. / Ich habe mich über Ihr Geschenk sehr gefreut. / Ich freue mich schon auf meinen nächsten Urlaub.",I am glad that everything worked out so well. / I was very pleased with your gift. / I am already looking forward to my next vacation.,B1,verb,5,very high,,,,,standard,,,"emotions;social",,,,,true,false,haben,freut sich,freute sich,gefreut,"refl, über + acc, auf + acc","sich auf die Ferien freuen; sich über den Besuch freuen","frohlocken; jubeln","trauern; ärgern",Goethe-Zertifikat B1 Wortliste,https://www.goethe.de,draft
444,word,Freude,emotional state of happiness and pleasure,joy / pleasure,Diese Arbeit macht mir viel Freude.,This work brings me much joy.,B1,noun,4,high,,,,,standard,,,"emotions;work",feminine,-n,Freude,false,false,,,,große Freude bereiten,"Vergnügen; Wonne; Glück","Trauer; Kummer",,,,Goethe-Zertifikat B1 Wortliste,https://www.goethe.de,draft
445,word,Freundschaft,reciprocal bond of affection and trust,friendship,Deine Freundschaft ist mir sehr wichtig.,Your friendship is very important to me.,B1,noun,3,medium,,,,,standard,,,"social;relationships",feminine,-en,Freundschaft,false,false,,,,Freundschaft schließen,"Kameradschaft; Zuneigung",Feindschaft,,,,Goethe-Zertifikat B1 Wortliste,https://www.goethe.de,draft
446,word,Friede,absence of war and hostilities,peace,Endlich ist hier Frieden!,Finally there is peace here!,B1,noun,3,medium,,,,,standard,,,"politics;society",masculine,-,Friedens,false,false,,,,"Frieden schließen; in Frieden leben","Friedenszeit; Ruhe","Krieg; Konflikt",,,,Goethe-Zertifikat B1 Wortliste,https://www.goethe.de,draft
447,word,Frieden,absence of war and social unrest,peace,Endlich ist hier Frieden!,Finally there is peace here!,B1,noun,3,medium,,,,,standard,,,"politics;society",masculine,-,Friedens,false,false,,,,im Frieden leben,"Eintracht; Stille",Krieg,,,,Goethe-Zertifikat B1 Wortliste,https://www.goethe.de,draft
448,word,frieren,feel severe cold / drop below zero,to freeze / to feel cold,"Wenn Sie frieren, mache ich das Fenster wieder zu. / Heute Nacht hat es gefroren.",If you are cold I will close the window again. / Last night it froze.,B1,verb,3,medium,,,,,standard,,,"weather;health",,,,,false,false,haben,friert,fror,gefroren,intr,vor Kälte frieren,"frösteln; zufrieren",schwitzen,Goethe-Zertifikat B1 Wortliste,https://www.goethe.de,draft
449,word,Frisur,styling and cut of human hair,hairstyle / haircut,Du hast eine tolle Frisur! Warst du beim Friseur?,You have a great hairstyle! Have you been to the hairdresser?,B1,noun,3,medium,,,,,standard,,,"body;appearance",feminine,-en,Frisur,false,false,,,,eine neue Frisur haben,"Haarschnitt; Frisurenschnitt",,,,,Goethe-Zertifikat B1 Wortliste,https://www.goethe.de,draft
450,word,Frist,allocated fixed period of time to act,deadline / period,Die Frist für die Anmeldung zum Deutschkurs ist abgelaufen.,The deadline for registering for the German course has expired.,B1,noun,3,medium,,,,,standard,,,"official;deadlines",feminine,-en,Frist,false,false,,,,eine Frist einhalten/verlängern,"Termin; Zeitlimit; Stichtag",,,,,Goethe-Zertifikat B1 Wortliste,https://www.goethe.de,draft
451,word,fröhlich,radiating good cheer and laughter,cheerful / merry,Die Musik klingt fröhlich. / Sie ist ein fröhlicher Mensch.,The music sounds cheerful. / She is a cheerful person.,B1,adjective,3,medium,,,,,standard,,,"emotions;personality",adjective,,,,false,false,,,,ein fröhliches Lied,"lebhaft; heiter; vergnügt","traurig; mürrisch",,,Goethe-Zertifikat B1 Wortliste,https://www.goethe.de,draft
452,word,Frucht,sweet seed-bearing plant part,fruit,Welche Früchte kann man essen?,Which fruits can one eat?,B1,noun,3,medium,,,,,standard,,,"food;nature",feminine,Früchte,Frucht,false,false,,,,Früchte tragen/ernten,"Obst; Feldfrucht",,,,,Goethe-Zertifikat B1 Wortliste,https://www.goethe.de,draft
453,word,Früchte,edible tree and garden fruit (Swiss German),fruit,Früchte kaufe ich am liebsten auf dem Markt.,I prefer buying fruit at the market.,B1,noun,3,medium,,CH,,standard,"DACH: D; A=Obst","food;shopping",feminine,Früchte,Früchte,false,false,,,,frische Früchte,"Obst; Südfrüchte",,,,,,,Goethe-Zertifikat B1 Wortliste,https://www.goethe.de,draft
454,word,früher-,preceding or earlier in scheduled order,earlier / former,Wir nehmen den früheren Zug.,We take the earlier train.,B1,adjective,4,high,,,,,standard,,,"time;transit",adjective,,,,false,false,,,,zu einem früheren Zeitpunkt,"vormalig; ehemalig",später-,,,Goethe-Zertifikat B1 Wortliste,https://www.goethe.de,draft
455,word,führen,guide visitors / head a company / hold lead,to lead / to guide / to manage / to run,Der Lehrer führt seine Schüler durch das Museum. / Frau Meyer führt den Betrieb schon seit zehn Jahren. / Nach 20 Minuten führte unsere Mannschaft 2:0. / Die Straße führt direkt zum Bahnhof.,The teacher leads his pupils through the museum. / Ms. Meyer has been running the business for ten years. / After 20 minutes our team was leading 2-0. / The road leads directly to the station.,B1,verb,5,very high,,,,,standard,,,"leadership;transit;sports",,,,,false,false,haben,führt,führte,geführt,"acc, intr","ein Unternehmen leiten; in Führung liegen","leiten; steuern; anführen",folgen,Goethe-Zertifikat B1 Wortliste,https://www.goethe.de,draft
456,word,Führerausweis,official motor vehicle driving license (Swiss),driving licence,Hast du einen Führerausweis?,Do you have a driving license?,B1,noun,3,medium,,CH,,standard,"DACH: D; A=Führerschein","traffic;official",masculine,-e,Führerausweises,false,false,,,,den Führerausweis erwerben,"Führerschein; Fahrerlaubnis",,,,,,,Goethe-Zertifikat B1 Wortliste,https://www.goethe.de,draft
457,word,Fundbüro,municipal office collecting found items,lost property office / lost and found,Sie haben Ihren Schirm verloren. Da fragen Sie am besten im Fundbüro.,You lost your umbrella. You'd best ask at the lost property office.,B1,noun,2,medium-low,,,,,standard,,,"official;transit",neuter,-s,Fundbüros,false,false,,,,im Fundbüro nachfragen,Verluststelle,,,,,Goethe-Zertifikat B1 Wortliste,https://www.goethe.de,draft
458,word,funktionieren,operate or perform its function properly,to work / to function / to operate,"Können Sie mir bitte mal zeigen, wie der Automat funktioniert? / Unsere Ehe funktioniert nicht mehr.",Could you please show me how the machine works? / Our marriage is no longer working.,B1,verb,4,high,,,,,standard,,,"technology;relationships",,,,,false,false,haben,funktioniert,funktionierte,funktioniert,intr,einwandfrei funktionieren,"laufen; klappen; intakt sein","streiken; versagen",Goethe-Zertifikat B1 Wortliste,https://www.goethe.de,draft
459,word,sich fürchten,experience dread or fear,to be afraid / to fear,Sie fürchtet sich vor Schlangen.,She is afraid of snakes.,B1,verb,3,medium,,,,,standard,,,"emotions;psychology",,,,,true,false,haben,fürchtet sich,fürchtete sich,gefürchtet,"refl, vor + dat",sich vor der Dunkelheit fürchten,"Angst haben; bangen",,Goethe-Zertifikat B1 Wortliste,https://www.goethe.de,draft
460,word,Fußgänger,person traveling along road on foot,pedestrian,Dieser Weg ist nur für Fußgänger.,This path is only for pedestrians.,B1,noun,3,medium,,,,,standard,,,"traffic;city",masculine,-,Fußgängers,false,false,,,,Fußgänger überqueren die Straße,"Passant; Spaziergänger",Autofahrer,,,,Goethe-Zertifikat B1 Wortliste,https://www.goethe.de,draft
461,word,Fußgängerin,female person walking on foot along road,pedestrian (female),Die Fußgängerin überquerte die Straße an der Ampel.,The female pedestrian crossed the road at the lights.,B1,noun,3,medium,,,,,standard,,,"traffic;city",feminine,-nen,Fußgängerin,false,false,,,,"Passantin; Spaziergängerin",Autofahrerin,,,,,Goethe-Zertifikat B1 Wortliste,https://www.goethe.de,draft
462,word,Fußgängerzone,urban street reserved solely for walkers,pedestrian precinct / pedestrian zone,Wir treffen uns um 15 Uhr in der Fußgängerzone.,We meet at 3 pm in the pedestrian zone.,B1,noun,3,medium,,,,,standard,,,"city;shopping",feminine,-n,Fußgängerzone,false,false,,,,durch die Fußgängerzone schlendern,"Flaniermeile; Fußgängerbereich",,,,,Goethe-Zertifikat B1 Wortliste,https://www.goethe.de,draft
463,word,füttern,give food sustenance to animals or infants,to feed,"Es ist im Zoo nicht erlaubt, die Tiere zu füttern.",It is not permitted in the zoo to feed the animals.,B1,verb,3,medium,,,,,standard,,,"animals;food",,,,,false,false,haben,füttert,fütterte,gefüttert,acc,Tiere/Babys füttern,"Futter geben; speisen",,Goethe-Zertifikat B1 Wortliste,https://www.goethe.de,draft
464,word,Galerie,hall displaying artworks for public or sale,art gallery / gallery,Diese Galerie ist sehr interessant.,This art gallery is very interesting.,B1,noun,3,medium,,,,,standard,,,"art;culture",feminine,-n,Galerie,false,false,,,,eine Kunstgalerie besuchen,"Ausstellungsraum; Kunsthalle",,,,,Goethe-Zertifikat B1 Wortliste,https://www.goethe.de,draft
465,word,Gang,corridor / gear of car / meal course,hallway / gear / course (meal),Wir warten draußen im Gang. / Schalten Sie bitte jetzt in den dritten Gang. / Was möchten Sie als ersten Gang? Suppe oder Salat?,We wait outside in the corridor. / Please shift into third gear now. / What would you like as the first course? Soup or salad?,B1,noun,4,high,,,,,standard,,,"housing;traffic;dining",masculine,Gänge,Gangs,false,false,,,,"den ersten Gang einlegen; im Gang warten","Korridor; Flur; Menüfolge",,,,,Goethe-Zertifikat B1 Wortliste,https://www.goethe.de,draft
466,word,gar,cooked thoroughly through / modal negation particle,cooked / not at all,Die Kartoffeln sind noch nicht gar. / Du räumst nie dein Zimmer auf. - Das ist gar nicht wahr.,The potatoes are not cooked through yet. / You never tidy your room. - That is not true at all.,B1,adverb,5,very high,,,,,standard,,,"food;negation",adverb,,,,false,false,,,,"gar nicht; gar nichts; gar kochen","überhaupt nicht; durchgegart",,,,Goethe-Zertifikat B1 Wortliste,https://www.goethe.de,draft
467,word,garantieren,give a binding assurance,to guarantee,"Ich kann Ihnen nicht garantieren; dass das Gerät nächste Woche fertig ist.",I cannot guarantee you that the device will be ready next week.,B1,verb,3,medium,,,,,standard,,,"business;commerce",,,,,false,false,haben,garantiert,garantierte,garantiert,"acc, dat, dass-clause",für Sicherheit garantieren,"bürgen; zusichern; versprechen",,Goethe-Zertifikat B1 Wortliste,https://www.goethe.de,draft
468,word,Garantie,formal assurance given by seller to repair,guarantee / warranty,Auf die Waschmaschine haben Sie ein Jahr Garantie.,You have a one-year warranty on the washing machine.,B1,noun,3,medium,,,,,standard,,,"shopping;commerce",feminine,-n,Garantie,false,false,,,,"Garantie gewähren; unter Garantie stehen","Gewährleistung; Bürgschaft",,,,,Goethe-Zertifikat B1 Wortliste,https://www.goethe.de,draft
469,word,Garderobe,checkroom for coats / clothes of person,wardrobe / cloakroom / checkroom,"Die Mäntel bitte an der Garderobe abgeben. / Bitte, achten Sie auf Ihre Garderobe.",Please hand in coats at the cloakroom. / Please pay attention to your attire.,B1,noun,3,medium,,,,,standard,,,"culture;clothing",feminine,-n,Garderobe,false,false,,,,den Mantel an der Garderobe abgeben,"Kleiderablage; Bekleidung",,,,,Goethe-Zertifikat B1 Wortliste,https://www.goethe.de,draft
470,word,Gas,matter in vaporous state / fuel gas / accelerator,gas / accelerator pedal,Wir kochen mit Gas. / Gib Gas! Die Ampel ist grün.,We cook with gas. / Step on the gas! The traffic lights are green.,B1,noun,4,high,,,,,standard,,,"traffic;energy",neuter,-e,Gases,false,false,,,,"Gas geben; mit Gas heizen","Erdgas; Brenngas",,,,,Goethe-Zertifikat B1 Wortliste,https://www.goethe.de,draft
471,word,Gästin,female visitor invited or customer,guest (female),Die Gästin bedankte sich für das vorzügliche Essen.,The female guest gave thanks for the delicious food.,B1,noun,2,low,,,,,standard,,,"hospitality;social",feminine,-nen,Gästin,false,false,,,,"Besucherin; Kundin",Gastgeberin,,,,,Goethe-Zertifikat B1 Wortliste,https://www.goethe.de,draft
472,word,Gasthaus,traditional tavern or inn serving hot meals (Austrian),inn / restaurant / tavern,Gehen wir noch in ein Gasthaus ein Bier trinken?,Shall we go into a tavern to drink a beer?,B1,noun,3,medium,,A,,standard,DACH: D=Gaststätte,"food;hospitality",neuter,Gasthäuser,Gasthauses,false,false,,,,ins Gasthaus gehen,"Gaststätte; Wirtshaus; Schenke",,,,,,,Goethe-Zertifikat B1 Wortliste,https://www.goethe.de,draft
473,word,Gaststätte,traditional restaurant / inn (Standard German),restaurant / tavern,Ich arbeite seit einem Monat in einer Gaststätte.,I have been working in a restaurant for a month.,B1,noun,3,medium,,D,,standard,"DACH: A=Gasthaus; Wirtshaus","food;hospitality",feminine,-n,Gaststätte,false,false,,,,in einer Gaststätte essen,"Gasthaus; Lokal; Wirtshaus",,,,,,,Goethe-Zertifikat B1 Wortliste,https://www.goethe.de,draft
474,word,Gebäude,permanent structure with walls and a roof,building,In diesem Gebäude sind nur Büros.,In this building there are only offices.,B1,noun,4,high,,,,,standard,,,"architecture;housing",neuter,-,Gebäudes,false,false,,,,ein Gebäude betreten/errichten,"Bauwerk; Haus; Komplex",,,,,Goethe-Zertifikat B1 Wortliste,https://www.goethe.de,draft
475,word,Gebäck,baked flour goods like cakes and biscuits,pastries / baked goods / biscuits,Das Gebäck ist ganz frisch.,The pastries are completely fresh.,B1,noun,3,medium,,,,,standard,,,"food;bakery",neuter,-,Gebäcks,false,false,,,,"frisches Gebäck; Gebäck zum Kaffee","Kekse; Plätzchen; Backwaren",,,,,Goethe-Zertifikat B1 Wortliste,https://www.goethe.de,draft
476,word,Gebiet,demarcated geographical or intellectual domain,region / area / field (of study),In diesem Gebiet gibt es kaum Industrie. / Die Zeitschrift berichtet regelmäßig über Fortschritte auf dem Gebiet der Medizin.,In this area there is hardly any industry. / The magazine regularly reports on progress in the field of medicine.,B1,noun,4,high,,,,,standard,,,"geography;science",neuter,-e,Gebietes,false,false,,,,"auf dem Gebiet von; ländliches Gebiet","Region; Sektor; Disziplin",,,,,Goethe-Zertifikat B1 Wortliste,https://www.goethe.de,draft
477,word,Gebirge,large continuous system of mountains,mountain range / mountains,Wir haben unseren Urlaub im Gebirge verbracht.,We spent our vacation in the mountains.,B1,noun,3,medium,,,,,standard,,,"geography;nature",neuter,-,Gebirges,false,false,,,,"ins Gebirge fahren; Hochgebirge","Berge; Bergland","Flachland; Tal",,,,Goethe-Zertifikat B1 Wortliste,https://www.goethe.de,draft
478,phrase,geboren werden,come into the world as infant,to be born,Wann und wo sind Sie geboren?,When and where were you born?,B1,phrase,5,very high,,,,,standard,,,"life;biography",phrase,,,,false,false,,,,geboren sein/werden,zur Welt kommen,sterben,,,Goethe-Zertifikat B1 Wortliste,https://www.goethe.de,draft
479,word,gebrauchen,put an object to use / buy second-hand,to use / to need / second-hand,Wir können diese Möbel gut gebrauchen. / Ich habe den Wagen gebraucht gekauft. / Ich suche eine gebrauchte Waschmaschine.,We can make good use of this furniture. / I bought the car used. / I am looking for a used washing machine.,B1,verb,4,high,,,,,standard,,,"shopping;daily life",,,,,false,false,haben,gebraucht,gebrauchte,gebraucht,acc,"gut gebrauchen können; gebraucht kaufen","verwenden; benützen",neu,Goethe-Zertifikat B1 Wortliste,https://www.goethe.de,draft
480,word,Gebrauchsanweisung,written booklet explaining operation,operating instructions / user guide,Lesen Sie bitte zuerst die Gebrauchsanweisung.,Please read the operating instructions first.,B1,noun,3,medium,,,,,standard,,,"manual;devices",feminine,-en,Gebrauchsanweisung,false,false,,,,die Gebrauchsanweisung beachten,"Bedienungsanleitung; Handbuch",,,,,Goethe-Zertifikat B1 Wortliste,https://www.goethe.de,draft
481,word,Gebühr,legally fixed administrative charge,fee / charge,Die Gebühr liegt bei 60 Euro.,The fee is 60 euros.,B1,noun,4,high,,,,,standard,,,"finance;official",feminine,-en,Gebühr,false,false,,,,eine Gebühr entrichten/zahlen,"Kosten; Abgabe; Tarif",,,,,Goethe-Zertifikat B1 Wortliste,https://www.goethe.de,draft
482,word,Geburt,biological emergence of baby into world,birth,Wir gratulieren zur Geburt eures Kindes!,We congratulate you on the birth of your child!,B1,noun,4,high,,,,,standard,,,"family;life",feminine,-en,Geburt,false,false,,,,"von Geburt an; zur Geburt gratulieren","Entbindung; Niederkunft",Tod,,,,Goethe-Zertifikat B1 Wortliste,https://www.goethe.de,draft
483,word,Gedicht,poetic composition written in verses,poem,Kennst du ein schönes Gedicht?,Do you know a beautiful poem?,B1,noun,3,medium,,,,,standard,,,"culture;literature",neuter,-e,Gedichtes,false,false,,,,ein Gedicht vortragen/schreiben,"Poesie; Versdichtung; Reim",,,,,Goethe-Zertifikat B1 Wortliste,https://www.goethe.de,draft
484,word,Geduld,capacity to endure delay with composure,patience,Bitte haben Sie etwas Geduld.,Please have some patience.,B1,noun,3,medium,,,,,standard,,,"personality;emotions",feminine,-,Geduld,false,false,,,,"die Geduld verlieren; Geduld haben","Ausdauer; Nachsicht",Ungeduld,,,,Goethe-Zertifikat B1 Wortliste,https://www.goethe.de,draft
485,word,geehrt,highly respected / used in formal epistolary address,esteemed / dear,Sehr geehrte Damen und Herren...,Dear Sir or Madam...,B1,adjective,4,high,,,,,standard,,,"correspondence;courtesy",adjective,,,,false,false,,,,sehr geehrte Damen und Herren,"geschätzt; verehrt",ungeehrt,,,Goethe-Zertifikat B1 Wortliste,https://www.goethe.de,draft
486,word,geeignet,appropriate and suited to a purpose,suitable / appropriate,Dieses Spiel ist nicht für Kinder unter drei Jahren geeignet.,This game is not suitable for children under three years.,B1,adjective,4,high,,,,,standard,,,"evaluation;utility",adjective,,,,false,false,,,,geeignet sein für + acc,"passend; adäquat; tauglich","ungeeignet; unpassend",,,Goethe-Zertifikat B1 Wortliste,https://www.goethe.de,draft
487,word,Gefahr,condition involving vulnerability to injury or loss,danger / hazard / peril,Betreten der Baustelle auf eigene Gefahr.,Entering the construction site at your own risk.,B1,noun,4,high,,,,,standard,,,"safety;danger",feminine,-en,Gefahr,false,false,,,,"in Gefahr sein; auf eigene Gefahr","Risiko; Bedrohung; Wagnis",Sicherheit,,,,Goethe-Zertifikat B1 Wortliste,https://www.goethe.de,draft
488,phrase,sich etwas gefallen lassen,tolerate bad treatment without complaint,to put up with something / to tolerate,Das würde ich mir nicht gefallen lassen.,I would not put up with that.,B1,phrase,3,medium,,,,,standard,,,"social;behavior",phrase,,,,true,false,haben,lässt sich etwas gefallen,ließ sich etwas gefallen,sich etwas gefallen lassen,acc / refl dat,sich das nicht gefallen lassen,"hinnehmen; dulden",wehren,Goethe-Zertifikat B1 Wortliste,https://www.goethe.de,draft
489,word,Gefängnis,penal institution for confining convicts,prison / jail,Er wurde zu fünf Jahren Gefängnis verurteilt.,He was sentenced to five years in prison.,B1,noun,3,medium,,,,,standard,,,"legal;crime",neuter,-se,Gefängnisses,false,false,,,,ins Gefängnis kommen,"Justizvollzugsanstalt; Haft; Knast",Freiheit,,,,Goethe-Zertifikat B1 Wortliste,https://www.goethe.de,draft
490,word,Gefühl,emotional sensation or physical perception,feeling / emotion / sensation,"Ich glaube; ich schaffe die Prüfung. Ich habe ein gutes Gefühl.",I believe I will pass the exam. I have a good feeling.,B1,noun,4,high,,,,,standard,,,"emotions;psychology",neuter,-e,Gefühls,false,false,,,,"ein gutes Gefühl haben; Gefühle zeigen","Empfindung; Intuition; Emotion",Gefühlskälte,,,,Goethe-Zertifikat B1 Wortliste,https://www.goethe.de,draft
491,word,Gegend,broad geographic area or neighborhood,area / region / surroundings,Der Schwarzwald ist eine sehr schöne Gegend. / Die Schule muss hier in der Gegend sein.,The Black Forest is a very beautiful region. / The school must be somewhere around here.,B1,noun,4,high,,,,,standard,,,"geography;spatial",feminine,-en,Gegend,false,false,,,,"hier in der Gegend; ländliche Gegend","Region; Gebiet; Bezirk",,,,,Goethe-Zertifikat B1 Wortliste,https://www.goethe.de,draft
492,word,Gegensatz,striking contrast or opposition of things,contrast / opposite / contrary,Diese beiden Meinungen stehen in starkem Gegensatz zueinander. / Im Gegensatz zu ihm ist sein Vater ziemlich klein.,These two opinions stand in sharp contrast to each other. / In contrast to him his father is rather short.,B1,noun,3,medium,,,,,standard,,,"comparison;logic",masculine,Gegensätze,Gegensatzes,false,false,,,,"im Gegensatz zu + dat; im krassen Gegensatz","Kontrast; Antithese; Widerspruch","Übereinstimmung; Gemeinsamkeit",,,,Goethe-Zertifikat B1 Wortliste,https://www.goethe.de,draft
493,word,Gegenstand,discrete concrete physical entity,object / item / article,Ich schließe meine persönlichen Gegenstände im Schwimmbad lieber in ein Fach ein. / Auf der A8 liegen Gegenstände auf der Fahrbahn.,In the swimming pool I prefer locking my personal items in a locker. / On the A8 there are objects lying on the carriageway.,B1,noun,3,medium,,,,,standard,,,"objects;traffic",masculine,Gegenstände,Gegenstandes,false,false,,,,persönliche Gegenstände,"Objekt; Ding; Sache",,,,,Goethe-Zertifikat B1 Wortliste,https://www.goethe.de,draft
494,word,Gegner,opponent in conflict,contest,"or sports, opponent / adversary / rival, Sie ist eine Gegnerin von Tierversuchen. / Die Mannschaft aus Frankreich war ein sehr starker Gegner.",She is an opponent of animal testing. / The team from France was a very strong opponent.,B1,noun,3,medium,,,,,standard,,,"sports;politics",masculine,-,Gegners,false,false,,,,"ein starker Gegner; politischer Gegner","Widersacher; Konkurrent; Feind","Partner; Verbündeter",,,,Goethe-Zertifikat B1 Wortliste,https://www.goethe.de,draft
495,word,Gegnerin,female opponent or rival,opponent / adversary (female),Sie ist eine Gegnerin von Tierversuchen.,She is an opponent of animal testing.,B1,noun,3,medium,,,,,standard,,,"sports;politics",feminine,-nen,Gegnerin,false,false,,,,politische Gegnerin,"Widersacherin; Konkurrentin",Partnerin,,,,Goethe-Zertifikat B1 Wortliste,https://www.goethe.de,draft
496,word,Geheimnis,confidential information hidden from public,secret,Das kann ich dir nicht sagen. Das ist ein Geheimnis.,I cannot tell you that. That is a secret.,B1,noun,4,high,,,,,standard,,,"communication;social",neuter,-se,Geheimnisses,false,false,,,,ein Geheimnis verraten/bewahren,"Mysterium; Arkanum",Offenkundigkeit,,,,Goethe-Zertifikat B1 Wortliste,https://www.goethe.de,draft
497,word,geheim,kept concealed and inaccessible to others,secret / confidential,Das ist geheim. Du darfst es niemandem sagen.,That is secret. You must not tell anyone.,B1,adjective,3,medium,,,,,standard,,,"communication;privacy",adjective,,,,false,false,,,,"streng geheim; geheime Daten","vertraulich; verborgen","öffentlich; bekannt",,,Goethe-Zertifikat B1 Wortliste,https://www.goethe.de,draft
498,word,Gehsteig,paved path beside road for walkers (German / Austrian),pavement / sidewalk,Das Fahrradfahren auf dem Gehsteig ist nicht erlaubt.,Riding a bicycle on the sidewalk is not permitted.,B1,noun,3,medium,,"D; A",,standard,"DACH: CH=Trottoir; D=Bürgersteig","traffic;city",masculine,-e,Gehsteigs,false,false,,,,auf dem Gehsteig gehen,"Bürgersteig; Gehweg; Trottoir",Fahrbahn,,,,,,Goethe-Zertifikat B1 Wortliste,https://www.goethe.de,draft
499,word,Geldautomat,automated machine dispensing currency (German),ATM / cash machine,Ich hole noch Geld vom Geldautomaten.,I will withdraw money from the ATM.,B1,noun,4,high,,D,,standard,"DACH: A; CH=Bankomat; Bancomat","banking;money",masculine,-en,Geldautomaten,false,false,,,,am Geldautomaten abheben,"Bankomat; Bancomat; Barautomat",,,,,,,Goethe-Zertifikat B1 Wortliste,https://www.goethe.de,draft
500,word,Gelegenheit,favorable time or circumstance for doing something,opportunity / occasion,"Das Fest ist eine gute Gelegenheit; unsere Freunde zu sehen.",The party is a good opportunity to see our friends.,B1,noun,4,high,,,,,standard,,,"social;planning",feminine,-en,Gelegenheit,false,false,,,,eine günstige Gelegenheit nutzen,"Chance; Anlass; Möglichkeit",,,,,Goethe-Zertifikat B1 Wortliste,https://www.goethe.de,draft
501,word,gelingen,turn out successfully according to plan,to succeed / to turn out well,"Es ist mir gelungen; meinen Chef zu überzeugen.",I succeeded in convincing my boss.,B1,verb,4,high,,,,,standard,,,"success;work",,,,,false,false,sein,gelingt,gelang,gelungen,"dat, zu + inf",jemandem gelingt etwas,"glücken; klappen; schaffen","misslingen; scheitern",Goethe-Zertifikat B1 Wortliste,https://www.goethe.de,draft
502,word,gelten,be legally valid or count as,to be valid / to count as / to apply,Mein Pass gilt noch ein Jahr. / Bitte diesen Zettel gut aufheben: Er gilt als Garantie.,My passport is valid for another year. / Please keep this slip safe: it counts as a warranty.,B1,verb,4,high,,,,,standard,,,"official;rules",,,,,false,false,haben,gilt,galt,gegolten,"intr, als + nom, für + acc","Gültigkeit haben; gelten als","zählen; betragen; verbindlich sein",ungültig sein,Goethe-Zertifikat B1 Wortliste,https://www.goethe.de,draft
503,word,gemeinsam,done,held,"or shared in conjunction with others, together / joint / mutual, Du musst die Wohnung renovieren? Ich helfe dir. Wir können das gemeinsam machen. / Wir benutzen die Garage gemeinsam mit dem Nachbarn.",You need to renovate the apartment? I will help you. We can do that together. / We share the garage with the neighbor.,B1,adjective,4,high,,,,,standard,,,"social;cooperation",adjective,,,,false,false,,,,"gemeinsame Interessen; gemeinsam kochen","zusammen; vereint; kollektiv","getrennt; allein; separat",,,Goethe-Zertifikat B1 Wortliste,https://www.goethe.de,draft
504,word,Gemeinschaft,group having shared ownership,communal living,"or interests, community, Rauchen ist in den Gemeinschaftsräumen nicht erlaubt.",Smoking is not permitted in the common rooms.,B1,noun,3,medium,,,,,standard,,,"social;society",feminine,-en,Gemeinschaft,false,false,,,,in der Gemeinschaft leben,"Kollektiv; Verband; Vereinigung",Isolation,,,,Goethe-Zertifikat B1 Wortliste,https://www.goethe.de,draft
505,word,gemütlich,giving a feeling of comfort,warmth,"and relaxation, cozy / comfortable, Wir haben eine sehr gemütliche Wohnung. / Es ist sehr gemütlich bei dir.",We have a very cozy apartment. / It is very cozy at your place.,B1,adjective,4,high,,,,,standard,,,"housing;feelings",adjective,,,,false,false,,,,"ein gemütlicher Abend; gemütliche Atmosphäre","behaglich; heimelig; bequem","ungemütlich; kalt",,,Goethe-Zertifikat B1 Wortliste,https://www.goethe.de,draft
506,word,genauso,in exactly identical measure or form,just as / just like,Katarina sieht genauso aus wie ihre Schwester.,Katarina looks just like her sister.,B1,adverb,4,high,,,,,standard,,,comparison,adverb,,,,false,false,,,,"genauso wie; genauso viel","ebenso; haargenau",anders,,,Goethe-Zertifikat B1 Wortliste,https://www.goethe.de,draft
507,word,genehmigen,grant formal or regulatory permission,to approve / to authorize / to grant,Mein Chef hat mir sechs Wochen Urlaub genehmigt.,My boss granted me six weeks of vacation.,B1,verb,3,medium,,,,,standard,,,"official;work",,,,,false,false,haben,genehmigt,genehmigte,genehmigt,"acc, dat",einen Antrag genehmigen,"bewilligen; gestatten; erlauben","ablehnen; verweigern",Goethe-Zertifikat B1 Wortliste,https://www.goethe.de,draft
508,word,Generation,all persons born around the same period,generation,In diesem Haus wohnen drei Generationen zusammen.,Three generations live together in this house.,B1,noun,3,medium,,,,,standard,,,"family;society",feminine,-en,Generation,false,false,,,,die junge/ältere Generation,"Altersstufe; Jahrgang",,,,,Goethe-Zertifikat B1 Wortliste,https://www.goethe.de,draft
509,word,genießen,experience pleasure from / receive good education,to enjoy / to relish,"Er kann das Essen leider nicht genießen, weil es zu scharf ist. / Sie hat eine gute Ausbildung genossen.",Unfortunately he cannot enjoy the meal because it is too spicy. / She enjoyed a good education.,B1,verb,4,high,,,,,standard,,,"lifestyle;food",,,,,false,false,haben,genießt,genoss,genossen,acc,das Leben genießen,"auskosten; schwelgen in",leiden,Goethe-Zertifikat B1 Wortliste,https://www.goethe.de,draft
510,word,genügen,be enough to meet requirements,to suffice / to be enough,Wie viele Zimmer brauchen Sie? - Mir genügt eine 2-Zimmer-Wohnung.,How many rooms do you need? - A two-room apartment is enough for me.,B1,verb,3,medium,,,,,standard,,,"quantity;necessity",,,,,false,false,haben,genügt,genügte,genügt,"dat, intr",vollkommen genügen,"ausreichen; hinreichen",fehlen,Goethe-Zertifikat B1 Wortliste,https://www.goethe.de,draft
511,word,gerade,unbent line / at this immediate moment,straight / just / right now,Das Bild hängt nicht gerade. / Kannst du später noch mal anrufen? Wir sind gerade beim Essen.,The picture is not hanging straight. / Can you call back later? We are right in the middle of eating.,B1,adjective,5,very high,,,,,standard,,,"spatial;time",adjective,,,,false,false,,,,"gerade jetzt; geradeaus gehen","geradlinig; eben; momentan","schief; krumm",,,Goethe-Zertifikat B1 Wortliste,https://www.goethe.de,draft
512,word,gerecht,fair and treating all parties equally,fair / just,Lass uns den Kuchen gerecht verteilen.,Let us distribute the cake fairly.,B1,adjective,3,medium,,,,,standard,,,"ethics;social",adjective,,,,false,false,,,,"eine gerechte Strafe; gerecht aufteilen","fair; unparteiisch; rechtmäßig","ungerecht; unfair",,,Goethe-Zertifikat B1 Wortliste,https://www.goethe.de,draft
513,word,gering,small in size,importance,"or value, slight / low / minor, Unsere Mannschaft hatte nur eine geringe Chance. / Wenn Sie ein geringes Einkommen haben, zahlen Sie nur wenig Steuern.",Our team had only a slight chance. / If you have a low income you pay little tax.,B1,adjective,3,medium,,,,,standard,,,"measurement;quantity",adjective,,,,false,false,,,,"geringes Einkommen; im Geringsten","niedrig; winzig; minimal","groß; hoch",,,Goethe-Zertifikat B1 Wortliste,https://www.goethe.de,draft
514,word,gesamt-,constituting the entirety without omissions,entire / whole / total,"Ich habe meine gesamten Bücher verschenkt. / z. B. Gesamtgewicht, Gesamtsumme","I gave away all of my books. / e.g. total weight; grand total",B1,adjective,4,high,,,,,standard,,,quantifier,adjective,,,,false,false,,,,das gesamte Spektrum,"vollständig; ganz; komplett",teilweise,,,Goethe-Zertifikat B1 Wortliste,https://www.goethe.de,draft
515,word,geschehen,occur or take place by happenstance,to happen / to occur,Vielen Dank für Ihre Hilfe. - Gern geschehen.,Many thanks for your help. - You are very welcome.,B1,verb,5,very high,,,,,standard,,,"events;courtesy",,,,,false,false,sein,geschieht,geschah,geschehen,"intr, dat","gern geschehen; was ist geschehen?","passieren; sich ereignen; vorkommen",,Goethe-Zertifikat B1 Wortliste,https://www.goethe.de,draft
516,word,Geschmack,sense by which flavor is perceived / aesthetic choice,taste / flavor,Ich möchte bitte Kaugummi mit Erdbeergeschmack.,I would like chewing gum with strawberry flavor please.,B1,noun,3,medium,,,,,standard,,,"food;senses",masculine,Geschmäcke,Geschmacks,false,false,,,,"nach meinem Geschmack; guter Geschmack","Aroma; Gusto",,,,,Goethe-Zertifikat B1 Wortliste,https://www.goethe.de,draft
517,word,Geschwindigkeit,rapidness of motion / velocity,speed / velocity,Das Auto fuhr mit zu hoher Geschwindigkeit.,The car drove at excessive speed.,B1,noun,3,medium,,,,,standard,,,"traffic;physics",feminine,-en,Geschwindigkeit,false,false,,,,Geschwindigkeit überschreiten,"Tempo; Schnelligkeit",,,,,Goethe-Zertifikat B1 Wortliste,https://www.goethe.de,draft
518,word,Geschwindigkeitsbeschränkung,legally imposed maximum road speed limit,speed limit,Bitte beachten Sie die Geschwindigkeitsbeschränkungen.,Please observe the speed limits.,B1,noun,3,medium,,,,,standard,,,"traffic;safety",feminine,-en,Geschwindigkeitsbeschränkung,false,false,,,,die Geschwindigkeitsbeschränkung einhalten,"Tempolimit; Höchstgeschwindigkeit",,,,,Goethe-Zertifikat B1 Wortliste,https://www.goethe.de,draft
519,word,Gesellschaft,organized community / company entity,society / association / company / company (social),Er will die Gesellschaft verändern. / Meine Frau arbeitet bei einer Versicherungsgesellschaft. / Ich fühle mich in großer Gesellschaft wohl.,He wants to change society. / My wife works at an insurance company. / I feel comfortable in large company.,B1,noun,4,high,,,,,standard,,,"society;business;social",feminine,-en,Gesellschaft,false,false,,,,"in Gesellschaft sein; offene Gesellschaft","Gemeinschaft; Konzern; Runde",Einsamkeit,,,,Goethe-Zertifikat B1 Wortliste,https://www.goethe.de,draft
520,word,Gesetz,enacted statutory rule of law,law / act / statute,Das Parlament hat ein neues Gesetz beschlossen.,Parliament passed a new law.,B1,noun,4,high,,,,,standard,,,"legal;politics",neuter,-e,Gesetzes,false,false,,,,ein Gesetz verabschieden/brechen,"Rechtsnorm; Vorschrift; Statut",,,,,Goethe-Zertifikat B1 Wortliste,https://www.goethe.de,draft
521,word,gespannt,eagerly waiting in suspense,curious / anxious / excited,"Ich bin gespannt; wer bei diesem Spiel gewinnt.",I am eager to see who wins this match.,B1,adjective,4,high,,,,,standard,,,"emotions;expectation",adjective,,,,false,false,,,,gespannt sein auf + acc,"neugierig; erwartungsvoll",gleichgültig,,,Goethe-Zertifikat B1 Wortliste,https://www.goethe.de,draft
522,word,Gewalt,unlawful physical force or authoritative power,violence / force / power,"Ich mag keine Filme, in denen Gewalt vorkommt. / Die Tür ließ sich nur mit Gewalt öffnen.",I do not like movies in which violence appears. / The door could only be opened by force.,B1,noun,3,medium,,,,,standard,,,"crime;power",feminine,-en,Gewalt,false,false,,,,"mit Gewalt; Gewalt anwenden","Brutalität; Macht; Zwang",Gewaltlosigkeit,,,,Goethe-Zertifikat B1 Wortliste,https://www.goethe.de,draft
523,word,Gewerkschaft,organized association of workers protecting rights,trade union / labor union,Die Gewerkschaft vertritt die Interessen der Arbeitnehmer.,The trade union represents the interests of the employees.,B1,noun,3,medium,,,,,standard,,,"work;politics",feminine,-en,Gewerkschaft,false,false,,,,Mitglied in der Gewerkschaft sein,"Arbeitnehmervertretung; Union",Arbeitgeberverband,,,,Goethe-Zertifikat B1 Wortliste,https://www.goethe.de,draft
524,word,Gewinn,financial profit or prize won in contest,prize / profit / winnings,Ich habe bei einem Ratespiel mitgemacht. Der Hauptgewinn ist ein Auto.,I participated in a quiz show. The first prize is a car.,B1,noun,3,medium,,,,,standard,,,"finance;games",masculine,-e,Gewinns,false,false,,,,"den Hauptgewinn ziehen; Gewinn erzielen","Profit; Ertrag; Beute",Verlust,,,,Goethe-Zertifikat B1 Wortliste,https://www.goethe.de,draft
525,word,Gewissen,moral sense of right and wrong,conscience,Ich habe deinen Geburtstag vergessen. Ich habe ein ganz schlechtes Gewissen.,I forgot your birthday. I have a really bad conscience.,B1,noun,3,medium,,,,,standard,,,"ethics;psychology",neuter,-,Gewissens,false,false,,,,ein schlechtes/reines Gewissen haben,Moralempfinden,,,,,Goethe-Zertifikat B1 Wortliste,https://www.goethe.de,draft
526,word,sich gewöhnen,become adjusted or familiarized to something,to get used to,"Wir haben uns an das Leben hier gewöhnt. / Ich bin daran gewöhnt, früh aufzustehen.",We have gotten used to life here. / I am used to getting up early.,B1,verb,4,high,,,,,standard,,,"habits;adaptation",,,,,true,false,haben / sein,gewöhnt sich,gewöhnte sich,gewöhnt,"refl, an + acc",sich an ein Land gewöhnen,"anpassen; einleben; vertraut werden",entwöhnen,Goethe-Zertifikat B1 Wortliste,https://www.goethe.de,draft
527,word,gewohnt,customary or familiar through practice,accustomed / usual,"Ich bin gewohnt; früh ins Bett zu gehen.",I am accustomed to going to bed early.,B1,adjective,3,medium,,,,,standard,,,"habits;routine",adjective,,,,false,false,,,,"gewohnt sein; zur gewohnten Zeit","üblich; vertraut; eingespielt","ungewohnt; fremd",,,Goethe-Zertifikat B1 Wortliste,https://www.goethe.de,draft
528,word,gewöhnlich,occurring in ordinary circumstances / usually,usual / ordinary / normally,Um die Zeit ist er gewöhnlich zu Hause.,At that time he is usually at home.,B1,adjective,4,high,,,,,standard,,,"routine;frequency",adjective,,,,false,false,,,,wie gewöhnlich,"normal; herkömmlich; regulär","ungewöhnlich; selten",,,Goethe-Zertifikat B1 Wortliste,https://www.goethe.de,draft
529,word,Gewürz,aromatic vegetable substance seasoning food,spice / seasoning,Von den scharfen Gewürzen bekommt man Durst.,Spicy seasonings make you thirsty.,B1,noun,3,medium,,,,,standard,,,"food;cooking",neuter,-e,Gewürzes,false,false,,,,"Gewürze hinzufügen; orientalische Gewürze","Würze; Zutat",,,,,Goethe-Zertifikat B1 Wortliste,https://www.goethe.de,draft
530,word,gießen,pour water on plants / pour molten liquid,to water (plants) / to pour,Es hat nicht geregnet. Ich muss meine Blumen gießen.,It did not rain. I must water my flowers.,B1,verb,4,high,,,,,standard,,,"gardening;household",,,,,false,false,haben,gießt,goss,gegossen,acc,"Blumen gießen; in Strömen gießen","bewässern; schütten",,Goethe-Zertifikat B1 Wortliste,https://www.goethe.de,draft
531,word,Gift,substance causing illness or death when ingested,poison / venom / toxin,"Vorsicht, das Gift dieser Pflanze ist für Menschen gefährlich!","Careful; the venom/poison of this plant is dangerous to humans!",B1,noun,3,medium,,,,,standard,,,"danger;nature",neuter,-e,Giftes,false,false,,,,tödliches Gift,"Toxin; Giftstoff",Gegengift,,,,Goethe-Zertifikat B1 Wortliste,https://www.goethe.de,draft
532,word,giftig,containing noxious poison,poisonous / toxic,"Vorsicht, das ist giftig!","Careful; that is poisonous!",B1,adjective,3,medium,,,,,standard,,,"danger;nature",adjective,,,,false,false,,,,giftige Pilze/Dämpfe,toxisch,"ungiftig; essbar",,,Goethe-Zertifikat B1 Wortliste,https://www.goethe.de,draft
533,word,Glace,frozen dessert (Swiss German),ice cream,Zum Dessert gibt es Schokoladenglace.,For dessert there is chocolate ice cream.,B1,noun,3,medium,,CH,,standard,"DACH: D; A=Eis","food;dessert",feminine,-n,Glace,false,false,,,,Glace essen,"Eis; Speiseeis",,,,,,,Goethe-Zertifikat B1 Wortliste,https://www.goethe.de,draft
534,word,glatt,having an even frictionless slippery surface,slippery / smooth,Fahr vorsichtig! Es ist glatt.,Drive carefully! It is slippery.,B1,adjective,3,medium,,,,,standard,,,"weather;safety",adjective,,,,false,false,,,,"glatte Straße; Glatteis","rutschig; spiegelglatt; eben","rau; stumpf",,,Goethe-Zertifikat B1 Wortliste,https://www.goethe.de,draft
535,word,gleichfalls,wishing identical greeting back,likewise / same to you,"Schöne Feiertage! - Danke, gleichfalls.","Happy holidays! - Thank you; the same to you.",B1,adverb,3,medium,,,,,standard,,,"courtesy;social",adverb,,,,false,false,,,,danke gleichfalls,"ebenfalls; ebenso",,,,Goethe-Zertifikat B1 Wortliste,https://www.goethe.de,draft
536,word,gleichberechtigt,enjoying equal legal and civil status,enjoying equal rights,Mann und Frau sind gleichberechtigt.,Man and woman enjoy equal rights.,B1,adjective,3,medium,,,,,standard,,,"politics;society",adjective,,,,false,false,,,,gleichberechtigt sein,"gleichgestellt; ebenbürtig",benachteiligt,,,Goethe-Zertifikat B1 Wortliste,https://www.goethe.de,draft
537,word,gleichzeitig,occurring at the very same moment,simultaneously / at the same time,Ich kann nicht alles gleichzeitig machen.,I cannot do everything simultaneously.,B1,adverb,4,high,,,,,standard,,,"time;parallel",adverb,,,,false,false,,,,gleichzeitig geschehen,"simultan; zeitgleich",nacheinander,,,Goethe-Zertifikat B1 Wortliste,https://www.goethe.de,draft
538,word,Gold,precious yellow malleable chemical metal element,gold,"Ist der Ring aus Gold? - Nein, der sieht nur so aus.","Is the ring made of gold? - No; it only looks like it.",B1,noun,3,medium,,,,,standard,,,"materials;jewelry",neuter,-,Goldes,false,false,,,,aus purem Gold,Edelmetall,,,,,Goethe-Zertifikat B1 Wortliste,https://www.goethe.de,draft
539,word,Golf,game striking balls into holes on course,golf,Kannst du Golf spielen?,Can you play golf?,B1,noun,2,medium-low,,,,,standard,,,"sports;games",neuter,-,Golfs,false,false,,,,"Golf spielen; auf dem Golfplatz",Golfsport,,,,,Goethe-Zertifikat B1 Wortliste,https://www.goethe.de,draft
540,word,Gott,supreme deity worshipped in monotheism,God,Glaubst du an Gott? / Gott sei Dank ist ihm nichts passiert.,Do you believe in God? / Thank goodness nothing happened to him.,B1,noun,4,high,,,,,standard,,,"religion;exclamations",masculine,Götter,Gottes,false,false,,,,"Gott sei Dank; an Gott glauben","Schöpfer; Herrgott",,,,,Goethe-Zertifikat B1 Wortliste,https://www.goethe.de,draft
541,word,Grafik,diagrammatic chart representing numerical facts,graphic / chart / diagram,Die Grafik zeigt die Temperaturen im letzten Jahr.,The chart shows the temperatures in the last year.,B1,noun,3,medium,,,,,standard,,,"media;statistics",feminine,-en,Grafik,false,false,,,,eine Grafik beschreiben/auswerten,"Schaubild; Diagramm; Abbildung",,,,,Goethe-Zertifikat B1 Wortliste,https://www.goethe.de,draft
542,word,Gras,green ground-covering vegetation blades,grass,Wir lagen den ganzen Tag im Gras.,We lay on the grass all day.,B1,noun,4,high,,,,,standard,,,"nature;plants",neuter,Gräser,Grases,false,false,,,,"im Gras liegen; Rasen mähen","Wiesengrün; Rasen",,,,,Goethe-Zertifikat B1 Wortliste,https://www.goethe.de,draft
543,word,Gratulation,formal verbal felicitations,congratulation,Herzliche Gratulation! Sie haben gewonnen!,Warm congratulations! You have won!,B1,noun,3,medium,,,,,standard,,,"celebration;courtesy",feminine,-en,Gratulation,false,false,,,,herzliche Gratulation,"Glückwunsch; Beglückwünschung",,,,,Goethe-Zertifikat B1 Wortliste,https://www.goethe.de,draft
544,word,gratis,provided free of any monetary charge,free of charge / gratis,"Diese Reparatur kostet Sie gar nichts, wir machen das gratis für Sie.","This repair costs you nothing at all; we do that free of charge for you.",B1,adverb,3,medium,,,,,standard,,,"shopping;price",adverb,,,,false,false,,,,etwas gratis erhalten,"kostenlos; unentgeltlich; umsonst","kostenpflichtig; teuer",,,Goethe-Zertifikat B1 Wortliste,https://www.goethe.de,draft
545,word,greifen,reach out and seize firmly with hand,to reach / to grab / to seize,Greifen Sie doch zu!,Help yourself!,B1,verb,3,medium,,,,,standard,,,"movement;dining",,,,,false,false,haben,greift,griff,gegriffen,"acc, nach + dat, zu + dat","zugreifen beim Essen; nach der Hand greifen","fassen; packen; nehmen",loslassen,Goethe-Zertifikat B1 Wortliste,https://www.goethe.de,draft
546,word,Grenze,demarcation line separating states/territories,border / boundary / limit,An der Grenze musst du deinen Ausweis zeigen.,At the border you must show your ID.,B1,noun,4,high,,,,,standard,,,"geography;politics",feminine,-n,Grenze,false,false,,,,"über die Grenze fahren; Grenzen setzen","Landesgrenze; Begrenzung",,,,,Goethe-Zertifikat B1 Wortliste,https://www.goethe.de,draft
547,word,grillieren,cook food over barbecue grill (Swiss German),to grill / to barbecue,Heute wollen wir im Garten grillieren.,Today we want to barbecue in the garden.,B1,verb,3,medium,,CH,,standard,"DACH: D; A=grillen","food;cooking",,,,,false,false,haben,grilliert,grillierte,grilliert,acc / intr,Fleisch grillieren,"grillen; rösten",,,,Goethe-Zertifikat B1 Wortliste,https://www.goethe.de,draft
548,word,Grill,metal appliance for barbecuing food,barbecue / grill,Kannst du mir deinen Grill leihen? Wir wollen am Wochenende ein Picknick machen.,Can you lend me your grill? We want to have a picnic at the weekend.,B1,noun,3,medium,,,,,standard,,,"food;household",masculine,-s,Grills,false,false,,,,den Grill anfeuern,"Grillgerät; Barbecue",,,,,Goethe-Zertifikat B1 Wortliste,https://www.goethe.de,draft
549,word,Groß-,prefix indicating kinship or grand scale,grand- / great-,"z. B. die Großeltern, die Großmutter, der Großvater","e.g. grandparents; grandmother; grandfather",B1,prefix,5,very high,,,,,standard,,,"family;relationships",,,,false,false,,,,"Großstadt; Großeltern",Alt-,Klein-,,,,Goethe-Zertifikat B1 Wortliste,https://www.goethe.de,draft
550,word,gründen,establish an organization,enterprise,"or firm, to found / to establish, Frau Bauer hat eine eigene Firma gegründet.",Ms. Bauer founded her own company.,B1,verb,3,medium,,,,,standard,,,"business;organization",,,,,false,false,haben,gründet,gründete,gegründet,acc,eine Familie/Firma gründen,"ins Leben rufen; eröffnen; etablieren","auflösen; schließen",Goethe-Zertifikat B1 Wortliste,https://www.goethe.de,draft
551,word,Grund,underlying justification,cause,"or ground, reason / motive / ground / land, Sie haben Ihre Stelle gekündigt. Aus welchem Grund? / Sie haben keinen Grund, sich zu beschweren.",You resigned from your position. For what reason? / You have no reason to complain.,B1,noun,5,very high,,,,,standard,,,"reasoning;cause",masculine,Gründe,Grundes,false,false,,,,"aus gutem Grund; im Grunde genommen","Ursache; Anlass; Motiv; Boden",,,,,Goethe-Zertifikat B1 Wortliste,https://www.goethe.de,draft
552,word,gründlich,exhaustive and completely attentive to details,thorough / thoroughly,"Ich möchte die Wohnung gründlich reinigen, bevor der Besuch kommt. / Waschen Sie sich gründlich die Hände.",I would like to clean the apartment thoroughly before the visitors arrive. / Wash your hands thoroughly.,B1,adjective,3,medium,,,,,standard,,,"cleanliness;work",adjective,,,,false,false,,,,"gründlich putzen; gründliche Untersuchung","sorgfältig; akribisch; gewissenhaft","oberflächlich; flüchtig",,,Goethe-Zertifikat B1 Wortliste,https://www.goethe.de,draft
553,word,Grundstück,demarcated parcel of real estate land,plot of land / property,Wir wollen ein Haus bauen und suchen ein günstiges Grundstück.,We want to build a house and are looking for an affordable plot of land.,B1,noun,3,medium,,,,,standard,,,"housing;real estate",neuter,-e,Grundstücks,false,false,,,,ein Grundstück kaufen/bebauen,"Parzelle; Baugrund; Areal",,,,,Goethe-Zertifikat B1 Wortliste,https://www.goethe.de,draft
554,word,grüßen,greet someone or convey good wishes,to greet / to say hello to,"Wer war die Frau, die du eben gegrüßt hast? / Ich soll Sie von Frau Meier grüßen.",Who was the woman that you just greeted? / I am supposed to say hello to you from Ms. Meier.,B1,verb,4,high,,,,,standard,,,"courtesy;social",,,,,false,false,haben,grüßt,grüßte,gegrüßt,acc,"jemanden herzlich grüßen; Grüße ausrichten","begrüßen; die Hand geben",ignorieren,Goethe-Zertifikat B1 Wortliste,https://www.goethe.de,draft
555,word,gucken,look or direct one's gaze,to look / to watch,Guck doch mal! Es schneit. / Was bedeutet dieses Wort? - Guck doch im Wörterbuch nach.,Just look! It is snowing. / What does this word mean? - Why don't you look it up in the dictionary?,B1,verb,4,high,,,,,standard,,,"vision;daily life",,,,,false,false,haben,guckt,guckte,geguckt,"intr, acc","mal gucken; fernsehen gucken","schauen; blicken; sehen",wegsehen,Goethe-Zertifikat B1 Wortliste,https://www.goethe.de,draft
556,word,Gymnastik,physical exercises for health and fitness,gymnastics / physical exercises,Ich mache jeden Morgen Gymnastik.,I do gymnastics every morning.,B1,noun,3,medium,,,,,standard,,,"sports;health",feminine,-,Gymnastik,false,false,,,,Morgengymnastik machen,"Körperertüchtigung; Turnen",,,,,Goethe-Zertifikat B1 Wortliste,https://www.goethe.de,draft
557,word,Hackfleisch,finely chopped minced meat (German / Swiss),minced meat / ground meat,Geben Sie mir bitte 500 g Hackfleisch.,Please give me 500 g of minced meat.,B1,noun,3,medium,,"D; CH",,standard,DACH: A=Faschiertes,"food;cooking",neuter,-,Hackfleischs,false,false,,,,frisches Hackfleisch braten,"Faschiertes; Gehacktes",,,,,,,Goethe-Zertifikat B1 Wortliste,https://www.goethe.de,draft
558,word,Hafen,harbor or port where ships dock,harbor / port,"Wenn du in Hamburg bist; musst du dir unbedingt den Hafen ansehen.",When you are in Hamburg you absolutely must visit the port.,B1,noun,3,medium,,,,,standard,,,"transit;water",masculine,Häfen,Hafens,false,false,,,,"im Hafen anlegen; Hamburger Hafen","Seehafen; Dock",,,,,Goethe-Zertifikat B1 Wortliste,https://www.goethe.de,draft
559,word,hageln,fall as small frozen pellets of precipitation,to hail,Bei Gewitter kann es auch hageln.,During thunderstorms it can also hail.,B1,verb,2,medium-low,,,,,standard,,,"weather;nature",,,,,false,false,haben,hagelt,hagelte,gehagelt,intr,es hagelt dicke Körner,Hagelkörner fallen,,Goethe-Zertifikat B1 Wortliste,https://www.goethe.de,draft
560,word,Hühnchen,young roast chicken served as food (German variant),chicken,Zum Mittagessen gibt es Hühnchen mit Reis.,For lunch there is chicken with rice.,B1,noun,3,medium,,D,,standard,"DACH: A=Hendl; CH=Poulet","food;cooking",neuter,-,Hühnchens,false,false,,,,Hühnchen mit Reis,"Hähnchen; Poulet; Hendl",,,,,,,Goethe-Zertifikat B1 Wortliste,https://www.goethe.de,draft
561,word,halbtags,working for half the standard daily hours,part-time / half-days,Deshalb möchte ich halbtags arbeiten.,Therefore I would like to work part-time.,B1,adverb,3,medium,,,,,standard,,,"work;routine",adverb,,,,false,false,,,,halbtags arbeiten,in Teilzeit,"ganztags; Vollzeit",,,Goethe-Zertifikat B1 Wortliste,https://www.goethe.de,draft
562,word,Hälfte,one of two equal parts into which something is divided,half,Bitte teilt euch die Schokolade. Jeder bekommt die Hälfte. / Die Hälfte vom Urlaub ist schon vorbei. / Was hat der Mann gesagt? Ich habe nur die Hälfte verstanden.,Please share the chocolate. Each gets half. / Half of the vacation is already over. / What did the man say? I only understood half of it.,B1,noun,4,high,,,,,standard,,,"quantity;math",feminine,-n,Hälfte,false,false,,,,"die Hälfte bekommen; zur Hälfte",Halbteil,Ganzes,,,,Goethe-Zertifikat B1 Wortliste,https://www.goethe.de,draft
563,word,Hallenbad,enclosed public indoor swimming pool,indoor swimming pool,Sie geht jeden Tag zum Schwimmen ins Hallenbad.,She goes to the indoor swimming pool every day to swim.,B1,noun,3,medium,,,,,standard,,,"sports;leisure",neuter,Hallenbäder,Hallenbades,false,false,,,,ins Hallenbad gehen,"Schwimmhalle; Hallenschwimmbad",Freibad,,,,Goethe-Zertifikat B1 Wortliste,https://www.goethe.de,draft
564,word,halt,discourse particle acknowledging an unavoidable fact,just / simply,Schade. Da kann man nichts machen. Das ist halt so.,Pity. Nothing can be done about it. That is just the way it is.,B1,adverb,5,very high,,,,,standard,,,"discourse;emphasis",particle,,,,false,false,,,,das ist halt so,"eben; nun einmal",,,,Goethe-Zertifikat B1 Wortliste,https://www.goethe.de,draft
565,word,haltbar,capable of being stored without spoiling,keepable / non-perishable,Diese Tomaten sind mindestens 2 Wochen haltbar.,These tomatoes will keep for at least 2 weeks.,B1,adjective,3,medium,,,,,standard,,,"food;shopping",adjective,,,,false,false,,,,"haltbar bis; lange haltbar","dauerhaft; beständig; lagerfähig",verderblich,,,Goethe-Zertifikat B1 Wortliste,https://www.goethe.de,draft
566,word,Halt,temporary stop of bus or train,stop,Nächster Halt ist am Südbahnhof.,Next stop is at Südbahnhof.,B1,noun,4,high,,,,,standard,,,"transit;travel",masculine,-e,Haltes,false,false,,,,"nächster Halt; ohne Halt durchfahren","Stopp; Haltestelle; Aufenthalt",,,,,Goethe-Zertifikat B1 Wortliste,https://www.goethe.de,draft
567,word,Hammer,tool with heavy head used for driving nails,hammer,Ich möchte ein Bild aufhängen. Hast du einen Hammer für mich?,I would like to hang up a picture. Do you have a hammer for me?,B1,noun,3,medium,,,,,standard,,,"tools;household",masculine,Hämmer,Hammers,false,false,,,,"den Hammer schlagen; Nagel und Hammer",Schlagwerkzeug,,,,,Goethe-Zertifikat B1 Wortliste,https://www.goethe.de,draft
568,word,handeln,trade in commerce / be about / bargain,to act / to trade / to bargain / to be about,Herr Huber hat ein kleines Geschäft. Er handelt mit Obst und Gemüse. / Kann ich Sie bitte mal sprechen? - Worum handelt es sich denn? / Auf diesem Markt kannst du handeln und bekommst die Sachen billiger.,Mr. Huber has a small shop. He trades in fruits and vegetables. / Can I speak to you for a moment? - What is it about? / In this market you can bargain and get things cheaper.,B1,verb,4,high,,,,,standard,,,"business;commerce;discourse",,,,,true,false,haben,handelt,handelte,gehandelt,"mit + dat, von + dat, um + acc, refl","handeln von; es handelt sich um; feilschen","agieren; verkaufen; feilschen",,Goethe-Zertifikat B1 Wortliste,https://www.goethe.de,draft
569,word,Handel,commercial buying and selling of goods,trade / commerce,Der Handel mit Computern ist ein gutes Geschäft.,Trade in computers is a good business.,B1,noun,4,high,,,,,standard,,,"business;economy",masculine,-,Handels,false,false,,,,"Handel treiben; internationaler Handel","Gewerbe; Kommerz; Kaufverkehr",,,,,Goethe-Zertifikat B1 Wortliste,https://www.goethe.de,draft
570,word,Händler,merchant or retail trader,dealer / trader / merchant,"Ich gehe zum Gemüsehändler, soll ich dir etwas mitbringen?","I am going to the greengrocer; shall I bring you anything?",B1,noun,3,medium,,,,,standard,,,"shopping;jobs",masculine,-,Händlers,false,false,,,,"beim Händler kaufen; Autohändler","Kaufmann; Verkäufer","Käufer; Kunde",,,,Goethe-Zertifikat B1 Wortliste,https://www.goethe.de,draft
571,word,Händlerin,female merchant or retail trader,dealer / trader (female),Die Händlerin bot frische Äpfel an.,The female trader offered fresh apples.,B1,noun,3,medium,,,,,standard,,,"shopping;jobs",feminine,-nen,Händlerin,false,false,,,,"Kauffrau; Verkäuferin",Kundin,,,,,Goethe-Zertifikat B1 Wortliste,https://www.goethe.de,draft
572,word,hassen,feel deep detestation or intense dislike,to hate,"Ich hasse Autofahren. / Ich hasse es, zu spät zu kommen.",I hate driving. / I hate being late.,B1,verb,3,medium,,,,,standard,,,"emotions;attitudes",,,,,false,false,haben,hasst,hasste,gehasst,"acc, zu + inf",zu spät kommen hassen,verabscheuen,"lieben; mögen",Goethe-Zertifikat B1 Wortliste,https://www.goethe.de,draft
573,word,häufig,occurring regularly or at brief intervals,frequent / frequently,Haben Sie häufig Kopfschmerzen?,Do you have frequent headaches?,B1,adjective,4,high,,,,,standard,,,"frequency;time",adjective,,,,false,false,,,,häufig vorkommen,"oft; wiederholt",selten,,,Goethe-Zertifikat B1 Wortliste,https://www.goethe.de,draft
574,word,Haupt-,prefix indicating central or most prominent status,main / head / chief,Berlin ist die Hauptstadt von Deutschland.,Berlin is the capital city of Germany.,B1,prefix,4,high,,,,,standard,,,"geography;importance",,,,false,false,,,,"Hauptbahnhof; Hauptstadt; Hauptrolle",Zentral-,Neben-,,,,Goethe-Zertifikat B1 Wortliste,https://www.goethe.de,draft
575,word,Hausmeister,resident building caretaker (German / Austrian),caretaker / janitor,"Der Hausmeister hat mir geholfen; den Schrank in die Wohnung zu tragen.",The janitor helped me carry the wardrobe into the apartment.,B1,noun,3,medium,,"D; A",,standard,DACH: CH=Abwart,"housing;jobs",masculine,-,Hausmeisters,false,false,,,,den Hausmeister rufen,"Gebäudeverwalter; Abwart",,,,,,,Goethe-Zertifikat B1 Wortliste,https://www.goethe.de,draft
576,word,Hausmeisterin,female building caretaker (German / Austrian),caretaker / janitor (female),Die Hausmeisterin hat mir den Schlüssel übergeben.,The caretaker gave me the key.,B1,noun,3,medium,,"D; A",,standard,DACH: CH=Abwartin,"housing;jobs",feminine,-nen,Hausmeisterin,false,false,,,,Abwartin,,,,,,,,Goethe-Zertifikat B1 Wortliste,https://www.goethe.de,draft
577,word,Haut,outer protective organ tissue covering human body,skin,Haben Sie eine Creme für trockene Haut?,Do you have a cream for dry skin?,B1,noun,4,high,,,,,standard,,,"body;health",feminine,-,Haut,false,false,,,,"trockene/empfindliche Haut; Haut eincremen","Körperhülle; Epidermis",,,,,Goethe-Zertifikat B1 Wortliste,https://www.goethe.de,draft
578,word,heben,lift or raise upward,to lift / to raise,"Kannst du mir helfen? Das Paket kann ich allein nicht heben. / Wenn Sie für diesen Vorschlag sind, heben Sie bitte die Hand!, Can you help me? I cannot lift the parcel alone. / If you are in favor of this proposal",please raise your hand!,B1,verb,4,high,,,,,standard,,,"physical;actions",,,,,false,false,haben,hebt,hob,gehoben,"acc, refl","die Hand heben; schwere Lasten heben","anheben; emporheben","senken; fallenlassen",Goethe-Zertifikat B1 Wortliste,https://www.goethe.de,draft
579,word,heim,towards one's own home,home / homeward,Ich will jetzt heim.,I want to go home now.,B1,adverb,3,medium,,,,,standard,,,"spatial;directions",adverb,,,,false,false,,,,"heim gehen; heimkehren","nach Hause; heimwärts","fort; weg",,,Goethe-Zertifikat B1 Wortliste,https://www.goethe.de,draft
580,word,Heim,residential institution or home,home / residential home,Meine Oma wohnt in einem Seniorenheim.,My grandma lives in a retirement home.,B1,noun,3,medium,,,,,standard,,,"housing;social",neuter,-e,Heimes,false,false,,,,"im Heim wohnen; Altersheim","Zuhause; Anstalt; Wohnheim",,,,,Goethe-Zertifikat B1 Wortliste,https://www.goethe.de,draft
581,word,heimlich,done in secret without others noticing,secret / secretly,"Gestern habe ich gehört, dass mein Sohn heimlich raucht.",Yesterday I heard that my son smokes secretly.,B1,adjective,3,medium,,,,,standard,,,"behavior;privacy",adjective,,,,false,false,,,,"heimlich tun; ein heimlicher Blick","verstohlen; geheim; verborgen","offen; öffentlich",,,Goethe-Zertifikat B1 Wortliste,https://www.goethe.de,draft
582,word,Heimweh,longing for home during absence,homesickness,Ich habe oft Heimweh nach meiner Familie.,I often feel homesick for my family.,B1,noun,3,medium,,,,,standard,,,"emotions;travel",neuter,-,Heimwehs,false,false,,,,Heimweh haben/bekommen,Sehnsucht nach Hause,Fernweh,,,,Goethe-Zertifikat B1 Wortliste,https://www.goethe.de,draft
583,word,heizen,supply warmth by radiator or stove,to heat,Wir heizen mit Öl. / Ziehen Sie sich warm an. In der Halle ist nicht geheizt.,We heat with oil. / Dress warmly. It is not heated in the hall.,B1,verb,3,medium,,,,,standard,,,"housing;energy",,,,,false,false,haben,heizt,heizte,geheizt,"intr, mit + dat","mit Gas/Öl heizen; die Wohnung heizen","erwärmen; beheizen",kühlen,Goethe-Zertifikat B1 Wortliste,https://www.goethe.de,draft
584,word,Held,admired courageous protagonist,hero,Er spielt gern den Helden. / Sie ist die Heldin des Tages.,He likes playing the hero. / She is the hero of the day.,B1,noun,3,medium,,,,,standard,,,"culture;personality",masculine,-en,Helden,false,false,,,,"der Held des Tages; Hauptheld","Vorbild; Idol; Bezwinger",Feigling,,,,Goethe-Zertifikat B1 Wortliste,https://www.goethe.de,draft
585,word,Heldin,female admired courageous protagonist,heroine (female),Sie ist die Heldin des Tages.,She is the heroine of the day.,B1,noun,3,medium,,,,,standard,,,"culture;personality",feminine,-nen,Heldin,false,false,,,,Hauptheldin,"Vorbild; Idol",Feigling,,,,Goethe-Zertifikat B1 Wortliste,https://www.goethe.de,draft
586,word,Hendl,roast chicken (Austrian German),chicken (roast),Zum Mittagessen gibt es Hendl mit Reis.,For lunch there is roast chicken with rice.,B1,noun,3,medium,,A,,standard,"DACH: D=Hähnchen; CH=Poulet","food;cooking",neuter,-n / -s,Hendls,false,false,,,,ein halbes Hendl essen,"Hähnchen; Poulet; Brathuhn",,,,,,,Goethe-Zertifikat B1 Wortliste,https://www.goethe.de,draft
587,word,her-,prefix of direction toward speaker,hither- / toward here,Komm bitte herauf!,Please come up here!,B1,prefix,5,very high,,,,,standard,,,"directions;spatial",,,,false,false,,,,"herkommen; herbringen",herbei-,hin-,,,,Goethe-Zertifikat B1 Wortliste,https://www.goethe.de,draft
588,word,heraus-,prefix indicating motion outward toward speaker,out / out here,Kommen Sie bitte heraus!,Please come out here!,B1,prefix,4,high,,,,,standard,,,"directions;spatial",,,,false,false,,,,"herauskommen; herausnehmen",raus-,hinein-,,,,Goethe-Zertifikat B1 Wortliste,https://www.goethe.de,draft
589,word,raus-,colloquial contraction of heraus- or hinaus-,out / outside,Geh mal kurz raus!,Just go outside for a moment!,B1,prefix,4,high,,,,,informal,,,"directions;spatial",,,,false,false,,,,"rausgehen; rauswerfen","hinaus-; heraus-",rein-,,,,Goethe-Zertifikat B1 Wortliste,https://www.goethe.de,draft
590,word,herausfinden,discover through searching or inquiry,to find out / to discover,"Hast du schon rausgefunden; wann und wo man sich für den Kurs anmelden muss?",Have you already found out when and where one must register for the course?,B1,verb,4,high,,,,,standard,,,"cognition;research",,,,,false,true,haben,findet heraus,fand heraus,herausgefunden,"acc, ob-clause, wann-clause",die Wahrheit herausfinden,"entdecken; ermitteln; feststellen",übersehen,Goethe-Zertifikat B1 Wortliste,https://www.goethe.de,draft
591,word,Herausforderung,demanding task testing powers,challenge,Das Spiel ist eine Herausforderung.,The game is a challenge.,B1,noun,3,medium,,,,,standard,,,"work;sports",feminine,-en,Herausforderung,false,false,,,,eine Herausforderung annehmen,"Prüfung; Challenge; Wagnis",,,,,Goethe-Zertifikat B1 Wortliste,https://www.goethe.de,draft
592,word,herein-,prefix of entry movement toward speaker,in / into here,Kommen Sie bitte herein!,Please come in!,B1,prefix,4,high,,,,,standard,,,"directions;spatial",,,,false,false,,,,"hereinkommen; hereinbitten",rein-,hinaus-,,,,Goethe-Zertifikat B1 Wortliste,https://www.goethe.de,draft
593,word,rein-,colloquial contraction of herein- or hinein-,in / inside,Komm doch rein!,Do come in!,B1,prefix,4,high,,,,,informal,,,"directions;spatial",,,,false,false,,,,"reinkommen; reinlegen","herein-; hinein-",raus-,,,,Goethe-Zertifikat B1 Wortliste,https://www.goethe.de,draft
594,word,Hersteller,industrial firm or maker of goods,manufacturer / producer,Ihr Handy ist kaputt? Wir schicken es an den Hersteller zurück und lassen es reparieren.,Your mobile is broken? We will send it back to the manufacturer and have it repaired.,B1,noun,3,medium,,,,,standard,,,"business;industry",masculine,-,Herstellers,false,false,,,,an den Hersteller wenden,"Produzent; Fabrikant; Erzeuger","Verbraucher; Kunde",,,,Goethe-Zertifikat B1 Wortliste,https://www.goethe.de,draft
595,word,herunter-,prefix of downward movement toward speaker,down / downwards,Kommen Sie bitte herunter!,Please come down!,B1,prefix,4,high,,,,,standard,,,"directions;spatial",,,,false,false,,,,"herunterladen; herunterkommen",runter-,hinauf-,,,,Goethe-Zertifikat B1 Wortliste,https://www.goethe.de,draft
596,word,runter-,colloquial contraction of herunter- or hinunter-,down / downward,Komm mal kurz runter!,Just come down for a moment!,B1,prefix,4,high,,,,,informal,,,"directions;spatial",,,,false,false,,,,"runterfahren; runtergehen","herunter-; hinunter-",rauf-,,,,Goethe-Zertifikat B1 Wortliste,https://www.goethe.de,draft
597,word,herunterfahren,shut down computer operating system,to shut down / to power down,Zum Schluss musst du den Computer herunterfahren.,Finally you have to shut down the computer.,B1,verb,3,medium,,,,,standard,,,"computer;technology",,,,,false,true,haben,fährt herunter,fuhr herunter,heruntergefahren,acc,das System herunterfahren,"ausschalten; abschalten",hochfahren,Goethe-Zertifikat B1 Wortliste,https://www.goethe.de,draft
598,word,Herz,vital muscular organ pumping blood / core of feeling,heart,Ich bin ganz nervös. Mir klopft das Herz. / Wir müssen Ihr Herz untersuchen.,I am quite nervous. My heart is pounding. / We need to examine your heart.,B1,noun,5,very high,,,,,standard,,,"body;health;emotions",neuter,-en,Herzens,false,false,,,,"von ganzem Herzen; Herzkrankheit","Zentralorgan; Gemüt",,,,,Goethe-Zertifikat B1 Wortliste,https://www.goethe.de,draft
599,word,heutig-,pertaining to this current day or present times,today's / present-day,Die heutigen Computer können viel mehr als noch vor ein paar Jahren.,Today's computers can do much more than just a few years ago.,B1,adjective,4,high,,,,,standard,,,"time;general",adjective,,,,false,false,,,,"in der heutigen Zeit; die heutige Zeitung","aktuell; modern; gegenwärtig","damalig; gestrig",,,Goethe-Zertifikat B1 Wortliste,https://www.goethe.de,draft
600,word,hier-,prefix indicating this place / this matter,here-,Hierher bitte!,This way please!,B1,prefix,4,high,,,,,standard,,,spatial,,,,false,false,,,,"hierbleiben; hierher",da-,dort-,,,,Goethe-Zertifikat B1 Wortliste,https://www.goethe.de,draft
601,word,hierher,to this exact place where speaker is,here / to this place,Ich komme oft hierher. In diesem Café gibt es guten Kuchen.,I often come here. In this café there is good cake.,B1,adverb,4,high,,,,,standard,,,"spatial;directions",adverb,,,,false,false,,,,hierher kommen/bringen,"her; an diese Stelle","dorthin; weg",,,Goethe-Zertifikat B1 Wortliste,https://www.goethe.de,draft
602,word,hinunter-,prefix indicating downward motion away from speaker,down / downwards,Gehen Sie bitte hinunter!,Please go down!,B1,prefix,3,medium,,,,,standard,,,"directions;spatial",,,,false,false,,,,"hinuntergehen; hinunterwerfen",runter-,hinauf-,,,,Goethe-Zertifikat B1 Wortliste,https://www.goethe.de,draft
603,word,runterwerfen,throw something downwards to person below,to throw down,Kannst du mir bitte den Schlüssel runterwerfen? Ich habe meinen vergessen.,Could you please throw down the key to me? I forgot mine.,B1,verb,3,medium,,,,,informal,,,"actions;daily life",,,,,false,true,haben,wirft runter,warf runter,runtergeworfen,"acc, dat",den Schlüssel runterwerfen,"hinabwerfen; hinunterwerfen",hochwerfen,Goethe-Zertifikat B1 Wortliste,https://www.goethe.de,draft
604,word,hinter-,prefix denoting rear position,rear- / back-,Auf den hinteren Plätzen kann man nicht sehr viel sehen.,On the rear seats one cannot see very much.,B1,prefix,4,high,,,,,standard,,,spatial,,,,false,false,,,,"Hintereingang; hintere Reihe",Rück-,Vorder-,,,,Goethe-Zertifikat B1 Wortliste,https://www.goethe.de,draft
605,word,hinterlassen,leave something behind / leave phone message,to leave behind / to leave (message),Möchten Sie eine Nachricht hinterlassen?,Would you like to leave a message?,B1,verb,4,high,,,,,standard,,,"telecom;communication",,,,,false,false,haben,hinterlässt,hinterließ,hinterlassen,"acc, dat",eine Nachricht hinterlassen,"hinterlegen; vererben",,Goethe-Zertifikat B1 Wortliste,https://www.goethe.de,draft
606,word,hinterher,afterwards in temporal sequence,afterwards / after that,Vor der Prüfung habe ich so viel gelernt. Hinterher habe ich vieles wieder vergessen.,Before the exam I learned so much. Afterwards I forgot a lot of it again.,B1,adverb,3,medium,,,,,standard,,,"time;sequence",adverb,,,,false,false,,,,hinterher klüger sein,"danach; nachträglich; später","vorher; zuvor",,,Goethe-Zertifikat B1 Wortliste,https://www.goethe.de,draft
607,word,hinweisen,draw someone's attention explicitly to fact,to point out / to draw attention to,"Wir möchten Sie darauf hinweisen, dass das Rauchen am Bahnsteig nicht gestattet ist.",We would like to point out to you that smoking on the platform is not permitted.,B1,verb,4,high,,,,,standard,,,"information;rules",,,,,false,true,haben,weist hin,wies hin,hingewiesen,"auf + acc, dass-clause",auf eine Gefahr hinweisen,"aufmerksam machen; verweisen",,Goethe-Zertifikat B1 Wortliste,https://www.goethe.de,draft
608,word,Hinweis,clue,tip,"or piece of pointing information, hint / tip / notice, Die Polizei hat viele Hinweise zum Unfall bekommen.",The police received many tips regarding the accident.,B1,noun,4,high,,,,,standard,,,"information;police",masculine,-e,Hinweises,false,false,,,,einen Hinweis geben/beachten,"Tipp; Anhaltspunkt; Spur",,,,,Goethe-Zertifikat B1 Wortliste,https://www.goethe.de,draft
609,word,historisch,pertaining to past history,historic / historical,Wir waren mit unserer Klasse im Historischen Museum.,We visited the Historical Museum with our class.,B1,adjective,3,medium,,,,,standard,,,"history;culture",adjective,,,,false,false,,,,"historisches Ereignis; historisches Gebäude","geschichtlich; antik","modern; zeitgenössisch",,,Goethe-Zertifikat B1 Wortliste,https://www.goethe.de,draft
610,word,Hitze,high degree of warmth or oppressive hot temperature,heat,Gestern war eine schreckliche Hitze!,Yesterday there was a dreadful heat!,B1,noun,3,medium,,,,,standard,,,"weather;temperature",feminine,-,Hitze,false,false,,,,"große Hitze; vor Hitze schwitzen","Wärme; Glut","Kälte; Frost",,,,Goethe-Zertifikat B1 Wortliste,https://www.goethe.de,draft
611,word,Höhe,vertical extent / altitude,height / altitude,"Mein Tisch hat folgende Maße: Länge: 1,20 m, Breite: 0,60 m, Höhe: 0,80 m. / Wir fliegen jetzt in 6000 m Höhe.","My table has the following dimensions: length: 1.20 m; width: 0.60 m; height: 0.80 m. / We are now flying at an altitude of 6000 m.",B1,noun,4,high,,,,,standard,,,"measurement;aviation",feminine,-n,Höhe,false,false,,,,"in die Höhe steigen; auf gleicher Höhe","Altitude; Höhenlage; Gipfel",Tiefe,,,,Goethe-Zertifikat B1 Wortliste,https://www.goethe.de,draft
612,word,hochladen,transfer data from local device to web server,to upload,Kannst du bitte die Datei für die Hausaufgabe hochladen?,Could you please upload the file for the homework?,B1,verb,3,medium,,,,,standard,,,"computer;internet",,,,,false,true,haben,lädt hoch,lud hoch,hochgeladen,"acc, auf + acc",ein Video/eine Datei hochladen,uploaden,"herunterladen; downloaden",Goethe-Zertifikat B1 Wortliste,https://www.goethe.de,draft
613,word,höchstens,not exceeding a maximum threshold,at most / at the most,Ich habe wenig Zeit. Ich kann höchstens eine Viertelstunde bleiben.,I have little time. I can stay for at most a quarter of an hour.,B1,adverb,4,high,,,,,standard,,,"time;measurement",adverb,,,,false,false,,,,"höchstens noch; höchstens fünf Minuten","maximal; allenfalls","mindestens; wenigstens",,,Goethe-Zertifikat B1 Wortliste,https://www.goethe.de,draft
614,word,Hof,enclosed courtyard / farm premises,courtyard / farm,Die Kinder spielen am liebsten im Hof. / Meine Großeltern hatten einen Bauernhof.,The children prefer playing in the courtyard. / My grandparents had a farm.,B1,noun,4,high,,,,,standard,,,"housing;agriculture",masculine,Höfe,Hofes,false,false,,,,"im Hof spielen; auf dem Hof arbeiten","Innenhof; Gut; Bauernhof",,,,,Goethe-Zertifikat B1 Wortliste,https://www.goethe.de,draft
615,word,Bauernhof,agricultural rural farm estate,farm,Meine Großeltern hatten einen Bauernhof.,My grandparents had a farm.,B1,noun,3,medium,,,,,standard,,,"agriculture;nature",masculine,Bauernhöfe,Bauernhofs,false,false,,,,auf dem Bauernhof leben,"Landgut; Hofgut; Gehöft",,,,,Goethe-Zertifikat B1 Wortliste,https://www.goethe.de,draft
616,word,Hoffnung,feeling of expectation and desire for something to happen,hope,Man darf die Hoffnung nicht verlieren.,One must not lose hope.,B1,noun,4,high,,,,,standard,,,"emotions;philosophy",feminine,-en,Hoffnung,false,false,,,,die Hoffnung aufgeben/verlieren,"Zuversicht; Glaube","Verzweiflung; Hoffnungslosigkeit",,,,Goethe-Zertifikat B1 Wortliste,https://www.goethe.de,draft
617,word,höflich,showing polite manners and respect,polite / courteous,Unser Nachbar ist sehr höflich. Er sagt immer als Erster Guten Tag.,Our neighbor is very polite. He is always the first to say good morning.,B1,adjective,3,medium,,,,,standard,,,"behavior;courtesy",adjective,,,,false,false,,,,"höflich nachfragen; höfliche Umgangsformen","zuvorkommend; respektvoll; artig","unhöflich; frech",,,Goethe-Zertifikat B1 Wortliste,https://www.goethe.de,draft
618,word,Holz,solid fibrous material of trees,wood,Möchten Sie ein Regal aus Holz oder aus Metall?,Would you like a shelf made of wood or of metal?,B1,noun,4,high,,,,,standard,,,"materials;nature",neuter,-er,Holzes,false,false,,,,"aus Holz gefertigt; Holz hacken","Bauholz; Werkstoff","Metall; Kunststoff",,,,Goethe-Zertifikat B1 Wortliste,https://www.goethe.de,draft
619,word,Honig,sweet sticky fluid made by bees,honey,Ich esse gern Brötchen mit Honig und Butter zum Frühstück.,I like eating bread rolls with honey and butter for breakfast.,B1,noun,3,medium,,,,,standard,,,"food;breakfast",masculine,-,Honigs,false,false,,,,"Bienenhonig; Honig aufs Brot",Bienenprodukt,,,,,Goethe-Zertifikat B1 Wortliste,https://www.goethe.de,draft
620,word,Hörer,person listening to audio / telephone receiver,listener / handset / receiver,Die Sendung hat viele Hörer und Hörerinnen.,The broadcast has many listeners.,B1,noun,3,medium,,,,,standard,,,"media;telecom",masculine,-,Hörers,false,false,,,,"den Hörer abnehmen/auflegen; Radiohörer","Zuhörer; Telefonhörer",Sprecher,,,,Goethe-Zertifikat B1 Wortliste,https://www.goethe.de,draft
621,word,Hörerin,female listener to audio broadcast,listener (female),Die Sendung hat viele Hörerinnen.,The radio broadcast has many female listeners.,B1,noun,3,medium,,,,,standard,,,"media;telecom",feminine,-nen,Hörerin,false,false,,,,Radiohörerin,Zuhörerin,Sprecherin,,,,Goethe-Zertifikat B1 Wortliste,https://www.goethe.de,draft
622,word,hübsch,pleasing and attractive in appearance,pretty / lovely,Wir haben eine hübsche Wohnung gefunden. / Dietmars neue Freundin ist sehr hübsch.,We found a pretty apartment. / Dietmar's new girlfriend is very pretty.,B1,adjective,4,high,,,,,standard,,,"appearance;aesthetics",adjective,,,,false,false,,,,"hübsch aussehen; hübsches Mädchen","attraktiv; schön; ansehnlich",hässlich,,,Goethe-Zertifikat B1 Wortliste,https://www.goethe.de,draft
623,word,Hügel,rounded natural elevation lower than a mountain,hill,Auf diesem Hügel machen wir eine Pause.,On this hill we take a break.,B1,noun,3,medium,,,,,standard,,,"geography;nature",masculine,-,Hügels,false,false,,,,auf den Hügel steigen,"Anhöhe; Kuppe; Erhebung","Tal; Berg",,,,Goethe-Zertifikat B1 Wortliste,https://www.goethe.de,draft
624,word,Humor,faculty of appreciating what is amusing,humor,"Wir mögen Paul, weil er so viel Humor hat. / Den Humor des Komikers verstehe ich nicht.",We like Paul because he has so much humor. / I don't understand the comedian's humor.,B1,noun,3,medium,,,,,standard,,,"personality;entertainment",masculine,-,Humors,false,false,,,,"Humor haben; schwarzer Humor","Witz; Frohsinn; Heiterkeit",Ernst,,,,Goethe-Zertifikat B1 Wortliste,https://www.goethe.de,draft
625,word,hungrig,suffering from hunger and craving food,hungry,Ich bin sehr hungrig.,I am very hungry.,B1,adjective,3,medium,,,,,standard,,,"health;food",adjective,,,,false,false,,,,hungrig sein,Hunger habend,satt,,,Goethe-Zertifikat B1 Wortliste,https://www.goethe.de,draft
626,word,hupen,sound motorcar warning horn,to honk / to sound horn,Hier ist ein Krankenhaus. Hier darfst du nicht hupen.,Here is a hospital. You are not allowed to honk here.,B1,verb,2,medium-low,,,,,standard,,,"traffic;noise",,,,,false,false,haben,hupt,hupte,gehupt,intr,die Hupe betätigen,das Horn betätigen,,Goethe-Zertifikat B1 Wortliste,https://www.goethe.de,draft
627,word,Husten,respiratory reflex clearing throat,cough,Haben Sie ein Medikament gegen Husten?,Do you have a medication against cough?,B1,noun,3,medium,,,,,standard,,,"health;medicine",masculine,-,Hustens,false,false,,,,"Husten und Schnupfen; Husten haben",Hustenreiz,,,,,Goethe-Zertifikat B1 Wortliste,https://www.goethe.de,draft
628,word,Hut,headwear garment with brim,hat,Sie sollten im Sommer nicht ohne Hut in die Sonne gehen.,You should not go out into the sun in summer without a hat.,B1,noun,3,medium,,,,,standard,,,"clothing;fashion",masculine,Hüte,Hutes,false,false,,,,einen Hut aufsetzen/tragen,"Kopfbedeckung; Mütze",,,,,Goethe-Zertifikat B1 Wortliste,https://www.goethe.de,draft
629,word,Hütte,small rustic cabin in alpine or wooded terrain,mountain hut / cabin,Wir übernachten in der Hütte auf dem Berg.,We spend the night in the cabin on the mountain.,B1,noun,3,medium,,,,,standard,,,"travel;housing",feminine,-n,Hütte,false,false,,,,"in der Hütte übernachten; Berghütte","Almhütte; Blockhütte; Chalet",,,,,Goethe-Zertifikat B1 Wortliste,https://www.goethe.de,draft
630,word,ideal,conforming perfectly to an ideal standard,ideal / perfect,Eine Wohnung mit Garten wäre für uns ideal.,An apartment with a garden would be ideal for us.,B1,adjective,3,medium,,,,,standard,,,"evaluation;quality",adjective,,,,false,false,,,,"ideale Bedingungen; ideal sein","perfekt; optimal; mustergültig","mangelhaft; ungeeignet",,,Goethe-Zertifikat B1 Wortliste,https://www.goethe.de,draft
631,word,illegal,contrary to enacted criminal law,illegal / unlawful,"Ohne Steuerkarte zu arbeiten ist illegal. Wenn es herauskommt, musst du Strafe zahlen.",Working without a tax card is illegal. If it comes out you have to pay a fine.,B1,adjective,3,medium,,,,,standard,,,"legal;crime",adjective,,,,false,false,,,,"illegal handeln; illegale Einwanderung","rechtswidrig; ungesetzlich; kriminell","legal; gesetzmäßig",,,Goethe-Zertifikat B1 Wortliste,https://www.goethe.de,draft
632,word,Imbiss,casual small snack food / snack bar (German),snack / snack stand,Es ist Zeit für einen kleinen Imbiss.,It is time for a small snack.,B1,noun,3,medium,,D,,standard,"DACH: A=Jause; CH=Znüni/Zvieri","food;dining",masculine,-e,Imbisses,false,false,,,,"einen Imbiss nehmen; an der Imbissbude","Snack; Zwischenmahlzeit; Jause",Hauptmahlzeit,,,,,,Goethe-Zertifikat B1 Wortliste,https://www.goethe.de,draft
633,word,Import,commercial bringing in of foreign merchandise,import,"Im dritten Stock ist die Firma Schmidt & Co, Import und Export. / Der Import von Zigaretten ist nur bis zu einer bestimmten Menge erlaubt.","On the third floor is the company Schmidt & Co; Import and Export. / The import of cigarettes is only allowed up to a certain quantity.",B1,noun,3,medium,,,,,standard,,,"economy;trade",masculine,-e,Imports,false,false,,,,Import und Export,"Einfuhr; Warenimport","Export; Ausfuhr",,,,Goethe-Zertifikat B1 Wortliste,https://www.goethe.de,draft
634,word,indem,by the means of doing specified action,by / by doing so,"Du kannst die Datei öffnen, indem du hier klickst.",You can open the file by clicking here.,B1,conjunction,3,medium,,,,,standard,,,"grammar;manner",,,,false,false,,,,indem man lernt,"dadurch dass; mittels",,,,,Goethe-Zertifikat B1 Wortliste,https://www.goethe.de,draft
635,word,individuell,tailored to single individual person,individual / individually,"Die Lehrerin versucht, jedes Kind individuell zu fördern.",The teacher tries to support each child individually.,B1,adjective,3,medium,,,,,standard,,,"education;personality",adjective,,,,false,false,,,,individuelle Betreuung,"persönlich; maßgeschneidert; eigen","kollektiv; pauschal",,,Goethe-Zertifikat B1 Wortliste,https://www.goethe.de,draft
636,word,Industrie,large-scale economic manufacturing branch,industry,In dieser Gegend gibt es viel Industrie.,In this area there is a lot of industry.,B1,noun,4,high,,,,,standard,,,"economy;industry",feminine,-n,Industrie,false,false,,,,"in der Industrie arbeiten; verarbeitende Industrie","Produktionssektor; Fabrikwesen","Handwerk; Landwirtschaft",,,,Goethe-Zertifikat B1 Wortliste,https://www.goethe.de,draft
637,word,Infektion,invasion of organism by disease pathogen,infection,Sie haben eine Infektion. Sie müssen Tabletten nehmen.,You have an infection. You must take tablets.,B1,noun,3,medium,,,,,standard,,,"health;medicine",feminine,-en,Infektion,false,false,,,,eine Infektion behandeln,"Ansteckung; Entzündung",,,,,Goethe-Zertifikat B1 Wortliste,https://www.goethe.de,draft
638,word,Ingenieur,qualified professional in technical engineering,engineer,Hans will Bauingenieur werden.,Hans wants to become a civil engineer.,B1,noun,3,medium,,,,,standard,,,"jobs;technology",masculine,-e,Ingenieurs,false,false,,,,als Ingenieur arbeiten,"Techniker; Konstrukteur",,,,,Goethe-Zertifikat B1 Wortliste,https://www.goethe.de,draft
639,word,Ingenieurin,female qualified professional engineer,engineer (female),Sie arbeitet als Ingenieurin bei einem Autokonzern.,She works as an engineer at a car corporation.,B1,noun,3,medium,,,,,standard,,,"jobs;technology",feminine,-nen,Ingenieurin,false,false,,,,"Technikerin; Konstrukteurin",,,,,,Goethe-Zertifikat B1 Wortliste,https://www.goethe.de,draft
640,word,Inhalt,matter contained within a vessel or written text,contents / subject matter,Geben Sie den Inhalt der Packung in einen Liter kochendes Wasser. / Erklären Sie den Inhalt und die Struktur Ihrer Präsentation.,Pour the contents of the packet into one liter of boiling water. / Explain the content and structure of your presentation.,B1,noun,4,high,,,,,standard,,,"food;education;media",masculine,-e,Inhalts,false,false,,,,"Inhaltsverzeichnis; der Inhalt des Buches","Thema; Gehalt; Füllung",Form,,,,Goethe-Zertifikat B1 Wortliste,https://www.goethe.de,draft
641,word,inklusive,including within total price,inclusive of / including,Der Zimmerpreis ist inklusive Frühstück.,The room price includes breakfast.,B1,preposition,4,high,,,,,standard,,,"hospitality;finance",,,,false,false,,,gen / dat,inklusive Mehrwertsteuer,"einschließlich; mit inbegriffen","exklusive; ohne",,,,Goethe-Zertifikat B1 Wortliste,https://www.goethe.de,draft
642,word,innen,in the interior part or inside,inside / on the inside,Der Lichtschalter ist innen links.,The light switch is inside on the left.,B1,adverb,4,high,,,,,standard,,,"spatial;location",adverb,,,,false,false,,,,"nach innen gehen; innen und außen","drinnen; im Inneren",außen,,,Goethe-Zertifikat B1 Wortliste,https://www.goethe.de,draft
643,word,inner-,pertaining to inside organs or affairs,internal / inner,"Wir müssen Sie untersuchen. Es kann sein, dass Sie innere Verletzungen haben.",We must examine you. It could be that you have internal injuries.,B1,adjective,3,medium,,,,,standard,,,"health;medicine",adjective,,,,false,false,,,,"innere Organe; innere Unruhe","intern; seelisch",äußer-,,,Goethe-Zertifikat B1 Wortliste,https://www.goethe.de,draft
644,word,innerhalb,inside the bounds of space or time,within / inside of,Diese Fahrkarte gilt nur innerhalb der Stadt. / Nach dem Umzug müssen Sie sich innerhalb einer Woche ummelden.,This ticket is only valid within the city. / After moving you must register your address change within a week.,B1,preposition,4,high,,,,,standard,,,"spatial;temporal;preposition",,,,false,false,,,gen,"innerhalb von drei Tagen; innerhalb der Grenzen","binnen; inwendig",außerhalb,,,,Goethe-Zertifikat B1 Wortliste,https://www.goethe.de,draft
645,word,Inserat,printed newspaper advertisement,advertisement / classified ad,Was kostet ein Inserat in der Zeitung?,How much does an advertisement in the newspaper cost?,B1,noun,3,medium,,,,,standard,,,"media;shopping",neuter,-e,Inserates,false,false,,,,ein Inserat schalten/aufgeben,"Anzeige; Annonce; Reklame",,,,,Goethe-Zertifikat B1 Wortliste,https://www.goethe.de,draft
646,word,insgesamt,taken altogether into a total,in total / altogether,Insgesamt haben sich 20 Teilnehmer für die Prüfung angemeldet.,In total 20 participants registered for the examination.,B1,adverb,4,high,,,,,standard,,,"statistics;numbers",adverb,,,,false,false,,,,insgesamt kosten,"alles in allem; zusammen; summiert",einzeln,,,Goethe-Zertifikat B1 Wortliste,https://www.goethe.de,draft
647,word,installieren,set up software or mechanical apparatus,to install / to set up,"Können Sie mir helfen, meinen Computer zu installieren?",Can you help me install my computer?,B1,verb,3,medium,,,,,standard,,,"technology;computer",,,,,false,false,haben,installiert,installierte,installiert,acc,ein Programm installieren,"einrichten; aufspielen; montieren",deinstallieren,Goethe-Zertifikat B1 Wortliste,https://www.goethe.de,draft
648,word,Institut,academic or professional institution,institute,Ich besuche einen Sprachkurs in einem kleinen Sprachinstitut.,I attend a language course at a small language institute.,B1,noun,4,high,,,,,standard,,,"education;science",neuter,-e,Instituts,false,false,,,,"am Institut forschen; Sprachinstitut","Einrichtung; Akademie; Anstalt",,,,,Goethe-Zertifikat B1 Wortliste,https://www.goethe.de,draft
649,word,integrieren,incorporate smoothly into community/group,to integrate,Sie ist schon sehr gut im Team integriert. / Die Leute aus dem Ausland sollen besser integriert werden.,She is already integrated very well into the team. / People from abroad are supposed to be integrated better.,B1,verb,3,medium,,,,,standard,,,"society;work",,,,,false,false,haben,integriert,integrierte,integriert,"acc, in + acc",sich in die Gesellschaft integrieren,"eingliedern; einbinden","ausgrenzen; isolieren",Goethe-Zertifikat B1 Wortliste,https://www.goethe.de,draft
650,word,Integration,incorporation of migrants into community,integration,Gute Deutschkenntnisse sollen bei der Integration helfen.,Good knowledge of German is supposed to help with integration.,B1,noun,3,medium,,,,,standard,,,"society;politics",feminine,-en,Integration,false,false,,,,die sprachliche Integration fördern,"Eingliederung; Einbindung",Ausgrenzung,,,,Goethe-Zertifikat B1 Wortliste,https://www.goethe.de,draft
651,word,Intelligenz,cognitive problem-solving capacity,intelligence,Meine Kinder haben in der Schule einen Intelligenztest gemacht.,My children took an intelligence test at school.,B1,noun,3,medium,,,,,standard,,,"psychology;education",feminine,-,Intelligenz,false,false,,,,"hohe Intelligenz; Intelligenztest","Klugheit; Verstand; Scharfsinn",Dummheit,,,,Goethe-Zertifikat B1 Wortliste,https://www.goethe.de,draft
652,word,intensiv,concentrated with high effort and depth,intensive / thoroughly,Ich möchte intensiv Deutsch lernen.,I want to learn German intensively.,B1,adjective,3,medium,,,,,standard,,,"education;work",adjective,,,,false,false,,,,intensiv arbeiten/lernen,"gründlich; tiefgehend; kraftvoll","oberflächlich; flüchtig",,,Goethe-Zertifikat B1 Wortliste,https://www.goethe.de,draft
653,word,Intensivkurs,concentrated educational course of study,intensive course,Der Intensivkurs findet täglich von 9 bis 12 Uhr statt.,The intensive course takes place daily from 9 to 12 o'clock.,B1,noun,3,medium,,,,,standard,,,"education;school",masculine,-e,Intensivkurses,false,false,,,,einen Intensivkurs belegen,"Crashkurs; Kompaktkurs",,,,,Goethe-Zertifikat B1 Wortliste,https://www.goethe.de,draft
654,word,interessiert,having curiosity about a matter,interested,Sind Sie noch an der Wohnung interessiert?,Are you still interested in the apartment?,B1,adjective,4,high,,,,,standard,,,"mindset;opinions",adjective,,,,false,false,,,,interessiert sein an + dat,"aufgeschlossen; neugierig","desinteressiert; gleichgültig",,,Goethe-Zertifikat B1 Wortliste,https://www.goethe.de,draft
655,word,interkulturell,involving exchange between varied cultures,intercultural,Wir haben in der Sprachschule ein interkulturelles Fest gefeiert.,We celebrated an intercultural party at the language school.,B1,adjective,3,medium,,,,,standard,,,"culture;society",adjective,,,,false,false,,,,interkulturelle Kompetenz,"kulturübergreifend; transnational",monokulturell,,,Goethe-Zertifikat B1 Wortliste,https://www.goethe.de,draft
656,word,inzwischen,during the intervening interval of time,in the meantime / meanwhile,Herr Müller kommt gleich zurück. Sie können inzwischen in seinem Büro warten.,Mr. Müller is coming back shortly. In the meantime you can wait in his office.,B1,adverb,4,high,,,,,standard,,,"time;sequence",adverb,,,,false,false,,,,inzwischen warten,"mittlerweile; währenddessen; derweilen",,,,Goethe-Zertifikat B1 Wortliste,https://www.goethe.de,draft
657,word,irgend-,prefix indicating indefiniteness or arbitrariness,any- / some-,"Was für einen Saft möchten Sie? - Ganz egal, irgendeinen., What kind of juice would you like? - Doesn't matter",any.,B1,prefix,4,high,,,,,standard,,,"grammar;quantifier",,,,false,false,,,,"irgendwann; irgendwo; irgendwie",beliebig,,,,,Goethe-Zertifikat B1 Wortliste,https://www.goethe.de,draft
658,word,irgendein,an unspecified solitary entity,any / some,"Ganz egal, irgendeinen., Doesn't matter",any one.,B1,pronoun,4,high,,,,,standard,,,"grammar;pronoun",,,,false,false,,,,irgendein Buch nehmen,ein beliebiger,kein,,,,Goethe-Zertifikat B1 Wortliste,https://www.goethe.de,draft
659,word,irgendwann,at an unspecified point in time,sometime / someday,Ich habe Sie irgendwann schon mal gesehen.,I saw you sometime before.,B1,adverb,4,high,,,,,standard,,,"time;uncertainty",adverb,,,,false,false,,,,irgendwann einmal,"eines Tages; zu beliebiger Zeit",nie,,,Goethe-Zertifikat B1 Wortliste,https://www.goethe.de,draft
660,word,sich irren,be mistaken in judgment or fact,to be mistaken / to be wrong,"Du irrst dich. Das Auto war nicht grün, sondern rot. / Ich habe mich in der Hausnummer geirrt.",You are mistaken. The car wasn't green but red. / I was mistaken in the house number.,B1,verb,3,medium,,,,,standard,,,"cognition;mistakes",,,,,true,false,haben,irrt sich,irrte sich,geirrt,"refl, in + dat",sich gewaltig irren,"sich täuschen; falschliegen",recht haben,Goethe-Zertifikat B1 Wortliste,https://www.goethe.de,draft
661,word,ja,affirmative answer / particle indicating mutual fact,yes / indeed / you know / by all means,"Sind Sie verheiratet? - Ja. / Hallo? Ja, bitte? Wer spricht denn da? / Du weißt ja, dass ich kein Bier trinke. / Steige bitte ja nicht auf den Stuhl!, Are you married? - Yes. / Hello? Yes, please? Who is speaking? / You know, after all, that I drink no beer. / Whatever you do",don't climb on the chair!,B1,interjection,5,very high,,,,,standard,,,"communication;particle",particle,,,,false,false,,,,"ja freilich; ja wohl; nicht ja sagen","gewiss; freilich; doch",nein,,,Goethe-Zertifikat B1 Wortliste,https://www.goethe.de,draft
662,word,Jause,informal snack or light meal (Austrian German),snack / light meal,Es ist Zeit für eine kleine Jause.,It is time for a small snack.,B1,noun,3,medium,,A,,standard,"DACH: D=Imbiss; CH=Znüni/Zvieri","food;dining",feminine,-n,Jause,false,false,,,,Jause machen/essen,"Brotzeit; Imbiss; Vesper",,,,,,,Goethe-Zertifikat B1 Wortliste,https://www.goethe.de,draft
663,word,je,distributive preposition / conditional conjunction,per / each / the (in 'the... the'),"Die Pullover kosten je nach Qualität zwischen 40 und 60 Euro. / Fahren Sie im Juni oder im Juli? - Je nachdem, wann mein Mann Urlaub bekommt.",The sweaters cost between 40 and 60 euros depending on quality. / Are you traveling in June or in July? - Depending on when my husband gets leave.,B1,preposition,4,high,,,,,standard,,,"grammar;quantifier",,,,false,false,,,acc,"je nach; je nachdem; je mehr","pro; jeweils",,,,,Goethe-Zertifikat B1 Wortliste,https://www.goethe.de,draft
664,phrase,je ... desto,proportional correlative conjunction pair,the ... the ...,"Je länger ich Deutsch lerne, desto besser kann ich es verstehen., The longer I learn German",the better I can understand it.,B1,conjunction,4,high,,,,,standard,,,"grammar;comparison",phrase,,,,false,false,,,,je mehr desto besser,je ... umso,,,,Goethe-Zertifikat B1 Wortliste,https://www.goethe.de,draft
665,word,jederzeit,at any time whatsoever,at any time / always,Sie können mich jederzeit anrufen.,You can call me at any time.,B1,adverb,4,high,,,,,standard,,,"time;availability",adverb,,,,false,false,,,,jederzeit bereit sein,"stets; immer; zu jedem Zeitpunkt",nie,,,Goethe-Zertifikat B1 Wortliste,https://www.goethe.de,draft
666,phrase,jedes Mal,on each individual occasion,every time,Inge erzählt die Geschichte jedes Mal anders.,Inge tells the story differently every time.,B1,phrase,4,high,,,,,standard,,,"frequency;routine",phrase,,,,false,false,,,,jedes Mal wenn,"immer; jeweils",niemals,,,Goethe-Zertifikat B1 Wortliste,https://www.goethe.de,draft
667,word,jedoch,introducing contrasting qualification,however / yet,"Sie ruft immer wieder an, jedoch ohne Erfolg., She calls again and again",however without success.,B1,adverb,4,high,,,,,standard,,,"discourse;contrast",adverb,,,,false,false,,,,jedoch nicht,"aber; dennoch; hingegen",,,,Goethe-Zertifikat B1 Wortliste,https://www.goethe.de,draft
668,word,jemals,at any point in historical or future time,ever,"Hast du jemals von dem Problem gehört? - Nein, nie., Have you ever heard of that problem? - No",never.,B1,adverb,3,medium,,,,,standard,,,"time;questions",adverb,,,,false,false,,,,"hast du jemals; jemals zuvor","je; jemalen","nie; niemals",,,Goethe-Zertifikat B1 Wortliste,https://www.goethe.de,draft
669,word,jeweils,on each individual separate occasion,in each case / respectively,Der Kurs findet jeweils montags und donnerstags um 18 Uhr statt.,The course takes place on Mondays and Thursdays at 6 pm in each case.,B1,adverb,4,high,,,,,standard,,,"time;order",adverb,,,,false,false,,,,jeweils um 18 Uhr,"jedes Mal; für jedes einzelne Mal",,,,Goethe-Zertifikat B1 Wortliste,https://www.goethe.de,draft
670,word,Jugend,period of youthful life between childhood and adulthood,youth,In meiner Jugend habe ich mich sehr für Musik interessiert.,In my youth I was very interested in music.,B1,noun,4,high,,,,,standard,,,"age;life",feminine,-,Jugend,false,false,,,,"in meiner Jugend; Jugend von heute","Jugendzeit; Flegeljahre",Alter,,,,Goethe-Zertifikat B1 Wortliste,https://www.goethe.de,draft
671,word,Kabel,insulated wire transmitting electrical current or signals,cable / cord / wire,Wo ist das Kabel für das Aufnahmegerät? / Mit Kabel bekommen Sie über 30 Fernsehkanäle.,Where is the cable for the recording device? / With cable you get over 30 television channels.,B1,noun,4,high,,,,,standard,,,"technology;appliances",neuter,-,Kabels,false,false,,,,"das Kabel anschließen; Kabelfernsehen","Leitung; Draht; Schnur",,,,,Goethe-Zertifikat B1 Wortliste,https://www.goethe.de,draft
672,word,Kabine,small partitioned enclosure or changing cubicle,cubicle / cabin / booth,"Um zu wählen, gehen Sie bitte in diese Kabine., To vote",please step into this polling booth.,B1,noun,3,medium,,,,,standard,,,"elections;shopping",feminine,-n,Kabine,false,false,,,,"in die Kabine gehen; Wahlkabine; Umkleidekabine","Zelle; Abteil",,,,,Goethe-Zertifikat B1 Wortliste,https://www.goethe.de,draft
673,word,Kaffeehaus,traditional café serving refreshments (Austrian),café / coffee house,Hier in der Nähe ist ein Kaffeehaus. Lass uns einen Kaffee trinken.,There is a coffee house nearby. Let's have a coffee.,B1,noun,3,medium,,A,,standard,"DACH: D; CH=Café","hospitality;dining",neuter,Kaffeehäuser,Kaffeehauses,false,false,,,,ins Wiener Kaffeehaus gehen,"Café; Bistro",,,,,,,Goethe-Zertifikat B1 Wortliste,https://www.goethe.de,draft
674,word,Kakao,hot sweet chocolate milk beverage,cocoa / hot chocolate,Zum Frühstück trinke ich immer einen Kakao.,For breakfast I always drink a hot chocolate.,B1,noun,3,medium,,,,,standard,,,"food;breakfast",masculine,-s,Kakaos,false,false,,,,heißen Kakao trinken,"Schokolade; Trinkschokolade",,,,,Goethe-Zertifikat B1 Wortliste,https://www.goethe.de,draft
675,word,Kälte,state or condition of low temperature,cold / coldness,Bei dieser Kälte fahre ich nicht mit dem Fahrrad.,In this cold I do not ride by bicycle.,B1,noun,3,medium,,,,,standard,,,"weather;temperature",feminine,-,Kälte,false,false,,,,"große Kälte; vor Kälte zittern","Frost; Kühle","Hitze; Wärme",,,,Goethe-Zertifikat B1 Wortliste,https://www.goethe.de,draft
676,word,kämpfen,engage in combat,contest,"or struggle, to fight / to struggle, Die Frauen kämpfen für mehr Rechte.",The women are fighting for more rights.,B1,verb,4,high,,,,,standard,,,"politics;sports;conflict",,,,,false,false,haben,kämpft,kämpfte,gekämpft,"für + acc, gegen + acc","um den Sieg kämpfen; für Gleichberechtigung kämpfen","streiten; ringen; fechten",aufgeben,Goethe-Zertifikat B1 Wortliste,https://www.goethe.de,draft
677,word,Kampf,vigorous struggle,conflict,"or contest, fight / combat / battle, Im Schulbus gibt es immer einen Kampf um die Sitzplätze.",In the school bus there is always a fight for the seats.,B1,noun,3,medium,,,,,standard,,,"conflict;sports",masculine,Kämpfe,Kampfes,false,false,,,,der Kampf um die Meisterschaft,"Schlagabtausch; Gefecht; Ringen","Frieden; Versöhnung",,,,Goethe-Zertifikat B1 Wortliste,https://www.goethe.de,draft
678,word,Kanal,man-made waterway / broadcasting station channel,canal / television channel,Mit Kabel bekommen Sie über 30 Fernsehkanäle.,With cable you receive over 30 television channels.,B1,noun,3,medium,,,,,standard,,,"media;transit",masculine,Kanäle,Kanals,false,false,,,,"den Kanal wechseln; Wasserkanal","Sender; Wasserstraße; Frequenz",,,,,Goethe-Zertifikat B1 Wortliste,https://www.goethe.de,draft
679,word,Kandidat,person contesting election or taking exam,candidate / examinee,Wie viele Kandidaten kommen zur Prüfung?,How many candidates are coming to the examination?,B1,noun,3,medium,,,,,standard,,,"exams;politics",masculine,-en,Kandidaten,false,false,,,,"ein geeigneter Kandidat; Prüfungskandidat","Bewerber; Prüfling; Teilnehmer",,,,,Goethe-Zertifikat B1 Wortliste,https://www.goethe.de,draft
680,word,Kandidatin,female person contesting election or exam,candidate / examinee (female),Wie viele Kandidatinnen nehmen teil?,How many female candidates are participating?,B1,noun,3,medium,,,,,standard,,,"exams;politics",feminine,-nen,Kandidatin,false,false,,,,"Bewerberin; Prüflingerin",,,,,,Goethe-Zertifikat B1 Wortliste,https://www.goethe.de,draft
681,word,Kanne,vessel with spout and handle for liquids,pot / jug / pitcher,Das ist aber eine schöne Teekanne. / Bitte einen Kaffee! - Eine Tasse oder ein Kännchen?,That is a beautiful teapot indeed. / A coffee please! - A cup or a small pot?,B1,noun,3,medium,,,,,standard,,,"kitchen;dining",feminine,-n,Kanne,false,false,,,,eine Kanne Kaffee/Tee kochen,"Krug; Kännchen",,,,,Goethe-Zertifikat B1 Wortliste,https://www.goethe.de,draft
682,word,Kantine,canteen or cafeteria in workplace/school,canteen / cafeteria,In unserer Kantine kann man günstig essen.,In our canteen one can eat affordably.,B1,noun,3,medium,,,,,standard,,,"work;dining",feminine,-n,Kantine,false,false,,,,in die Kantine gehen,"Mensa; Cafeteria; Speisesaal",,,,,Goethe-Zertifikat B1 Wortliste,https://www.goethe.de,draft
683,word,Kapitel,main division of a book,chapter,"Die Lehrerin hat gesagt, wir sollen zwei Kapitel im Buch wiederholen.",The teacher said we should revise two chapters in the book.,B1,noun,3,medium,,,,,standard,,,"books;reading",neuter,-,Kapitels,false,false,,,,das nächste Kapitel aufschlagen,"Abschnitt; Buchteil",,,,,Goethe-Zertifikat B1 Wortliste,https://www.goethe.de,draft
684,word,kaputtgehen,break into pieces or cease working,to break / to stop working,Pass bitte mit diesem Glas auf. Es geht leicht kaputt. / Der Fernseher ist gestern kaputtgegangen.,Please be careful with this glass. It breaks easily. / The television broke yesterday.,B1,verb,4,high,,,,,standard,,,"condition;appliances",,,,,false,true,sein,geht kaputt,ging kaputt,kaputtgegangen,intr,leicht kaputtgehen,"zerbrechen; den Geist aufgeben","heilen; ganz bleiben",Goethe-Zertifikat B1 Wortliste,https://www.goethe.de,draft
685,word,kaputtmachen,break or ruin an item deliberately or by accident,to break / to ruin / to destroy,Wer hat die Lampe kaputtgemacht?,Who broke the lamp?,B1,verb,3,medium,,,,,standard,,,"actions;damage",,,,,false,true,haben,macht kaputt,machte kaputt,kaputtgemacht,acc,ein Spielzeug kaputtmachen,"zerstören; beschädigen; ruinieren","reparieren; heil machen",Goethe-Zertifikat B1 Wortliste,https://www.goethe.de,draft
686,word,Karotte,orange edible root vegetable (German standard),carrot,Hasen fressen gern Karotten.,Hares like eating carrots.,B1,noun,4,high,,D,,standard,"DACH: D=Möhre; CH=Rüebli","food;vegetables",feminine,-n,Karotte,false,false,,,,Karotten schälen,"Möhre; Gelbrübe; Rüebli",,,,,,,Goethe-Zertifikat B1 Wortliste,https://www.goethe.de,draft
687,word,Karriere,course of progressive professional advancement,career,Mein Bruder hat große Pläne. Er will Karriere machen.,My brother has big plans. He wants to make a career.,B1,noun,3,medium,,,,,standard,,,"jobs;work",feminine,-n,Karriere,false,false,,,,"Karriere machen; steile Karriere","Laufbahn; Werdegang; Berufsweg",,,,,Goethe-Zertifikat B1 Wortliste,https://www.goethe.de,draft
688,word,Chipkarte,plastic card embedded with electronic microchip,chip card / smart card,Ich habe eine Chipkarte für diesen Automaten.,I have a smart card for this machine.,B1,noun,3,medium,,,,,standard,,,"technology;banking",feminine,-n,Chipkarte,false,false,,,,die Chipkarte einstecken,"Smartcard; Magnetkarte",,,,,Goethe-Zertifikat B1 Wortliste,https://www.goethe.de,draft
689,word,Kassette,magnetic audio recording tape cassette,cassette / tape,Meine Eltern besitzen noch viele Musikkassetten.,My parents still own many audio cassettes.,B1,noun,2,medium-low,,,,,standard,,,"music;technology",feminine,-n,Kassette,false,false,,,,eine Kassette einlegen,"Tonbandkassette; Tape",,,,,Goethe-Zertifikat B1 Wortliste,https://www.goethe.de,draft
690,word,Kasten,rectangular crate or container / wardrobe (Austrian/Swiss),crate / box / wardrobe,Ich habe zwei Kästen Bier gekauft. / Die Handtücher liegen im Kasten.,I bought two crates of beer. / The towels are in the wardrobe.,B1,noun,3,medium,,"D; A; CH",,standard,"DACH: CH/A wardrobe = Schrank; D/A crate = Kiste","housing;shopping",masculine,Kästen,Kastens,false,false,,,,"ein Kasten Bier; in den Kasten legen","Kiste; Schrank; Box",,,,,,,Goethe-Zertifikat B1 Wortliste,https://www.goethe.de,draft
691,word,Katalog,printed commercial listing of merchandise,catalog / catalogue,Ich habe mir ein Kleid aus dem Katalog bestellt.,I ordered a dress from the catalog.,B1,noun,3,medium,,,,,standard,,,"shopping;books",masculine,-e,Katalogs,false,false,,,,im Katalog blättern,"Warenverzeichnis; Prospekt",,,,,Goethe-Zertifikat B1 Wortliste,https://www.goethe.de,draft
692,word,Katastrophe,sudden event causing devastating ruin or fiasco,catastrophe / disaster,Der Urlaub war eine Katastrophe. Es hat nur geregnet.,The holiday was a catastrophe. It did nothing but rain.,B1,noun,3,medium,,,,,standard,,,"danger;emotions",feminine,-n,Katastrophe,false,false,,,,"eine Katastrophe verhindern; absolute Katastrophe","Desaster; Unglück; Tragödie",Glücksfall,,,,Goethe-Zertifikat B1 Wortliste,https://www.goethe.de,draft
693,word,Kauf,act or transaction of acquiring merchandise,purchase,Der neue Esstisch war ein guter Kauf.,The new dining table was a good purchase.,B1,noun,4,high,,,,,standard,,,"shopping;finance",masculine,Käufe,Kaufes,false,false,,,,"einen Kauf tätigen; im Kaufrausch","Erwerb; Anschaffung",Verkauf,,,,Goethe-Zertifikat B1 Wortliste,https://www.goethe.de,draft
694,word,Käufer,purchaser or acquiring customer,buyer / purchaser,Ich habe schon einen Käufer für den alten Tisch.,I already have a buyer for the old table.,B1,noun,3,medium,,,,,standard,,,"shopping;commerce",masculine,-,Käufers,false,false,,,,einen Käufer finden,"Kunde; Abnehmer; Erwerber",Verkäufer,,,,Goethe-Zertifikat B1 Wortliste,https://www.goethe.de,draft
695,word,Käuferin,female purchaser or acquiring customer,buyer / purchaser (female),Die Käuferin unterschrieb den Kaufvertrag.,The female buyer signed the contract of sale.,B1,noun,3,medium,,,,,standard,,,"shopping;commerce",feminine,-nen,Käuferin,false,false,,,,"Kundin; Abnehmerin",Verkäuferin,,,,,Goethe-Zertifikat B1 Wortliste,https://www.goethe.de,draft
696,word,kaum,scarcely or only with immense difficulty,hardly / barely / scarcely,Ich kann Sie kaum verstehen. Bitte sprechen Sie lauter. / Es hat letzte Woche kaum geregnet. / Kaum 20 Minuten.,I can hardly understand you. Please speak louder. / It hardly rained last week. / Barely 20 minutes.,B1,adverb,5,very high,,,,,standard,,,"degree;negation",adverb,,,,false,false,,,,"kaum noch; kaum zu glauben","schwerlich; fast nicht","sehr; überaus",,,Goethe-Zertifikat B1 Wortliste,https://www.goethe.de,draft
697,word,sich langweilen,feel lack of interest or tedium,to be bored,Langweilst du dich?,Are you bored?,B1,verb,3,medium,,,,,standard,,,"emotions;psychology",,,,,true,false,haben,langweilt sich,langweilte sich,gelangweilt,refl,sich zu Tode langweilen,"öde fühlen; Langeweile haben",amüsieren,Goethe-Zertifikat B1 Wortliste,https://www.goethe.de,draft
698,word,Langeweile,tedious state of having nothing interesting,boredom,Er ist aus Langeweile eingeschlafen.,He fell asleep out of boredom.,B1,noun,3,medium,,,,,standard,,,"emotions;psychology",feminine,-,Langeweile,false,false,,,,"aus Langeweile; vor Langeweile sterben","Öde; Monotonie","Spannung; Kurzweil",,,,Goethe-Zertifikat B1 Wortliste,https://www.goethe.de,draft
699,word,Lärm,loud unpleasant disturbing noise,noise,Die Flugzeuge machen einen schrecklichen Lärm.,The airplanes make a terrible noise.,B1,noun,4,high,,,,,standard,,,"sound;environment",masculine,-,Lärms,false,false,,,,"Lärm machen; lauter Lärm","Krach; Getöse; Radau","Ruhe; Stille",,,,Goethe-Zertifikat B1 Wortliste,https://www.goethe.de,draft
700,word,Laster,heavy commercial transport motor vehicle,truck / lorry,Auf der Autobahn waren so viele Laster. Deshalb hat es so lange gedauert.,There were so many trucks on the highway. That's why it took so long.,B1,noun,3,medium,,,,,informal,,,"traffic;transit",masculine,-,Lasters,false,false,,,,mit dem Laster transportieren,"Lkw; Lastwagen; Brummi",Pkw,,,,Goethe-Zertifikat B1 Wortliste,https://www.goethe.de,draft
701,word,Laufwerk,optical or magnetic computer storage drive,drive (computer disk drive),Für meinen Computer habe ich mir ein neues Laufwerk gekauft.,I bought a new drive for my computer.,B1,noun,2,medium-low,,,,,standard,,,"computer;technology",neuter,-e,Laufwerks,false,false,,,,eine CD ins Laufwerk einlegen,"Diskettenlaufwerk; CD-Laufwerk",,,,,Goethe-Zertifikat B1 Wortliste,https://www.goethe.de,draft
702,word,Laune,temporary emotional state of mind,mood / temper,"Heute geht es mir besser, aber gestern hatte ich richtig schlechte Laune.","Today I feel better; but yesterday I was in a really bad mood.",B1,noun,3,medium,,,,,standard,,,"emotions;psychology",feminine,-n,Laune,false,false,,,,gute/schlechte Laune haben,"Stimmung; Gemütszustand",,,,,Goethe-Zertifikat B1 Wortliste,https://www.goethe.de,draft
703,word,Lautsprecher,acoustic audio electro-transducer,loudspeaker / speaker,Bitte achten Sie auch auf die Lautsprecher-Ansagen am Bahnhof.,Please also pay attention to the loudspeaker announcements at the station.,B1,noun,3,medium,,,,,standard,,,"transit;technology",masculine,-,Lautsprechers,false,false,,,,Ansage über Lautsprecher,"Boxe; Schalldämpfer",,,,,Goethe-Zertifikat B1 Wortliste,https://www.goethe.de,draft
704,word,lecker,pleasurable and appetizing to the palate,delicious / tasty,Das Essen war sehr lecker.,The food was very delicious.,B1,adjective,4,high,,,,,standard,,,"food;dining",adjective,,,,false,false,,,,lecker schmecken/kochen,"köstlich; schmackhaft; appetitlich","ungenießbar; scheußlich",,,Goethe-Zertifikat B1 Wortliste,https://www.goethe.de,draft
705,word,Lebenslauf,curriculum vitae summarizing career history,curriculum vitae / resume,Hast du den Lebenslauf für die Bewerbung schon geschrieben?,Have you already written the curriculum vitae for the application?,B1,noun,3,medium,,,,,standard,,,"jobs;writing",masculine,Lebensläufe,Lebenslaufs,false,false,,,,einen Lebenslauf verfassen/beilegen,"Curriculum Vitae; CV; Biografie",,,,,Goethe-Zertifikat B1 Wortliste,https://www.goethe.de,draft
706,word,Leder,tanned durable animal skin material,leather,Ist die Tasche aus Leder?,Is the bag made of leather?,B1,noun,3,medium,,,,,standard,,,"materials;clothing",neuter,-,Leders,false,false,,,,aus echtem Leder,"Gerbleder; Tierhaut",,,,,Goethe-Zertifikat B1 Wortliste,https://www.goethe.de,draft
707,word,Lehre,formal vocational training system,apprenticeship / vocational training,Mein Cousin will eine dreijährige Lehre machen.,My cousin wants to do a three-year apprenticeship.,B1,noun,3,medium,,,,,standard,,,"jobs;education",feminine,-n,Lehre,false,false,,,,eine Lehre machen/beginnen,"Berufsausbildung; Ausbildung",Studium,,,,Goethe-Zertifikat B1 Wortliste,https://www.goethe.de,draft
708,word,Lehrstelle,workplace training slot for an apprentice,apprenticeship position,Es sind noch viele Lehrstellen frei.,There are still many apprenticeship positions vacant.,B1,noun,3,medium,,,,,standard,,,"jobs;education",feminine,-n,Lehrstelle,false,false,,,,eine freie Lehrstelle finden,Ausbildungsplatz,,,,,Goethe-Zertifikat B1 Wortliste,https://www.goethe.de,draft
709,word,Lehrling,young person undergoing vocational apprenticeship,apprentice,Als Lehrling verdient man nicht sehr viel Geld.,As an apprentice one does not earn very much money.,B1,noun,3,medium,,,,,standard,,,"jobs;education",masculine,-e,Lehrlings,false,false,,,,als Lehrling lernen,"Auszubildender; Azubi",Meister,,,,Goethe-Zertifikat B1 Wortliste,https://www.goethe.de,draft
710,phrase,leid tun,cause sympathetic sorrow or formal apology,to be sorry / to regret,"Die Frau tut mir leid. / Wie komme ich zum Bahnhof? - Tut mir leid, das weiß ich nicht. / Es tut mir leid, dass ich Ihnen nicht helfen kann.","I feel sorry for the woman. / How do I get to the station? - I am sorry; I don't know that. / I am sorry that I cannot help you.",B1,phrase,5,very high,,,,,standard,,,"courtesy;emotions",phrase,,,,false,false,,,,dat,es tut mir leid,"bedauern; leidtun",,,Goethe-Zertifikat B1 Wortliste,https://www.goethe.de,draft
711,word,leiden,endure physical pain or distress,to suffer,Er leidet an einer schweren Krankheit. / Sie leidet sehr unter den Verhältnissen.,He suffers from a severe illness. / She suffers greatly under the conditions.,B1,verb,4,high,,,,,standard,,,"health;emotions",,,,,false,false,haben,leidet,litt,gelitten,"an + dat, unter + dat","an einer Grippe leiden; Schmerzen leiden","Schmerz ertragen; erdulden",genießen,Goethe-Zertifikat B1 Wortliste,https://www.goethe.de,draft
712,word,leisten,afford financially / perform work duty,to afford / to achieve / to provide (first aid),So ein teures Auto kann ich mir leider nicht leisten. / Bei einem Unfall muss jeder Erste Hilfe leisten.,I cannot afford such an expensive car unfortunately. / In case of an accident everyone must provide first aid.,B1,verb,4,high,,,,,standard,,,"finance;responsibility",,,,,true,false,haben,leistet,leistete,geleistet,"acc, refl dat","Erste Hilfe leisten; sich etwas leisten können","erbringen; finanzieren; vollbringen",verzichten,Goethe-Zertifikat B1 Wortliste,https://www.goethe.de,draft
713,word,Leistung,achieved performance output or insurance payout,performance / achievement / benefit,Meine Leistungen in der Schule sind ganz gut.,My performance at school is quite good.,B1,noun,3,medium,,,,,standard,,,"school;work",feminine,-en,Leistung,false,false,,,,gute Leistungen erbringen,"Ertrag; Performance; Output",Versagen,,,,Goethe-Zertifikat B1 Wortliste,https://www.goethe.de,draft
714,word,leiten,direct organization or chair a session,to lead / to head / to manage,Wer leitet den Kurs?,Who leads the course?,B1,verb,4,high,,,,,standard,,,"leadership;work",,,,,false,false,haben,leitet,leitete,geleitet,acc,"eine Abteilung leiten; eine Gruppe leiten","führen; steuern; managen",folgen,Goethe-Zertifikat B1 Wortliste,https://www.goethe.de,draft
715,word,Leiter,person holding management executive position,head / director / manager,Wie heißt die Leiterin der Schule?,What is the name of the headmistress of the school?,B1,noun,3,medium,,,,,standard,,,"work;leadership",masculine,-,Leiters,false,false,,,,der Leiter der Abteilung,"Chef; Direktor; Vorsteher",Mitarbeiter,,,,Goethe-Zertifikat B1 Wortliste,https://www.goethe.de,draft
716,word,Leiterin,female person heading department or institution,head / director (female),Wie heißt die Leiterin der Schule?,What is the name of the headmistress of the school?,B1,noun,3,medium,,,,,standard,,,"work;leadership",feminine,-nen,Leiterin,false,false,,,,die Leiterin der Abteilung,"Chefin; Direktorin",Mitarbeiterin,,,,Goethe-Zertifikat B1 Wortliste,https://www.goethe.de,draft
717,word,Leitung,executive management / plumbing or cable pipe,management / line / pipe / wire,"Ab 1. Juli übernimmt Herr Meier die Leitung der Abteilung. / Tut mir leid, alle Leitungen sind besetzt. / Wir müssen eine neue Leitung legen lassen.","From July 1st Mr. Meier takes over management of the department. / I am sorry; all phone lines are busy. / We must have a new pipe/cable laid.",B1,noun,4,high,,,,,standard,,,"work;telecom;housing",feminine,-en,Leitung,false,false,,,,"unter der Leitung von; eine Leitung verlegen","Führung; Kabel; Rohr",,,,,Goethe-Zertifikat B1 Wortliste,https://www.goethe.de,draft
718,word,Leiter,portable climbing frame with rungs,ladder,Haben Sie eine Leiter für mich? Ich will die Fenster putzen.,Do you have a ladder for me? I want to clean the windows.,B1,noun,3,medium,,,,,standard,,,"tools;household",feminine,-n,Leiter,false,false,,,,auf die Leiter steigen,"Steigleiter; Trittleiter",,,,,Goethe-Zertifikat B1 Wortliste,https://www.goethe.de,draft
719,word,Lerner,student or language learner,learner,Sie ist eine fleißige Lernerin.,She is a diligent learner.,B1,noun,2,medium-low,,,,,standard,,,"education;languages",masculine,-,Lerners,false,false,,,,Sprachlerner,"Schüler; Student",Lehrer,,,,Goethe-Zertifikat B1 Wortliste,https://www.goethe.de,draft
720,word,Lernerin,female student or language learner,learner (female),Sie ist eine fleißige Lernerin.,She is a diligent learner.,B1,noun,2,medium-low,,,,,standard,,,"education;languages",feminine,-nen,Lernerin,false,false,,,,Sprachlernerin,"Schülerin; Studentin",Lehrerin,,,,Goethe-Zertifikat B1 Wortliste,https://www.goethe.de,draft
721,word,Leser,person reading text or newspaper,reader,Die Leserinnen und Leser sind mit der Zeitung zufrieden. / Ich werde einen Leserbrief schreiben.,The readers are satisfied with the newspaper. / I will write a letter to the editor.,B1,noun,3,medium,,,,,standard,,,"media;reading",masculine,-,Lesers,false,false,,,,einen Leserbrief schreiben,"Rezipient; Zeitungsleser","Autor; Schreiber",,,,Goethe-Zertifikat B1 Wortliste,https://www.goethe.de,draft
722,word,Leserin,female reader of publications,reader (female),Die Leserinnen und Leser sind mit der Zeitung zufrieden.,The female and male readers are satisfied with the newspaper.,B1,noun,3,medium,,,,,standard,,,"media;reading",feminine,-nen,Leserin,false,false,,,,treue Leserin,"Rezipientin; Buchleserin",Autorin,,,,Goethe-Zertifikat B1 Wortliste,https://www.goethe.de,draft
723,word,Lexikon,alphabetical book of reference and facts,encyclopedia / dictionary,Wir könnten im Lexikon nachsehen.,We could check in the encyclopedia.,B1,noun,2,medium-low,,,,,standard,,,"books;education",neuter,Lexika / Lexiken,Lexikons,false,false,,,,im Lexikon nachschlagen,"Enzyklopädie; Nachschlagewerk",,,,,Goethe-Zertifikat B1 Wortliste,https://www.goethe.de,draft
724,word,lieb,gentle,dear,"or sweet, dear / sweet / kind / good, Die Kinder waren heute sehr lieb. / Vielen Dank für deine Hilfe. Das ist sehr lieb von dir. / Liebe Frau Meier!",The children were very well-behaved today. / Many thanks for your help. That is very kind of you. / Dear Ms. Meier!,B1,adjective,5,very high,,,,,standard,,,"courtesy;personality",adjective,,,,false,false,,,,"liebe Grüße; sehr lieb von dir","herzlich; nett; artig","böse; gemein",,,Goethe-Zertifikat B1 Wortliste,https://www.goethe.de,draft
725,word,Liebe,deep emotional devotion and affection,love,Wir haben aus Liebe geheiratet. / Für mich ist das Wichtigste die Liebe zu meiner Familie und zu meinen Kindern. / Die Kinder haben die Geschenke mit viel Liebe gemacht.,We married for love. / For me the most important thing is love for my family and children. / The children made the gifts with much love.,B1,noun,5,very high,,,,,standard,,,"emotions;relationships",feminine,-,Liebe,false,false,,,,"aus Liebe heiraten; Liebe auf den ersten Blick","Zuneigung; Hingabe; Passion",Hass,,,,Goethe-Zertifikat B1 Wortliste,https://www.goethe.de,draft
726,word,Lieferung,dispatch and arrival of ordered goods,delivery,Sie bezahlen erst bei der Lieferung.,You pay only upon delivery.,B1,noun,3,medium,,,,,standard,,,"shopping;commerce",feminine,-en,Lieferung,false,false,,,,"Lieferung frei Haus; prompte Lieferung","Zustellung; Anlieferung; Sendung",,,,,Goethe-Zertifikat B1 Wortliste,https://www.goethe.de,draft
727,word,Lift,mechanical elevator (Swiss / Austrian),elevator / lift,Im Büro ist leider der Lift kaputt.,Unfortunately the lift is broken in the office.,B1,noun,3,medium,,"CH; A",,standard,"DACH: D; A=Aufzug","housing;transit",masculine,-e / -s,Lifts,false,false,,,,mit dem Lift fahren,"Aufzug; Fahrstuhl",,,,,,,Goethe-Zertifikat B1 Wortliste,https://www.goethe.de,draft
728,word,Limonade,sweet fizzy citrus beverage,lemonade / soft drink,Die Limonade ist sehr süß.,The lemonade is very sweet.,B1,noun,3,medium,,,,,standard,,,"food;drinks",feminine,-n,Limonade,false,false,,,,eine kalte Limonade trinken,"Limo; Erfrischungsgetränk",,,,,Goethe-Zertifikat B1 Wortliste,https://www.goethe.de,draft
729,word,Linie,bus/train transit route / geometric line,line / route,Zum Hauptbahnhof können Sie mit der Linie 8 fahren.,To the main station you can travel on route 8.,B1,noun,4,high,,,,,standard,,,"transit;geometry",feminine,-n,Linie,false,false,,,,"die Linie nehmen; gerade Linie","Route; Buslinie; Strich",,,,,Goethe-Zertifikat B1 Wortliste,https://www.goethe.de,draft
730,word,link-,situated upon the left flank,left,Er hat sich das linke Bein gebrochen. / Das Haus ist auf der linken Seite.,He broke his left leg. / The house is on the left side.,B1,adjective,4,high,,,,,standard,,,"directions;spatial",adjective,,,,false,false,,,,"die linke Seite; linkes Auge",linksseitig,recht-,,,Goethe-Zertifikat B1 Wortliste,https://www.goethe.de,draft
731,word,Lippe,fleshy muscular border of the mouth,lip,Es ist sehr kalt. Meine Lippen sind ganz trocken.,It is very cold. My lips are completely dry.,B1,noun,3,medium,,,,,standard,,,"body;health",feminine,-n,Lippe,false,false,,,,"die Lippen eincremen; Oberlippe",Mundrand,,,,,Goethe-Zertifikat B1 Wortliste,https://www.goethe.de,draft
732,word,Liste,itemized series written down in order,list,Was brauchen wir für die Party? - Mach doch eine Einkaufsliste.,What do we need for the party? - Make a shopping list.,B1,noun,4,high,,,,,standard,,,"organization;writing",feminine,-n,Liste,false,false,,,,"eine Liste schreiben/führen; Einkaufsliste","Aufstellung; Verzeichnis; Katalog",,,,,Goethe-Zertifikat B1 Wortliste,https://www.goethe.de,draft
733,word,Literatur,written artistic creative works,literature,Ich interessiere mich für Literatur.,I am interested in literature.,B1,noun,3,medium,,,,,standard,,,"culture;literature",feminine,-,Literatur,false,false,,,,"deutsche Literatur lesen; Fachliteratur","Dichtung; Schrifttum; Belletristik",,,,,Goethe-Zertifikat B1 Wortliste,https://www.goethe.de,draft
734,word,loben,express high commendation or praise,to praise,Ich habe alle Hausaufgaben gemacht. Der Lehrer hat mich heute gelobt.,I did all the homework. The teacher praised me today.,B1,verb,3,medium,,,,,standard,,,"education;social",,,,,false,false,haben,lobt,lobte,gelobt,acc,für gute Arbeit loben,"preisen; rühmen; anerkennen","tadeln; schimpfen",Goethe-Zertifikat B1 Wortliste,https://www.goethe.de,draft
735,word,Loch,perforation,tear,"or opening in material, hole / cavity, Ich habe ein Loch im Zahn. Ich muss zum Zahnarzt. / Deine Hose hat ein Loch. Ich weiß, sie ist schon alt.","I have a cavity in my tooth. I must go to the dentist. / Your trousers have a hole. I know; they are already old.",B1,noun,4,high,,,,,standard,,,"health;clothing;housing",neuter,Löcher,Loches,false,false,,,,"ein Loch flicken/bohren; Kariesloch","Öffnung; Riss; Lücke",,,,,Goethe-Zertifikat B1 Wortliste,https://www.goethe.de,draft
736,word,locker,not taut or tight / relaxed,loose / relaxed / casual,Lassen Sie bitte die Arme ganz locker und atmen Sie tief ein.,Please leave your arms quite loose and breathe in deeply.,B1,adjective,3,medium,,,,,standard,,,"body;health",adjective,,,,false,false,,,,"locker lassen; lockere Kleidung","entspannt; lose; ungezwungen","fest; straff; verkrampft",,,Goethe-Zertifikat B1 Wortliste,https://www.goethe.de,draft
737,word,Lohn,payment for manual,hourly,"or weekly work, wage / pay, Sie bekommen Ihren Lohn immer am Ende des Monats. / Die Löhne sind hier sehr niedrig.",You always receive your wages at the end of the month. / Wages are very low here.,B1,noun,4,high,,,,,standard,,,"work;finance",masculine,Löhne,Lohnes,false,false,,,,"den Lohn auszahlen; Mindestlohn","Entlohnung; Bezahlung; Gehalt",,,,,Goethe-Zertifikat B1 Wortliste,https://www.goethe.de,draft
738,word,sich lohnen,be worth the expenditure of time or funds,to be worth it,Für drei Tage zu meinen Eltern fahren lohnt sich nicht. Es ist zu weit.,Traveling to my parents for three days is not worth it. It is too far.,B1,verb,4,high,,,,,standard,,,"decision;evaluation",,,,,true,false,haben,lohnt sich,lohnte sich,gelohnt,refl,der Aufwand lohnt sich,"sinnvoll sein; rentieren",vergeblich sein,Goethe-Zertifikat B1 Wortliste,https://www.goethe.de,draft
739,word,los,unfastened / start exclamation / what's up,go! / off / loose / up,Los! Beeilt euch! / Gibt es ein Problem? Was ist denn los? / Achtung - fertig - los!,Go! Hurry up! / Is there a problem? What is the matter? / Ready - steady - go!,B1,adverb,5,very high,,,,,standard,,,"sports;discourse",particle,,,,false,false,,,,"was ist los?; auf die Plätze fertig los!","frei; startend; entbunden",fest,,,Goethe-Zertifikat B1 Wortliste,https://www.goethe.de,draft
740,word,los-,prefix indicating start of action or departure,off-,Wir müssen los.,We have to get going.,B1,prefix,5,very high,,,,,standard,,,"movement;time",,,,false,false,,,,"losgehen; loslaufen",ab-,,,,,Goethe-Zertifikat B1 Wortliste,https://www.goethe.de,draft
741,word,losfahren,start driving or set out by vehicle,to drive off / to depart,Wir fahren um 8 Uhr los. Sei bitte pünktlich.,We depart by car at 8 am. Please be on time.,B1,verb,4,high,,,,,standard,,,"traffic;travel",,,,,false,true,sein,fährt los,fuhr los,losgefahren,intr,mit dem Auto losfahren,"abfahren; starten",ankommen,Goethe-Zertifikat B1 Wortliste,https://www.goethe.de,draft
742,word,löschen,extinguish fire / wipe digital file,to delete / to erase / to extinguish,Du kannst die Datei löschen. Ich brauche sie nicht mehr. / Das Feuer wurde schnell gelöscht.,You can delete the file. I don't need it anymore. / The fire was quickly extinguished.,B1,verb,4,high,,,,,standard,,,"computer;safety",,,,,false,false,haben,löscht,löschte,gelöscht,acc,Dateien/Feuer löschen,"entfernen; ersticken; austrinken","speichern; anzünden",Goethe-Zertifikat B1 Wortliste,https://www.goethe.de,draft
743,word,lösen,find answer to problem / purchase transit ticket,to solve / to buy (ticket),Wir müssen dieses Problem lösen. / Sie können die Fahrkarten auch am Automaten lösen.,We have to solve this problem. / You can also purchase tickets at the vending machine.,B1,verb,4,high,,,,,standard,,,"tasks;transit",,,,,false,false,haben,löst,löste,gelöst,acc,ein Ticket/eine Aufgabe lösen,"bewältigen; kaufen; aufbinden",verwickeln,Goethe-Zertifikat B1 Wortliste,https://www.goethe.de,draft
744,word,Luft,mixture of gases enveloping earth,air,"Oh, hier ist aber schlechte Luft. / Die Seeluft tut mir gut. / Bitte mach das Fenster auf. Ich brauche frische Luft.","Oh; the air is really stale in here. / The sea air is good for me. / Please open the window. I need fresh air.",B1,noun,4,high,,,,,standard,,,"nature;health",feminine,-,Luft,false,false,,,,"frische Luft schnappen; an die frische Luft","Atmosphäre; Sauerstoff",,,,,Goethe-Zertifikat B1 Wortliste,https://www.goethe.de,draft
745,word,Magazin,glossy periodicals publication,magazine,Jugendliche lesen dieses Magazin gern.,Teenagers like reading this magazine.,B1,noun,3,medium,,,,,standard,,,"media;reading",neuter,-e,Magazins,false,false,,,,ein Magazin durchblättern,"Zeitschrift; Journal; Illustrierte",,,,,Goethe-Zertifikat B1 Wortliste,https://www.goethe.de,draft
746,word,mager,containing little or no fat,lean / skinny,Bitte 1 kg mageres Fleisch.,Please 1 kg of lean meat.,B1,adjective,3,medium,,,,,standard,,,"food;body",adjective,,,,false,false,,,,"mageres Fleisch; magere Gestalt","fettarm; dünn; schlank","fett; dick",,,Goethe-Zertifikat B1 Wortliste,https://www.goethe.de,draft
747,word,Mahnung,written notice urging settlement of overdue debt,warning / reminder / overdue notice,"Wenn du die Rechnung nicht pünktlich bezahlst, bekommst du eine Mahnung.",If you do not pay the bill on time you will get an overdue payment reminder.,B1,noun,3,medium,,,,,standard,,,"finance;official",feminine,-en,Mahnung,false,false,,,,eine Mahnung verschicken/erhalten,"Zahlungserinnerung; Verwarnung",,,,,Goethe-Zertifikat B1 Wortliste,https://www.goethe.de,draft
748,word,Mal,specific instance or occasion,time / occasion,Das machen wir nächstes Mal. / Das erste Mal war ich vor fünf Jahren in England. / Bis zum nächsten Mal!,We'll do that next time. / The first time I was in England was five years ago. / Until next time!,B1,noun,5,very high,,,,,standard,,,"time;frequency",neuter,-e,Males,false,false,,,,"zum ersten Mal; dieses Mal; auf ein Mal","Gelegenheit; Zeitpunkt",,,,,Goethe-Zertifikat B1 Wortliste,https://www.goethe.de,draft
749,word,Maler,artistic painter or house wall painter,painter / decorator,Wir haben die Maler im Haus. Wir lassen die Wände neu streichen. / Picasso ist vielleicht der bekannteste Maler der Welt.,We have the decorators in the house. We are having the walls repainted. / Picasso is perhaps the most famous painter in the world.,B1,noun,3,medium,,,,,standard,,,"art;jobs",masculine,-,Malers,false,false,,,,"als Maler arbeiten; Kunstmaler","Künstler; Anstreicher; Lackierer",,,,,Goethe-Zertifikat B1 Wortliste,https://www.goethe.de,draft
750,word,Malerin,female artistic painter or wall painter,painter / decorator (female),Picasso und andere berühmte Malerinnen stellten aus.,Picasso and other famous female painters exhibited.,B1,noun,3,medium,,,,,standard,,,"art;jobs",feminine,-nen,Malerin,false,false,,,,"Künstlerin; Anstreicherin",,,,,,Goethe-Zertifikat B1 Wortliste,https://www.goethe.de,draft
751,word,Mangel,absence or insufficient supply of essential item,shortage / lack / defect,In dieser Stadt gibt es einen großen Mangel an Wohnungen. / Die Maschine hat technische Mängel.,In this city there is a severe shortage of apartments. / The machine has technical defects.,B1,noun,3,medium,,,,,standard,,,"housing;quality;problems",masculine,Mängel,Mangels,false,false,,,,"Mangel an + dat; Mängel beheben","Knappheit; Defizit; Fehler",Überfluss,,,,Goethe-Zertifikat B1 Wortliste,https://www.goethe.de,draft
752,word,Mappe,folder used for storing papers,folder / portfolio,Mein Pass ist in dieser Mappe.,My passport is in this folder.,B1,noun,3,medium,,,,,standard,,,"office;storage",feminine,-n,Mappe,false,false,,,,Dokumente in die Mappe legen,"Aktentasche; Ordner; Hefter",,,,,Goethe-Zertifikat B1 Wortliste,https://www.goethe.de,draft
753,word,Märchen,traditional folklore story of magical events,fairy tale,Meine Großmutter hat uns viele Märchen erzählt.,My grandmother told us many fairy tales.,B1,noun,3,medium,,,,,standard,,,"literature;family",neuter,-,Märchens,false,false,,,,Märchen der Gebrüder Grimm,"Volksmärchen; Fabel",,,,,Goethe-Zertifikat B1 Wortliste,https://www.goethe.de,draft
754,word,Margarine,butter-like food spread produced from vegetable oils,margarine,Meine Frau isst nur Margarine und keine Butter.,My wife eats only margarine and no butter.,B1,noun,3,medium,,,,,standard,,,"food;breakfast",feminine,-,Margarine,false,false,,,,Margarine aufs Brot schmieren,Pflanzenfett,Butter,,,,Goethe-Zertifikat B1 Wortliste,https://www.goethe.de,draft
755,word,Marille,orange stone fruit (Austrian German),apricot,Schmecken dir die Marillen?,Do you like the apricots?,B1,noun,3,medium,,A,,standard,"DACH: D; CH=Aprikose","food;fruit",feminine,-n,Marille,false,false,,,,Marillenknödel essen,Aprikose,,,,,,,Goethe-Zertifikat B1 Wortliste,https://www.goethe.de,draft
756,word,Marke,brand name / postage stamp,brand / stamp,Ich brauche bitte fünf Briefmarken zu 1 Euro. / Markenschuhe sind mir zu teuer.,"I need five postage stamps at 1 euro; please. / Brand shoes are too expensive for me.",B1,noun,4,high,,,,,standard,,,"shopping;postal",feminine,-n,Marke,false,false,,,,"bekannte Marke; Briefmarke","Brand; Brandname; Briefmarke",,,,,Goethe-Zertifikat B1 Wortliste,https://www.goethe.de,draft
757,word,Marmelade,fruit preserve spread (German / Austrian),jam / marmalade,Bring bitte noch ein Glas Marmelade mit.,Please bring another jar of jam along.,B1,noun,4,high,,"D; A",,standard,DACH: CH=Konfitüre,"food;breakfast",feminine,-n,Marmelade,false,false,,,,Marmelade aufs Brot streichen,"Konfitüre; Aufstrich",,,,,,,Goethe-Zertifikat B1 Wortliste,https://www.goethe.de,draft
758,word,Material,substance from which things are fashioned,material,Aus welchem Material ist der Schrank? - Aus Holz.,What material is the cupboard made of? - Wood.,B1,noun,4,high,,,,,standard,,,"materials;industry",neuter,Materialien,Materials,false,false,,,,"Material prüfen; Baumaterial","Werkstoff; Rohstoff; Substanz",,,,,Goethe-Zertifikat B1 Wortliste,https://www.goethe.de,draft
759,word,Matura,upper school leaving examination (Austrian / Swiss),high school graduation exam (A-levels),Meine Tochter hat gerade die Matura gemacht.,My daughter has just completed her Matura exam.,B1,noun,3,medium,,"A; CH",,standard,DACH: D=Abitur,"school;education",feminine,-,Matura,false,false,,,,die Matura bestehen,"Abitur; Reifeprüfung",,,,,,,Goethe-Zertifikat B1 Wortliste,https://www.goethe.de,draft
760,word,Mauer,vertical masonry stone/brick wall,wall (stone/brick),Die Kinder sind über die Mauer geklettert.,The children climbed over the wall.,B1,noun,3,medium,,,,,standard,,,"architecture;housing",feminine,-n,Mauer,false,false,,,,"über die Mauer klettern; Berliner Mauer","Steinwand; Befestigung",Wand (interior),,,,Goethe-Zertifikat B1 Wortliste,https://www.goethe.de,draft
761,word,maximal,reaching the utmost upper limit,maximum / at most,Wie lange braucht ein Brief? - Maximal zwei Tage. / Wie schwer darf der Brief sein? - Maximal 20 g.,How long does a letter take? - At most two days. / How heavy may the letter be? - Maximum 20 g.,B1,adverb,3,medium,,,,,standard,,,"measurement;numbers",adverb,,,,false,false,,,,maximal betragen,"höchstens; allenfalls","minimal; mindestens",,,Goethe-Zertifikat B1 Wortliste,https://www.goethe.de,draft
762,word,Medien,public mass communication channels collectively,media,Umweltschutz ist in den Medien ein großes Thema.,Environmental protection is a big topic in the media.,B1,noun,4,high,Mainly used in plural,,,,standard,,,"media;society",feminine,Medien,Medien,false,false,,,,"in den Medien berichten; soziale Medien","Massenmedien; Presse",,,,,Goethe-Zertifikat B1 Wortliste,https://www.goethe.de,draft
763,word,Medizin,field of healing / pharmaceutical remedy,medicine (field / remedy),Du musst noch deine Medizin nehmen. / Mein Sohn will Medizin studieren.,You still have to take your medicine. / My son wants to study medicine.,B1,noun,4,high,,,,,standard,,,"health;education",feminine,-,Medizin,false,false,,,,"Medizin studieren; seine Medizin nehmen","Heilkunde; Arznei",,,,,Goethe-Zertifikat B1 Wortliste,https://www.goethe.de,draft
764,word,Mehl,powder produced by grinding cereal grain,flour,Ich möchte einen Kuchen backen. Ist noch genug Mehl da?,I want to bake a cake. Is there still enough flour?,B1,noun,3,medium,,,,,standard,,,"food;baking",neuter,-,Mehls,false,false,,,,"Mehl und Zucker; Weizenmehl",Getreidemehl,,,,,Goethe-Zertifikat B1 Wortliste,https://www.goethe.de,draft
765,word,mehrere,an indeterminate small group beyond two,several,Ich habe mehrere Leute gefragt. Aber niemand konnte mir helfen. / Viele Wörter haben mehrere Bedeutungen.,I asked several people. But nobody could help me. / Many words have several meanings.,B1,pronoun,5,very high,,,,,standard,,,"quantifier;pronoun",,,,false,false,,,,"mehrere Male; mehrere Wochen","einige; etliche",einzelne,,,,Goethe-Zertifikat B1 Wortliste,https://www.goethe.de,draft
766,word,Mehrheit,greater number constituting more than half,majority,Die Mehrheit der Menschen in Deutschland besitzt ein Handy.,The majority of people in Germany owns a mobile phone.,B1,noun,4,high,,,,,standard,,,"politics;statistics",feminine,-en,Mehrheit,false,false,,,,"die absolute Mehrheit; in der Mehrheit sein","Majorität; Großteil",Minderheit,,,,Goethe-Zertifikat B1 Wortliste,https://www.goethe.de,draft
767,word,Mehrwertsteuer,consumption tax added to goods,value added tax / VAT,Die Mehrwertsteuer bei diesem Produkt beträgt 20%.,The value added tax on this product is 20%.,B1,noun,3,medium,,,,,standard,,,"finance;shopping",feminine,-,Mehrwertsteuer,false,false,,,,"inklusive Mehrwertsteuer; MwSt.","MwSt.; Umsatzsteuer",,,,,Goethe-Zertifikat B1 Wortliste,https://www.goethe.de,draft
768,word,meinetwegen,as far as I am concerned / for my sake,for all I care / as far as I am concerned,Meinetwegen kannst du heute das Auto haben.,For all I care you can have the car today.,B1,adverb,3,medium,,,,,standard,,,"concession;opinion",adverb,,,,false,false,,,,meinetwegen ja,"von mir aus; gern",,,,Goethe-Zertifikat B1 Wortliste,https://www.goethe.de,draft
769,word,Meister,certified artisan master / athletic champion,master craftsman / champion,"Ich weiß nicht, wie man das macht. - Dann frag doch den Meister. / Unsere Mannschaft ist deutscher Meister geworden.",I don't know how to do that. - Then ask the master craftsman. / Our team became German champion.,B1,noun,3,medium,,,,,standard,,,"jobs;sports",masculine,-,Meisters,false,false,,,,"deutscher Meister werden; Handwerksmeister","Champion; Fachmann; Sieger",Lehrling,,,,Goethe-Zertifikat B1 Wortliste,https://www.goethe.de,draft
770,word,Meisterin,female certified master or athletic champion,master craftswoman / champion (female),Sie wurde dieses Jahr deutsche Meisterin.,She became German champion this year.,B1,noun,3,medium,,,,,standard,,,"jobs;sports",feminine,-nen,Meisterin,false,false,,,,deutsche Meisterin,"Siegerin; Championesse",Lehrling,,,,Goethe-Zertifikat B1 Wortliste,https://www.goethe.de,draft
771,word,melden,report news / report to police / answer phone,to report / to answer (call) / to come forward,Ich habe schon zweimal angerufen. Aber es meldet sich niemand. / Den Unfall müssen Sie der Versicherung melden. / Warum hast du dich so lange nicht gemeldet? Warst du krank?,I called twice already. But nobody answers. / You must report the accident to the insurance company. / Why didn't you get in touch for so long? Were you ill?,B1,verb,5,very high,,,,,standard,,,"communication;official",,,,,true,false,haben,meldet,meldete,gemeldet,"acc, dat, refl","sich am Telefon melden; einen Schaden melden","benachrichtigen; anzeigen; Bescheid geben",,Goethe-Zertifikat B1 Wortliste,https://www.goethe.de,draft
772,word,Meldung,brief official news statement or notice,announcement / news report,Hast du die Meldung im Radio gehört? Es wird starken Sturm geben.,Did you hear the report on the radio? There will be a severe storm.,B1,noun,3,medium,,,,,standard,,,"media;news",feminine,-en,Meldung,false,false,,,,"eine Meldung herausgeben; Eilmeldung","Bericht; Nachricht; Information",,,,,Goethe-Zertifikat B1 Wortliste,https://www.goethe.de,draft
773,word,Mensa,university dining cafeteria,university refectory / cafeteria,Ich esse fast jeden Tag in der Mensa.,I eat in the university cafeteria almost every day.,B1,noun,3,medium,,,,,standard,,,"education;dining",feminine,-s / -en,Mensa,false,false,,,,in der Mensa essen,"Studentenkantine; Speisesaal",,,,,Goethe-Zertifikat B1 Wortliste,https://www.goethe.de,draft
774,word,menschlich,pertaining to human nature or humane,human / humane,Fehler zu machen ist menschlich.,Making mistakes is human.,B1,adjective,3,medium,,,,,standard,,,"philosophy;nature",adjective,,,,false,false,,,,"menschlich handeln; zutiefst menschlich","human; verständlich; humanitär","unmenschlich; grausam",,,Goethe-Zertifikat B1 Wortliste,https://www.goethe.de,draft
775,word,Menü,fixed multi-course restaurant meal,menu / set meal,"Nimm doch das Menü, das sieht gut aus.","Take the set menu; it looks good.",B1,noun,3,medium,,,,,standard,,,"dining;food",neuter,-s,Menüs,false,false,,,,"ein Menü bestellen; Drei-Gänge-Menü","Speisenfolge; Gedeck",,,,,Goethe-Zertifikat B1 Wortliste,https://www.goethe.de,draft
776,word,merkwürdig,provoking attention by unusual peculiarity,strange / peculiar / odd,Das ist eine merkwürdige Geschichte.,That is a strange story.,B1,adjective,3,medium,,,,,standard,,,"evaluation;narrative",adjective,,,,false,false,,,,merkwürdig vorkommen,"seltsam; komisch; sonderbar","gewöhnlich; normal",,,Goethe-Zertifikat B1 Wortliste,https://www.goethe.de,draft
777,word,messen,gauge dimensions,degree,"or temperature, to measure, Haben Sie schon Fieber gemessen? / Ich habe das Zimmer ausgemessen. Es sind genau 20 m².",Have you measured your fever already? / I measured the room. It is exactly 20 m².,B1,verb,4,high,,,,,standard,,,"measurement;health",,,,,false,false,haben,misst,maß,gemessen,acc,"Fieber messen; die Temperatur messen","ermitteln; abmessen; bestimmen",,Goethe-Zertifikat B1 Wortliste,https://www.goethe.de,draft
778,word,Metall,lustrous malleable elemental mineral material,metal,Dieser Tisch hier ist ganz aus Metall.,This table here is entirely made of metal.,B1,noun,3,medium,,,,,standard,,,"materials;industry",neuter,-e,Metalls,false,false,,,,"aus Metall bestehen; Metall verarbeiten","Eisen; Stahl","Holz; Kunststoff",,,,Goethe-Zertifikat B1 Wortliste,https://www.goethe.de,draft
779,word,Methode,systematic established procedure or plan,method / approach,"Weißt du eine gute Methode, um schnell gut Deutsch zu lernen?",Do you know a good method for learning good German quickly?,B1,noun,3,medium,,,,,standard,,,"education;science",feminine,-n,Methode,false,false,,,,eine neue Methode anwenden,"Verfahren; Vorgehensweise; Technik",,,,,Goethe-Zertifikat B1 Wortliste,https://www.goethe.de,draft
780,word,Metropole,large major central city of world significance,metropolis,Berlin und Wien sind Metropolen.,Berlin and Vienna are metropolises.,B1,noun,3,medium,,,,,standard,,,"geography;city",feminine,-n,Metropole,false,false,,,,in einer Metropole leben,"Weltstadt; Großstadt",Dorf,,,,Goethe-Zertifikat B1 Wortliste,https://www.goethe.de,draft
781,word,Metzger,artisan preparing and vending meat (German / Swiss),butcher,Dieser Metzger hat sehr gute Wurst.,This butcher has very good sausage.,B1,noun,3,medium,,"D; CH",,standard,"DACH: A=Fleischhauer; Fleischer","food;jobs",masculine,-,Metzgers,false,false,,,,beim Metzger einkaufen,"Fleischer; Schlachter; Fleischhauer",,,,,,,Goethe-Zertifikat B1 Wortliste,https://www.goethe.de,draft
782,word,Metzgerin,female artisan preparing and vending meat,butcher (female),Die Metzgerin bediente freundlich.,The female butcher served politely.,B1,noun,2,medium-low,,"D; CH",,standard,"DACH: A=Fleischhauerin; Fleischerin","food;jobs",feminine,-nen,Metzgerin,false,false,,,,"Fleischerin; Schlachterin",,,,,,,,Goethe-Zertifikat B1 Wortliste,https://www.goethe.de,draft
783,word,Mieter,tenant holding residential lease,tenant / renter,Sie hat heute neue Mieter für die Wohnung gefunden.,She found new tenants for the apartment today.,B1,noun,4,high,,,,,standard,,,"housing;legal",masculine,-,Mieters,false,false,,,,die Mieter im Haus,"Bewohner; Untermieter",Vermieter,,,,Goethe-Zertifikat B1 Wortliste,https://www.goethe.de,draft
784,word,Mieterin,female tenant holding residential lease,tenant / renter (female),Die Mieterin unterschrieb den Mietvertrag.,The female tenant signed the lease.,B1,noun,4,high,,,,,standard,,,"housing;legal",feminine,-nen,Mieterin,false,false,,,,"Bewohnerin; Untermieterin",Vermieterin,,,,,Goethe-Zertifikat B1 Wortliste,https://www.goethe.de,draft
785,word,Migrant,individual moving to settle in a foreign country,migrant,Viele Migranten kommen aus Osteuropa.,Many migrants come from Eastern Europe.,B1,noun,3,medium,,,,,standard,,,"society;migration",masculine,-en,Migranten,false,false,,,,Migranten integrieren,"Zuwanderer; Einwanderer",Einheimischer,,,,Goethe-Zertifikat B1 Wortliste,https://www.goethe.de,draft
786,word,Migrantin,female individual settling in a foreign country,migrant (female),Viele Migrantinnen lernen fleißig Deutsch.,Many female migrants study German diligently.,B1,noun,3,medium,,,,,standard,,,"society;migration",feminine,-nen,Migrantin,false,false,,,,"Zuwanderin; Einwanderin",Einheimische,,,,,Goethe-Zertifikat B1 Wortliste,https://www.goethe.de,draft
787,word,Migration,movement of people from one region to another,migration,Gestern gab es im Fernsehen eine Diskussion zum Thema Migration.,Yesterday there was a discussion on television on the topic of migration.,B1,noun,3,medium,,,,,standard,,,"society;politics",feminine,-,Migration,false,false,,,,Migration und Integration,"Zuwanderung; Auswanderung",,,,,Goethe-Zertifikat B1 Wortliste,https://www.goethe.de,draft
788,word,mild,gentle in temperament,taste,"or weather, mild / gentle, Möchten Sie die Soße scharf? - Nein, bitte ganz mild. / Wie wird das Wetter? - Es soll etwas milder werden.","Would you like the sauce spicy? - No; quite mild please. / What will the weather be like? - It is supposed to become somewhat milder.",B1,adjective,3,medium,,,,,standard,,,"weather;food",adjective,,,,false,false,,,,"mildes Klima; milde Soße","sanft; lau; bekömmlich","scharf; rau; streng",,,Goethe-Zertifikat B1 Wortliste,https://www.goethe.de,draft
789,word,Minderheit,smaller numerical part or minority subgroup,minority,Frauen sind in unserer Firma in der Minderheit.,Women are in the minority in our company.,B1,noun,3,medium,,,,,standard,,,"society;statistics",feminine,-en,Minderheit,false,false,,,,"in der Minderheit sein; nationale Minderheit",Minorität,Mehrheit,,,,Goethe-Zertifikat B1 Wortliste,https://www.goethe.de,draft
790,word,minimal,representing the smallest feasible amount,minimal / tiny,Da ist nur ein minimaler Unterschied.,There is only a minimal difference.,B1,adjective,3,medium,,,,,standard,,,"measurement;degree",adjective,,,,false,false,,,,"minimaler Aufwand; minimal abweichen","geringfügig; winzig","maximal; riesig",,,Goethe-Zertifikat B1 Wortliste,https://www.goethe.de,draft
791,word,mischen,blend different ingredients together,to mix / to blend,"Ich möchte ein gemischtes Eis mit Sahne. / Wie möchten Sie das Geld? - Bitte gemischt, große und kleine Scheine.","I would like mixed ice cream with whipped cream. / How would you like the money? - Mixed please; large and small bills.",B1,verb,3,medium,,,,,standard,,,"food;banking",,,,,false,false,haben,mischt,mischte,gemischt,acc,Farben/Karten mischen,"vermengen; verbinden; mixen","trennen; sondern",Goethe-Zertifikat B1 Wortliste,https://www.goethe.de,draft
792,word,miss-,prefix denoting failure,error,"or negation, mis- / dis-, 1. Die Konferenz war ein Misserfolg. / 2. Das Misstrauen zwischen den beiden Parteien ist weiterhin groß. / 3. Sie haben mich missverstanden. / 4. Das ist ein Missverständnis. Das habe ich nicht gesagt.",1. The conference was a failure. / 2. Mistrust between the two parties remains large. / 3. You misunderstood me. / 4. That is a misunderstanding. I did not say that.,B1,prefix,3,medium,,,,,standard,,,"grammar;negation",,,,false,false,,,,"missfallen; missverstehen; Misstrauen",un-,,,,,Goethe-Zertifikat B1 Wortliste,https://www.goethe.de,draft
793,word,Mitarbeiterin,female employed person in organization,employee / staff member (female),Unsere Firma hat viele Mitarbeiterinnen.,Our company has many female employees.,B1,noun,4,high,,,,,standard,,,"work;business",feminine,-nen,Mitarbeiterin,false,false,,,,"Angestellte; Kollegin",Chefin,,,,,Goethe-Zertifikat B1 Wortliste,https://www.goethe.de,draft
794,word,miteinander,in reciprocal interaction with one another,with each other / together,Sprechen Sie bitte miteinander.,Please speak with each other.,B1,adverb,4,high,,,,,standard,,,"social;communication",adverb,,,,false,false,,,,miteinander reden/diskutieren,"gemeinsam; gegenseitig","getrennt; gegeneinander",,,Goethe-Zertifikat B1 Wortliste,https://www.goethe.de,draft
795,word,Mitglied,enrolled participant of club or association,member,Für Mitglieder ist der Eintritt zum Konzert gratis.,For members admission to the concert is free.,B1,noun,4,high,,,,,standard,,,"social;organization",neuter,-er,Mitgliedes,false,false,,,,"Mitglied werden; Vereinsmitglied","Angehöriger; Teilnehmer",Nichtmitglied,,,,Goethe-Zertifikat B1 Wortliste,https://www.goethe.de,draft
796,word,mitteilen,convey news or information formally,to communicate / to inform,Den Prüfungstermin teilen wir Ihnen noch mit.,We will inform you of the exam date in due course.,B1,verb,4,high,,,,,standard,,,"communication;official",,,,,false,true,haben,teilt mit,teilte mit,mitgeteilt,"acc, dat",einen Beschluss mitteilen,"benachrichtigen; informieren; verkünden",verheimlichen,Goethe-Zertifikat B1 Wortliste,https://www.goethe.de,draft
797,word,mitten,directly in the center or midst of,right in the middle of / in the midst,Wir haben eine Wohnung mitten in der Stadt. / Das Flugzeug hatte Verspätung. Wir sind erst mitten in der Nacht angekommen.,We have an apartment right in the middle of the city. / The plane was delayed. We only arrived in the middle of the night.,B1,adverb,4,high,,,,,standard,,,"spatial;time",adverb,,,,false,false,,,,"mitten in der Nacht; mitten im Raum","zentral; im Zentrum von",am Rande,,,Goethe-Zertifikat B1 Wortliste,https://www.goethe.de,draft
798,word,mittler-,occupying an intermediate intermediate place,middle / central,In den mittleren Reihen sind noch Plätze frei.,In the middle rows there are still seats available.,B1,adjective,3,medium,,,,,standard,,,"order;spatial",adjective,,,,false,false,,,,"in mittlerem Alter; mittlere Reihe","zentral; dazwischenliegend",äußer-,,,Goethe-Zertifikat B1 Wortliste,https://www.goethe.de,draft
799,word,mittlerweile,by this point in passing time,meanwhile / by now,Am Anfang war die Arbeit schwer. Mittlerweile habe ich mich daran gewöhnt.,In the beginning the work was difficult. By now I have gotten used to it.,B1,adverb,4,high,,,,,standard,,,"time;sequence",adverb,,,,false,false,,,,mittlerweile wissen,"inzwischen; im Laufe der Zeit",damals,,,Goethe-Zertifikat B1 Wortliste,https://www.goethe.de,draft
800,word,möbliert,fitted out with necessary domestic furniture,furnished,Ich suche ein möbliertes Zimmer.,I am looking for a furnished room.,B1,adjective,3,medium,,,,,standard,,,housing,adjective,,,,false,false,,,,"voll möbliert; möblierte Wohnung","ausgestattet; eingerichtet","unmöbliert; leer",,,Goethe-Zertifikat B1 Wortliste,https://www.goethe.de,draft
801,word,mobil,capable of moving or traveling freely,mobile / agile,Mit dem Fahrrad bin ich in der Stadt sehr mobil.,With a bicycle I am very mobile in the city.,B1,adjective,3,medium,,,,,standard,,,"traffic;lifestyle",adjective,,,,false,false,,,,mobil sein,"beweglich; flexibel","unbeweglich; immobil",,,Goethe-Zertifikat B1 Wortliste,https://www.goethe.de,draft
802,word,mobil-,prefix denoting portable telecommunications,mobile-,Ich habe eine Nachricht erhalten.,I received a message.,B1,prefix,3,medium,,,,,standard,,,"telecom;technology",,,,false,false,,,,"Mobiltelefon; Mobilbox",drahtlos,,,,,Goethe-Zertifikat B1 Wortliste,https://www.goethe.de,draft
803,word,Mobilbox,cellular telephone voice mailbox,voicemail / mobile answering service,Ich habe zwei Nachrichten auf meiner Mobilbox.,I have two messages on my voicemail.,B1,noun,3,medium,,,,,standard,,,telecom,feminine,-en,Mobilbox,false,false,,,,die Mobilbox abhören,"Mailbox; Anrufbeantworter",,,,,Goethe-Zertifikat B1 Wortliste,https://www.goethe.de,draft
804,word,Mobilität,ability to travel and relocate readily,mobility,Sprachen zu lernen fördert die Mobilität.,Learning languages promotes mobility.,B1,noun,3,medium,,,,,standard,,,"society;traffic",feminine,-,Mobilität,false,false,,,,berufliche Mobilität,"Beweglichkeit; Flexibilität",Immobilität,,,,Goethe-Zertifikat B1 Wortliste,https://www.goethe.de,draft
805,word,Modell,three-dimensional miniature representation / product line,model / design,Wie findest du dieses Auto? - Dieses Modell gefällt mir nicht.,What do you think of this car? - I don't like this model.,B1,noun,3,medium,,,,,standard,,,"technology;design",neuter,-e,Modells,false,false,,,,"ein neues Modell; Auslaufmodell","Muster; Entwurf; Ausführung",,,,,Goethe-Zertifikat B1 Wortliste,https://www.goethe.de,draft
806,word,Möglichkeit,option or potential circumstance,possibility / opportunity,Sie wollen ans Meer? Da gibt es mehrere Möglichkeiten.,You want to go to the sea? There are several possibilities for that.,B1,noun,5,very high,,,,,standard,,,"decision;planning",feminine,-en,Möglichkeit,false,false,,,,eine Möglichkeit bieten/nutzen,"Option; Chance; Gelegenheit",Unmöglichkeit,,,,Goethe-Zertifikat B1 Wortliste,https://www.goethe.de,draft
807,word,möglichst,as far as feasible / ideally,as ... as possible / preferably,"Sagen Sie mir bitte möglichst bald, ob Ihnen der Termin passt. / Wir suchen eine Wohnung, möglichst im Erdgeschoss.","Please tell me as soon as possible whether the date suits you. / We are looking for an apartment; preferably on the ground floor.",B1,adverb,4,high,,,,,standard,,,"preference;time",adverb,,,,false,false,,,,"möglichst bald; möglichst viel","nach Möglichkeit; tunlichst",,,,Goethe-Zertifikat B1 Wortliste,https://www.goethe.de,draft
808,word,Möhre,orange edible root vegetable (German standard),carrot,Hasen fressen gern Möhren.,Hares like eating carrots.,B1,noun,3,medium,,D,,standard,"DACH: D=Karotte; CH=Rüebli","food;vegetables",feminine,-n,Möhre,false,false,,,,frische Möhren raspeln,"Karotte; Gelbrübe; Rüebli",,,,,,,Goethe-Zertifikat B1 Wortliste,https://www.goethe.de,draft
809,word,Mond,natural satellite revolving around the earth,moon,Bei Vollmond kann ich nicht schlafen.,I cannot sleep during a full moon.,B1,noun,3,medium,,,,,standard,,,"nature;astronomy",masculine,-e,Mondes,false,false,,,,"der Mond scheint; bei Vollmond",Erdtrabant,,,,,Goethe-Zertifikat B1 Wortliste,https://www.goethe.de,draft
810,word,Monitor,electronic screen display unit,monitor / screen,Ich habe mir einen größeren Monitor gekauft. Das ist besser für meine Augen.,I bought a larger monitor. That is better for my eyes.,B1,noun,3,medium,,,,,standard,,,"computer;technology",masculine,-e / -en,Monitors,false,false,,,,auf den Monitor blicken,"Bildschirm; Display",,,,,Goethe-Zertifikat B1 Wortliste,https://www.goethe.de,draft
811,word,Motorrad,two-wheeled motorized cycle vehicle,motorcycle / motorbike,Oskar fährt jeden Tag mit dem Motorrad zur Arbeit.,Oskar rides to work by motorcycle every day.,B1,noun,3,medium,,,,,standard,,,"traffic;vehicles",neuter,Motorräder,Motorrads,false,false,,,,"mit dem Motorrad fahren; Motorradhelm","Krad; Zweirad",,,,,Goethe-Zertifikat B1 Wortliste,https://www.goethe.de,draft
812,word,Mühe,exertion expended to accomplish something,effort / trouble,Vielen Dank für Ihre Mühe. / Mit ein bisschen mehr Mühe können wir das schaffen.,Many thanks for your trouble. / With a little more effort we can manage that.,B1,noun,4,high,,,,,standard,,,"work;courtesy",feminine,-n,Mühe,false,false,,,,"sich Mühe geben; keine Mühe scheuen","Aufwand; Anstrengung; Bemühung",Leichtigkeit,,,,Goethe-Zertifikat B1 Wortliste,https://www.goethe.de,draft
813,word,Müllabfuhr,public municipal service collecting refuse,garbage collection / refuse collection,Die Müllabfuhr kommt zweimal pro Woche.,The refuse collection comes twice a week.,B1,noun,3,medium,,,,,standard,,,"city;household",feminine,-,Müllabfuhr,false,false,,,,die Müllabfuhr verpassen,"Müllbeseitigung; Stadtreinigung",,,,,Goethe-Zertifikat B1 Wortliste,https://www.goethe.de,draft
814,word,Mülltonne,large outdoor container for refuse bins,rubbish bin / wheelie bin / trash can,Die Mülltonne ist voll.,The rubbish bin is full.,B1,noun,3,medium,,,,,standard,,,"household;city",feminine,-n,Mülltonne,false,false,,,,die Mülltonne an die Straße stellen,"Abfalltonne; Müllkübel",,,,,Goethe-Zertifikat B1 Wortliste,https://www.goethe.de,draft
815,word,mündlich,spoken by voice / oral rather than written,oral / verbally,Die mündliche Prüfung ist erst nächste Woche.,The oral examination is not until next week.,B1,adjective,4,high,,,,,standard,,,"education;exams",adjective,,,,false,false,,,,"mündliche Prüfung; mündlich vereinbaren","verbal; gesprochen",schriftlich,,,Goethe-Zertifikat B1 Wortliste,https://www.goethe.de,draft
816,word,Münze,stamped piece of metal used as money,coin,Der Automat nimmt nur Münzen.,The machine only takes coins.,B1,noun,3,medium,,,,,standard,,,"money;banking",feminine,-n,Münze,false,false,,,,"Münzen einwerfen; Kleingeld","Geldstück; Hartgeld",Geldschein,,,,Goethe-Zertifikat B1 Wortliste,https://www.goethe.de,draft
817,word,musikalisch,gifted in music or relating to music,musical,"Sie ist sehr musikalisch: Sie spielt Klavier, Flöte und Geige. / Das musikalische Angebot gefällt mir.","She is very musical: she plays piano; flute and violin. / I like the musical offerings.",B1,adjective,3,medium,,,,,standard,,,"music;personality",adjective,,,,false,false,,,,musikalisch begabt sein,"melodisch; klangvoll",unmusikalisch,,,Goethe-Zertifikat B1 Wortliste,https://www.goethe.de,draft
818,word,Muskel,fibrous tissue producing bodily movement,muscle,Im Fitness-Studio trainieren wir unsere Muskeln.,In the gym we train our muscles.,B1,noun,3,medium,,,,,standard,,,"body;health",masculine,-n,Muskels,false,false,,,,"die Muskeln aufbauen; Muskelkater","Muskelgewebe; Sehne",,,,,Goethe-Zertifikat B1 Wortliste,https://www.goethe.de,draft
819,word,Müsli,breakfast cereal with rolled oats,fruit,"and nuts, muesli / granola, Zum Frühstück gibt es Müsli mit Obst.",For breakfast there is muesli with fruit.,B1,noun,3,medium,,,,,standard,,,"food;breakfast",neuter,-,Müslis,false,false,,,,Müsli mit Milch essen,"Müesli; Haferflockenmischung",,,,,Goethe-Zertifikat B1 Wortliste,https://www.goethe.de,draft
820,word,Müesli,breakfast cereal mixture (Swiss German),muesli,Zum Frühstück gibt es Müesli mit Obst.,For breakfast there is muesli with fruit.,B1,noun,3,medium,,CH,,standard,"DACH: D; A=Müsli","food;breakfast",neuter,-,Müeslis,false,false,,,,Müesli essen,"Müsli; Getreideflocken",,,,,,,Goethe-Zertifikat B1 Wortliste,https://www.goethe.de,draft
821,word,Mut,readiness to face danger or hardship,courage / bravery,"Man braucht viel Mut; um in einem fremden Land ganz neu anzufangen.",One needs a lot of courage to start all over again in a foreign country.,B1,noun,3,medium,,,,,standard,,,"emotions;values",masculine,-,Mutes,false,false,,,,"den Mut nicht verlieren; Mut machen","Tapferkeit; Beherztheit; Zivilcourage","Feigheit; Angst",,,,Goethe-Zertifikat B1 Wortliste,https://www.goethe.de,draft
822,word,mutig,possessing or exhibiting brave courage,brave / courageous,"Es war sehr mutig von dir; deine Meinung laut zu sagen.",It was very courageous of you to state your opinion out loud.,B1,adjective,3,medium,,,,,standard,,,"personality;emotions",adjective,,,,false,false,,,,"mutig sein; mutige Entscheidung","tapfer; beherzt; kühn","feige; ängstlich",,,Goethe-Zertifikat B1 Wortliste,https://www.goethe.de,draft
823,word,nachdem,subordinating temporal conjunction after event,after,"Nachdem wir gegessen hatten; sind wir spazieren gegangen.",After we had eaten we went for a walk.,B1,conjunction,4,high,,,,,standard,,,"time;grammar",,,,false,false,,,,nachdem man getan hat,"sobald; nach","bevor; ehe",,,,Goethe-Zertifikat B1 Wortliste,https://www.goethe.de,draft
824,word,nachdenken,reflect mentally and deliberatively upon,to think about / to reflect on,"Ich weiß nicht; was ich machen soll. Ich muss nachdenken.",I don't know what I should do. I have to think.,B1,verb,4,high,,,,,standard,,,"cognition;mindset",,,,,false,true,haben,denkt nach,dachte nach,nachgedacht,"über + acc, intr",gründlich nachdenken über,"überlegen; reflektieren; nachsinnen",,Goethe-Zertifikat B1 Wortliste,https://www.goethe.de,draft
825,word,Nachfrage,commercial desire or demand for products,demand / inquiry,Die Nachfrage für dieses Produkt ist groß.,The demand for this product is high.,B1,noun,3,medium,,,,,standard,,,"economy;business",feminine,-n,Nachfrage,false,false,,,,Angebot und Nachfrage,"Bedarf; Kundeninteresse",Angebot,,,,Goethe-Zertifikat B1 Wortliste,https://www.goethe.de,draft
826,word,nachher,at a subsequent point during same day,afterwards / later on,Ich rufe nachher nochmal an.,I will call again later on.,B1,adverb,4,high,,,,,standard,,,"time;routine",adverb,,,,false,false,,,,gleich nachher,"später; nachfolgend; danach","vorher; vorhin",,,Goethe-Zertifikat B1 Wortliste,https://www.goethe.de,draft
827,word,Nachhilfe,supplementary tutoring for failing students,remedial tutoring / private tuition,Der Schüler braucht Nachhilfe in Mathematik.,The pupil needs tutoring in mathematics.,B1,noun,3,medium,,,,,standard,,,"education;school",feminine,-n,Nachhilfe,false,false,,,,"Nachhilfe geben/nehmen; Nachhilfeunterricht","Förderunterricht; Tutoring",,,,,Goethe-Zertifikat B1 Wortliste,https://www.goethe.de,draft
828,word,nachschlagen,consult a book or dictionary for facts,to look up (in a book),Ich kenne das Wort nicht. Das musst du im Wörterbuch nachschlagen.,I don't know the word. You must look that up in the dictionary.,B1,verb,3,medium,,,,,standard,,,"reading;education",,,,,false,true,haben,schlägt nach,schlug nach,nachgeschlagen,"acc, in + dat",ein Wort im Lexikon nachschlagen,"nachsehen; recherchieren",,Goethe-Zertifikat B1 Wortliste,https://www.goethe.de,draft
829,word,Nachspeise,sweet final dish of a meal (German / Austrian),dessert,Nach dem Essen gab es noch eine leckere Nachspeise.,After the meal there was a delicious dessert.,B1,noun,3,medium,,"D; A",,standard,"DACH: CH=Dessert; D=Nachtisch","food;dining",feminine,-n,Nachspeise,false,false,,,,eine süße Nachspeise servieren,"Nachtisch; Dessert",Vorspeise,,,,,,Goethe-Zertifikat B1 Wortliste,https://www.goethe.de,draft
830,word,Nachteil,unfavorable feature or circumstance,disadvantage / drawback,Einen Nachteil hat die Wohnung. Sie liegt nicht zentral.,The apartment has one drawback. It is not centrally located.,B1,noun,4,high,,,,,standard,,,"evaluation;problems",masculine,-e,Nachteils,false,false,,,,"einen Nachteil haben; im Nachteil sein","Minuspunkt; Manko; Schattenseite",Vorteil,,,,Goethe-Zertifikat B1 Wortliste,https://www.goethe.de,draft
831,word,Nachwuchs,younger generation / offspring / young animals,new generation / offspring / young animals,Der Nachwuchs bei Forschern soll gefördert werden. / Die Katze hat Nachwuchs bekommen.,The new generation of researchers should be supported. / The cat had kittens.,B1,noun,3,medium,,,,,standard,,,"work;family;animals",masculine,-,Nachwuchses,false,false,,,,"für Nachwuchs sorgen; junger Nachwuchs","Jugend; Nachkommen; Junge",,,,,Goethe-Zertifikat B1 Wortliste,https://www.goethe.de,draft
832,word,Nadel,pointed metal tool for sewing,needle / pin,Hast du eine Nadel für mich? Ich muss einen Knopf annähen.,Do you have a needle for me? I must sew on a button.,B1,noun,3,medium,,,,,standard,,,"tools;clothing",feminine,-n,Nadel,false,false,,,,"Nadel und Faden; Stecknadel","Nähnadel; Pinne",,,,,Goethe-Zertifikat B1 Wortliste,https://www.goethe.de,draft
833,word,Nagel,slender pointed metal fastener / fingernail,nail (metal / finger),Kannst du mir den Nagel in die Wand schlagen? / Ich muss mir die Fingernägel schneiden.,Can you hammer the nail into the wall for me? / I have to cut my fingernails.,B1,noun,3,medium,,,,,standard,,,"tools;body",masculine,Nägel,Nagels,false,false,,,,"den Nagel in die Wand schlagen; Fingernagel","Stift; Hornspitze",,,,,Goethe-Zertifikat B1 Wortliste,https://www.goethe.de,draft
834,word,nah,at a small distance in space or time,near / close,"Wie weit ist es zum Bahnhof? - Das ist ganz nah, nur zwei Minuten von hier.","How far is it to the station? - That is very close; only two minutes from here.",B1,adjective,5,very high,,,,,standard,,,"spatial;time",adjective,,,,false,false,,,,"nah bei; ganz nah","nahegelegen; benachbart","fern; weit",,,Goethe-Zertifikat B1 Wortliste,https://www.goethe.de,draft
835,word,nähen,join pieces of fabric with needle and thread,to sew / to stitch,Meine Mutter näht ihre Kleider selbst. / Wir müssen die Wunde nähen.,My mother sews her clothes herself. / We have to stitch the wound.,B1,verb,3,medium,,,,,standard,,,"clothing;health",,,,,false,false,haben,näht,nähte,genäht,acc,"Kleider/Knopf nähen; eine Wunde nähen","sticken; heften; flicken",,Goethe-Zertifikat B1 Wortliste,https://www.goethe.de,draft
836,word,sich nähern,come closer to a person or position,to approach / to come closer,Er nähert sich dem Unfallort ganz langsam.,He approaches the accident site very slowly.,B1,verb,3,medium,,,,,standard,,,"movement;spatial",,,,,true,false,haben,nähert sich,näherte sich,genähert,"refl, dat",sich dem Ziel nähern,"herankommen; herannahen",entfernen,Goethe-Zertifikat B1 Wortliste,https://www.goethe.de,draft
837,word,nämlich,adverb introducing specific justification,namely / you see / for,Ich muss leider gehen. Ich habe nämlich noch einen Termin beim Zahnarzt.,"Unfortunately I have to go. You see; I still have an appointment at the dentist.",B1,adverb,4,high,,,,,standard,,,"reasoning;discourse",adverb,,,,false,false,,,,nämlich der Grund,"denn; und zwar; bekanntlich",,,,Goethe-Zertifikat B1 Wortliste,https://www.goethe.de,draft
838,word,Nase,sensory organ of smell in center of face,nose,Haben Sie Nasentropfen? Ich bin stark erkältet.,Do you have nose drops? I have a bad cold.,B1,noun,4,high,,,,,standard,,,"body;health",feminine,-n,Nase,false,false,,,,"durch die Nase atmen; Nasentropfen",Riechorgan,,,,,Goethe-Zertifikat B1 Wortliste,https://www.goethe.de,draft
839,word,national,concerning an entire sovereign nation,national,Das ist ein nationaler Wettbewerb. / Die Nationalmannschaft ist ziemlich stark.,That is a national competition. / The national team is rather strong.,B1,adjective,3,medium,,,,,standard,,,"politics;sports",adjective,,,,false,false,,,,"nationale Feiertage; Nationalmannschaft","gesamtstaatlich; vaterländisch","international; regional",,,Goethe-Zertifikat B1 Wortliste,https://www.goethe.de,draft
840,word,natürlich,according to nature / naturally / of course,natural / of course / naturally,Natürlich helfen wir dir. / Kommst du auch wirklich zu meiner Party? - Natürlich.,Of course we will help you. / Are you really coming to my party? - Naturally.,B1,adjective,5,very high,,,,,standard,,,"discourse;nature",adjective,,,,false,false,,,,"natürlich schon; ganz natürlich","selbstverständlich; logisch; unverfälscht","künstlich; unnatürlich",,,Goethe-Zertifikat B1 Wortliste,https://www.goethe.de,draft
841,word,Nebel,thick mist of tiny water droplets in air,fog / mist,Wegen Nebels konnten wir gestern nicht in Frankfurt landen. / Fahren Sie bei Nebel besonders vorsichtig!,Because of fog we could not land in Frankfurt yesterday. / Drive with particular care in fog!,B1,noun,3,medium,,,,,standard,,,"weather;transit",masculine,-,Nebels,false,false,,,,"dichter Nebel; im Nebel fahren","Dunst; Schwaden",,,,,Goethe-Zertifikat B1 Wortliste,https://www.goethe.de,draft
842,word,nebenbei,done concurrently with another primary activity,on the side / incidentally,Mein Freund studiert Geschichte. Und nebenbei arbeitet er in einer Kneipe. / Ich mache die Hausarbeit und nebenbei höre ich Radio.,My boyfriend studies history. And on the side he works in a pub. / I do the housework and listen to the radio on the side.,B1,adverb,3,medium,,,,,standard,,,"work;routine",adverb,,,,false,false,,,,"nebenbei bemerkt; nebenbei arbeiten","zusätzlich; nebenher; beiläufig",,,,Goethe-Zertifikat B1 Wortliste,https://www.goethe.de,draft
843,word,Neffe,son of one's brother or sister,nephew,Meine Schwester hat zwei Kinder. Meine Neffen sind drei und fünf Jahre alt.,My sister has two children. My nephews are three and five years old.,B1,noun,3,medium,,,,,standard,,,"family;relationships",masculine,-n,Neffen,false,false,,,,der Neffe der Tante,Verwandter,Nichte,,,,Goethe-Zertifikat B1 Wortliste,https://www.goethe.de,draft
844,word,negativ,pessimistic / showing disadvantage or lack,negative,Du solltest nicht alles negativ sehen.,You shouldn't see everything negatively.,B1,adjective,3,medium,,,,,standard,,,"evaluation;opinions",adjective,,,,false,false,,,,"eine negative Antwort; negativ eingestellt sein","ungünstig; ablehnend; pessimistisch",positiv,,,Goethe-Zertifikat B1 Wortliste,https://www.goethe.de,draft
845,word,nein,refusing answer to query,no,"Noch ein Bier? - Nein, danke. / Kommst du auch mit nach München? - Nein, ich habe keine Zeit.","Another beer? - No; thanks. / Are you also coming to Munich? - No; I don't have time.",B1,interjection,5,very high,,,,,standard,,,"communication;negation",particle,,,,false,false,,,,"nein danke; nein sagen","keineswegs; nicht","ja; doch",,,Goethe-Zertifikat B1 Wortliste,https://www.goethe.de,draft
846,word,Nerv,fiber transmitting sensory impulses / state of calm,nerve,Er leidet an einer Nervenkrankheit. / Mach bitte das Radio aus. Die Musik geht mir auf die Nerven.,He suffers from a nervous disease. / Please turn off the radio. The music is getting on my nerves.,B1,noun,3,medium,,,,,standard,,,"body;health;emotions",masculine,-en,Nervs,false,false,,,,"auf die Nerven gehen; Nerven behalten","Reizleiter; Gemüt",,,,,Goethe-Zertifikat B1 Wortliste,https://www.goethe.de,draft
847,word,Netz,meshed open fabric / telecommunications network,net / network / internet,Bitte bring ein Netz Orangen mit. / Der Ball berührte das Netz. / Seid ihr schon ans Netz angeschlossen?,Please bring a net bag of oranges along. / The ball touched the net. / Are you connected to the network already?,B1,noun,4,high,,,,,standard,,,"sports;technology;shopping",neuter,-e,Netzes,false,false,,,,"im Netz surfen; ans Netz gehen","Geflecht; Web; Internet",,,,,Goethe-Zertifikat B1 Wortliste,https://www.goethe.de,draft
848,word,Netzwerk,system of interconnected computers or people,network,Soziale Netzwerke sind wichtig. / Das Telefonnetzwerk wird ständig erweitert.,Social networks are important. / The telephone network is constantly being expanded.,B1,noun,4,high,,,,,standard,,,"computer;social",neuter,-e,Netzwerks,false,false,,,,"soziales Netzwerk; Computer-Netzwerk","Netz; Verbund; System",,,,,Goethe-Zertifikat B1 Wortliste,https://www.goethe.de,draft
849,word,Neuigkeit,piece of fresh news or recent development,news item / novel piece of information,In dieser Sache gibt es keine Neuigkeiten.,In this matter there are no news items.,B1,noun,3,medium,,,,,standard,,,"communication;news",feminine,-en,Neuigkeit,false,false,,,,Neuigkeiten austauschen,"Nachricht; Neuerung; Novität",Altes,,,,Goethe-Zertifikat B1 Wortliste,https://www.goethe.de,draft
850,word,neugierig,eager to know or learn things,curious / nosy,Die Nachbarn sind ziemlich neugierig.,The neighbors are rather nosy.,B1,adjective,3,medium,,,,,standard,,,"personality;psychology",adjective,,,,false,false,,,,neugierig sein auf + acc,"wissbegierig; vorwitzig; interessiert","gleichgültig; desinteressiert",,,Goethe-Zertifikat B1 Wortliste,https://www.goethe.de,draft
851,word,neulich,at a point in recent past,the other day / recently,Ich war neulich bei der Bank und habe einen alten Freund getroffen.,The other day I was at the bank and met an old friend.,B1,adverb,3,medium,,,,,standard,,,"time;narrative",adverb,,,,false,false,,,,erst neulich,"vor Kurzem; jüngst; unlängst",damals,,,Goethe-Zertifikat B1 Wortliste,https://www.goethe.de,draft
852,word,Nichte,daughter of one's brother or sister,niece,Die Tasche ist ein Geschenk von meiner Nichte.,The bag is a gift from my niece.,B1,noun,3,medium,,,,,standard,,,"family;relationships",feminine,-n,Nichte,false,false,,,,meine Nichte besuchen,Verwandte,Neffe,,,,Goethe-Zertifikat B1 Wortliste,https://www.goethe.de,draft
853,word,Nichtraucher,person who abstains from smoking tobacco,non-smoker,In unserer Familie sind alle Nichtraucher. / Möchten Sie einen Tisch im Nichtraucherbereich?,In our family all are non-smokers. / Would you like a table in the non-smoking area?,B1,noun,3,medium,,,,,standard,,,"health;lifestyle",masculine,-,Nichtrauchers,false,false,,,,im Nichtraucherbereich sitzen,Abstinenzler,Raucher,,,,Goethe-Zertifikat B1 Wortliste,https://www.goethe.de,draft
854,word,Nichtraucherin,female who abstains from smoking,non-smoker (female),Ich bin keine Raucherin. Ich bin Nichtraucherin.,I am not a smoker. I am a non-smoker.,B1,noun,3,medium,,,,,standard,,,"health;lifestyle",feminine,-nen,Nichtraucherin,false,false,,,,als Nichtraucherin leben,Abstinenzlerin,Raucherin,,,,Goethe-Zertifikat B1 Wortliste,https://www.goethe.de,draft
855,word,niedrig,small in height,temperature,"or price, low / short, Die Räume hier sind mir zu niedrig. / Für die Jahreszeit sind die Temperaturen zu niedrig. / Die Firma zahlt sehr niedrige Löhne.",The rooms here are too low for me. / For this time of year the temperatures are too low. / The company pays very low wages.,B1,adjective,4,high,,,,,standard,,,"dimensions;temperature;finance",adjective,,,,false,false,,,,"niedrige Preise; niedriger Blutdruck","gering; tief; bodennah","hoch; erhaben",,,Goethe-Zertifikat B1 Wortliste,https://www.goethe.de,draft
856,word,niemand,not a solitary human person,nobody / no one,Ich habe geklingelt. Aber es war niemand zu Hause.,I rang the bell. But nobody was at home.,B1,pronoun,5,very high,,,,,standard,,,"pronoun;identity",,,,false,false,,,,"niemand sonst; so gut wie niemand","kein Mensch; keiner","jemand; alle",,,,Goethe-Zertifikat B1 Wortliste,https://www.goethe.de,draft
857,word,nirgendwo,in or to no place whatsoever,nowhere,Die Schlüssel kann ich nirgendwo finden.,I can find the keys nowhere.,B1,adverb,3,medium,,,,,standard,,,"spatial;location",adverb,,,,false,false,,,,nirgendwo hingehen,"nirgends; an keiner Stelle",überall,,,Goethe-Zertifikat B1 Wortliste,https://www.goethe.de,draft
858,phrase,noch mal,one more additional time,once again / again,Vielen Dank nochmal. / Bitte sagen Sie das nochmal.,Thank you once again. / Please say that once again.,B1,phrase,4,high,,,,,standard,,,"frequency;communication",phrase,,,,false,false,,,,"noch mal von vorn; sag das noch mal","wieder; nochmals; erneut",,,,Goethe-Zertifikat B1 Wortliste,https://www.goethe.de,draft
859,word,nochmals,on one further occasion,once again / once more,Nochmals vielen Dank!,Once more many thanks!,B1,adverb,4,high,,,,,standard,,,"courtesy;repetition",adverb,,,,false,false,,,,nochmals danken,"erneut; noch einmal; wiederum",,,,Goethe-Zertifikat B1 Wortliste,https://www.goethe.de,draft
860,word,normalerweise,under ordinary customary conditions,normally / usually,Wann haben Sie normalerweise Pause?,When do you usually have a break?,B1,adverb,4,high,,,,,standard,,,"routine;frequency",adverb,,,,false,false,,,,normalerweise um 8 Uhr,"gewöhnlich; üblicherweise; im Regelfall",ausnahmsweise,,,Goethe-Zertifikat B1 Wortliste,https://www.goethe.de,draft
861,word,Not-,prefix denoting emergency or extreme distress,emergency-,Wir haben einen Notfall.,We have an emergency.,B1,prefix,4,high,,,,,standard,,,"emergency;safety",,,,false,false,,,,"Notaufnahme; Notausgang; Notruf",Hilfs-,,,,,Goethe-Zertifikat B1 Wortliste,https://www.goethe.de,draft
862,word,Notaufnahme,hospital unit admitting acute emergency cases,emergency room / casualty department,Die Notaufnahme ist gleich hier links.,The emergency room is right here on the left.,B1,noun,3,medium,,,,,standard,,,"health;emergency",feminine,-n,Notaufnahme,false,false,,,,in die Notaufnahme eingeliefert werden,"Rettungsstelle; Notfallstation",,,,,Goethe-Zertifikat B1 Wortliste,https://www.goethe.de,draft
863,word,Notausgang,special doorway used to evacuate building in danger,emergency exit,Der Notausgang ist gleich hier bei der Treppe.,The emergency exit is right here by the stairs.,B1,noun,3,medium,,,,,standard,,,"safety;buildings",masculine,Notausgänge,Notausgangs,false,false,,,,durch den Notausgang fliehen,"Fluchtweg; Rettungstür",Haupteingang,,,,Goethe-Zertifikat B1 Wortliste,https://www.goethe.de,draft
864,word,Notfall,sudden occurrence requiring immediate assistance,emergency,Wir haben einen Notfall. Bitte schicken Sie einen Krankenwagen. / Im Notfall rufen Sie bitte diese Nummer an.,We have an emergency. Please send an ambulance. / In case of emergency please call this number.,B1,noun,4,high,,,,,standard,,,"emergency;safety",masculine,Notfälle,Notfalls,false,false,,,,"im Notfall; für den Notfall","Ernstfall; Havarie; Kalamität",,,,,Goethe-Zertifikat B1 Wortliste,https://www.goethe.de,draft
865,word,Notruf,emergency phone call alerting police/ambulance,emergency call,Der Notruf hat die Nummer 110.,The emergency call has the number 110.,B1,noun,3,medium,,,,,standard,,,"emergency;telecom",masculine,-e,Notrufs,false,false,,,,den Notruf wählen/absetzen,"Hilferuf; Notrufnummer",,,,,Goethe-Zertifikat B1 Wortliste,https://www.goethe.de,draft
866,word,nötig,strictly required or indispensable,necessary / needed,"Wenn es nötig ist, nehmen Sie noch eine Tablette. / Kann ich Ihnen helfen? - Danke, nicht nötig.","If it is necessary take another tablet. / Can I help you? - Thanks; not necessary.",B1,adjective,4,high,,,,,standard,,,necessity,adjective,,,,false,false,,,,"nötig haben; nicht nötig sein","erforderlich; unentbehrlich; notwendig","überflüssig; unnötig",,,Goethe-Zertifikat B1 Wortliste,https://www.goethe.de,draft
867,word,nun,at the present moment / particle expressing resignation,now / well / as things stand,"Schade, dass du arbeiten musst. - Das ist nun mal so. / Was ist jetzt? Kommst du nun endlich?",Pity that you have to work. - That is just the way things are. / What now? Are you finally coming now?,B1,adverb,5,very high,,,,,standard,,,"time;discourse",adverb,,,,false,false,,,,"nun ja; von nun an; nun mal","jetzt; augenblicklich; wohl",,,,Goethe-Zertifikat B1 Wortliste,https://www.goethe.de,draft
868,word,nutzen,make functional practical use of opportunity,to use / to take advantage of,Ich möchte das schöne Wetter nutzen und spazieren gehen.,I would like to take advantage of the fine weather and go for a walk.,B1,verb,4,high,,,,,standard,,,"opportunity;action",,,,,false,false,haben,nutzt,nutzte,genutzt,acc,"eine Gelegenheit nutzen; die Zeit nutzen","benutzen; ausnutzen; gebrauchen","verpassen; vergeuden",Goethe-Zertifikat B1 Wortliste,https://www.goethe.de,draft
869,word,nützen,be beneficial or of service,to be of use / to help,Ich habe jeden Tag eine Tablette genommen. Aber es hat nichts genützt.,I took a tablet every day. But it didn't help at all.,B1,verb,3,medium,,,,,standard,,,"utility;health",,,,,false,false,haben,nützt,nützte,genützt,"dat, intr","nichts nützen; jemandem nützen","helfen; dienen; frommen",schaden,Goethe-Zertifikat B1 Wortliste,https://www.goethe.de,draft
870,word,ob,subordinating conjunction introducing indirect questions,whether / if,"Ich weiß noch nicht; ob ich kommen kann.",I don't know yet whether I can come.,B1,conjunction,5,very high,,,,,standard,,,"grammar;syntax",,,,false,false,,,,"fragen ob; wissen ob",falls,,,,,Goethe-Zertifikat B1 Wortliste,https://www.goethe.de,draft
871,word,ober-,prefix indicating upper or superior tier,upper / top-,Die Wohnung im oberen Stockwerk ist vermietet.,The apartment on the upper floor is rented out.,B1,adjective,4,high,,,,,standard,,,"spatial;order",adjective,,,,false,false,,,,"oberer Stock; Obergeschoss",höhergelegen,unter-,,,Goethe-Zertifikat B1 Wortliste,https://www.goethe.de,draft
872,word,Ober,waiter in restaurant (German / Austrian),waiter / head waiter,Ich bin Ober von Beruf.,I am a waiter by profession.,B1,noun,3,medium,,"D; A",,standard,"DACH: CH=Serviceangestellter; D=Kellner","hospitality;jobs",masculine,-,Obers,false,false,,,,"Herr Ober!; als Ober arbeiten","Kellner; Garçon",Gast,,,,,,Goethe-Zertifikat B1 Wortliste,https://www.goethe.de,draft
873,word,Obers,whipped dairy cream (Austrian German),cream / whipped cream,Ich hätte gern ein Stück Torte mit Schlagobers.,I would like a slice of cake with whipped cream.,B1,noun,3,medium,,A,,standard,"DACH: D=Sahne; CH=Rahm","food;dining",neuter,-,Obers,false,false,,,,"mit Obers servieren; Schlagobers","Schlagsahne; Rahm",,,,,,,Goethe-Zertifikat B1 Wortliste,https://www.goethe.de,draft
874,word,obwohl,concessive conjunction introducing fact,although / even though,"Obwohl meine Kollegin krank ist, geht sie arbeiten.",Although my colleague is ill she goes to work.,B1,conjunction,5,very high,,,,,standard,,,"grammar;concession",,,,false,false,,,,obwohl es regnet,"obgleich; wenngleich; obzwar",,,,,Goethe-Zertifikat B1 Wortliste,https://www.goethe.de,draft
875,word,Ofen,enclosed chamber heating room or baking,oven / stove / furnace,Ich habe gerade eine Pizza gemacht. Sie ist ganz frisch aus dem Ofen.,I just made a pizza. It is completely fresh out of the oven.,B1,noun,4,high,,"D; CH",,standard,DACH: A=Rohr,"household;kitchen",masculine,Öfen,Ofens,false,false,,,,"frisch aus dem Ofen; Backofen","Backofen; Kamin; Heizofen",,,,,,,Goethe-Zertifikat B1 Wortliste,https://www.goethe.de,draft
876,word,offenbar,evident from visible circumstances,apparently / evidently,Das Restaurant ist heute offenbar geschlossen.,The restaurant is apparently closed today.,B1,adverb,3,medium,,,,,standard,,,"clarity;cognition",adverb,,,,false,false,,,,offenbar wahr sein,"scheinbar; augenscheinlich; offensichtlich",unmerklich,,,Goethe-Zertifikat B1 Wortliste,https://www.goethe.de,draft
877,word,Öffentlichkeit,general body of the community / public sphere,public / the public sphere,Von solchen Dingen erfährt die Öffentlichkeit nur selten. / Ich möchte in der Öffentlichkeit nicht streiten.,The public only rarely finds out about such things. / I do not want to argue in public.,B1,noun,3,medium,,,,,standard,,,"society;media",feminine,-,Öffentlichkeit,false,false,,,,"in die Öffentlichkeit treten; an die Öffentlichkeit gehen","Publikum; Allgemeinheit",Privatsphäre,,,,Goethe-Zertifikat B1 Wortliste,https://www.goethe.de,draft
878,word,veröffentlichen,issue book or information to general public,to publish / to release,Das Buch wurde gestern veröffentlicht.,The book was published yesterday.,B1,verb,3,medium,,,,,standard,,,"media;books",,,,,false,false,haben,veröffentlicht,veröffentlichte,veröffentlicht,acc,einen Artikel/ein Buch veröffentlichen,"publizieren; herausgeben",geheim halten,Goethe-Zertifikat B1 Wortliste,https://www.goethe.de,draft
879,word,offiziell,authorized by governing authority,official / officially,Sie bekommen von uns eine offizielle Einladung.,You will receive an official invitation from us.,B1,adjective,4,high,,,,,standard,,,"official;administration",adjective,,,,false,false,,,,"offizielle Bestätigung; offiziell mitteilen","amtlich; förmlich","inoffiziell; privat",,,Goethe-Zertifikat B1 Wortliste,https://www.goethe.de,draft
880,word,öfter,more frequently than usual,more often / frequently,In letzter Zeit muss ich öfter Überstunden machen.,Lately I frequently have to work overtime.,B1,adverb,4,high,,,,,standard,,,"frequency;time",adverb,,,,false,false,,,,öfter vorbeischauen,"häufiger; mehrmals",seltener,,,Goethe-Zertifikat B1 Wortliste,https://www.goethe.de,draft
881,word,Öko-,prefix designating environmental protection,eco- / ecological,"z. B. Ökoladen, Ökostrom, ökologischer Anbau","e.g. organic food shop; green electricity; ecological farming",B1,prefix,3,medium,,,,,standard,,,"environment;shopping",,,,false,false,,,,"Ökoladen; Ökostrom",Bio-,konventionell,,,,Goethe-Zertifikat B1 Wortliste,https://www.goethe.de,draft
882,word,Oper,dramatic musical stage work sung with orchestra,opera,Ich mag Opern. / Warst du schon mal in der Oper?,I like operas. / Have you ever been to the opera?,B1,noun,3,medium,,,,,standard,,,"culture;music",feminine,-n,Oper,false,false,,,,"in die Oper gehen; Opernhaus","Musiktheater; Opernhaus",,,,,Goethe-Zertifikat B1 Wortliste,https://www.goethe.de,draft
883,word,operieren,perform surgical incision to treat pathology,to operate (surgically),Wir müssen das Knie sofort operieren.,We must operate on the knee immediately.,B1,verb,3,medium,,,,,standard,,,"health;medical",,,,,false,false,haben,operiert,operierte,operiert,acc,einen Patienten operieren,chirurgisch eingreifen,,Goethe-Zertifikat B1 Wortliste,https://www.goethe.de,draft
884,word,Operation,surgical procedure performed by medical doctor,operation / surgical procedure,Seit der Operation kann ich mein Knie nicht mehr bewegen.,Since the operation I can no longer move my knee.,B1,noun,3,medium,,,,,standard,,,"health;medical",feminine,-en,Operation,false,false,,,,"eine Operation überstehen; Notoperation","Eingriff; chirurgischer Eingriff",,,,,Goethe-Zertifikat B1 Wortliste,https://www.goethe.de,draft
885,word,Opfer,person harmed or killed by disaster/crime,victim / casualty,Bei der Schiffskatastrophe gab es viele Opfer.,In the shipping disaster there were many victims.,B1,noun,3,medium,,,,,standard,,,"danger;crime",neuter,-,Opfers,false,false,,,,Opfer eines Verbrechens,"Geschädigter; Betroffener",Täter,,,,Goethe-Zertifikat B1 Wortliste,https://www.goethe.de,draft
886,word,optimistisch,anticipating positive beneficial outcomes,optimistic,"Glaubst du, dass du den Job bekommst? - Ja, ich bin ganz optimistisch.","Do you believe you will get the job? - Yes; I am quite optimistic.",B1,adjective,3,medium,,,,,standard,,,"personality;emotions",adjective,,,,false,false,,,,optimistisch in die Zukunft blicken,"zuversichtlich; hoffnungsvoll",pessimistisch,,,Goethe-Zertifikat B1 Wortliste,https://www.goethe.de,draft
887,word,Orchester,large ensemble of instrumental musicians,orchestra,Auf unserer Hochzeit hat ein kleines Orchester gespielt.,At our wedding a small orchestra played.,B1,noun,3,medium,,,,,standard,,,"music;culture",neuter,-,Orchesters,false,false,,,,"im Orchester spielen; Symphonieorchester","Musikkapelle; Ensemble",,,,,Goethe-Zertifikat B1 Wortliste,https://www.goethe.de,draft
888,word,ordentlich,meticulous and tidy / respectable,tidy / neat / orderly,Mein Bruder ist ein sehr ordentlicher Mensch. / Auf seinem Schreibtisch sieht es immer sehr ordentlich aus.,My brother is a very tidy person. / On his desk it always looks very neat.,B1,adjective,4,high,,,,,standard,,,"cleanliness;personality",adjective,,,,false,false,,,,"ordentlich aussehen; ein ordentliches Zimmer","aufgeräumt; sauber; akkurat","unordentlich; schlampig",,,Goethe-Zertifikat B1 Wortliste,https://www.goethe.de,draft
889,word,Ordination,medical doctor's consulting room (Austrian),surgery / doctor's practice,Die Ordination bleibt bis zum 7. Jänner geschlossen. / Frau Dr. Berger hat von 8 bis 12 Uhr Ordination.,The doctor's practice remains closed until January 7th. / Dr. Berger holds office hours from 8 to 12 o'clock.,B1,noun,3,medium,,A,,standard,"DACH: D; CH=Praxis; Sprechstunde","medical;health",feminine,-en,Ordination,false,false,,,,in die Ordination gehen,"Praxis; Sprechstunde",,,,,,,Goethe-Zertifikat B1 Wortliste,https://www.goethe.de,draft
890,word,ordnen,arrange items into systematic arrangement,to organize / to put in order,Letztes Wochenende habe ich meine Papiere geordnet.,Last weekend I organized my papers.,B1,verb,3,medium,,,,,standard,,,"office;organization",,,,,false,false,haben,ordnet,ordnete,geordnet,acc,Dokumente ordnen,"sortieren; strukturieren",durcheinanderbringen,Goethe-Zertifikat B1 Wortliste,https://www.goethe.de,draft
891,word,Ordner,rigid binder folding portfolio for papers,binder / file folder,Für meine Übungen im Deutschkurs habe ich mir einen Ordner gekauft.,For my exercises in the German course I bought myself a binder.,B1,noun,3,medium,,,,,standard,,,"office;education",masculine,-,Ordners,false,false,,,,Unterlagen in den Ordner abheften,"Aktenordner; Ringbuch; Mappe",,,,,Goethe-Zertifikat B1 Wortliste,https://www.goethe.de,draft
892,word,Organisation,structured body / execution of an arrangement,organization / coordinating,Die Organisation des Festes war sehr gut. / Sind Sie Mitglied in einer Organisation?,The organization of the party was very good. / Are you a member of an organization?,B1,noun,4,high,,,,,standard,,,"business;planning",feminine,-en,Organisation,false,false,,,,eine gemeinnützige Organisation,"Vereinigung; Verband; Koordination",,,,,Goethe-Zertifikat B1 Wortliste,https://www.goethe.de,draft
893,word,Original,authentic primary manuscript or object,original,Das Original ist für Sie. Wir bekommen die Kopie.,The original is for you. We get the copy.,B1,noun,3,medium,,,,,standard,,,"documents;authenticity",neuter,-e,Originals,false,false,,,,das Original vorlegen,"Urschrift; Unikat","Kopie; Fälschung",,,,Goethe-Zertifikat B1 Wortliste,https://www.goethe.de,draft
894,word,original,genuine and not a reproduction,original,Ich muss das originale Dokument abgeben.,I have to hand in the original document.,B1,adjective,3,medium,,,,,standard,,,"documents;quality",adjective,,,,false,false,,,,"original verpackt; originale Urkunde","echt; authentisch; urwüchsig","gefälscht; nachgemacht",,,Goethe-Zertifikat B1 Wortliste,https://www.goethe.de,draft
895,word,Vorort,suburban community on perimeter of city,suburb,Mein Bruder wohnt in einem Vorort von Hamburg.,My brother lives in a suburb of Hamburg.,B1,noun,3,medium,,,,,standard,,,"housing;city",masculine,-e,Vorortes,false,false,,,,im Vorort leben,"Vorstadt; Trabantenstadt","Stadtzentrum; Innenstadt",,,,Goethe-Zertifikat B1 Wortliste,https://www.goethe.de,draft
896,word,Wohnort,town or municipality where one officially resides,place of residence,Tragen Sie bitte auch Ihren Wohnort ein.,Please also enter your place of residence.,B1,noun,3,medium,,,,,standard,,,"official;housing",masculine,-e,Wohnortes,false,false,,,,Wohnort und Anschrift,"Heimatort; Meldeadresse",,,,,Goethe-Zertifikat B1 Wortliste,https://www.goethe.de,draft
897,word,Ozean,vast continuous mass of global saltwater,ocean,Dieses Schiff fährt über den Atlantischen Ozean.,This ship travels across the Atlantic Ocean.,B1,noun,3,medium,,,,,standard,,,"geography;water",masculine,-e,Ozeans,false,false,,,,den Ozean überqueren,"Weltmeer; Meer",,,,,Goethe-Zertifikat B1 Wortliste,https://www.goethe.de,draft
898,word,ein paar,small indeterminate number (some),a few / several,Ich komme gleich. Es dauert nur ein paar Minuten. / Wir fahren mit ein paar Freunden in Urlaub.,I will be right there. It takes only a few minutes. / We are going on holiday with a few friends.,B1,pronoun,5,very high,,,,,standard,,,"quantity;pronoun",,,,false,false,,,,"ein paar Tage; vor ein paar Minuten","einige; manche",viele,,,,Goethe-Zertifikat B1 Wortliste,https://www.goethe.de,draft
899,word,Panne,breakdown of motor vehicle or logistical snag,breakdown / glitch / hitch,"Kurz vor München hatten wir eine Panne mit dem Auto. / Die Reise war schlecht organisiert, es gab mehrere Pannen.","Shortly before Munich we had a breakdown with the car. / The trip was poorly organized; there were several glitches.",B1,noun,3,medium,,,,,standard,,,"traffic;travel",feminine,-n,Panne,false,false,,,,"eine Autopanne haben; Pannenhelfer","Defekt; Störung; Malheur",Erfolg,,,,Goethe-Zertifikat B1 Wortliste,https://www.goethe.de,draft
900,word,Paradeiser,red edible salad fruit (Austrian German),tomato,Kauf bitte noch Paradeiser auf dem Markt.,Please buy some more tomatoes at the market.,B1,noun,3,medium,,A,,standard,"DACH: D; CH=Tomate","food;vegetables",masculine,-,Paradeisers,false,false,,,,frische Paradeiser,Tomate,,,,,,,Goethe-Zertifikat B1 Wortliste,https://www.goethe.de,draft
901,word,parallel,extending in identical direction / side by side,parallel / alongside,Die Goethestraße ist parallel zur Hauptstraße.,Goethestraße runs parallel to the main street.,B1,adjective,3,medium,,,,,standard,,,"geometry;traffic",adjective,,,,false,false,,,,"parallel verlaufen; parallel zu + dat","gleichlaufend; nebeneinander","senkrecht; kreuzend",,,Goethe-Zertifikat B1 Wortliste,https://www.goethe.de,draft
902,word,parkieren,leave motorcar stationary in space (Swiss German),to park,Hier dürfen Sie nicht parkieren. / Hier ist das Parkieren verboten.,You must not park here. / Parking is prohibited here.,B1,verb,3,medium,,CH,,standard,"DACH: D; A=parken","traffic;vehicles",,,,,false,false,haben,parkiert,parkierte,parkiert,"acc, intr",das Auto parkieren,"parken; abstellen",,,,Goethe-Zertifikat B1 Wortliste,https://www.goethe.de,draft
903,word,Passagier,traveler conveyed aboard airplane,ship,"or train, passenger, Die Passagiere Schulz und Kaufmann sollen bitte zur Information kommen.",Passengers Schulz and Kaufmann are requested to come to the information desk.,B1,noun,3,medium,,,,,standard,,,"travel;transit",masculine,-e,Passagiers,false,false,,,,"Passagiere an Bord; Fluggäste","Fahrgast; Fluggast; Reisender","Fahrer; Pilot",,,,Goethe-Zertifikat B1 Wortliste,https://www.goethe.de,draft
904,word,Passagierin,female traveler conveyed aboard vehicle/plane,passenger (female),Die Passagierin stieg in das Flugzeug ein.,The female passenger boarded the aircraft.,B1,noun,3,medium,,,,,standard,,,"travel;transit",feminine,-nen,Passagierin,false,false,,,,"Fluggästin; Mitreisende",Pilotin,,,,,Goethe-Zertifikat B1 Wortliste,https://www.goethe.de,draft
905,word,passiv,inactive or not participating actively,passive / inert,"Man sollte im Kurs nicht passiv sein, sondern mitdiskutieren.",One shouldn't be passive in the course but join the discussion.,B1,adjective,3,medium,,,,,standard,,,"behavior;education",adjective,,,,false,false,,,,sich passiv verhalten,"tatenlos; inaktiv; teilnahmslos","aktiv; tatkräftig",,,Goethe-Zertifikat B1 Wortliste,https://www.goethe.de,draft
906,word,Patient,person receiving medical care,patient,Ich bin Patient bei Dr. Hausner. Ich möchte bitte einen Termin.,I am a patient of Dr. Hausner. I would like an appointment please.,B1,noun,4,high,,,,,standard,,,"health;medical",masculine,-en,Patienten,false,false,,,,einen Patienten behandeln,"Kranker; Behandelter",Arzt,,,,Goethe-Zertifikat B1 Wortliste,https://www.goethe.de,draft
907,word,Patientin,female person receiving medical care,patient (female),Ich bin Patientin bei Dr. Hausner.,I am a female patient of Dr. Hausner.,B1,noun,4,high,,,,,standard,,,"health;medical",feminine,-nen,Patientin,false,false,,,,"Kranke; Behandelte",Ärztin,,,,,Goethe-Zertifikat B1 Wortliste,https://www.goethe.de,draft
908,word,pauschal,all-inclusive or lumped together,package / lump-sum / all-inclusive,Sie haben die Reise pauschal gebucht.,They booked the journey as an all-inclusive package.,B1,adjective,3,medium,,,,,standard,,,"travel;finance",adjective,,,,false,false,,,,"eine Pauschalreise buchen; pauschal abrechnen","all-inclusive; pauschaliert; pauschal","individuell; aufgeschlüsselt",,,Goethe-Zertifikat B1 Wortliste,https://www.goethe.de,draft
909,word,Pech,unfortunate bad luck or mishap,bad luck / misfortune,Es regnet. Unser Picknick fällt leider aus. So ein Pech! / Wir hatten im Urlaub Pech mit dem Wetter.,It is raining. Our picnic is unfortunately canceled. What bad luck! / We had bad luck with the weather on vacation.,B1,noun,4,high,,,,,standard,,,"emotions;general",neuter,-,Pechs,false,false,,,,"Pech haben; so ein Pech!","Missgeschick; Unglück; Unstern","Glück; Dusel",,,,Goethe-Zertifikat B1 Wortliste,https://www.goethe.de,draft
910,word,peinlich,causing uncomfortable shame or social awkwardness,embarrassing / awkward,Das muss dir nicht peinlich sein. / Das war eine peinliche Situation.,You don't need to feel embarrassed about that. / That was an embarrassing situation.,B1,adjective,3,medium,,,,,standard,,,"emotions;social",adjective,,,,false,false,,,,"eine peinliche Stille; peinlich berührt sein","unangenehm; beschämend; heikel",angenehm,,,Goethe-Zertifikat B1 Wortliste,https://www.goethe.de,draft
911,word,Pension,guesthouse accommodation / retirement pension (Austrian/Swiss),guesthouse / retirement pension,Im Urlaub haben wir in einer kleinen Pension gewohnt. / Sie ist 67 und bekommt jetzt eine gute Pension.,On holiday we stayed in a small guesthouse. / She is 67 and now gets a good pension.,B1,noun,3,medium,,"A; CH (for retirement)",,standard,DACH: retirement = D Rente,"hospitality;finance",feminine,-en,Pension,false,false,,,,"in einer Pension übernachten; in Pension gehen","Gästehaus; Ruhegehalt; Rente",,,,,,,Goethe-Zertifikat B1 Wortliste,https://www.goethe.de,draft
912,phrase,in Pension gehen,retire from professional work (Austrian German),to retire,Ich gehe Ende des Jahres in Pension.,I am retiring at the end of the year.,B1,phrase,3,medium,,A,,standard,"DACH: D=in Rente gehen; CH=pensioniert werden","work;age",phrase,,,,false,false,,,,Ende des Jahres in Pension gehen,"den Ruhestand antreten; pensioniert werden",,,,,,Goethe-Zertifikat B1 Wortliste,https://www.goethe.de,draft
913,phrase,in Pension sein,be in retirement from employment (Austrian German),to be retired,Mein Nachbar ist seit zehn Jahren in Pension.,My neighbor has been retired for ten years.,B1,phrase,3,medium,,A,,standard,"DACH: D=in Rente sein; CH=pensioniert sein","work;age",phrase,,,,false,false,,,,seit Jahren in Pension sein,"im Ruhestand sein; verrentet sein",berufstätig sein,,,,,Goethe-Zertifikat B1 Wortliste,https://www.goethe.de,draft
914,phrase,pensioniert werden,retire officially from professional service (Swiss German),to be retired / to retire,Ich werde Ende des Jahres pensioniert.,I will be retired at the end of the year.,B1,phrase,3,medium,,CH,,standard,"DACH: D=in Rente gehen; A=in Pension gehen","work;age",phrase,,,,false,false,,,,pensioniert werden,"in den Ruhestand treten; in Rente gehen",,,,,,Goethe-Zertifikat B1 Wortliste,https://www.goethe.de,draft
915,phrase,pensioniert sein,live in retirement (Swiss German),to be retired,Mein Nachbar ist seit zehn Jahren pensioniert.,My neighbor has been retired for ten years.,B1,phrase,3,medium,,CH,,standard,"DACH: D=in Rente sein; A=in Pension sein","work;age",phrase,,,,false,false,,,,voll pensioniert sein,im Ruhestand sein,berufstätig sein,,,,,Goethe-Zertifikat B1 Wortliste,https://www.goethe.de,draft
916,word,Pensionist,retired person living on pension (Austrian German),pensioner / retiree,Meine Großmutter arbeitet nicht mehr. Sie ist Pensionistin.,My grandmother no longer works. She is a pensioner.,B1,noun,3,medium,,A,,standard,"DACH: D; CH=Rentner","work;age",masculine,-en,Pensionisten,false,false,,,,als Pensionist leben,"Rentner; Ruheständler",Erwerbstätiger,,,,,,Goethe-Zertifikat B1 Wortliste,https://www.goethe.de,draft
917,word,Pensionistin,female retired person (Austrian German),pensioner / retiree (female),Meine Großmutter arbeitet nicht mehr. Sie ist Pensionistin.,My grandmother no longer works. She is a pensioner.,B1,noun,3,medium,,A,,standard,"DACH: D; CH=Rentnerin","work;age",feminine,-nen,Pensionistin,false,false,,,,"Rentnerin; Ruheständlerin",Erwerbstätige,,,,,,,Goethe-Zertifikat B1 Wortliste,https://www.goethe.de,draft
918,word,per,by means of or through channel of,by / via / per,Wie kann ich mich für den Kurs anmelden? - Per Fax oder E-Mail.,How can I register for the course? - By fax or email.,B1,preposition,4,high,,,,,standard,,,"communication;media",,,,false,false,,,acc / dat,"per E-Mail schicken; per Bahn","mittels; über; durch",,,,,Goethe-Zertifikat B1 Wortliste,https://www.goethe.de,draft
919,word,perfekt,flawless or excellent in every detail,perfect / perfectly,Die Reiseorganisation war perfekt.,The organization of the trip was perfect.,B1,adjective,4,high,,,,,standard,,,"evaluation;quality",adjective,,,,false,false,,,,"perfekt organisiert; perfekt Deutsch sprechen","tadellos; einwandfrei; optimal","mangelhaft; fehlerhaft",,,Goethe-Zertifikat B1 Wortliste,https://www.goethe.de,draft
920,word,Perron,railway platform alongside track (Swiss German),platform (railway),Auf Hauptbahnhöfen gibt es meist viele Perrons.,At main train stations there are usually many platforms.,B1,noun,3,medium,,CH,,standard,"DACH: D; A=Bahnsteig","transit;travel",masculine,-s,Perrons,false,false,,,,am Perron warten,"Bahnsteig; Gleis",,,,,,,Goethe-Zertifikat B1 Wortliste,https://www.goethe.de,draft
921,word,Personalien,individual identifying personal data of a citizen,personal details / personal particulars,Mein Kollege wird Ihre Personalien aufnehmen.,My colleague will record your personal details.,B1,noun,3,medium,Always plural in standard usage,,,,standard,,,"official;police",feminine,Personalien,Personalien,false,false,,,,die Personalien feststellen/aufnehmen,"Personalangaben; Identitätsdaten",,,,,Goethe-Zertifikat B1 Wortliste,https://www.goethe.de,draft
922,word,Personenstand,official legal domestic civil status,civil status / marital status,Bei „Personenstand“ musst du „ledig“ ankreuzen.,Under 'civil status' you have to check 'single'.,B1,noun,3,medium,,,,,standard,,,"official;demographics",masculine,-es,Personenstandes,false,false,,,,den Personenstand nachweisen,"Familienstand; Zivilstand",,,,,Goethe-Zertifikat B1 Wortliste,https://www.goethe.de,draft
923,word,Personal,workforce of employees collectively,staff / personnel,Dieser Eingang ist nur für das Personal.,This entrance is only for staff.,B1,noun,4,high,,,,,standard,,,"work;business",neuter,-,Personals,false,false,,,,"freundliches Personal; Personal suchen","Belegschaft; Angestellte; Mitarbeiter",Kundschaft,,,,Goethe-Zertifikat B1 Wortliste,https://www.goethe.de,draft
924,word,Pfanne,cooking pan with handle / pot (Swiss German),pan / frying pan / cooking pot,Hast du keine größere Pfanne? Ich möchte Kartoffeln kochen.,Don't you have a larger pan? I want to boil potatoes.,B1,noun,4,high,,CH (for pot),,standard,"DACH: cooking pot = D; A Topf","kitchen;cooking",feminine,-n,Pfanne,false,false,,,,"in die Pfanne hauen; Bratpfanne","Bratpfanne; Topf",,,,,,,Goethe-Zertifikat B1 Wortliste,https://www.goethe.de,draft
925,word,Pfeffer,hot pungent spice ground from peppercorns,pepper,Bringen Sie uns bitte Pfeffer und Salz.,Please bring us pepper and salt.,B1,noun,3,medium,,,,,standard,,,"food;cooking",masculine,-,Pfeffers,false,false,,,,"Salz und Pfeffer; schwarzer Pfeffer",Würzmittel,Salz,,,,Goethe-Zertifikat B1 Wortliste,https://www.goethe.de,draft
926,word,pflanzen,put seeds or young flora into soil to grow,to plant,Lass uns einen Baum pflanzen!,Let us plant a tree!,B1,verb,3,medium,,,,,standard,,,"gardening;nature",,,,,false,false,haben,pflanzt,pflanzte,gepflanzt,acc,einen Baum/Blumen pflanzen,"einsetzen; säen; anbauen","ausreißen; ernten",Goethe-Zertifikat B1 Wortliste,https://www.goethe.de,draft
927,word,Pflaster,adhesive wound dressing tape,plaster / band-aid,Hast du ein Pflaster? Ich habe mich geschnitten.,Do you have a plaster? I cut myself.,B1,noun,3,medium,,,,,standard,,,"health;medicine",neuter,-,Pflasters,false,false,,,,ein Pflaster aufkleben,"Heftpflaster; Wundverband",,,,,Goethe-Zertifikat B1 Wortliste,https://www.goethe.de,draft
928,word,Pflaume,sweet dark-purple stone fruit,plum,Ich esse gern Pflaumen und noch lieber Pflaumenkuchen.,I like eating plums and even more plum cake.,B1,noun,3,medium,,,,,standard,,,"food;fruit",feminine,-n,Pflaume,false,false,,,,"frische Pflaumen; Pflaumenkuchen",Zwetschge,,,,,Goethe-Zertifikat B1 Wortliste,https://www.goethe.de,draft
929,word,pflegen,look after frail person or maintain objects,to care for / to nurse / to tend,Meine Mutter ist sehr krank. Ich muss sie pflegen.,My mother is very ill. I must nurse her.,B1,verb,4,high,,,,,standard,,,"health;social",,,,,false,false,haben,pflegt,pflegte,gepflegt,acc,"Kranke/Haut pflegen; Beziehungen pflegen","versorgen; betreuen; warten",vernachlässigen,Goethe-Zertifikat B1 Wortliste,https://www.goethe.de,draft
930,word,Pfleger,trained healthcare assistant tending patients,nurse / caregiver,Meine Freundin ist Pflegerin in einem Altersheim.,My girlfriend is a caregiver in a retirement home.,B1,noun,3,medium,,,,,standard,,,"jobs;health",masculine,-,Pflegers,false,false,,,,"als Pfleger arbeiten; Altenpfleger","Krankenpfleger; Betreuer",,,,,Goethe-Zertifikat B1 Wortliste,https://www.goethe.de,draft
931,word,Pflegerin,female trained assistant tending patients,nurse / caregiver (female),Meine Freundin ist Pflegerin in einem Altersheim.,My girlfriend is a caregiver in a retirement home.,B1,noun,3,medium,,,,,standard,,,"jobs;health",feminine,-nen,Pflegerin,false,false,,,,"Altenpflegerin; Betreuerin",,,,,,Goethe-Zertifikat B1 Wortliste,https://www.goethe.de,draft
932,word,Pflicht,moral or legal binding obligation,duty / obligation,Als Autofahrer müssen Sie eine Versicherung haben. Das ist Pflicht.,As a driver you must have insurance. That is an obligation.,B1,noun,4,high,,,,,standard,,,"official;legal",feminine,-en,Pflicht,false,false,,,,"seine Pflicht erfüllen; Schulpflicht","Verpflichtung; Schuldigkeit",Recht,,,,Goethe-Zertifikat B1 Wortliste,https://www.goethe.de,draft
933,word,Phantasie,creative faculty of mind (spelling variant),imagination / fantasy,Mein Sohn malt sehr gut. Er hat viel Phantasie.,My son paints very well. He has a lot of imagination.,B1,noun,3,medium,,,,,standard,,,"creativity;art",feminine,-n,Phantasie,false,false,,,,Phantasie haben,"Fantasie; Vorstellungskraft",,,,,Goethe-Zertifikat B1 Wortliste,https://www.goethe.de,draft
934,word,Picknick,recreational meal eaten outdoors in grass,picnic,Am Sonntag machen wir ein Picknick.,On Sunday we will have a picnic.,B1,noun,3,medium,,,,,standard,,,"food;leisure",neuter,-s,Picknicks,false,false,,,,"ein Picknick machen; Picknickkorb",Mahlzeit im Freien,,,,,Goethe-Zertifikat B1 Wortliste,https://www.goethe.de,draft
935,word,Pille,small medicinal tablet or oral contraceptive,pill / tablet,Der Arzt hat mir neue Pillen verschrieben.,The doctor prescribed me new pills.,B1,noun,3,medium,,,,,standard,,,"health;medicine",feminine,-n,Pille,false,false,,,,"die Pille nehmen; Schlafpille","Tablette; Dragee",,,,,Goethe-Zertifikat B1 Wortliste,https://www.goethe.de,draft
936,word,Pilz,fleshy spore-bearing edible fungus,mushroom,Haben Sie frische Pilze?,Do you have fresh mushrooms?,B1,noun,3,medium,,"D; CH",,standard,DACH: A=Schwammerl,"food;nature",masculine,-e,Pilzes,false,false,,,,"Pilze sammeln; essbare Pilze","Schwammerl; Champignon",,,,,,,Goethe-Zertifikat B1 Wortliste,https://www.goethe.de,draft
937,word,Planung,process of designing and scheduling in advance,planning,Unsere Planung für das Sommerfest steht schon lange.,Our planning for the summer festival has been in place for a long time.,B1,noun,3,medium,,,,,standard,,,"planning;organization",feminine,-en,Planung,false,false,,,,in der Planung sein,"Vorbereitung; Konzeption",,,,,Goethe-Zertifikat B1 Wortliste,https://www.goethe.de,draft
938,word,Plastik,synthetic resin polymeric material,plastic,Was für ein Spielzeug möchten Sie? Aus Plastik oder aus Holz?,What kind of toy would you like? Made of plastic or of wood?,B1,noun,4,high,,,,,standard,,,"materials;household",neuter,-s,Plastiks,false,false,,,,"aus Plastik gefertigt; Plastikmüll","Kunststoff; Plastikmaterial",Holz,,,,Goethe-Zertifikat B1 Wortliste,https://www.goethe.de,draft
939,word,Politik,affairs and strategies of government,politics,Ich interessiere mich nicht für Politik.,I am not interested in politics.,B1,noun,4,high,,,,,standard,,,"politics;society",feminine,-,Politik,false,false,,,,"in die Politik gehen; Politik machen","Staatskunst; Regierungswesen",,,,,Goethe-Zertifikat B1 Wortliste,https://www.goethe.de,draft
940,word,Politiker,individual actively involved in public governance,politician,"Weißt du, wie dieser Politiker heißt?",Do you know what this politician is called?,B1,noun,4,high,,,,,standard,,,"politics;jobs",masculine,-,Politikers,false,false,,,,als Politiker tätig sein,"Volksvertreter; Mandatsträger",,,,,Goethe-Zertifikat B1 Wortliste,https://www.goethe.de,draft
941,word,Politikerin,female individual active in public governance,politician (female),Die Politikerin hielt eine Rede im Parlament.,The female politician gave a speech in parliament.,B1,noun,4,high,,,,,standard,,,"politics;jobs",feminine,-nen,Politikerin,false,false,,,,"Volksvertreterin; Mandatsträgerin",,,,,,Goethe-Zertifikat B1 Wortliste,https://www.goethe.de,draft
942,word,politisch,pertaining to the state and public government,political,Ich diskutiere mit meinem Mann oft über politische Probleme. / Die politischen Meinungen zum Thema Umwelt sind sehr verschieden.,I often discuss political issues with my husband. / Political opinions on the subject of the environment differ greatly.,B1,adjective,4,high,,,,,standard,,,"politics;society",adjective,,,,false,false,,,,"politische Partei; politisch aktiv",staatspolitisch,unpolitisch,,,Goethe-Zertifikat B1 Wortliste,https://www.goethe.de,draft
943,word,populär,liked and admired by widespread public,popular,Diese Musik ist bei Jugendlichen populär.,This music is popular among youths.,B1,adjective,3,medium,,,,,standard,,,"culture;evaluation",adjective,,,,false,false,,,,populär sein bei + dat,"beliebt; bekannt; gefeiert","unpopulär; unbeliebt",,,Goethe-Zertifikat B1 Wortliste,https://www.goethe.de,draft
944,word,Portemonnaie,small pouch holding cash currency (German / Swiss),purse / wallet,Ich habe nur Kleingeld in meinem Portemonnaie.,I only have small change in my purse.,B1,noun,3,medium,,"D; CH",,standard,"DACH: A=Geldbörse; D=Brieftasche","shopping;finance",neuter,-s,Portemonnaies,false,false,,,,das Portemonnaie zücken,"Geldbörse; Geldbeutel; Portmonee",,,,,,,Goethe-Zertifikat B1 Wortliste,https://www.goethe.de,draft
945,word,Portmonee,small pocket cash purse (German spelling variant),purse / wallet,Ich habe mein Portmonee vergessen.,I forgot my wallet.,B1,noun,3,medium,,"D; CH",,standard,"DACH: A=Geldbörse; D=Brieftasche","shopping;finance",neuter,-s,Portmonees,false,false,,,,"Geldbörse; Portemonnaie",,,,,,,,Goethe-Zertifikat B1 Wortliste,https://www.goethe.de,draft
946,word,positiv,affirming optimistic value / beneficial,positive / affirmative,Wir haben eine positive Nachricht für Sie. Sie bekommen die Stelle. / Man muss positiv denken.,We have positive news for you. You will get the position. / One must think positively.,B1,adjective,4,high,,,,,standard,,,"evaluation;emotions",adjective,,,,false,false,,,,"positiv gestimmt; positives Feedback","erfreulich; optimistisch; bejahend",negativ,,,Goethe-Zertifikat B1 Wortliste,https://www.goethe.de,draft
947,word,Pöstler,letter deliverer (Swiss German),postman / mail carrier,War der Pöstler schon da?,Has the mail carrier been here already?,B1,noun,3,medium,,CH,,standard,"DACH: D; A=Briefträger; Postbote","postal;jobs",masculine,-,Pöstlers,false,false,,,,der Pöstler bringt Post,"Briefträger; Postbote",,,,,,,Goethe-Zertifikat B1 Wortliste,https://www.goethe.de,draft
948,word,Pöstlerin,female letter deliverer (Swiss German),postwoman / mail carrier (female),War die Pöstlerin schon da?,Has the female mail carrier been here already?,B1,noun,3,medium,,CH,,standard,"DACH: D; A=Briefträgerin; Postbotin","postal;jobs",feminine,-nen,Pöstlerin,false,false,,,,"Briefträgerin; Postbotin",,,,,,,,Goethe-Zertifikat B1 Wortliste,https://www.goethe.de,draft
949,word,Poulet,roast chicken meat dish (Swiss German),chicken (roast),Zum Mittagessen gibt es Poulet mit Reis.,For lunch there is roast chicken with rice.,B1,noun,3,medium,,CH,,standard,"DACH: D=Hähnchen; A=Hendl","food;cooking",neuter,-s,Poulets,false,false,,,,Poulet im Chörbli essen,"Hähnchen; Hendl; Brathuhn",,,,,,,Goethe-Zertifikat B1 Wortliste,https://www.goethe.de,draft
950,word,Praktikant,individual serving an internship,intern / trainee,Bei dieser Firma habe ich zwei Jahre als Praktikant gearbeitet.,At this company I worked as an intern for two years.,B1,noun,3,medium,,,,,standard,,,"jobs;education",masculine,-en,Praktikanten,false,false,,,,als Praktikant einsteigen,"Volontär; Trainee; Hospitant",Festangestellter,,,,Goethe-Zertifikat B1 Wortliste,https://www.goethe.de,draft
951,word,Praktikantin,female individual serving an internship,intern / trainee (female),Bei dieser Firma habe ich zwei Jahre als Praktikantin gearbeitet.,At this company I worked as an intern for two years.,B1,noun,3,medium,,,,,standard,,,"jobs;education",feminine,-nen,Praktikantin,false,false,,,,"Volontärin; Trainee",Festangestellte,,,,,Goethe-Zertifikat B1 Wortliste,https://www.goethe.de,draft
952,word,präsentieren,show or showcase facts before audience,to present / to showcase,Präsentieren Sie Ihre Ergebnisse bitte im Kurs.,Please present your results to the class.,B1,verb,4,high,,,,,standard,,,"education;work",,,,,false,false,haben,präsentiert,präsentierte,präsentiert,"acc, dat","eine Präsentation halten; Produkte präsentieren","vorstellen; vorführen; darbieten",,Goethe-Zertifikat B1 Wortliste,https://www.goethe.de,draft
953,word,Präsentation,showcase lecture of findings with slides,presentation,Die Schülerin hat für ihre Präsentation eine gute Note bekommen.,The female pupil received a good grade for her presentation.,B1,noun,4,high,,,,,standard,,,"education;work",feminine,-en,Präsentation,false,false,,,,eine Präsentation vorbereiten/halten,"Vortrag; Vorführung; Schau",,,,,Goethe-Zertifikat B1 Wortliste,https://www.goethe.de,draft
954,word,prima,excellent and delightfully agreeable,great / excellent / fine,Mit diesen Leuten verstehe ich mich prima.,I get along great with these people.,B1,adjective,4,high,,,,,informal,,,"evaluation;social",adjective,,,,false,false,,,,"prima Idee; prima klappen","spitze; klasse; toll","schlecht; mies",,,Goethe-Zertifikat B1 Wortliste,https://www.goethe.de,draft
955,word,produzieren,manufacture or make goods,to produce / to manufacture,Unsere Firma produziert Feuerzeuge.,Our company produces lighters.,B1,verb,4,high,,,,,standard,,,"industry;production",,,,,false,false,haben,produziert,produzierte,produziert,acc,Waren im Werk produzieren,"herstellen; fertigen; erzeugen","verbrauchen; vernichten",Goethe-Zertifikat B1 Wortliste,https://www.goethe.de,draft
956,word,Produktion,industrial process of manufacturing goods,production / manufacturing,Die Produktion von Käse dauert oft viele Wochen.,The production of cheese often takes many weeks.,B1,noun,3,medium,,,,,standard,,,"industry;economy",feminine,-en,Produktion,false,false,,,,"in die Produktion gehen; Massenproduktion","Herstellung; Erzeugung; Fabrikation",Konsum,,,,Goethe-Zertifikat B1 Wortliste,https://www.goethe.de,draft
957,word,Professor,senior academic university teacher,professor,Unsere Nachbarin ist Professorin an der Universität.,Our neighbor is a professor at the university.,B1,noun,3,medium,,,,,standard,,,"education;academic",masculine,-en,Professors,false,false,,,,"als Professor lehren; Universitätsprofessor","Hochschullehrer; Dozent",Student,,,,Goethe-Zertifikat B1 Wortliste,https://www.goethe.de,draft
958,word,Professorin,female senior academic university teacher,professor (female),Unsere Nachbarin ist Professorin an der Universität.,Our neighbor is a professor at the university.,B1,noun,3,medium,,,,,standard,,,"education;academic",feminine,-nen,Professorin,false,false,,,,"Hochschullehrerin; Dozentin",Studentin,,,,,Goethe-Zertifikat B1 Wortliste,https://www.goethe.de,draft
959,word,Profi,practitioner who acts professionally for payment,pro / professional,Keine Angst. Mein Bruder kann die Heizung bestimmt reparieren. Er ist doch ein Profi.,Don't worry. My brother can surely fix the heating. After all he is a professional.,B1,noun,3,medium,,,,,standard,,,"work;sports",masculine,-s,Profis,false,false,,,,ein echter Profi sein,"Berufssportler; Experte; Fachmann","Amateur; Laie",,,,Goethe-Zertifikat B1 Wortliste,https://www.goethe.de,draft
960,word,Profisportler,athlete practicing sport professionally,professional athlete,Mein Sohn möchte Profisportler werden.,My son wants to become a professional athlete.,B1,noun,2,medium-low,,,,,standard,,,"sports;jobs",masculine,-,Profisportlers,false,false,,,,als Profisportler trainieren,Berufssportler,Amateursportler,,,,Goethe-Zertifikat B1 Wortliste,https://www.goethe.de,draft
961,word,Profisportlerin,female athlete practicing sport professionally,professional athlete (female),Die Profisportlerin gewann die Goldmedaille.,The professional female athlete won the gold medal.,B1,noun,2,medium-low,,,,,standard,,,"sports;jobs",feminine,-nen,Profisportlerin,false,false,,,,Berufssportlerin,Amateursportlerin,,,,,Goethe-Zertifikat B1 Wortliste,https://www.goethe.de,draft
962,word,Prost,traditional German drinking toast,cheers! / to your health!,Wir trinken auf Ihre Gesundheit! Prost!,We drink to your health! Cheers!,B1,interjection,4,high,,,,,standard,,,"hospitality;celebration",particle,,,,false,false,,,,Prost Neujahr!,"Zum Wohl!; Prosit",,,,Goethe-Zertifikat B1 Wortliste,https://www.goethe.de,draft
963,word,protestieren,express vigorous objection or dissent,to protest,Wir protestieren gegen den Bau der Autobahn.,We are protesting against the construction of the highway.,B1,verb,3,medium,,,,,standard,,,"politics;protest",,,,,false,false,haben,protestiert,protestierte,protestiert,gegen + acc,lautstark protestieren,"demonstrieren; einwenden",zustimmen,Goethe-Zertifikat B1 Wortliste,https://www.goethe.de,draft
964,word,Protest,public demonstration or statement of dissent,protest,Alle Proteste haben nichts genützt.,All protests were of no use.,B1,noun,3,medium,,,,,standard,,,"politics;protest",masculine,-e,Protestes,false,false,,,,"Protest einlegen; friedlicher Protest","Widerspruch; Demonstration; Einspruch",Zustimmung,,,,Goethe-Zertifikat B1 Wortliste,https://www.goethe.de,draft
965,word,Prozess,legal court trial / proceeding course,lawsuit / trial / process,Der Prozess wird direkt aus dem Gerichtssaal im Fernsehen übertragen.,The trial will be broadcast live from the courtroom on television.,B1,noun,3,medium,,,,,standard,,,"legal;courts",masculine,-e,Prozesses,false,false,,,,"einen Prozess führen; Gerichtsprozess","Gerichtsverhandlung; Ablauf; Vorgang",,,,,Goethe-Zertifikat B1 Wortliste,https://www.goethe.de,draft
966,word,Publikum,spectators or listeners at public event,audience / spectators,Es war ein tolles Konzert. Das Publikum war begeistert.,It was a great concert. The audience was thrilled.,B1,noun,4,high,,,,,standard,,,"culture;music",neuter,-,Publikums,false,false,,,,"vor Publikum auftreten; begeistertes Publikum","Zuschauer; Zuhörerschaft; Öffentlichkeit",,,,,Goethe-Zertifikat B1 Wortliste,https://www.goethe.de,draft
967,word,Puppe,toy modeled as human figure,doll,Unsere kleine Tochter bekommt zum Geburtstag eine Puppe.,Our little daughter is getting a doll for her birthday.,B1,noun,3,medium,,,,,standard,,,"toys;children",feminine,-n,Puppe,false,false,,,,mit einer Puppe spielen,"Püppchen; Spielzeugfigur",,,,,Goethe-Zertifikat B1 Wortliste,https://www.goethe.de,draft
968,word,Qualifikation,certified acquired professional competence,qualification,Für diese Arbeit haben Sie gute Qualifikationen.,For this job you have good qualifications.,B1,noun,3,medium,,,,,standard,,,"jobs;education",feminine,-en,Qualifikation,false,false,,,,berufliche Qualifikation vorweisen,"Befähigung; Eignung; Abschluss",,,,,Goethe-Zertifikat B1 Wortliste,https://www.goethe.de,draft
969,word,Quartier,residential urban neighborhood (Swiss German),neighborhood / quarter,Wir wohnen in einem schönen Quartier.,We live in a lovely neighborhood.,B1,noun,3,medium,,CH,,standard,"DACH: D; A=Viertel; Stadtviertel","housing;city",neuter,-e,Quartiers,false,false,,,,im Quartier wohnen,"Stadtviertel; Wohnviertel; Kiez",,,,,,,Goethe-Zertifikat B1 Wortliste,https://www.goethe.de,draft
970,word,quer,crossing diagonally or laterally through,across / crosswise,Ich muss zu meiner Arbeit quer durch die ganze Stadt fahren.,I have to travel right across the entire city to get to my work.,B1,adverb,3,medium,,,,,standard,,,"spatial;directions",adverb,,,,false,false,,,,"quer durch die Stadt; querfeldein","diagonal; schräg; querüber",längs,,,Goethe-Zertifikat B1 Wortliste,https://www.goethe.de,draft
971,word,Quittung,written acknowledgment confirming received payment,receipt,Brauchen Sie eine Quittung?,Do you need a receipt?,B1,noun,4,high,,,,,standard,,,"shopping;finance",feminine,-en,Quittung,false,false,,,,eine Quittung ausstellen/behalten,"Beleg; Kassenbon; Zahlungsbestätigung",,,,,Goethe-Zertifikat B1 Wortliste,https://www.goethe.de,draft
972,word,Rabatt,percentage price deduction off standard list,discount / rebate,Sie bekommen zehn Prozent Rabatt.,You receive a ten percent discount.,B1,noun,4,high,,,,,standard,,,"shopping;finance",masculine,-e,Rabatts,false,false,,,,"Rabatt gewähren; zehn Prozent Rabatt","Preisnachlass; Ermäßigung; Skonto",Aufschlag,,,,Goethe-Zertifikat B1 Wortliste,https://www.goethe.de,draft
973,word,Rad,circular rolling vehicle component / bicycle,wheel / bicycle,Hast du noch ein Rad? Ich bin durch Glas gefahren und jetzt ist mein Rad kaputt. / Sie fährt jeden Morgen mit dem Rad zur Arbeit. / Am Sonntag fahren wir oft Rad.,Do you have another wheel? I drove through glass and now my wheel is broken. / She rides to work by bicycle every morning. / On Sunday we often cycle.,B1,noun,5,very high,,"D; A (for bicycle)",,standard,"DACH: bicycle = D Fahrrad; CH Velo","traffic;vehicles",neuter,Räder,Rades,false,false,,,,"Rad fahren; das vordere Rad","Fahrrad; Velo; Scheibe",,,,,,,Goethe-Zertifikat B1 Wortliste,https://www.goethe.de,draft
974,word,Radfahrer,person traveling by pedal cycle,cyclist,Achtung! Da kommt eine Radfahrerin.,Watch out! There comes a female cyclist.,B1,noun,3,medium,,,,,standard,,,"traffic;transit",masculine,-,Radfahrers,false,false,,,,"auf Radfahrer achten; Radweg","Radler; Fahrradfahrer; Velofahrer","Fußgänger; Autofahrer",,,,Goethe-Zertifikat B1 Wortliste,https://www.goethe.de,draft
975,word,Radfahrerin,female person traveling by pedal cycle,cyclist (female),Achtung! Da kommt eine Radfahrerin.,Watch out! There comes a female cyclist.,B1,noun,3,medium,,,,,standard,,,"traffic;transit",feminine,-nen,Radfahrerin,false,false,,,,"Radlerin; Velofahrerin",Autofahrerin,,,,,Goethe-Zertifikat B1 Wortliste,https://www.goethe.de,draft
976,word,Rahm,creamy dairy emulsion on surface of milk (Swiss German),cream,Ich hätte gern ein Stück Torte mit Rahm.,I would like a slice of cake with whipped cream.,B1,noun,3,medium,,CH,,standard,"DACH: D=Sahne; A=Obers","food;dining",masculine,-,Rahms,false,false,,,,"Schlagrahm; mit Rahm servieren","Sahne; Schlagobers",,,,,,,Goethe-Zertifikat B1 Wortliste,https://www.goethe.de,draft
977,word,Rand,outer edge or perimeter boundary,edge / border / margin / outskirts,Wir wohnen am Rand der Innenstadt. Dort ist es billiger und ruhiger.,We live on the outskirts of the city center. There it is cheaper and quieter.,B1,noun,4,high,,,,,standard,,,"spatial;city",masculine,Ränder,Randes,false,false,,,,"am Rand stehen; Stadtrand","Kante; Begrenzung; Peripherie","Mitte; Zentrum",,,,Goethe-Zertifikat B1 Wortliste,https://www.goethe.de,draft
978,word,Rasen,manicured surface of green grass,lawn,Bitte den Rasen nicht betreten!,Please do not walk on the lawn!,B1,noun,3,medium,,,,,standard,,,"nature;housing",masculine,-,Rasens,false,false,,,,"den Rasen mähen; Rasenfläche","Grasfläche; Grünfläche",,,,,Goethe-Zertifikat B1 Wortliste,https://www.goethe.de,draft
979,word,rasieren,remove hair closely from skin with razor,to shave,Dein Bart ist aber lang! Du solltest dich mal wieder rasieren.,Your beard is long indeed! You should shave again.,B1,verb,3,medium,,,,,standard,,,"hygiene;body",,,,,true,false,haben,rasiert,rasierte,rasiert,"acc, refl",sich nass/trocken rasieren,"stutzen; den Bart scheren",,Goethe-Zertifikat B1 Wortliste,https://www.goethe.de,draft
980,word,Rat,helpful advisory guidance,advice / counsel,Was soll ich machen? Können Sie mir einen Rat geben?,What should I do? Can you give me some advice?,B1,noun,4,high,,,,,standard,,,"communication;advice",masculine,-,Rates,false,false,,,,"einen guten Rat geben; um Rat fragen","Ratschlag; Empfehlung; Hilfestellung",,,,,Goethe-Zertifikat B1 Wortliste,https://www.goethe.de,draft
981,word,Ratschlag,individual verbal piece of advice,piece of advice / recommendation,Meine Tochter nimmt meine Ratschläge nicht an.,My daughter does not accept my advice.,B1,noun,3,medium,,,,,standard,,,"communication;advice",masculine,Ratschläge,Ratschlags,false,false,,,,einen Ratschlag erteilen,"Empfehlung; Wink; Tipp",,,,,Goethe-Zertifikat B1 Wortliste,https://www.goethe.de,draft
982,word,Raucher,person regularly smoking tobacco products,smoker,Gibt es hier ein Zimmer für Raucher?,Is there a room for smokers here?,B1,noun,3,medium,,,,,standard,,,"health;lifestyle",masculine,-,Rauchers,false,false,,,,ein starker Raucher,Tabakkonsument,Nichtraucher,,,,Goethe-Zertifikat B1 Wortliste,https://www.goethe.de,draft
983,word,Raucherin,female person regularly smoking tobacco,smoker (female),Ich bin keine Raucherin. Ich bin Nichtraucherin.,I am not a smoker. I am a non-smoker.,B1,noun,3,medium,,,,,standard,,,"health;lifestyle",feminine,-nen,Raucherin,false,false,,,,Tabakkonsumentin,Nichtraucherin,,,,,Goethe-Zertifikat B1 Wortliste,https://www.goethe.de,draft
984,word,rauf,movement in an upward direction,up / upwards,"Hier ist die Treppe, also los, schnell rauf! / Möchtest du nicht raufkommen?","Here are the stairs; so come on; quickly up! / Wouldn't you like to come upstairs?",B1,adverb,4,high,,,,,informal,,,"spatial;directions",adverb,,,,false,false,,,,"nach rauf gehen; raufkommen","hinauf; herauf; nach oben",runter,,,Goethe-Zertifikat B1 Wortliste,https://www.goethe.de,draft
985,word,raus,movement outward toward outside,out / outside,Willst du rein oder raus? / Er ist gerade rausgelaufen.,Do you want to come in or go out? / He just ran outside.,B1,adverb,4,high,,,,,informal,,,"spatial;directions",adverb,,,,false,false,,,,"nach raus gehen; rauswerfen","hinaus; heraus; nach draußen",rein,,,Goethe-Zertifikat B1 Wortliste,https://www.goethe.de,draft
986,word,reagieren,respond dynamically to external stimulus,to react / to respond,"Ich habe dem Vermieter geschrieben, aber er hat noch nicht reagiert.","I wrote to the landlord; but he has not responded yet.",B1,verb,4,high,,,,,standard,,,"communication;psychology",,,,,false,false,haben,reagiert,reagierte,reagiert,auf + acc,schnell reagieren auf,"antworten; ansprechen auf",ignorieren,Goethe-Zertifikat B1 Wortliste,https://www.goethe.de,draft
987,word,Reaktion,response triggered by stimulus,reaction / response,Diese Reaktion ist typisch für ihn.,This reaction is typical of him.,B1,noun,3,medium,,,,,standard,,,"communication;psychology",feminine,-en,Reaktion,false,false,,,,eine heftige Reaktion zeigen,"Gegenwirkung; Erwiderung; Echo",Apathie,,,,Goethe-Zertifikat B1 Wortliste,https://www.goethe.de,draft
988,word,realisieren,bring plan into reality / comprehend mentally,to realize / to implement / to grasp,"Diese Pläne sind nicht zu realisieren. / Ich habe nicht realisiert, dass die Zeit schon um ist.",These plans cannot be realized. / I did not realize that the time was already up.,B1,verb,3,medium,,,,,standard,,,"work;cognition",,,,,false,false,haben,realisiert,realisierte,realisiert,acc,"Pläne realisieren; einen Irrtum realisieren","verwirklichen; umsetzen; begreifen",,Goethe-Zertifikat B1 Wortliste,https://www.goethe.de,draft
989,word,Realität,factual state of things as they actually exist,reality,Das gefällt dir nicht? Aber das ist die Realität.,You don't like that? But that is reality.,B1,noun,3,medium,,,,,standard,,,"philosophy;life",feminine,-en,Realität,false,false,,,,"in der Realität ankommen; harte Realität","Wirklichkeit; Gegebenheit; Tatsachenwelt","Traum; Fiktion",,,,Goethe-Zertifikat B1 Wortliste,https://www.goethe.de,draft
990,word,realistisch,sensibly aligned with objective facts,realistic,"Ich glaube nicht, dass du für das Auto noch so viel Geld bekommst. Das ist nicht realistisch.",I don't think you'll get that much money for the car anymore. That is not realistic.,B1,adjective,3,medium,,,,,standard,,,"evaluation;logic",adjective,,,,false,false,,,,"realistisch bleiben; ein realistischer Preis","lebensnah; sachlich; machbar","unrealistisch; utopisch",,,Goethe-Zertifikat B1 Wortliste,https://www.goethe.de,draft
991,word,Recherche,systematic detailed investigative search,research / investigation,Für diesen Bericht waren viele Recherchen nötig.,For this report extensive investigations were necessary.,B1,noun,3,medium,,,,,standard,,,"journalism;investigation",feminine,-n,Recherche,false,false,,,,"Recherchen anstellen; gründliche Recherche","Nachforschung; Ermittlung; Prüfung",,,,,Goethe-Zertifikat B1 Wortliste,https://www.goethe.de,draft
992,word,Rechner,computer machine or pocket calculator,computer / calculator,Mein Rechner ist kaputt.,My computer is broken.,B1,noun,3,medium,,,,,standard,,,"computer;technology",masculine,-,Rechners,false,false,,,,"den Rechner hochfahren; Taschenrechner","Computer; PC; Taschenrechner",,,,,Goethe-Zertifikat B1 Wortliste,https://www.goethe.de,draft
993,word,Recht,body of codified law / moral or legal entitlement,right / law,"Nach deutschem Recht kann er dafür nicht bestraft werden. / Ich hatte Vorfahrt. Ich war im Recht. / Die Rechnung stimmt nicht? Dann haben Sie das Recht, das Geld zurückzubekommen.",Under German law he cannot be penalized for that. / I had right of way. I was in the right. / The bill is wrong? Then you have the right to get your money back.,B1,noun,5,very high,,,,,standard,,,"legal;rights",neuter,-e,Rechtes,false,false,,,,"im Recht sein; das Recht haben zu + inf","Jura; Anspruch; Privileg",Unrecht,,,,Goethe-Zertifikat B1 Wortliste,https://www.goethe.de,draft
994,word,rechtlich,relating strictly to matters of statutory law,legal / juridical,Wir beraten Sie in rechtlichen Fragen.,We advise you on legal questions.,B1,adjective,3,medium,,,,,standard,,,legal,adjective,,,,false,false,,,,"rechtliche Schritte einleiten; rechtliche Beratung","juristisch; gesetzlich",außerrechtlich,,,Goethe-Zertifikat B1 Wortliste,https://www.goethe.de,draft
995,word,recht,correct in judgment / agreeable to schedule,right / correct / convenient,"Ist es Ihnen recht, wenn ich morgen vorbeikomme? / Da haben Sie recht. / Da muss ich Ihnen recht geben.",Is it convenient for you if I drop by tomorrow? / You are right there. / There I must agree you are right.,B1,adjective,5,very high,,,,,standard,,,"opinion;courtesy",adjective,,,,false,false,,,,"recht haben; recht geben; mir ist es recht","korrekt; passend; genehm","unrecht; falsch",,,Goethe-Zertifikat B1 Wortliste,https://www.goethe.de,draft
996,word,recht-,situated upon the right flank,right,Ich habe mir den rechten Arm gebrochen.,I broke my right arm.,B1,adjective,4,high,,,,,standard,,,"spatial;body",adjective,,,,false,false,,,,"der rechte Flügel; rechte Hand",rechtsseitig,link-,,,Goethe-Zertifikat B1 Wortliste,https://www.goethe.de,draft
997,word,rechtzeitig,at the appropriate agreed time before deadline,in good time / on time,Bitte weck mich rechtzeitig. Ich muss pünktlich sein.,Please wake me up in good time. I must be on time.,B1,adjective,4,high,,,,,standard,,,"time;punctuality",adjective,,,,false,false,,,,"rechtzeitig fertig werden; rechtzeitig ankommen","zeitig; beizeiten; pünktlich","zu spät; verspätet",,,Goethe-Zertifikat B1 Wortliste,https://www.goethe.de,draft
998,word,Rede,formal oral address delivered to audience,speech / address,Der Präsident hat eine Rede gehalten.,The president gave a speech.,B1,noun,4,high,,,,,standard,,,"politics;communication",feminine,-n,Rede,false,false,,,,"eine Rede halten; von etwas die Rede sein","Ansprache; Vortrag; Referat",,,,,Goethe-Zertifikat B1 Wortliste,https://www.goethe.de,draft
999,word,reduzieren,lower numerical amount or retail price,to reduce / to mark down,Wir haben jetzt unsere Preise reduziert. / Ist dieser Pullover auch reduziert?,We have now reduced our prices. / Is this sweater also marked down?,B1,verb,4,high,,,,,standard,,,"shopping;finance",,,,,false,false,haben,reduziert,reduzierte,reduziert,acc,Preise stark reduzieren,"herabsetzen; senken; drosseln","erhöhen; steigern",Goethe-Zertifikat B1 Wortliste,https://www.goethe.de,draft
1000,word,Referat,academic spoken presentation on topic,presentation / paper / report,Vielen Dank für dieses interessante Referat.,Thank you very much for this interesting presentation.,B1,noun,3,medium,,,,,standard,,,"school;education",neuter,-e,Referates,false,false,,,,ein Referat halten/vorbereiten,"Vortrag; Präsentation; Ausarbeitung",,,,,Goethe-Zertifikat B1 Wortliste,https://www.goethe.de,draft
1001,word,Reform,deliberate systemic structural modification of policy,reform,Die Regierung plant für nächstes Jahr eine Reform. Die Steuern sollen steigen.,The government is planning a reform for next year. Taxes are to rise.,B1,noun,3,medium,,,,,standard,,,"politics;society",feminine,-en,Reform,false,false,,,,eine Reform durchführen/beschließen,"Umgestaltung; Erneuerung; Modernisierung",Stillstand,,,,Goethe-Zertifikat B1 Wortliste,https://www.goethe.de,draft
1002,word,Regal,storage furniture consisting of horizontal shelves,shelf / bookcase,Das Buch steht im Regal oben rechts.,The book stands on the shelf at the top right.,B1,noun,4,high,,,,,standard,,,"furniture;housing",neuter,-e,Regals,false,false,,,,"ins Regal stellen; Bücherregal","Bord; Ablage; Regalwand",,,,,Goethe-Zertifikat B1 Wortliste,https://www.goethe.de,draft
1003,word,Regel,established guideline governing conduct/games,rule / regulation,Im Straßenverkehr sind viele Regeln zu beachten. / Wie geht dieses Spiel? Kennst du die Regeln? / In der Regel geht sie um sieben Uhr aus dem Haus.,In road traffic many rules must be observed. / How is this game played? Do you know the rules? / As a rule she leaves the house at seven o'clock.,B1,noun,5,very high,,,,,standard,,,"rules;traffic;games",feminine,-n,Regel,false,false,,,,"sich an die Regeln halten; in der Regel","Vorschrift; Norm; Richtlinie",Ausnahme,,,,Goethe-Zertifikat B1 Wortliste,https://www.goethe.de,draft
1004,word,regelmäßig,occurring at fixed predictable recurrent intervals,regular / regularly,Sie müssen die Tabletten regelmäßig nehmen.,You must take the tablets regularly.,B1,adjective,4,high,,,,,standard,,,"frequency;routine",adjective,,,,false,false,,,,"regelmäßig Sport treiben; regelmäßige Abstände","stetig; periodisch; pünktlich","unregelmäßig; sporadisch",,,Goethe-Zertifikat B1 Wortliste,https://www.goethe.de,draft
1005,word,regeln,manage or direct process/traffic by standards,to regulate / to control,Die Ampel ist kaputt. Ein Polizist regelt den Verkehr.,The traffic light is broken. A police officer directs traffic.,B1,verb,3,medium,,,,,standard,,,"traffic;official",,,,,false,false,haben,regelt,regelte,geregelt,acc,"den Verkehr regeln; eine Angelegenheit regeln","ordnen; steuern; organisieren",verwirren,Goethe-Zertifikat B1 Wortliste,https://www.goethe.de,draft
1006,word,Region,continuous distinct geographic territory,region / area,In der Rhein-Main-Region sind die Mieten sehr hoch. / Die Milch ist aus der Region.,In the Rhine-Main region rents are very high. / The milk comes from the region.,B1,noun,4,high,,,,,standard,,,"geography;nature",feminine,-en,Region,false,false,,,,"aus der Region stammen; ländliche Region","Gegend; Areal; Gebiet",,,,,Goethe-Zertifikat B1 Wortliste,https://www.goethe.de,draft
1007,word,regional,pertaining to surrounding local territory,regional / locally,Du kannst mit einer Regionalbahn fahren. Das ist billiger.,You can travel by regional train. That is cheaper.,B1,adjective,4,high,,,,,standard,,,"geography;food",adjective,,,,false,false,,,,"regionale Spezialitäten; Regionalbahn","örtlich; heimatlich; lokal","überregional; global",,,Goethe-Zertifikat B1 Wortliste,https://www.goethe.de,draft
1008,word,reichen,be sufficient / stretch out hand to pass,to be enough / to suffice / to hand / to pass,"Ich nehme nur eine Suppe. Das reicht mir. / Wie lange reicht das Papier noch? Ich glaube, wir müssen neues bestellen.",I'll only take a soup. That is enough for me. / How long will the paper last? I think we need to order new paper.,B1,verb,5,very high,,,,,standard,,,"quantity;dining",,,,,false,false,haben,reicht,reichte,gereicht,"dat, intr, acc","das reicht!; jemandem die Hand reichen","genügen; ausreichen; überreichen",fehlen,Goethe-Zertifikat B1 Wortliste,https://www.goethe.de,draft
1009,word,reif,fully developed and ready to be eaten,ripe / mature,Die Banane kannst du nicht essen. Sie ist noch nicht reif.,You cannot eat that banana. It is not ripe yet.,B1,adjective,3,medium,,,,,standard,,,"food;nature",adjective,,,,false,false,,,,"reifes Obst; reif werden","ausgewachsen; essbar; mundgerecht","unreif; grün",,,Goethe-Zertifikat B1 Wortliste,https://www.goethe.de,draft
1010,word,Reihenfolge,sequential succession in ordered arrangement,order / sequence,Achten Sie auf die Reihenfolge der Inhaltspunkte.,Pay attention to the sequence of the content points.,B1,noun,3,medium,,,,,standard,,,"order;logic",feminine,-n,Reihenfolge,false,false,,,,in chronologischer Reihenfolge,"Sequenz; Turnus; Abfolge",,,,,Goethe-Zertifikat B1 Wortliste,https://www.goethe.de,draft
1011,word,rein,unadulterated / clean / pure coincidence,pure / clean / sheer / sheerly,"Der Pullover ist aus reiner Wolle. / Es war reiner Zufall, dass ich die Uhr wiedergefunden habe. / Das Wasser ist so rein, dass man es trinken kann.",The sweater is made of pure wool. / It was pure coincidence that I found the watch again. / The water is so pure that you can drink it.,B1,adjective,4,high,,,,,standard,,,"quality;materials;cleanliness",adjective,,,,false,false,,,,"reine Wolle; reiner Zufall; reine Wahrheit","sauber; unverfälscht; pur","verschmutzt; unrein",,,Goethe-Zertifikat B1 Wortliste,https://www.goethe.de,draft
1012,word,reinigen,make free from dirt and stains,to clean,Ich möchte diesen Anzug reinigen lassen.,I would like to have this suit cleaned.,B1,verb,3,medium,,,,,standard,,,"cleaning;hygiene",,,,,false,false,haben,reinigt,reinigte,gereinigt,acc,"chemisch reinigen lassen; die Wunde reinigen","putzen; säubern; waschen","verschmutzen; beschmutzen",Goethe-Zertifikat B1 Wortliste,https://www.goethe.de,draft
1013,word,Reklame,commercial marketing publicity,advertising / advertisement,Ich möchte keine Reklame im Briefkasten.,I do not want advertising in my mailbox.,B1,noun,3,medium,,,,,standard,,,"shopping;media",feminine,-n,Reklame,false,false,,,,keine Reklame einwerfen,"Werbung; Annonce; Inserat",,,,,Goethe-Zertifikat B1 Wortliste,https://www.goethe.de,draft
1014,word,Rekord,supreme verified sports benchmark performance,record (sports),Es gibt einen neuen Rekord im Schwimmen.,There is a new record in swimming.,B1,noun,3,medium,,,,,standard,,,"sports;achievements",masculine,-e,Rekords,false,false,,,,einen Rekord aufstellen/brechen,"Höchstleistung; Bestmarke",,,,,Goethe-Zertifikat B1 Wortliste,https://www.goethe.de,draft
1015,word,relativ,evaluated strictly in comparison with others,relatively / relative,"Die Wohnung ist relativ groß, aber sehr teuer.","The apartment is relatively large; but very expensive.",B1,adverb,4,high,,,,,standard,,,"comparison;evaluation",adverb,,,,false,false,,,,"relativ einfach; relativ spät","vergleichsweise; verhältnismäßig",absolut,,,Goethe-Zertifikat B1 Wortliste,https://www.goethe.de,draft
1016,word,rennen,move rapidly at sprinting speed on foot,to run / to sprint,"Ich bin sehr schnell gerannt, aber der Bus war schon weg.","I ran very fast; but the bus was already gone.",B1,verb,4,high,,,,,standard,,,"movement;sports",,,,,false,false,sein,rennt,rannte,gerannt,"intr, dir","um sein Leben rennen; schnell rennen","laufen; sprinten; sausen",schleichen,Goethe-Zertifikat B1 Wortliste,https://www.goethe.de,draft
1017,word,Rente,monthly old-age retirement pension (German / Swiss),pension / retirement pension,Sie ist 67 und bekommt jetzt eine gute Rente.,She is 67 and now receives a good pension.,B1,noun,4,high,,"D; CH",,standard,DACH: A=Pension,"finance;work",feminine,-n,Rente,false,false,,,,"in Rente gehen; gesetzliche Rente","Ruhegehalt; Altersrente; Pension",,,,,,,Goethe-Zertifikat B1 Wortliste,https://www.goethe.de,draft
1018,phrase,in Rente gehen,enter formal retirement from work (German),to retire,Ich gehe Ende des Jahres in Rente.,I am retiring at the end of the year.,B1,phrase,4,high,,D,,standard,"DACH: A=in Pension gehen; CH=pensioniert werden","work;age",phrase,,,,false,false,,,,mit 65 in Rente gehen,"den Ruhestand antreten; verrentet werden",berufstätig werden,,,,,Goethe-Zertifikat B1 Wortliste,https://www.goethe.de,draft
1019,phrase,in Rente sein,live in retirement status (German),to be retired,Mein Nachbar ist seit zehn Jahren in Rente.,My neighbor has been retired for ten years.,B1,phrase,4,high,,D,,standard,"DACH: A=in Pension sein; CH=pensioniert sein","work;age",phrase,,,,false,false,,,,schon lange in Rente sein,im Ruhestand leben,arbeiten,,,,,Goethe-Zertifikat B1 Wortliste,https://www.goethe.de,draft
1020,word,Reportage,comprehensive journalistic news piece,reportage / feature / report,Hast du die Reportage über Afrika gesehen?,Did you watch the feature report about Africa?,B1,noun,3,medium,,,,,standard,,,"media;journalism",feminine,-n,Reportage,false,false,,,,eine Reportage filmen/schreiben,"Bericht; Fernsehreportage; Dokumentation",,,,,Goethe-Zertifikat B1 Wortliste,https://www.goethe.de,draft
1021,word,Reporter,journalist investigating and delivering news on site,reporter,Die Reporterin macht gerade ein Interview.,The reporter is conducting an interview right now.,B1,noun,3,medium,,,,,standard,,,"media;jobs",masculine,-,Reporters,false,false,,,,als Reporter berichten,"Journalist; Korrespondent",,,,,Goethe-Zertifikat B1 Wortliste,https://www.goethe.de,draft
1022,word,Reporterin,female journalist investigating news on site,reporter (female),Die Reporterin macht gerade ein Interview.,The female reporter is conducting an interview right now.,B1,noun,3,medium,,,,,standard,,,"media;jobs",feminine,-nen,Reporterin,false,false,,,,"Journalistin; Korrespondentin",,,,,,Goethe-Zertifikat B1 Wortliste,https://www.goethe.de,draft
1023,word,Reservierung,formal booking of table or seat,reservation / booking,Was kostet eine Reservierung?,How much does a reservation cost?,B1,noun,3,medium,,,,,standard,,,"hospitality;transit",feminine,-en,Reservierung,false,false,,,,eine Reservierung vornehmen/stornieren,"Buchung; Vorbestellung",,,,,Goethe-Zertifikat B1 Wortliste,https://www.goethe.de,draft
1024,word,Respekt,regard and deferential esteem toward someone,respect / deference,Ich habe großen Respekt vor meinem Lehrer. / Du solltest ihr mehr Respekt entgegenbringen. / Ich habe bei der Prüfung alle Punkte erreicht! - Respekt!,I have great respect for my teacher. / You should show her more respect. / I achieved all points in the exam! - Respect!,B1,noun,3,medium,,,,,standard,,,"social;courtesy",masculine,-,Respekts,false,false,,,,"Respekt haben vor + dat; Respekt zollen","Achtung; Hochachtung; Wertschätzung","Respektlosigkeit; Verachtung",,,,Goethe-Zertifikat B1 Wortliste,https://www.goethe.de,draft
1025,word,retten,preserve from grave peril,injury,"or death, to save / to rescue, Der Arzt konnte das Kind noch retten.",The doctor was still able to save the child.,B1,verb,4,high,,,,,standard,,,"emergency;health",,,,,false,false,haben,rettet,rettete,gerettet,"acc, vor + dat","ein Menschenleben retten; sich retten","bergen; erlösen; bewahren",verlieren,Goethe-Zertifikat B1 Wortliste,https://www.goethe.de,draft
1026,word,Richter,judicial presiding magistrate in court,judge,Der Richter hat noch kein Urteil gesprochen.,The judge has not delivered a verdict yet.,B1,noun,3,medium,,,,,standard,,,"legal;courts",masculine,-,Richters,false,false,,,,"vor den Richter treten; als Richter urteilen","Magistrat; Justizbeamter",Angeklagter,,,,Goethe-Zertifikat B1 Wortliste,https://www.goethe.de,draft
1027,word,Richterin,female judicial presiding magistrate,judge (female),Die Richterin fällte das Urteil.,The female judge delivered the verdict.,B1,noun,3,medium,,,,,standard,,,"legal;courts",feminine,-nen,Richterin,false,false,,,,Justizbeamtin,Angeklagte,,,,,Goethe-Zertifikat B1 Wortliste,https://www.goethe.de,draft
1028,word,Richtung,cardinal line along which someone travels,direction,Der Zug in Richtung Köln hat Verspätung. / In welche Richtung muss ich fahren?,The train in the direction of Cologne is delayed. / In which direction must I drive?,B1,noun,4,high,,,,,standard,,,"directions;transit",feminine,-en,Richtung,false,false,,,,"in die richtige Richtung gehen; Gegenrichtung","Kurs; Linie; Orientierung",,,,,Goethe-Zertifikat B1 Wortliste,https://www.goethe.de,draft
1029,word,riesig,immensely massive in physical size or degree,huge / enormous / immensely,Die Stadt ist riesig. / Ich habe mich über das Geschenk riesig gefreut.,The city is huge. / I was immensely pleased with the gift.,B1,adjective,4,high,,,,,standard,,,"size;emotions",adjective,,,,false,false,,,,"riesigen Spaß machen; ein riesiger Erfolg","gewaltig; gigantisch; enorm","winzig; winzig klein",,,Goethe-Zertifikat B1 Wortliste,https://www.goethe.de,draft
1030,word,Risiko,hazard possibility of financial or physical loss,risk,Ich nehme keinen Kredit auf. Das Risiko ist mir zu hoch.,I am not taking out a loan. The risk is too high for me.,B1,noun,4,high,,,,,standard,,,"finance;danger",neuter,Risiken,Risikos,false,false,,,,"ein Risiko eingehen; auf eigenes Risiko","Wagnis; Gefahr; Unsicherheit",Sicherheit,,,,Goethe-Zertifikat B1 Wortliste,https://www.goethe.de,draft
1031,word,roh,uncooked and in natural raw state,raw / uncooked,Du kannst das nicht essen. Das Fleisch ist noch roh.,You cannot eat that. The meat is still raw.,B1,adjective,3,medium,,,,,standard,,,"food;cooking",adjective,,,,false,false,,,,rohes Gemüse essen,"ungekocht; naturbelassen","gekocht; gebraten",,,Goethe-Zertifikat B1 Wortliste,https://www.goethe.de,draft
1032,word,Rohr,baking oven chamber (Austrian German),oven (baking),Ich habe gerade eine Pizza gemacht. Sie ist ganz frisch aus dem Rohr.,I just made a pizza. It is completely fresh out of the oven.,B1,noun,3,medium,,A,,standard,"DACH: D; CH=Ofen; Backofen","kitchen;food",neuter,-e,Rohres,false,false,,,,frisch aus dem Rohr,"Backrohr; Backofen",,,,,,,Goethe-Zertifikat B1 Wortliste,https://www.goethe.de,draft
1033,word,Rolle,character in dramatic performance / function,role / character / part,Die Schauspielerin hat ihre Rolle sehr gut gespielt. / Geld spielt in diesem Fall keine Rolle.,The actress played her role very well. / Money plays no role in this case.,B1,noun,4,high,,,,,standard,,,"culture;importance",feminine,-n,Rolle,false,false,,,,"eine Rolle spielen; die Hauptrolle","Funktion; Bühnenrolle; Walze",,,,,Goethe-Zertifikat B1 Wortliste,https://www.goethe.de,draft
1034,word,Roman,extended work of fiction prose,novel,Ich lese gern Romane.,I like reading novels.,B1,noun,4,high,,,,,standard,,,"literature;reading",masculine,-e,Romans,false,false,,,,"einen Roman schreiben/lesen; Kriminalroman","Buch; Belletristik",,,,,Goethe-Zertifikat B1 Wortliste,https://www.goethe.de,draft
1035,word,rück-,prefix indicating return or reverse motion,return- / back-,Auf der Rückfahrt besuche ich meine Eltern.,On the return trip I will visit my parents.,B1,prefix,4,high,,,,,standard,,,"transit;movement",,,,false,false,,,,"Rückfahrt; Rückflug; Rückseite",Zurück-,Hin-,,,,Goethe-Zertifikat B1 Wortliste,https://www.goethe.de,draft
1036,word,Rückfahrt,journey returning to place of departure,return trip / journey back,Auf der Rückfahrt besuche ich meine Eltern.,On the return trip I will visit my parents.,B1,noun,4,high,,,,,standard,,,"travel;transit",feminine,-en,Rückfahrt,false,false,,,,"die Rückfahrt antreten; Hin- und Rückfahrt","Rückreise; Heimfahrt",Hinfahrt,,,,Goethe-Zertifikat B1 Wortliste,https://www.goethe.de,draft
1037,word,Rückkehr,act of returning to homeland or dwelling,return / homecoming,Nach meiner Rückkehr haben wir ein großes Fest gefeiert.,After my return we celebrated a big party.,B1,noun,3,medium,,,,,standard,,,"travel;life",feminine,-,Rückkehr,false,false,,,,"die Rückkehr feiern; nach der Rückkehr","Heimkehr; Wiederkehr",Abreise,,,,Goethe-Zertifikat B1 Wortliste,https://www.goethe.de,draft
1038,word,rückwärts,in the direction toward the rear,backwards,Ich bin rückwärts aus der Garage gefahren.,I drove backwards out of the garage.,B1,adverb,3,medium,,,,,standard,,,"directions;traffic",adverb,,,,false,false,,,,rückwärts einparken,nach hinten,vorwärts,,,Goethe-Zertifikat B1 Wortliste,https://www.goethe.de,draft
1039,word,Rücksicht,considerate regard for others' rights,consideration / regard,Nehmen Sie bitte Rücksicht auf die anderen Gäste.,Please show consideration for the other guests.,B1,noun,3,medium,,,,,standard,,,"social;courtesy",feminine,-en,Rücksicht,false,false,,,,Rücksicht nehmen auf + acc,"Schonung; Achtsamkeit",Rücksichtslosigkeit,,,,Goethe-Zertifikat B1 Wortliste,https://www.goethe.de,draft
1040,word,Rüebli,edible carrot vegetable (Swiss German),carrot,Hasen fressen gern Rüebli.,Hares like eating carrots.,B1,noun,3,medium,,CH,,standard,"DACH: D=Möhre; D; A=Karotte","food;vegetables",neuter,-,Rüeblis,false,false,,,,frische Rüebli,"Karotte; Möhre",,,,,,,Goethe-Zertifikat B1 Wortliste,https://www.goethe.de,draft
1041,word,Rufnummer,telephone line dialing number,telephone number / phone number,Wir möchten Sie gerne anrufen. Wie ist Ihre Rufnummer?,We would like to call you. What is your phone number?,B1,noun,3,medium,,,,,standard,,,"telecom;communication",feminine,-n,Rufnummer,false,false,,,,die persönliche Rufnummer wählen,"Telefonnummer; Handynummer",,,,,Goethe-Zertifikat B1 Wortliste,https://www.goethe.de,draft
1042,word,Runde,circular lap in park or track / group of people,lap / round / group,Ich laufe jeden Tag fünf Runden im Park. / Wir müssen über die Probleme sprechen. Am besten mit allen in einer Runde.,I run five laps in the park every day. / We must talk about the problems. Best with everyone in a circle/group.,B1,noun,4,high,,,,,standard,,,"sports;social",feminine,-n,Runde,false,false,,,,"eine Runde drehen; eine Runde ausgeben","Laufrunde; Kreis; Zirkel",,,,,Goethe-Zertifikat B1 Wortliste,https://www.goethe.de,draft
1043,word,Rundfahrt,circular sightseeing tour returning to origin,round trip / sightseeing tour,Am zweiten Tag haben wir eine Rundfahrt durch den Hafen gemacht.,On the second day we took a sightseeing tour of the harbor.,B1,noun,3,medium,,,,,standard,,,"tourism;travel",feminine,-en,Rundfahrt,false,false,,,,eine Stadtrundfahrt machen,"Rundreise; Besichtigungstour",,,,,Goethe-Zertifikat B1 Wortliste,https://www.goethe.de,draft
1044,word,Saal,spacious indoor room for gatherings/concerts,hall / ballroom,Für unsere Familienfeier haben wir einen kleinen Saal gemietet.,For our family celebration we rented a small hall.,B1,noun,3,medium,,,,,standard,,,"events;buildings",masculine,Säle,Saales,false,false,,,,"im Saal sitzen; Festsaal","Aula; Halle; Raum",,,,,Goethe-Zertifikat B1 Wortliste,https://www.goethe.de,draft
1045,word,Sack,large sturdy flexible cloth/plastic bag,sack / bag,Ich hätte gern einen Sack Kartoffeln. / Wo soll ich die Säcke mit dem Müll hinstellen?,I would like a sack of potatoes. / Where should I put the bags with the rubbish?,B1,noun,3,medium,,,,,standard,,,"household;containers",masculine,Säcke,Sackes,false,false,,,,"ein Sack Zement; Müllsack","Beutel; Tasche",,,,,Goethe-Zertifikat B1 Wortliste,https://www.goethe.de,draft
1046,word,Sahne,rich fatty layer skimmed from milk (German standard),cream / whipped cream,Ich hätte gern ein Stück Torte mit Sahne.,I would like a slice of cake with whipped cream.,B1,noun,4,high,,D,,standard,"DACH: A=Obers; CH=Rahm","food;dining",feminine,-,Sahne,false,false,,,,"Schlagsahne; mit Sahne","Schlagrahm; Rahm; Obers",,,,,,,Goethe-Zertifikat B1 Wortliste,https://www.goethe.de,draft
1047,word,Saison,distinct period or recurring annual season,season,Urlaub in den Schulferien ist immer teurer. Das ist die Saison mit den höchsten Preisen.,Vacation during school holidays is always more expensive. That is the season with the highest prices.,B1,noun,3,medium,,,,,standard,,,"tourism;calendar",feminine,-s,Saison,false,false,,,,"Hauptsaison; Hochsaison; Nebensaison","Spielzeit; Jahreszeit",,,,,Goethe-Zertifikat B1 Wortliste,https://www.goethe.de,draft
1048,word,Salbe,semi-solid medicinal ointment applied to skin,ointment / cream,Diese Salbe gibt es nur auf Rezept.,This ointment is available on prescription only.,B1,noun,3,medium,,,,,standard,,,"health;medicine",feminine,-n,Salbe,false,false,,,,eine Salbe auftragen/einreiben,"Creme; Paste; Balsam",,,,,Goethe-Zertifikat B1 Wortliste,https://www.goethe.de,draft
1049,word,Salon,luxurious hair/beauty business establishment,salon,Sie arbeitet als Friseurin in einem Salon.,She works as a hairdresser in a salon.,B1,noun,3,medium,,,,,standard,,,"jobs;beauty",masculine,-s,Salons,false,false,,,,"im Salon bedient werden; Friseursalon","Atelier; Studio; Laden",,,,,Goethe-Zertifikat B1 Wortliste,https://www.goethe.de,draft
1050,word,salzig,tasting strongly of table salt,salty,Dieses Essen ist zu salzig für mich.,This food is too salty for me.,B1,adjective,3,medium,,,,,standard,,,"food;taste",adjective,,,,false,false,,,,sehr salzig schmecken,"versalzen; würzig",süß,,,Goethe-Zertifikat B1 Wortliste,https://www.goethe.de,draft
1051,word,sämtliche,all without any solitary exception,all / complete,Sämtliche Fenster müssen geschlossen bleiben.,All windows must remain closed.,B1,pronoun,3,medium,,,,,standard,,,"quantifier;pronoun",,,,false,false,,,,sämtliche Daten löschen,"alle; ausnahmslos alle",keine,,,,Goethe-Zertifikat B1 Wortliste,https://www.goethe.de,draft
1052,word,Sand,loose granular material from disintegrated rock,sand,Die Kinder spielen gern im Sand.,The children like playing in the sand.,B1,noun,4,high,,,,,standard,,,"nature;leisure",masculine,-,Sandes,false,false,,,,"im Sand bauen; Sandstrand","Sandboden; Kiesel",,,,,Goethe-Zertifikat B1 Wortliste,https://www.goethe.de,draft
1053,word,satt,having satisfied physical hunger / fed up,full / sated / fed up,"Möchten Sie noch etwas? - Nein danke, ich bin satt.","Would you like anything else? - No thanks; I am full.",B1,adjective,4,high,,,,,standard,,,"food;emotions",adjective,,,,false,false,,,,"satt sein; sich satt essen","gesättigt; voll",hungrig,,,Goethe-Zertifikat B1 Wortliste,https://www.goethe.de,draft
1054,word,Schachtel,cardboard box container,box / pack,Ich hätte gern eine Schachtel Zigaretten. / Meiner Mutter schenke ich eine Schachtel Pralinen.,I would like a pack of cigarettes. / I am giving my mother a box of chocolates.,B1,noun,4,high,,,,,standard,,,"shopping;packaging",feminine,-n,Schachtel,false,false,,,,"eine Schachtel Pralinen; Schachtel Zigaretten","Karton; Schatulle; Schachtel",,,,,Goethe-Zertifikat B1 Wortliste,https://www.goethe.de,draft
1055,word,schade,expressing regret for unfortunate circumstance,pity / a shame,"Ich kann leider nicht mitkommen. - Das ist aber schade! / Schade, dass du nicht mitkommen kannst.",I unfortunately cannot come along. - That is a shame! / What a pity that you cannot come along.,B1,adjective,4,high,,,,,standard,,,"emotions;courtesy",predicative,,,,false,false,,,,das ist wirklich schade,"bedauerlich; traurig",erfreulich,,,Goethe-Zertifikat B1 Wortliste,https://www.goethe.de,draft
1056,word,schaden,cause physical harm or financial loss,to damage / to harm,Ein kleines Glas Wein kann nicht schaden.,A small glass of wine cannot hurt.,B1,verb,4,high,,,,,standard,,,"health;damage",,,,,false,false,haben,schadet,schadete,geschadet,dat,gesundheitlich schaden,"beeinträchtigen; schädigen","nützen; helfen",Goethe-Zertifikat B1 Wortliste,https://www.goethe.de,draft
1057,word,Schaden,detrimental physical harm or financial loss,damage / loss / harm,Ich hatte einen Unfall mit dem Auto. Jetzt muss ich den Schaden der Versicherung melden.,I had a car accident. Now I must report the damage to the insurance company.,B1,noun,4,high,,,,,standard,,,"insurance;damage",masculine,Schäden,Schadens,false,false,,,,"einen Schaden melden; Sachschaden","Unfallschaden; Nachteil",Nutzen,,,,Goethe-Zertifikat B1 Wortliste,https://www.goethe.de,draft
1058,word,schalten,operate mechanical switch or gearshift,to switch / to shift gears,"Schalten Sie bitte das Licht aus, wenn Sie gehen.",Please switch off the light when you leave.,B1,verb,3,medium,,,,,standard,,,"technology;traffic",,,,,false,false,haben,schaltet,schaltete,geschaltet,"acc, intr","in den ersten Gang schalten; das Licht schalten","bedienen; umschalten",,Goethe-Zertifikat B1 Wortliste,https://www.goethe.de,draft
1059,word,Schatten,dark shape cast by blocking light source,shade / shadow,Gestern hatten wir 25 Grad im Schatten.,Yesterday we had 25 degrees in the shade.,B1,noun,3,medium,,,,,standard,,,"weather;light",masculine,-,Schattens,false,false,,,,im Schatten sitzen,"Schattseite; Halbschatten",Sonne,,,,Goethe-Zertifikat B1 Wortliste,https://www.goethe.de,draft
1060,word,schätzen,form approximate estimate or hold in high regard,to estimate / to value / to appreciate,"Wie alt ist der Chef? Ich weiß nicht, ich schätze, um die Fünfzig. / Ich schätze deine gute Arbeit., How old is the boss? I don't know",I estimate around fifty. / I appreciate your good work.,B1,verb,4,high,,,,,standard,,,"cognition;evaluation",,,,,false,false,haben,schätzt,schätzte,geschätzt,"acc, auf + acc","ein Risiko einschätzen; jemanden schätzen","vermuten; wertschätzen; taxieren",,Goethe-Zertifikat B1 Wortliste,https://www.goethe.de,draft
1061,word,schauen,direct visual gaze toward,to look / to watch,Schau mal! Da vorne ist noch ein Platz frei.,Just look! There's a seat free up ahead.,B1,verb,5,very high,,,,,standard,,,"vision;daily life",,,,,false,false,haben,schaut,schaute,geschaut,"intr, nach + acc, in + acc",aus dem Fenster schauen,"blicken; sehen; schauen",,Goethe-Zertifikat B1 Wortliste,https://www.goethe.de,draft
1062,word,Schaufenster,large glass window facing shop display,shop window / display window,Ich habe im Schaufenster eine schicke Bluse gesehen.,I saw a smart blouse in the shop window.,B1,noun,3,medium,,,,,standard,,,"shopping;architecture",neuter,-,Schaufensters,false,false,,,,im Schaufenster ausstellen,Auslagenfenster,,,,,Goethe-Zertifikat B1 Wortliste,https://www.goethe.de,draft
1063,word,Scheibe,flat thin circular piece of material,slice / pane (glass),"Fünf Scheiben Käse, bitte. / Die Scheiben sind ganz schmutzig. Ich muss die Fenster putzen., Five slices of cheese",please. / The window panes are quite dirty. I must clean the windows.,B1,noun,4,high,,,,,standard,,,"food;housing",feminine,-n,Scheibe,false,false,,,,"eine Scheibe Brot; Fensterscheibe","Platte; Schnitt; Glasscheibe",,,,,Goethe-Zertifikat B1 Wortliste,https://www.goethe.de,draft
1064,word,sich scheiden lassen,legally dissolve marital contract,to get a divorce,Meine Nachbarn haben sich scheiden lassen.,My neighbors got a divorce.,B1,verb,3,medium,,,,,standard,,,"family;legal",,,,,true,true,haben,lässt sich scheiden,ließ sich scheiden,sich scheiden lassen,refl,sich scheiden lassen,die Ehe auflösen,heiraten,Goethe-Zertifikat B1 Wortliste,https://www.goethe.de,draft
1065,word,Scheidung,legal termination of marriage,divorce,Wann war die Scheidung?,When was the divorce?,B1,noun,3,medium,,,,,standard,,,"family;legal",feminine,-en,Scheidung,false,false,,,,die Scheidung einreichen,Ehescheidung,Heirat,,,,Goethe-Zertifikat B1 Wortliste,https://www.goethe.de,draft
1066,word,Schein,paper bank currency note or certificate,banknote / certificate / light beam,Kannst du einen Schein in Kleingeld wechseln? / Hast du Kleingeld für den Automaten? Ich habe nur Scheine.,Can you change a banknote into small change? / Do you have loose change for the machine? I only have banknotes.,B1,noun,4,high,,,,,standard,,,"money;official",masculine,-e,Scheins,false,false,,,,"einen Schein wechseln; Geldschein","Banknote; Ausweis; Schein",,,,,Goethe-Zertifikat B1 Wortliste,https://www.goethe.de,draft
1067,word,schieben,push heavy object across floor,to push / to shove,Leider ist mein Fahrrad kaputtgegangen. Ich musste es nach Hause schieben. / Wir können den Schrank links an die Wand schieben.,Unfortunately my bicycle broke down. I had to push it home. / We can push the wardrobe to the left against the wall.,B1,verb,3,medium,,,,,standard,,,"movement;actions",,,,,false,false,haben,schiebt,schob,geschoben,acc,das Fahrrad schieben,"drücken; fortbewegen",ziehen,Goethe-Zertifikat B1 Wortliste,https://www.goethe.de,draft
1068,word,schief,not straight or leaning to one side,crooked / slanted,Der Spiegel hängt ganz schief.,The mirror is hanging completely crooked.,B1,adjective,3,medium,,,,,standard,,,"geometry;housing",adjective,,,,false,false,,,,"schief hängen; schief gehen","krumm; schräg; windschief","gerade; waagerecht",,,Goethe-Zertifikat B1 Wortliste,https://www.goethe.de,draft
1069,word,schießen,discharge projectile from weapon or strike ball,to shoot,Unsere Mannschaft hat ein Tor geschossen.,Our team scored a goal.,B1,verb,3,medium,,,,,standard,,,"sports;weapons",,,,,false,false,haben,schießt,schoss,geschossen,acc / intr,ein Tor schießen,"feuern; abfeuern",,Goethe-Zertifikat B1 Wortliste,https://www.goethe.de,draft
1070,word,Schlaf,natural state of resting unconsciousness,sleep,Das Kind macht jeden Tag nach dem Mittagessen einen kurzen Schlaf. / Genügend Schlaf ist wichtig für die Gesundheit.,The child takes a short sleep every day after lunch. / Sufficient sleep is important for health.,B1,noun,4,high,,,,,standard,,,"sleep;health",masculine,-,Schlafs,false,false,,,,"schlafen gehen; tiefer Schlaf","Schlummer; Ruhe",,,,,Goethe-Zertifikat B1 Wortliste,https://www.goethe.de,draft
1071,word,schlagen,strike with force using hand or object,to hit / to beat / to strike,Wer hat den Weltmeister geschlagen? / Ich muss einen Nagel in die Wand schlagen.,Who beat the world champion? / I have to hammer a nail into the wall.,B1,verb,4,high,,,,,standard,,,"actions;sports",,,,,false,false,haben,schlägt,schlug,geschlagen,acc,"einen Nagel einschlagen; jemanden schlagen","hauen; treffen; boxen",,Goethe-Zertifikat B1 Wortliste,https://www.goethe.de,draft
1072,word,Schlange,long line of waiting people or reptile,queue / line / snake,Auf der Post gibt es immer eine lange (Warte-)Schlange.,At the post office there is always a long queue.,B1,noun,3,medium,,,,,standard,,,"animals;transit",feminine,-n,Schlange,false,false,,,,"in der Schlange stehen; Giftschlange","Warteschlange; Reihe",,,,,Goethe-Zertifikat B1 Wortliste,https://www.goethe.de,draft
1073,word,schlank,having a thin graceful body shape,slim / slender,In diesem Kleid siehst du sehr schlank aus.,In this dress you look very slim.,B1,adjective,3,medium,,,,,standard,,,"body;appearance",adjective,,,,false,false,,,,"schlank sein; schlanke Figur","drahtig; schmal","dick; breit",,,Goethe-Zertifikat B1 Wortliste,https://www.goethe.de,draft
1074,word,schließlich,ultimately or as a concluding point,finally / after all / ultimately,Ich musste lange warten. Aber schließlich habe ich den Job doch noch bekommen. / Ich helfe dir natürlich. Du bist schließlich mein Freund.,I had to wait a long time. But finally I got the job after all. / I will help you of course. After all you are my friend.,B1,adverb,5,very high,,,,,standard,,,"time;reasoning",adverb,,,,false,false,,,,schließlich und endlich,"endlich; schlussendlich; denn",,,,Goethe-Zertifikat B1 Wortliste,https://www.goethe.de,draft
1075,word,schmal,having small breadth or width,narrow,Hier kannst du nicht parken. Die Straße ist zu schmal.,You cannot park here. The street is too narrow.,B1,adjective,3,medium,,,,,standard,,,dimensions,adjective,,,,false,false,,,,ein schmaler Weg,"eng; dünn","breit; weit",,,Goethe-Zertifikat B1 Wortliste,https://www.goethe.de,draft
1076,word,Schmerzmittel,pharmaceutical drug relieving pain,painkiller,Sie haben Zahnschmerzen? Ich verschreibe Ihnen ein Schmerzmittel.,You have toothache? I'll prescribe you a painkiller.,B1,noun,3,medium,,,,,standard,,,"health;medicine",neuter,-,Schmerzmittels,false,false,,,,ein Schmerzmittel einnehmen,Analgetikum,,,,,Goethe-Zertifikat B1 Wortliste,https://www.goethe.de,draft
1077,word,schminken,apply cosmetic makeup to face,to put on makeup,Du bist heute sehr schön geschminkt.,You are made up very nicely today.,B1,verb,2,medium-low,,,,,standard,,,"cosmetics;hygiene",,,,,true,true,haben,schminkt,schminkte,geschminkt,"acc, refl",sich schminken,make-up auflegen,,Goethe-Zertifikat B1 Wortliste,https://www.goethe.de,draft
1078,word,Schmuck,decorative personal ornaments worn on body,jewelry,Dieser Schmuck ist von meiner Großmutter.,This jewelry is from my grandmother.,B1,noun,3,medium,,,,,standard,,,"jewelry;fashion",masculine,-e,Schmucks,false,false,,,,goldener Schmuck tragen,"Juwelen; Geschmeide",,,,,Goethe-Zertifikat B1 Wortliste,https://www.goethe.de,draft
1079,word,verschmutzen,render environment or surface dirty,to pollute / to dirty,Die Fabrik verschmutzt den Fluss.,The factory pollutes the river.,B1,verb,3,medium,,,,,standard,,,"environment;cleaning",,,,,false,false,haben,verschmutzt,verschmutzte,verschmutzt,acc,die Umwelt verschmutzen,"verunreinigen; verdrecken","säubern; reinigen",Goethe-Zertifikat B1 Wortliste,https://www.goethe.de,draft
1080,word,Schnitzel,flat tenderized breaded meat cutlet,escalope / schnitzel,"Bitte ein Schnitzel mit Kartoffeln und Salat., A schnitzel with potatoes and salad",please.,B1,noun,3,medium,,,,,standard,,,"food;cooking",neuter,-,Schnitzels,false,false,,,,ein Schnitzel braten,Paniertes Fleisch,,,,,Goethe-Zertifikat B1 Wortliste,https://www.goethe.de,draft
1081,word,Schnupfen,nasal catarrh and common cold condition,cold (runny nose) / snuffles,Ich habe Schnupfen. Welches Medikament empfehlen Sie?,I have a cold. Which medication do you recommend?,B1,noun,3,medium,,,,,standard,,,"health;medicine",masculine,-,Schnupfens,false,false,,,,Husten und Schnupfen,Fließschnupfen,,,,,Goethe-Zertifikat B1 Wortliste,https://www.goethe.de,draft
1082,word,Schreck,sudden jolt of fear or alarm,fright / shock,Ich habe einen großen Schreck bekommen.,I got a big fright.,B1,noun,3,medium,,,,,standard,,,emotions,masculine,-e,Schrecks,false,false,,,,einen Schreck bekommen,"Erschrecken; Schock",,,,,Goethe-Zertifikat B1 Wortliste,https://www.goethe.de,draft
1083,word,aufschreiben,note down in writing,to write down / to make a note of,Ich habe mir deine Telefonnummer aufgeschrieben.,I wrote down your phone number.,B1,verb,4,high,,,,,standard,,,"writing;memory",,,,,false,true,haben,schreibt auf,schrieb auf,aufgeschrieben,acc,eine Nummer aufschreiben,"notieren; aufzeichnen",,Goethe-Zertifikat B1 Wortliste,https://www.goethe.de,draft
1084,word,Schreiben,formal written official letter or communication,official letter / document,Haben Sie mein Schreiben vom 3. März erhalten?,Did you receive my letter of March 3rd?,B1,noun,3,medium,,,,,standard,,,"correspondence;official",neuter,-,Schreibens,false,false,,,,ein offizielles Schreiben,"Brief; Mitteilung; Dokument",,,,,Goethe-Zertifikat B1 Wortliste,https://www.goethe.de,draft
1085,word,schreien,utter loud sharp cries with voice,to scream / to yell,"Kinder, hört bitte auf, so laut zu schreien. / Unser Baby hat heute Nacht viel geschrien., Children",please stop screaming so loudly. / Our baby screamed a lot tonight.,B1,verb,3,medium,,,,,standard,,,"sound;emotions",,,,,false,false,haben,schreit,schrie,geschrien,intr,vor Schmerz schreien,"brüllen; rufen",flüstern,Goethe-Zertifikat B1 Wortliste,https://www.goethe.de,draft
1086,word,Schrift,written characters or handwriting,script / handwriting / font,Ich kann leider deine Schrift nicht lesen.,Unfortunately I cannot read your handwriting.,B1,noun,3,medium,,,,,standard,,,"writing;language",feminine,-en,Schrift,false,false,,,,"lesbare Schrift; Handschrift","Handschrift; Typografie",,,,,Goethe-Zertifikat B1 Wortliste,https://www.goethe.de,draft
1087,word,Schriftsteller,professional author of literary books,writer / author,Kennst du diese Schriftstellerin? Ich liebe ihre Bücher.,Do you know this writer? I love her books.,B1,noun,3,medium,,,,,standard,,,"literature;jobs",masculine,-,Schriftstellers,false,false,,,,als Schriftsteller arbeiten,"Autor; Literat; Verfasser",,,,,Goethe-Zertifikat B1 Wortliste,https://www.goethe.de,draft
1088,word,Schriftstellerin,female professional author of literary books,writer / author (female),Kennst du diese Schriftstellerin? Ich liebe ihre Bücher.,Do you know this female writer? I love her books.,B1,noun,3,medium,,,,,standard,,,"literature;jobs",feminine,-nen,Schriftstellerin,false,false,,,,"Autorin; Literatin",,,,,,Goethe-Zertifikat B1 Wortliste,https://www.goethe.de,draft
1089,word,Schritt,single movement of foot in walking or pacing,step / pace,Die Sprachschule ist nur ein paar Schritte von hier. / Du musst der Anleitung Schritt für Schritt folgen.,The language school is only a few steps from here. / You must follow the instructions step by step.,B1,noun,4,high,,,,,standard,,,"movement;measurement",masculine,-e,Schrittes,false,false,,,,"Schritt für Schritt; einen Schritt machen","Tritt; Fußstapfen",,,,,Goethe-Zertifikat B1 Wortliste,https://www.goethe.de,draft
1090,word,Schuld,moral accountability for wrong or debt,blame / guilt / debt,"Es ist nicht meine Schuld, dass das nicht geklappt hat.",It is not my fault that that didn't work out.,B1,noun,4,high,,,,,standard,,,"ethics;law",feminine,-en,Schuld,false,false,,,,"schuld sein; an der Schuld sein","Verantwortung; Verschulden; Manko",Unschuld,,,,Goethe-Zertifikat B1 Wortliste,https://www.goethe.de,draft
1091,word,schuld,bearing blame for undesirable outcome,to blame / at fault,Ich hatte einen Unfall. Aber ich war nicht schuld.,I had an accident. But I was not at fault.,B1,adjective,4,high,,,,,standard,,,"ethics;law",predicative,,,,false,false,,,,schuld sein an + dat,verantwortlich,unschuldig,,,Goethe-Zertifikat B1 Wortliste,https://www.goethe.de,draft
1092,word,Schulden,financial obligations owed to creditors,debts,Jetzt habe ich alle meine Schulden bezahlt.,Now I have paid all my debts.,B1,noun,3,medium,Always plural in standard usage,,,,standard,,,finance,feminine,Schulden,Schulden,false,false,,,,"Schulden haben; Schulden bezahlen","Verbindlichkeiten; Miesen",Guthaben,,,,Goethe-Zertifikat B1 Wortliste,https://www.goethe.de,draft
1093,word,schuldig,legally or morally responsible for wrong,guilty / owing,"Was bin ich Ihnen schuldig? - 50 Euro, bitte., What do I owe you? - 50 euros",please.,B1,adjective,3,medium,,,,,standard,,,"legal;finance",adjective,,,,false,false,,,,"schuldig sein; sich schuldig bekennen","verantwortlich; zahlungspflichtig",unschuldig,,,Goethe-Zertifikat B1 Wortliste,https://www.goethe.de,draft
1094,word,Schularbeit,formal written test in school (Austrian German),class test / school assignment,Mein Sohn schreibt bei Schularbeiten immer gute Noten.,My son always gets good grades in school tests.,B1,noun,3,medium,,A,,standard,DACH: D=Klassenarbeit,"school;education",feminine,-en,Schularbeit,false,false,,,,eine Schularbeit schreiben,"Klassenarbeit; Klausur; Test",,,,,,,Goethe-Zertifikat B1 Wortliste,https://www.goethe.de,draft
1095,word,Schulter,anatomical joint connecting arm to torso,shoulder,Ich habe Schmerzen in der rechten Schulter.,I have pain in my right shoulder.,B1,noun,3,medium,,,,,standard,,,"body;health",feminine,-n,Schulter,false,false,,,,die Schultern zucken,Schultergelenk,,,,,Goethe-Zertifikat B1 Wortliste,https://www.goethe.de,draft
1096,word,Schüssel,deep round bowl used for food preparation,bowl,Gibst du mir bitte eine Schüssel für den Salat?,Will you please give me a bowl for the salad?,B1,noun,3,medium,,,,,standard,,,"kitchen;dining",feminine,-n,Schüssel,false,false,,,,eine Schüssel Salat,"Napf; Schale",,,,,Goethe-Zertifikat B1 Wortliste,https://www.goethe.de,draft
1097,word,schütteln,move container back and forth rapidly,to shake,Die Flasche muss man vor dem Öffnen schütteln.,The bottle must be shaken before opening.,B1,verb,3,medium,,,,,standard,,,"actions;cooking",,,,,false,false,haben,schüttelt,schüttelte,geschüttelt,acc,die Flasche schütteln,"rütteln; bewegen",,Goethe-Zertifikat B1 Wortliste,https://www.goethe.de,draft
1098,word,schützen,keep safe from harm or damage,to protect,Diese Impfung schützt vor Grippe.,This vaccination protects against flu.,B1,verb,4,high,,,,,standard,,,"safety;health",,,,,false,false,haben,schützt,schützte,geschützt,"acc, vor + dat",vor der Sonne schützen,"bewahren; abschirmen; verteidigen","gefährden; schädigen",Goethe-Zertifikat B1 Wortliste,https://www.goethe.de,draft
1099,word,Schutz,defensive preservation from harm or danger,protection,Das ist ein guter Schutz gegen Kälte. / Alle reden heute über den Schutz der Umwelt.,That is good protection against cold. / Everyone is talking today about the protection of the environment.,B1,noun,4,high,,,,,standard,,,"safety;environment",masculine,-,Schutzes,false,false,,,,"unter Schutz stehen; Umweltschutz","Abwehr; Bewahrung; Sicherheit",Gefahr,,,,Goethe-Zertifikat B1 Wortliste,https://www.goethe.de,draft
1100,word,Schwangerschaft,condition of carrying developing fetus,pregnancy,Sie dürfen während der Schwangerschaft nicht rauchen.,You must not smoke during pregnancy.,B1,noun,3,medium,,,,,standard,,,"health;family",feminine,-en,Schwangerschaft,false,false,,,,während der Schwangerschaft,"Gravidität; andere Umstände",,,,,Goethe-Zertifikat B1 Wortliste,https://www.goethe.de,draft
1101,word,schweigen,refrain entirely from speaking,to be silent,"Sie sprach viel, aber ihr mann schwieg den ganzen Abend lang., She talked a lot",but her husband remained silent the entire evening.,B1,verb,3,medium,,,,,standard,,,"communication;behavior",,,,,false,false,haben,schweigt,schwieg,geschwiegen,intr,beharrlich schweigen,"stumm bleiben; nicht reden","sprechen; reden",Goethe-Zertifikat B1 Wortliste,https://www.goethe.de,draft
1102,word,Schwieger-,prefix denoting relatives by marriage,in-law-,"z. B. Schwiegereltern, Schwiegervater, Schwiegertochter","e.g. parents-in-law; father-in-law; daughter-in-law",B1,prefix,3,medium,,,,,standard,,,"family;relationships",feminine,,,false,false,,,,"Schwiegereltern; Schwiegermutter",angeheiratet,,,,,Goethe-Zertifikat B1 Wortliste,https://www.goethe.de,draft
1103,word,Schwierigkeit,impediment or problem hindering progress,difficulty / trouble,"Ich hatte große Schwierigkeiten, einen Parkplatz zu bekommen.",I had great difficulty getting a parking space.,B1,noun,4,high,,,,,standard,,,problems,feminine,-en,Schwierigkeit,false,false,,,,Schwierigkeiten haben/machen,"Problem; Hindernis; Komplikation",Leichtigkeit,,,,Goethe-Zertifikat B1 Wortliste,https://www.goethe.de,draft