file,line,id,term,method,cells,moved_cells,dropped_values
a1-all.csv,2,w-1,ab,realigned,36,7,
a1-all.csv,4,w-3,aber,realigned,36,5,
a1-all.csv,13,w-12,acht,realigned,36,2,
a1-all.csv,14,w-13,Achtung,realigned,36,2,
a1-all.csv,15,w-14,achtzehn,realigned,36,2,
a1-all.csv,16,w-15,achtzig,realigned,36,2,
a1-all.csv,18,w-17,all-,realigned,36,2,
a1-all.csv,19,w-18,allein,realigned,36,2,
a1-all.csv,20,w-19,also,realigned,36,2,
a1-all.csv,21,w-20,alt,realigned,36,2,
a1-all.csv,23,w-22,an,realigned,36,5,
a1-all.csv,26,w-25,ander-,realigned,36,2,
a1-all.csv,56,w-55,arbeitslos,realigned,36,2,
a1-all.csv,61,w-60,auch,realigned,36,2,
a1-all.csv,62,w-61,auf,realigned,36,5,
a1-all.csv,70,w-69,aus,realigned,36,5,
a1-all.csv,80,w-79,ausländisch,realigned,36,2,
a1-all.csv,91,w-90,automatisch,realigned,36,2,
a1-all.csv,100,w-99,bald,realigned,36,2,
a1-all.csv,105,w-104,bar,realigned,36,2,
a1-all.csv,112,w-111,bei,realigned,36,7,
a1-all.csv,113,w-112,beide,realigned,36,2,
a1-all.csv,116,w-115,bekannt,realigned,36,2,
a1-all.csv,122,w-121,beruflich,realigned,36,2,
a1-all.csv,123,w-122,besetzt,realigned,36,2,
a1-all.csv,125,w-124,besser,realigned,36,2,
a1-all.csv,126,w-125,best-,realigned,36,2,
a1-all.csv,135,w-134,billig,realigned,36,2,
a1-all.csv,137,w-136,bis,realigned,36,5,
a1-all.csv,138,w-137,bisschen,realigned,36,2,
a1-all.csv,139,w-138,bitte,realigned,36,2,
a1-all.csv,142,w-141,bitter,realigned,36,2,
a1-all.csv,143,w-142,blau,realigned,36,2,
a1-all.csv,149,w-148,böse,realigned,36,2,
a1-all.csv,152,w-151,brasilianisch,realigned,36,2,
a1-all.csv,155,w-154,braun,realigned,36,2,
a1-all.csv,156,w-155,breit,realigned,36,2,
a1-all.csv,176,w-175,chinesisch,realigned,36,2,
a1-all.csv,177,w-176,circa,realigned,36,2,
a1-all.csv,179,w-178,da,realigned,36,2,
a1-all.csv,181,w-180,daneben,realigned,36,2,
a1-all.csv,183,w-182,danke,realigned,36,2,
a1-all.csv,185,w-184,dann,realigned,36,2,
a1-all.csv,188,w-187,dein-,realigned,36,2,
a1-all.csv,189,w-188,denn,realigned,36,2,
a1-all.csv,190,w-189,"der, die, das",realigned,36,2,
a1-all.csv,191,w-190,deutsch,realigned,36,2,
a1-all.csv,198,w-197,dich,realigned,36,2,
a1-all.csv,201,w-200,dies-,realigned,36,2,
a1-all.csv,202,w-201,dir,realigned,36,2,
a1-all.csv,208,w-207,"dort, her, hin",realigned,36,2,
a1-all.csv,209,w-208,draußen,realigned,36,2,
a1-all.csv,210,w-209,drei,realigned,36,2,
a1-all.csv,211,w-210,dreißig,realigned,36,2,
a1-all.csv,212,w-211,dreizehn,realigned,36,2,
a1-all.csv,213,w-212,dritt-,realigned,36,2,
a1-all.csv,217,w-216,durch,realigned,36,5,
a1-all.csv,228,w-227,eilig,realigned,36,2,
a1-all.csv,229,w-228,ein-,realigned,36,2,
a1-all.csv,230,w-229,einfach,realigned,36,2,
a1-all.csv,235,w-234,einmal,realigned,36,2,
a1-all.csv,237,w-236,eins,realigned,36,2,
a1-all.csv,240,w-239,einundzwanzig,realigned,36,2,
a1-all.csv,242,w-241,elf,realigned,36,2,
a1-all.csv,251,w-250,englisch,realigned,36,2,
a1-all.csv,254,w-253,er,realigned,36,2,
a1-all.csv,259,w-258,erst-,realigned,36,2,
a1-all.csv,262,w-261,es,realigned,36,2,
a1-all.csv,265,w-264,euer,realigned,36,2,
a1-all.csv,270,w-269,europäisch,realigned,36,2,
a1-all.csv,275,w-274,falsch,realigned,36,2,
a1-all.csv,288,w-287,fertig,realigned,36,2,
a1-all.csv,295,w-294,finnisch,realigned,36,2,
a1-all.csv,312,w-311,französisch,realigned,36,2,
a1-all.csv,314,w-313,frei,realigned,36,2,
a1-all.csv,317,w-316,fremd,realigned,36,2,
a1-all.csv,321,w-320,früher,realigned,36,2,
a1-all.csv,327,w-326,fünf,realigned,36,2,
a1-all.csv,328,w-327,fünfzehn,realigned,36,2,
a1-all.csv,329,w-328,fünfzig,realigned,36,2,
a1-all.csv,330,w-329,für,realigned,36,6,
a1-all.csv,336,w-335,geboren,realigned,36,2,
a1-all.csv,343,w-342,gegen,realigned,36,6,
a1-all.csv,346,w-345,gelb,realigned,36,2,
a1-all.csv,349,w-348,geöffnet,realigned,36,2,
a1-all.csv,351,w-350,gerade,realigned,36,2,
a1-all.csv,352,w-351,geradeaus,realigned,36,2,
a1-all.csv,353,w-352,gern,realigned,36,2,
a1-all.csv,357,w-356,geschlossen,realigned,36,2,
a1-all.csv,360,w-359,gestern,realigned,36,2,
a1-all.csv,361,w-360,gestorben,realigned,36,2,
a1-all.csv,368,w-367,gleich,realigned,36,2,
a1-all.csv,371,w-370,glücklich,realigned,36,2,
a1-all.csv,376,w-375,grau,realigned,36,2,
a1-all.csv,378,w-377,groß,realigned,36,2,
a1-all.csv,383,w-382,grün,realigned,36,2,
a1-all.csv,386,w-385,gültig,realigned,36,2,
a1-all.csv,387,w-386,günstig,realigned,36,2,
a1-all.csv,388,w-387,gut,realigned,36,2,
a1-all.csv,392,w-391,halb,realigned,36,2,
a1-all.csv,395,w-394,hallo,realigned,36,2,
a1-all.csv,413,w-412,hell,realigned,36,2,
a1-all.csv,418,w-417,herzlich,realigned,36,2,
a1-all.csv,419,w-418,heute,realigned,36,2,
a1-all.csv,420,w-419,hier,realigned,36,2,
a1-all.csv,422,w-421,hinten,realigned,36,2,
a1-all.csv,424,w-423,hoch,realigned,36,2,
a1-all.csv,430,w-429,hundert,realigned,36,2,
a1-all.csv,431,w-430,hunderteins,realigned,36,2,
a1-all.csv,433,w-432,ich,realigned,36,2,
a1-all.csv,434,w-433,ihr/ihm/ihn,realigned,36,2,
a1-all.csv,435,w-434,immer,realigned,36,2,
a1-all.csv,436,w-435,in,realigned,36,6,
a1-all.csv,439,w-438,international,realigned,36,2,
a1-all.csv,444,w-443,italienisch,realigned,36,2,
a1-all.csv,445,w-444,ja,realigned,36,2,
a1-all.csv,452,w-451,japanisch,realigned,36,2,
a1-all.csv,453,w-452,jed-,realigned,36,2,
a1-all.csv,454,w-453,jetzt,realigned,36,2,
a1-all.csv,458,w-457,jung,realigned,36,2,
a1-all.csv,462,w-461,kaputt,realigned,36,2,
a1-all.csv,467,w-466,kein,realigned,36,2,
a1-all.csv,478,w-477,klar,realigned,36,2,
a1-all.csv,482,w-481,klein,realigned,36,2,
a1-all.csv,494,w-493,krank,realigned,36,2,
a1-all.csv,502,w-501,kulturell,realigned,36,2,
a1-all.csv,508,w-507,kurz,realigned,36,2,
a1-all.csv,512,w-511,lang,realigned,36,2,
a1-all.csv,513,w-512,lange,realigned,36,2,
a1-all.csv,514,w-513,langsam,realigned,36,2,
a1-all.csv,516,w-515,laut,realigned,36,2,
a1-all.csv,520,w-519,ledig,realigned,36,2,
a1-all.csv,524,w-523,leicht,realigned,36,2,
a1-all.csv,525,w-524,leider,realigned,36,2,
a1-all.csv,526,w-525,leise,realigned,36,2,
a1-all.csv,530,w-529,letzt-,realigned,36,2,
a1-all.csv,533,w-532,lieb-,realigned,36,2,
a1-all.csv,535,w-534,lieber,realigned,36,2,
a1-all.csv,536,w-535,Lieblings-,realigned,36,2,
a1-all.csv,539,w-538,links,realigned,36,2,
a1-all.csv,544,w-543,lustig,realigned,36,2,
a1-all.csv,550,w-549,man,realigned,36,2,
a1-all.csv,552,w-551,männlich,realigned,36,2,
a1-all.csv,556,w-555,mehr,realigned,36,2,
a1-all.csv,557,w-556,mein-,realigned,36,2,
a1-all.csv,558,w-557,meist-,realigned,36,2,
a1-all.csv,563,w-562,mexikanisch,realigned,36,2,
a1-all.csv,571,w-570,minus,realigned,36,2,
a1-all.csv,573,w-572,mit,realigned,36,6,
a1-all.csv,585,w-584,möglich,realigned,36,2,
a1-all.csv,588,w-587,morgen,realigned,36,2,
a1-all.csv,590,w-589,müde,realigned,36,2,
a1-all.csv,595,w-594,nach,realigned,36,6,
a1-all.csv,597,w-596,nächst-,realigned,36,2,
a1-all.csv,603,w-602,nein,realigned,36,2,
a1-all.csv,604,w-603,neu,realigned,36,2,
a1-all.csv,605,w-604,neun,realigned,36,2,
a1-all.csv,606,w-605,neunzehn,realigned,36,2,
a1-all.csv,607,w-606,neunzig,realigned,36,2,
a1-all.csv,608,w-607,nicht,realigned,36,2,
a1-all.csv,609,w-608,nichts,realigned,36,2,
a1-all.csv,610,w-609,nie,realigned,36,2,
a1-all.csv,611,w-610,noch,realigned,36,2,
a1-all.csv,613,w-612,normal,realigned,36,2,
a1-all.csv,615,w-614,null,realigned,36,2,
a1-all.csv,617,w-616,nur,realigned,36,2,
a1-all.csv,618,w-617,oben,realigned,36,2,
a1-all.csv,620,w-619,oder,realigned,36,2,
a1-all.csv,622,w-621,öffentlich,realigned,36,2,
a1-all.csv,624,w-623,oft,realigned,36,2,
a1-all.csv,625,w-624,ohne,realigned,36,6,
a1-all.csv,636,w-635,österreichisch,realigned,36,2,
a1-all.csv,645,w-644,persönlich,realigned,36,2,
a1-all.csv,650,w-649,plus,realigned,36,2,
a1-all.csv,655,w-654,polnisch,realigned,36,2,
a1-all.csv,664,w-663,privat,realigned,36,2,
a1-all.csv,669,w-668,pünktlich,realigned,36,2,
a1-all.csv,676,w-675,rechts,realigned,36,2,
a1-all.csv,688,w-687,richtig,realigned,36,2,
a1-all.csv,690,w-689,rot,realigned,36,2,
a1-all.csv,691,w-690,ruhig,realigned,36,2,
a1-all.csv,694,w-693,russisch,realigned,36,2,
a1-all.csv,711,w-710,schlecht,realigned,36,2,
a1-all.csv,716,w-715,schnell,realigned,36,2,
a1-all.csv,717,w-716,schon,realigned,36,2,
a1-all.csv,718,w-717,schön,realigned,36,2,
a1-all.csv,725,w-724,schwarz,realigned,36,2,
a1-all.csv,729,w-728,schweizerisch,realigned,36,2,
a1-all.csv,730,w-729,schwer,realigned,36,2,
a1-all.csv,734,w-733,sechs,realigned,36,2,
a1-all.csv,735,w-734,sechzehn,realigned,36,2,
a1-all.csv,736,w-735,sechzig,realigned,36,2,
a1-all.csv,740,w-739,sehr,realigned,36,2,
a1-all.csv,742,w-741,seit,realigned,36,5,
a1-all.csv,744,w-743,selbstständig,realigned,36,2,
a1-all.csv,746,w-745,sich,realigned,36,2,
a1-all.csv,747,w-746,sie,realigned,36,2,
a1-all.csv,748,w-747,Sie,realigned,36,2,
a1-all.csv,749,w-748,sieben,realigned,36,2,
a1-all.csv,750,w-749,siebzehn,realigned,36,2,
a1-all.csv,751,w-750,siebzig,realigned,36,2,
a1-all.csv,753,w-752,so,realigned,36,2,
a1-all.csv,755,w-754,sofort,realigned,36,2,
a1-all.csv,765,w-764,spanisch,realigned,36,2,
a1-all.csv,766,w-765,spät,realigned,36,2,
a1-all.csv,767,w-766,später,realigned,36,2,
a1-all.csv,796,w-795,tausend,realigned,36,2,
a1-all.csv,798,w-797,technisch,realigned,36,2,
a1-all.csv,807,w-806,teuer,realigned,36,2,
a1-all.csv,817,w-816,tot,realigned,36,2,
a1-all.csv,822,w-821,tschüss,realigned,36,2,
a1-all.csv,827,w-826,türkisch,realigned,36,2,
a1-all.csv,828,w-827,über,realigned,36,6,
a1-all.csv,833,w-832,um,realigned,36,5,
a1-all.csv,836,w-835,und,realigned,36,2,
a1-all.csv,837,w-836,unser-,realigned,36,2,
a1-all.csv,838,w-837,unten,realigned,36,2,
a1-all.csv,839,w-838,unter,realigned,36,6,
a1-all.csv,847,w-846,verboten,realigned,36,2,
a1-all.csv,850,w-849,verheiratet,realigned,36,2,
a1-all.csv,859,w-858,viel,realigned,36,2,
a1-all.csv,860,w-859,vielleicht,realigned,36,2,
a1-all.csv,861,w-860,vier,realigned,36,2,
a1-all.csv,862,w-861,viert-,realigned,36,2,
a1-all.csv,864,w-863,vierzehn,realigned,36,2,
a1-all.csv,865,w-864,vierzig,realigned,36,2,
a1-all.csv,866,w-865,von,realigned,36,6,
a1-all.csv,867,w-866,vor,realigned,36,6,
a1-all.csv,874,w-873,wann,realigned,36,2,
a1-all.csv,876,w-875,warum,realigned,36,2,
a1-all.csv,877,w-876,was,realigned,36,2,
a1-all.csv,878,w-877,was für ein,realigned,36,2,
a1-all.csv,883,w-882,weiblich,realigned,36,2,
a1-all.csv,885,w-884,weiß,realigned,36,2,
a1-all.csv,887,w-886,weit,realigned,36,2,
a1-all.csv,888,w-887,weiter,realigned,36,2,
a1-all.csv,889,w-888,welch-,realigned,36,2,
a1-all.csv,891,w-890,wenig,realigned,36,2,
a1-all.csv,892,w-891,wer,realigned,36,2,
a1-all.csv,896,w-895,wichtig,realigned,36,2,
a1-all.csv,897,w-896,wie,realigned,36,2,
a1-all.csv,898,w-897,wie viel,realigned,36,2,
a1-all.csv,902,w-901,willkommen,realigned,36,2,
a1-all.csv,905,w-904,wir,realigned,36,2,
a1-all.csv,907,w-906,wo,realigned,36,2,
a1-all.csv,911,w-910,woher,realigned,36,2,
a1-all.csv,912,w-911,wohin,realigned,36,2,
a1-all.csv,918,w-917,wunderbar,realigned,36,2,
a1-all.csv,921,w-920,zehn,realigned,36,2,
a1-all.csv,929,w-928,zu,realigned,36,6,
a1-all.csv,931,w-930,zufrieden,realigned,36,2,
a1-all.csv,933,w-932,zum Beispiel,realigned,36,2,
a1-all.csv,935,w-934,zurück,realigned,36,2,
a1-all.csv,936,w-935,zurzeit,realigned,36,2,
a1-all.csv,937,w-936,zusammen,realigned,36,2,
a1-all.csv,938,w-937,zwanzig,realigned,36,2,
a1-all.csv,939,w-938,zwei,realigned,36,2,
a1-all.csv,940,w-939,zweihundert,realigned,36,2,
a1-all.csv,941,w-940,zweit-,realigned,36,2,
a1-all.csv,942,w-941,zwischen,realigned,36,5,
a1-all.csv,943,w-942,zwölf,realigned,36,2,
a2-all.csv,2,w-943,abends,realigned,36,5,
a2-all.csv,3,w-944,aber,realigned,36,3,
a2-all.csv,4,w-945,Abitur,realigned,36,3,
a2-all.csv,7,w-948,Achtung,realigned,36,4,
a2-all.csv,8,w-949,Ahnung,realigned,36,5,
a2-all.csv,9,w-950,aktiv,realigned,36,5,
a2-all.csv,10,w-951,aktuell,realigned,36,5,
a2-all.csv,11,w-952,allein,realigned,36,5,
a2-all.csv,12,w-953,als,realigned,36,4,
a2-all.csv,13,w-954,als,realigned,36,4,
a2-all.csv,14,w-955,am Abend,realigned,36,5,
a2-all.csv,15,w-956,am Dienstag,realigned,36,4,
a2-all.csv,16,w-957,am Donnerstag,realigned,36,4,
a2-all.csv,17,w-958,am Freitag,realigned,36,4,
a2-all.csv,18,w-959,am Mittag,realigned,36,5,
a2-all.csv,19,w-960,am Mittwoch,realigned,36,4,
a2-all.csv,20,w-961,am Montag,realigned,36,4,
a2-all.csv,21,w-962,am Morgen,realigned,36,5,
a2-all.csv,22,w-963,am Nachmittag,realigned,36,5,
a2-all.csv,23,w-964,am Samstag,realigned,36,4,
a2-all.csv,24,w-965,am Sonntag,realigned,36,4,
a2-all.csv,25,w-966,am Vormittag,realigned,36,5,
a2-all.csv,26,w-967,am Wochenende,realigned,36,5,
a2-all.csv,27,w-968,Ampel,realigned,36,4,
a2-all.csv,28,w-969,andere,realigned,36,5,
a2-all.csv,30,w-971,anders,realigned,36,5,
a2-all.csv,31,w-972,Angestellte,realigned,36,4,
a2-all.csv,32,w-973,Angestellter,realigned,36,4,
a2-all.csv,33,w-974,Angst,realigned,36,5,
a2-all.csv,35,w-976,Anzug,realigned,36,4,
a2-all.csv,36,w-977,Apotheke,realigned,36,4,
a2-all.csv,37,w-978,Apparat,realigned,36,4,
a2-all.csv,38,w-979,Arbeitstag,realigned,36,4,
a2-all.csv,40,w-981,arm,realigned,36,5,
a2-all.csv,41,w-982,Artikel,realigned,36,4,
a2-all.csv,42,w-983,Artikel,realigned,36,4,
a2-all.csv,43,w-984,auf,realigned,36,5,
a2-all.csv,44,w-985,auf Deutsch,realigned,36,4,
a2-all.csv,45,w-986,auf jeden Fall,realigned,36,5,
a2-all.csv,46,w-987,auf keinen Fall,realigned,36,5,
a2-all.csv,47,w-988,auf Wiedersehen,realigned,36,5,
a2-all.csv,51,w-992,aufregend,realigned,36,5,
a2-all.csv,52,w-993,aus,realigned,36,5,
a2-all.csv,57,w-998,außer,realigned,36,5,
a2-all.csv,58,w-999,außerdem,realigned,36,4,
a2-all.csv,59,w-1000,außerhalb,realigned,36,5,
a2-all.csv,61,w-1002,Ausstellung,realigned,36,4,
a2-all.csv,62,w-1003,austauschen,realigned,36,12,
a2-all.csv,64,w-1005,Auszubildende,realigned,36,4,
a2-all.csv,65,w-1006,Auszubildender,realigned,36,4,
a2-all.csv,66,w-1007,Autor,realigned,36,13,
a2-all.csv,67,w-1008,Autorin,realigned,36,13,
a2-all.csv,68,w-1009,Babysitter,realigned,36,4,
a2-all.csv,70,w-1011,Bäcker,realigned,36,3,
a2-all.csv,71,w-1012,Bäckerin,realigned,36,3,
a2-all.csv,72,w-1013,Ball,realigned,36,3,
a2-all.csv,73,w-1014,Band,realigned,36,3,
a2-all.csv,74,w-1015,Basketball,realigned,36,3,
a2-all.csv,77,w-1018,Baustelle,realigned,36,4,
a2-all.csv,83,w-1024,beliebt,realigned,36,5,
a2-all.csv,84,w-1025,bequem,realigned,36,5,
a2-all.csv,86,w-1027,Berg,realigned,36,5,
a2-all.csv,88,w-1029,berühmt,realigned,36,5,
a2-all.csv,89,w-1030,Bescheid geben,realigned,36,5,
a2-all.csv,92,w-1033,besonders,realigned,36,5,
a2-all.csv,96,w-1037,Besuch,realigned,36,4,
a2-all.csv,98,w-1039,Bewerbung,realigned,36,4,
a2-all.csv,99,w-1040,bewölkt,realigned,36,5,
a2-all.csv,100,w-1041,Bibliothek,realigned,36,4,
a2-all.csv,101,w-1042,Biologie,realigned,36,3,
a2-all.csv,102,w-1043,bisschen,realigned,36,5,
a2-all.csv,103,w-1044,Blatt,realigned,36,3,
a2-all.csv,104,w-1045,Blatt,realigned,36,3,
a2-all.csv,105,w-1046,blöd,realigned,36,5,
a2-all.csv,106,w-1047,Blog,realigned,36,4,
a2-all.csv,107,w-1048,blond,realigned,36,5,
a2-all.csv,108,w-1049,Bluse,realigned,36,5,
a2-all.csv,109,w-1050,Bohne,realigned,36,12,
a2-all.csv,111,w-1052,Brille,realigned,36,4,
a2-all.csv,112,w-1053,Brücke,realigned,36,4,
a2-all.csv,113,w-1054,buchen,realigned,36,12,
a2-all.csv,114,w-1055,bunt,realigned,36,5,
a2-all.csv,115,w-1056,Büro,realigned,36,4,
a2-all.csv,116,w-1057,ca.,realigned,36,5,
a2-all.csv,117,w-1058,Cafeteria,realigned,36,3,
a2-all.csv,119,w-1060,Chemie,realigned,36,3,
a2-all.csv,120,w-1061,Club,realigned,36,12,
a2-all.csv,121,w-1062,Comic,realigned,36,3,
a2-all.csv,122,w-1063,Cousin,realigned,36,4,
a2-all.csv,123,w-1064,Cousine,realigned,36,4,
a2-all.csv,124,w-1065,Creme,realigned,36,3,
a2-all.csv,125,w-1066,d.h.,realigned,36,4,
a2-all.csv,126,w-1067,da(r)-,realigned,36,3,
a2-all.csv,127,w-1068,dabei sein,realigned,36,5,
a2-all.csv,128,w-1069,dafür sein,realigned,36,5,
a2-all.csv,129,w-1070,dagegen sein,realigned,36,5,
a2-all.csv,130,w-1071,damals,realigned,36,5,
a2-all.csv,131,w-1072,dass,realigned,36,3,
a2-all.csv,132,w-1073,Datei,realigned,36,3,
a2-all.csv,134,w-1075,deshalb,realigned,36,5,
a2-all.csv,135,w-1076,deutlich,realigned,36,5,
a2-all.csv,136,w-1077,Deutsch,realigned,36,3,
a2-all.csv,137,w-1078,Deutscher,realigned,36,3,
a2-all.csv,138,w-1079,dick,realigned,36,5,
a2-all.csv,139,w-1080,dienstags,realigned,36,4,
a2-all.csv,140,w-1081,Ding,realigned,36,3,
a2-all.csv,141,w-1082,direkt,realigned,36,5,
a2-all.csv,142,w-1083,Direktor,realigned,36,4,
a2-all.csv,144,w-1085,doch,realigned,36,5,
a2-all.csv,145,w-1086,donnerstags,realigned,36,4,
a2-all.csv,146,w-1087,dort,realigned,36,5,
a2-all.csv,147,w-1088,dorther,realigned,36,5,
a2-all.csv,148,w-1089,dorthin,realigned,36,5,
a2-all.csv,149,w-1090,dreimal,realigned,36,5,
a2-all.csv,150,w-1091,dringend,realigned,36,5,
a2-all.csv,151,w-1092,drinnen,realigned,36,5,
a2-all.csv,152,w-1093,dritte,realigned,36,5,
a2-all.csv,153,w-1094,drittens,realigned,36,5,
a2-all.csv,154,w-1095,drüben,realigned,36,5,
a2-all.csv,155,w-1096,dumm,realigned,36,5,
a2-all.csv,156,w-1097,dunkel,realigned,36,5,
a2-all.csv,157,w-1098,dünn,realigned,36,5,
a2-all.csv,158,w-1099,E-Book,realigned,36,3,
a2-all.csv,159,w-1100,echt,realigned,36,5,
a2-all.csv,160,w-1101,egal,realigned,36,5,
a2-all.csv,161,w-1102,Ehepartner,realigned,36,3,
a2-all.csv,162,w-1103,eigen-,realigned,36,5,
a2-all.csv,163,w-1104,eigentlich,realigned,36,5,
a2-all.csv,164,w-1105,ein paar,realigned,36,5,
a2-all.csv,165,w-1106,einig-,realigned,36,5,
a2-all.csv,166,w-1107,Einkaufszentrum,realigned,36,3,
a2-all.csv,169,w-1110,einverstanden sein,realigned,36,5,
a2-all.csv,170,w-1111,einzel-,realigned,36,5,
a2-all.csv,172,w-1113,Eis,realigned,36,13,
a2-all.csv,173,w-1114,endlich,realigned,36,5,
a2-all.csv,174,w-1115,eng,realigned,36,5,
a2-all.csv,175,w-1116,Englisch,realigned,36,3,
a2-all.csv,176,w-1117,Enkel,realigned,36,5,
a2-all.csv,177,w-1118,Enkelin,realigned,36,4,
a2-all.csv,178,w-1119,Erdgeschoss,realigned,36,4,
a2-all.csv,179,w-1120,Erfahrung,realigned,36,5,
a2-all.csv,181,w-1122,erkältet sein,realigned,36,5,
a2-all.csv,182,w-1123,Erlaubnis,realigned,36,5,
a2-all.csv,183,w-1124,erlaubt sein,realigned,36,5,
a2-all.csv,184,w-1125,Ermäßigung,realigned,36,5,
a2-all.csv,186,w-1127,erst,realigned,36,5,
a2-all.csv,187,w-1128,erste,realigned,36,5,
a2-all.csv,188,w-1129,erstens,realigned,36,5,
a2-all.csv,189,w-1130,etwas,realigned,36,5,
a2-all.csv,190,w-1131,Fach,realigned,36,3,
a2-all.csv,191,w-1132,Fahrerin,realigned,36,4,
a2-all.csv,192,w-1133,Fahrplan,realigned,36,3,
a2-all.csv,194,w-1135,Fan,realigned,36,3,
a2-all.csv,195,w-1136,fantastisch,realigned,36,5,
a2-all.csv,196,w-1137,fast,realigned,36,5,
a2-all.csv,197,w-1138,faul,realigned,36,5,
a2-all.csv,198,w-1139,Feier,realigned,36,3,
a2-all.csv,199,w-1140,Feiertag,realigned,36,5,
a2-all.csv,200,w-1141,Fenster,realigned,36,4,
a2-all.csv,201,w-1142,Ferien,realigned,36,4,
a2-all.csv,202,w-1143,Fernseher,realigned,36,3,
a2-all.csv,203,w-1144,fertig sein,realigned,36,5,
a2-all.csv,204,w-1145,Fest,realigned,36,5,
a2-all.csv,205,w-1146,Festival,realigned,36,3,
a2-all.csv,206,w-1147,fett,realigned,36,5,
a2-all.csv,207,w-1148,fit sein,realigned,36,5,
a2-all.csv,208,w-1149,fleißig,realigned,36,5,
a2-all.csv,209,w-1150,Flohmarkt,realigned,36,3,
a2-all.csv,210,w-1151,Flug,realigned,36,4,
a2-all.csv,211,w-1152,Fluss,realigned,36,3,
a2-all.csv,212,w-1153,Fotoapparat,realigned,36,3,
a2-all.csv,214,w-1155,Franke,realigned,36,3,
a2-all.csv,215,w-1156,Französisch,realigned,36,3,
a2-all.csv,216,w-1157,freitags,realigned,36,4,
a2-all.csv,217,w-1158,freiwillig,realigned,36,5,
a2-all.csv,218,w-1159,freundlich,realigned,36,5,
a2-all.csv,219,w-1160,frisch,realigned,36,10,
a2-all.csv,220,w-1161,Friseur,realigned,36,3,
a2-all.csv,221,w-1162,Friseurin,realigned,36,3,
a2-all.csv,222,w-1163,froh,realigned,36,5,
a2-all.csv,223,w-1164,früh,realigned,36,5,
a2-all.csv,225,w-1166,Führerschein,realigned,36,3,
a2-all.csv,226,w-1167,Fundsachen,realigned,36,3,
a2-all.csv,227,w-1168,furchtbar,realigned,36,5,
a2-all.csv,228,w-1169,Gabel,realigned,36,4,
a2-all.csv,229,w-1170,ganz,realigned,36,5,
a2-all.csv,230,w-1171,Garage,realigned,36,3,
a2-all.csv,231,w-1172,geboren,realigned,36,4,
a2-all.csv,232,w-1173,geehrt-,realigned,36,4,
a2-all.csv,233,w-1174,gefährlich,realigned,36,5,
a2-all.csv,234,w-1175,Gegenteil,realigned,36,5,
a2-all.csv,235,w-1176,gegenüber,realigned,36,4,
a2-all.csv,236,w-1177,Gehalt,realigned,36,3,
a2-all.csv,237,w-1178,Geldbörse,realigned,36,3,
a2-all.csv,238,w-1179,genau,realigned,36,5,
a2-all.csv,239,w-1180,genug,realigned,36,5,
a2-all.csv,240,w-1181,Geografie,realigned,36,3,
a2-all.csv,241,w-1182,Gerät,realigned,36,3,
a2-all.csv,242,w-1183,Gericht,realigned,36,3,
a2-all.csv,243,w-1184,Geschichte,realigned,36,3,
a2-all.csv,244,w-1185,Geschichte,realigned,36,3,
a2-all.csv,245,w-1186,geschieden,realigned,36,5,
a2-all.csv,246,w-1187,Geschirr,realigned,36,3,
a2-all.csv,247,w-1188,Gesicht,realigned,36,3,
a2-all.csv,248,w-1189,gesund,realigned,36,5,
a2-all.csv,249,w-1190,Gesundheit,realigned,36,5,
a2-all.csv,250,w-1191,getrennt,realigned,36,5,
a2-all.csv,251,w-1192,Gewitter,realigned,36,3,
a2-all.csv,252,w-1193,Gitarre,realigned,36,12,
a2-all.csv,253,w-1194,gleich,realigned,36,5,
a2-all.csv,254,w-1195,Grad Celsius,realigned,36,3,
a2-all.csv,255,w-1196,Grippe,realigned,36,3,
a2-all.csv,256,w-1197,gültig sein,realigned,36,5,
a2-all.csv,257,w-1198,Hals,realigned,36,3,
a2-all.csv,258,w-1199,Hamburger,realigned,36,3,
a2-all.csv,259,w-1200,Handtuch,realigned,36,3,
a2-all.csv,260,w-1201,Handwerker,realigned,36,4,
a2-all.csv,261,w-1202,Handwerkerin,realigned,36,3,
a2-all.csv,263,w-1204,hart,realigned,36,5,
a2-all.csv,264,w-1205,hässlich,realigned,36,5,
a2-all.csv,265,w-1206,Hauptstadt,realigned,36,3,
a2-all.csv,266,w-1207,Heft,realigned,36,3,
a2-all.csv,267,w-1208,heiß,realigned,36,5,
a2-all.csv,268,w-1209,Heizung,realigned,36,4,
a2-all.csv,269,w-1210,Hemd,realigned,36,4,
a2-all.csv,270,w-1211,her,realigned,36,5,
a2-all.csv,271,w-1212,heraus,realigned,36,5,
a2-all.csv,272,w-1213,herein,realigned,36,5,
a2-all.csv,275,w-1216,Himmel,realigned,36,4,
a2-all.csv,276,w-1217,hin,realigned,36,5,
a2-all.csv,277,w-1218,hinter,realigned,36,5,
a2-all.csv,279,w-1220,hoffentlich,realigned,36,5,
a2-all.csv,280,w-1221,Homepage,realigned,36,3,
a2-all.csv,281,w-1222,Hose,realigned,36,5,
a2-all.csv,283,w-1224,ICE,realigned,36,3,
a2-all.csv,284,w-1225,Idee,realigned,36,3,
a2-all.csv,285,w-1226,in der Nacht,realigned,36,5,
a2-all.csv,287,w-1228,Insel,realigned,36,5,
a2-all.csv,288,w-1229,Instrument,realigned,36,12,
a2-all.csv,289,w-1230,intelligent,realigned,36,5,
a2-all.csv,290,w-1231,interessant,realigned,36,5,
a2-all.csv,292,w-1233,Interview,realigned,36,3,
a2-all.csv,293,w-1234,Jeans,realigned,36,3,
a2-all.csv,294,w-1235,jeder,realigned,36,5,
a2-all.csv,295,w-1236,jemand,realigned,36,5,
a2-all.csv,296,w-1237,joggen,realigned,36,12,
a2-all.csv,297,w-1238,Journalist,realigned,36,12,
a2-all.csv,298,w-1239,Journalistin,realigned,36,12,
a2-all.csv,299,w-1240,Jugendherberge,realigned,36,3,
a2-all.csv,300,w-1241,Kalender,realigned,36,3,
a2-all.csv,301,w-1242,kalt,realigned,36,5,
a2-all.csv,302,w-1243,Kamera,realigned,36,12,
a2-all.csv,303,w-1244,Karneval,realigned,36,12,
a2-all.csv,304,w-1245,Käse,realigned,36,3,
a2-all.csv,305,w-1246,Katze,realigned,36,3,
a2-all.csv,306,w-1247,Kauffrau,realigned,36,4,
a2-all.csv,307,w-1248,Kaufhaus,realigned,36,3,
a2-all.csv,308,w-1249,Kaufmann,realigned,36,4,
a2-all.csv,309,w-1250,kein-,realigned,36,5,
a2-all.csv,310,w-1251,Keller,realigned,36,5,
a2-all.csv,311,w-1252,Kellner,realigned,36,4,
a2-all.csv,312,w-1253,Kellnerin,realigned,36,4,
a2-all.csv,313,w-1254,Kenntnisse,realigned,36,12,
a2-all.csv,314,w-1255,Kette,realigned,36,3,
a2-all.csv,315,w-1256,Kirche,realigned,36,3,
a2-all.csv,317,w-1258,Klassenfahrt,realigned,36,3,
a2-all.csv,318,w-1259,Klavier,realigned,36,3,
a2-all.csv,319,w-1260,Kleid,realigned,36,3,
a2-all.csv,320,w-1261,klug,realigned,36,5,
a2-all.csv,321,w-1262,Koch,realigned,36,4,
a2-all.csv,322,w-1263,Köchin,realigned,36,4,
a2-all.csv,323,w-1264,komisch,realigned,36,5,
a2-all.csv,324,w-1265,Kontakt,realigned,36,4,
a2-all.csv,325,w-1266,kontrollieren,realigned,36,12,
a2-all.csv,326,w-1267,Konzert,realigned,36,3,
a2-all.csv,327,w-1268,Körper,realigned,36,13,
a2-all.csv,328,w-1269,Kosmetik,realigned,36,12,
a2-all.csv,329,w-1270,kostenlos,realigned,36,5,
a2-all.csv,330,w-1271,Krankenhaus,realigned,36,3,
a2-all.csv,331,w-1272,Krankenkasse,realigned,36,3,
a2-all.csv,332,w-1273,Krankenpfleger,realigned,36,4,
a2-all.csv,333,w-1274,Krankenschwester,realigned,36,4,
a2-all.csv,334,w-1275,Krankheit,realigned,36,5,
a2-all.csv,335,w-1276,Kredit,realigned,36,12,
a2-all.csv,336,w-1277,Kreuzung,realigned,36,3,
a2-all.csv,337,w-1278,Krimi,realigned,36,3,
a2-all.csv,338,w-1279,kühl,realigned,36,10,
a2-all.csv,339,w-1280,Kultur,realigned,36,12,
a2-all.csv,340,w-1281,kündigen,realigned,36,12,
a2-all.csv,341,w-1282,Kunst,realigned,36,12,
a2-all.csv,342,w-1283,Kunsterziehung,realigned,36,3,
a2-all.csv,343,w-1284,Künstler,realigned,36,13,
a2-all.csv,344,w-1285,Künstlerin,realigned,36,4,
a2-all.csv,345,w-1286,Lampe,realigned,36,3,
a2-all.csv,346,w-1287,Landschaft,realigned,36,12,
a2-all.csv,347,w-1288,langweilig,realigned,36,5,
a2-all.csv,348,w-1289,Laptop,realigned,36,3,
a2-all.csv,350,w-1291,Latein,realigned,36,3,
a2-all.csv,351,w-1292,leer,realigned,36,5,
a2-all.csv,352,w-1293,leidtun,realigned,36,4,
a2-all.csv,354,w-1295,Lieblings-,realigned,36,4,
a2-all.csv,355,w-1296,liefern,realigned,36,12,
a2-all.csv,356,w-1297,lila,realigned,36,4,
a2-all.csv,357,w-1298,Link,realigned,36,3,
a2-all.csv,358,w-1299,Löffel,realigned,36,4,
a2-all.csv,359,w-1300,Lüge,realigned,36,5,
a2-all.csv,360,w-1301,lügen,realigned,36,4,
a2-all.csv,361,w-1302,Lust,realigned,36,5,
a2-all.csv,362,w-1303,Luxemburg,realigned,36,3,
a2-all.csv,363,w-1304,Luxemburger,realigned,36,4,
a2-all.csv,364,w-1305,Luxemburgerin,realigned,36,4,
a2-all.csv,365,w-1306,luxemburgisch,realigned,36,9,
a2-all.csv,366,w-1307,Magen,realigned,36,3,
a2-all.csv,367,w-1308,Mailbox,realigned,36,3,
a2-all.csv,368,w-1309,mal,realigned,36,4,
a2-all.csv,370,w-1311,Mama,realigned,36,4,
a2-all.csv,371,w-1312,manch-,realigned,36,5,
a2-all.csv,372,w-1313,manchmal,realigned,36,5,
a2-all.csv,373,w-1314,Mannschaft,realigned,36,3,
a2-all.csv,374,w-1315,Mantel,realigned,36,3,
a2-all.csv,376,w-1317,Markt,realigned,36,3,
a2-all.csv,377,w-1318,Mathematik,realigned,36,3,
a2-all.csv,378,w-1319,Mechaniker,realigned,36,4,
a2-all.csv,379,w-1320,Mechanikerin,realigned,36,4,
a2-all.csv,380,w-1321,Medikament,realigned,36,3,
a2-all.csv,381,w-1322,meinen,realigned,36,4,
a2-all.csv,382,w-1323,Meinung,realigned,36,3,
a2-all.csv,383,w-1324,meist-,realigned,36,5,
a2-all.csv,384,w-1325,meistens,realigned,36,5,
a2-all.csv,385,w-1326,Menge,realigned,36,5,
a2-all.csv,387,w-1328,Messe,realigned,36,3,
a2-all.csv,388,w-1329,Messer,realigned,36,4,
a2-all.csv,389,w-1330,mindestens,realigned,36,5,
a2-all.csv,390,w-1331,Mineralwasser,realigned,36,3,
a2-all.csv,391,w-1332,Mitarbeiter,realigned,36,5,
a2-all.csv,392,w-1333,mitspielen,realigned,36,12,
a2-all.csv,393,w-1334,Mittagessen,realigned,36,4,
a2-all.csv,394,w-1335,mittags,realigned,36,5,
a2-all.csv,395,w-1336,Mittel,realigned,36,12,
a2-all.csv,396,w-1337,Mitternacht,realigned,36,4,
a2-all.csv,397,w-1338,mittwochs,realigned,36,4,
a2-all.csv,398,w-1339,Mobiltelefon,realigned,36,3,
a2-all.csv,399,w-1340,Mode,realigned,36,12,
a2-all.csv,400,w-1341,Model,realigned,36,6,
a2-all.csv,401,w-1342,modern,realigned,36,5,
a2-all.csv,402,w-1343,Monat,realigned,36,3,
a2-all.csv,403,w-1344,montags,realigned,36,4,
a2-all.csv,404,w-1345,morgens,realigned,36,5,
a2-all.csv,405,w-1346,Motor,realigned,36,3,
a2-all.csv,406,w-1347,Motorroller,realigned,36,3,
a2-all.csv,407,w-1348,Müll,realigned,36,3,
a2-all.csv,408,w-1349,Museum,realigned,36,12,
a2-all.csv,409,w-1350,Musik,realigned,36,3,
a2-all.csv,410,w-1351,Musik,realigned,36,3,
a2-all.csv,411,w-1352,Musiker,realigned,36,4,
a2-all.csv,412,w-1353,Musikerin,realigned,36,4,
a2-all.csv,413,w-1354,Mütze,realigned,36,4,
a2-all.csv,414,w-1355,nach Hause,realigned,36,5,
a2-all.csv,415,w-1356,Nachbar,realigned,36,12,
a2-all.csv,416,w-1357,Nachbarin,realigned,36,12,
a2-all.csv,417,w-1358,nachmittags,realigned,36,5,
a2-all.csv,418,w-1359,Nachricht,realigned,36,3,
a2-all.csv,419,w-1360,nächste-,realigned,36,5,
a2-all.csv,420,w-1361,nachts,realigned,36,5,
a2-all.csv,421,w-1362,Nähe,realigned,36,5,
a2-all.csv,422,w-1363,nass,realigned,36,5,
a2-all.csv,423,w-1364,Natur,realigned,36,5,
a2-all.csv,424,w-1365,natürlich,realigned,36,5,
a2-all.csv,425,w-1366,neben,realigned,36,5,
a2-all.csv,426,w-1367,nebenan,realigned,36,5,
a2-all.csv,427,w-1368,neblig,realigned,36,5,
a2-all.csv,429,w-1370,nervös,realigned,36,5,
a2-all.csv,430,w-1371,nett,realigned,36,5,
a2-all.csv,431,w-1372,Neujahr,realigned,36,4,
a2-all.csv,432,w-1373,nichts,realigned,36,5,
a2-all.csv,433,w-1374,niemand,realigned,36,5,
a2-all.csv,434,w-1375,nirgends,realigned,36,5,
a2-all.csv,435,w-1376,Note,realigned,36,3,
a2-all.csv,437,w-1378,Notiz,realigned,36,3,
a2-all.csv,438,w-1379,notwendig,realigned,36,5,
a2-all.csv,439,w-1380,Nudel,realigned,36,12,
a2-all.csv,440,w-1381,nützlich,realigned,36,5,
a2-all.csv,441,w-1382,offen,realigned,36,5,
a2-all.csv,442,w-1383,Ohr,realigned,36,3,
a2-all.csv,443,w-1384,Onkel,realigned,36,5,
a2-all.csv,444,w-1385,online,realigned,36,5,
a2-all.csv,445,w-1386,Orange,realigned,36,12,
a2-all.csv,446,w-1387,orange,realigned,36,4,
a2-all.csv,448,w-1389,Ostern,realigned,36,3,
a2-all.csv,449,w-1390,Paar,realigned,36,3,
a2-all.csv,450,w-1391,Paar,realigned,36,3,
a2-all.csv,452,w-1393,Paket,realigned,36,3,
a2-all.csv,453,w-1394,Papa,realigned,36,4,
a2-all.csv,454,w-1395,Parfüm,realigned,36,12,
a2-all.csv,455,w-1396,Park,realigned,36,3,
a2-all.csv,459,w-1400,Passwort,realigned,36,3,
a2-all.csv,460,w-1401,PC,realigned,36,3,
a2-all.csv,461,w-1402,Pferd,realigned,36,12,
a2-all.csv,462,w-1403,Physik,realigned,36,3,
a2-all.csv,463,w-1404,Pizza,realigned,36,12,
a2-all.csv,464,w-1405,Plakat,realigned,36,12,
a2-all.csv,465,w-1406,planen,realigned,36,12,
a2-all.csv,466,w-1407,plötzlich,realigned,36,5,
a2-all.csv,467,w-1408,Polizist,realigned,36,4,
a2-all.csv,468,w-1409,Polizistin,realigned,36,4,
a2-all.csv,469,w-1410,Portion,realigned,36,3,
a2-all.csv,470,w-1411,Poster,realigned,36,3,
a2-all.csv,471,w-1412,praktisch,realigned,36,5,
a2-all.csv,472,w-1413,preiswert,realigned,36,10,
a2-all.csv,473,w-1414,pro,realigned,36,4,
a2-all.csv,475,w-1416,Produkt,realigned,36,3,
a2-all.csv,476,w-1417,Programm,realigned,36,3,
a2-all.csv,477,w-1418,Projekt,realigned,36,3,
a2-all.csv,479,w-1420,Prüfer,realigned,36,3,
a2-all.csv,480,w-1421,Prüferin,realigned,36,3,
a2-all.csv,481,w-1422,Pullover,realigned,36,3,
a2-all.csv,482,w-1423,Punkt,realigned,36,3,
a2-all.csv,484,w-1425,Qualität,realigned,36,5,
a2-all.csv,485,w-1426,Quiz,realigned,36,3,
a2-all.csv,486,w-1427,Rappen,realigned,36,3,
a2-all.csv,488,w-1429,Rathaus,realigned,36,3,
a2-all.csv,489,w-1430,Rätsel,realigned,36,12,
a2-all.csv,490,w-1431,rechnen,realigned,36,12,
a2-all.csv,491,w-1432,recht haben,realigned,36,5,
a2-all.csv,493,w-1434,reich,realigned,36,5,
a2-all.csv,494,w-1435,Reifen,realigned,36,3,
a2-all.csv,495,w-1436,Reihe,realigned,36,3,
a2-all.csv,496,w-1437,Reinigung,realigned,36,5,
a2-all.csv,498,w-1439,Religion,realigned,36,4,
a2-all.csv,500,w-1441,Rentner,realigned,36,4,
a2-all.csv,501,w-1442,Rentnerin,realigned,36,4,
a2-all.csv,502,w-1443,reservieren,realigned,36,12,
a2-all.csv,503,w-1444,Rest,realigned,36,4,
a2-all.csv,504,w-1445,Rezept,realigned,36,3,
a2-all.csv,505,w-1446,Rind,realigned,36,12,
a2-all.csv,506,w-1447,Ring,realigned,36,12,
a2-all.csv,507,w-1448,Rock,realigned,36,3,
a2-all.csv,508,w-1449,romantisch,realigned,36,10,
a2-all.csv,509,w-1450,rosa,realigned,36,4,
a2-all.csv,510,w-1451,Rose,realigned,36,12,
a2-all.csv,511,w-1452,Rücken,realigned,36,5,
a2-all.csv,512,w-1453,Rucksack,realigned,36,12,
a2-all.csv,514,w-1455,Ruhe,realigned,36,13,
a2-all.csv,515,w-1456,rund,realigned,36,5,
a2-all.csv,516,w-1457,Rundgang,realigned,36,12,
a2-all.csv,517,w-1458,Sache,realigned,36,12,
a2-all.csv,518,w-1459,sammeln,realigned,36,12,
a2-all.csv,519,w-1460,samstags,realigned,36,4,
a2-all.csv,520,w-1461,Sänger,realigned,36,4,
a2-all.csv,521,w-1462,Sängerin,realigned,36,4,
a2-all.csv,522,w-1463,sauber,realigned,36,10,
a2-all.csv,523,w-1464,sauer,realigned,36,5,
a2-all.csv,524,w-1465,schade,realigned,36,5,
a2-all.csv,525,w-1466,schädlich,realigned,36,5,
a2-all.csv,526,w-1467,schaffen,realigned,36,12,
a2-all.csv,527,w-1468,scharf,realigned,36,5,
a2-all.csv,528,w-1469,Schauspieler,realigned,36,13,
a2-all.csv,529,w-1470,Schauspielerin,realigned,36,13,
a2-all.csv,531,w-1472,Schere,realigned,36,12,
a2-all.csv,532,w-1473,Schiff,realigned,36,3,
a2-all.csv,534,w-1475,Schirm,realigned,36,3,
a2-all.csv,535,w-1476,schlimm,realigned,36,5,
a2-all.csv,536,w-1477,Schloss,realigned,36,3,
a2-all.csv,537,w-1478,Schmerz,realigned,36,13,
a2-all.csv,538,w-1479,schmutzig,realigned,36,5,
a2-all.csv,539,w-1480,Schnee,realigned,36,3,
a2-all.csv,540,w-1481,schneiden,realigned,36,12,
a2-all.csv,541,w-1482,schneien,realigned,36,4,
a2-all.csv,542,w-1483,Schokolade,realigned,36,12,
a2-all.csv,543,w-1484,schrecklich,realigned,36,5,
a2-all.csv,544,w-1485,schriftlich,realigned,36,5,
a2-all.csv,545,w-1486,schwach,realigned,36,5,
a2-all.csv,546,w-1487,schwanger,realigned,36,9,
a2-all.csv,547,w-1488,Schwein,realigned,36,12,
a2-all.csv,548,w-1489,schwierig,realigned,36,5,
a2-all.csv,549,w-1490,Seife,realigned,36,3,
a2-all.csv,550,w-1491,Seite,realigned,36,12,
a2-all.csv,551,w-1492,Sekretariat,realigned,36,3,
a2-all.csv,552,w-1493,selbst,realigned,36,5,
a2-all.csv,553,w-1494,Sendung,realigned,36,3,
a2-all.csv,554,w-1495,Service,realigned,36,3,
a2-all.csv,556,w-1497,sich umziehen,realigned,36,4,
a2-all.csv,557,w-1498,sicher,realigned,36,10,
a2-all.csv,558,w-1499,Silvester,realigned,36,7,
a2-all.csv,559,w-1500,singen,realigned,36,12,
a2-all.csv,560,w-1501,Situation,realigned,36,3,
a2-all.csv,561,w-1502,Ski,realigned,36,3,
a2-all.csv,562,w-1503,SMS,realigned,36,3,
a2-all.csv,563,w-1504,sogar,realigned,36,4,
a2-all.csv,564,w-1505,sonnig,realigned,36,5,
a2-all.csv,565,w-1506,sonntags,realigned,36,4,
a2-all.csv,566,w-1507,sonst,realigned,36,4,
a2-all.csv,567,w-1508,Sozialkunde,realigned,36,3,
a2-all.csv,568,w-1509,spannend,realigned,36,10,
a2-all.csv,569,w-1510,sparen,realigned,36,12,
a2-all.csv,570,w-1511,Spaß,realigned,36,13,
a2-all.csv,571,w-1512,spazieren gehen,realigned,36,4,
a2-all.csv,572,w-1513,Spaziergang,realigned,36,3,
a2-all.csv,573,w-1514,speichern,realigned,36,12,
a2-all.csv,574,w-1515,Spiel,realigned,36,12,
a2-all.csv,575,w-1516,sportlich,realigned,36,10,
a2-all.csv,576,w-1517,Sportplatz,realigned,36,3,
a2-all.csv,577,w-1518,Sprechstunde,realigned,36,3,
a2-all.csv,578,w-1519,Star,realigned,36,12,
a2-all.csv,579,w-1520,stark,realigned,36,10,
a2-all.csv,582,w-1523,Stiefel,realigned,36,3,
a2-all.csv,583,w-1524,Stift,realigned,36,3,
a2-all.csv,584,w-1525,Stipendium,realigned,36,12,
a2-all.csv,585,w-1526,Stockwerk,realigned,36,3,
a2-all.csv,587,w-1528,Strand,realigned,36,12,
a2-all.csv,589,w-1530,streng,realigned,36,5,
a2-all.csv,590,w-1531,Stress,realigned,36,4,
a2-all.csv,591,w-1532,stressig,realigned,36,5,
a2-all.csv,592,w-1533,Stück,realigned,36,12,
a2-all.csv,593,w-1534,Stuhl,realigned,36,4,
a2-all.csv,594,w-1535,Stundenplan,realigned,36,3,
a2-all.csv,595,w-1536,super,realigned,36,5,
a2-all.csv,596,w-1537,Supermarkt,realigned,36,3,
a2-all.csv,597,w-1538,Suppe,realigned,36,3,
a2-all.csv,598,w-1539,surfen,realigned,36,3,
a2-all.csv,599,w-1540,süß,realigned,36,5,
a2-all.csv,600,w-1541,Süßigkeit,realigned,36,4,
a2-all.csv,601,w-1542,sympathisch,realigned,36,5,
a2-all.csv,602,w-1543,T-Shirt,realigned,36,3,
a2-all.csv,603,w-1544,Tablet,realigned,36,3,
a2-all.csv,604,w-1545,Tablette,realigned,36,3,
a2-all.csv,605,w-1546,Tafel,realigned,36,3,
a2-all.csv,606,w-1547,täglich,realigned,36,5,
a2-all.csv,607,w-1548,tagsüber,realigned,36,5,
a2-all.csv,608,w-1549,Tante,realigned,36,4,
a2-all.csv,609,w-1550,Taschengeld,realigned,36,3,
a2-all.csv,610,w-1551,Tasse,realigned,36,12,
a2-all.csv,612,w-1553,Team,realigned,36,3,
a2-all.csv,613,w-1554,Techniker,realigned,36,4,
a2-all.csv,614,w-1555,Technikerin,realigned,36,4,
a2-all.csv,615,w-1556,teilen,realigned,36,12,
a2-all.csv,617,w-1558,Teller,realigned,36,3,
a2-all.csv,618,w-1559,Tennis,realigned,36,3,
a2-all.csv,619,w-1560,Theater,realigned,36,3,
a2-all.csv,620,w-1561,tief,realigned,36,5,
a2-all.csv,621,w-1562,Tipp,realigned,36,3,
a2-all.csv,622,w-1563,Titel,realigned,36,12,
a2-all.csv,623,w-1564,toll,realigned,36,5,
a2-all.csv,624,w-1565,Topf,realigned,36,3,
a2-all.csv,625,w-1566,Torte,realigned,36,12,
a2-all.csv,626,w-1567,total,realigned,36,5,
a2-all.csv,627,w-1568,Tour,realigned,36,12,
a2-all.csv,628,w-1569,Tourist,realigned,36,4,
a2-all.csv,629,w-1570,Touristin,realigned,36,4,
a2-all.csv,632,w-1573,Training,realigned,36,3,
a2-all.csv,633,w-1574,Traum,realigned,36,4,
a2-all.csv,635,w-1576,traurig,realigned,36,5,
a2-all.csv,636,w-1577,trocken,realigned,36,10,
a2-all.csv,637,w-1578,tschüs,realigned,36,5,
a2-all.csv,638,w-1579,Tür,realigned,36,4,
a2-all.csv,639,w-1580,typisch,realigned,36,10,
a2-all.csv,640,w-1581,üben,realigned,36,12,
a2-all.csv,641,w-1582,überall,realigned,36,5,
a2-all.csv,642,w-1583,übermorgen,realigned,36,5,
a2-all.csv,643,w-1584,übersetzen,realigned,36,12,
a2-all.csv,644,w-1585,Übersetzung,realigned,36,12,
a2-all.csv,645,w-1586,um Mitternacht,realigned,36,5,
a2-all.csv,647,w-1588,Umzug,realigned,36,3,
a2-all.csv,648,w-1589,unbedingt,realigned,36,5,
a2-all.csv,649,w-1590,Unfall,realigned,36,12,
a2-all.csv,650,w-1591,Universität,realigned,36,3,
a2-all.csv,652,w-1593,unternehmen,realigned,36,12,
a2-all.csv,653,w-1594,Unterschied,realigned,36,4,
a2-all.csv,655,w-1596,unterwegs sein,realigned,36,5,
a2-all.csv,656,w-1597,usw.,realigned,36,3,
a2-all.csv,657,w-1598,verabredet sein,realigned,36,4,
a2-all.csv,658,w-1599,Veranstaltung,realigned,36,12,
a2-all.csv,662,w-1603,vergleichen,realigned,36,12,
a2-all.csv,663,w-1604,Verkehrsmittel,realigned,36,3,
a2-all.csv,666,w-1607,verlieren,realigned,36,12,
a2-all.csv,667,w-1608,Vermieterin,realigned,36,4,
a2-all.csv,669,w-1610,verreisen,realigned,36,12,
a2-all.csv,671,w-1612,verschieden,realigned,36,5,
a2-all.csv,672,w-1613,Verspätung,realigned,36,4,
a2-all.csv,673,w-1614,versuchen,realigned,36,12,
a2-all.csv,674,w-1615,Vertrag,realigned-low,36,13,Legal
a2-all.csv,675,w-1616,viel,realigned,36,5,
a2-all.csv,676,w-1617,viermal,realigned,36,5,
a2-all.csv,677,w-1618,vierte,realigned,36,5,
a2-all.csv,678,w-1619,viertens,realigned,36,5,
a2-all.csv,679,w-1620,Vogel,realigned,36,12,
a2-all.csv,680,w-1621,voll,realigned,36,10,
a2-all.csv,681,w-1622,Volleyball,realigned,36,3,
a2-all.csv,682,w-1623,von zu Hause,realigned,36,5,
a2-all.csv,683,w-1624,vorbei,realigned,36,5,
a2-all.csv,685,w-1626,vorgestern,realigned,36,5,
a2-all.csv,686,w-1627,vorher,realigned,36,5,
a2-all.csv,687,w-1628,vormittags,realigned,36,5,
a2-all.csv,688,w-1629,vorn,realigned,36,5,
a2-all.csv,689,w-1630,Vorschlag,realigned,36,12,
a2-all.csv,690,w-1631,vorsichtig,realigned,36,10,
a2-all.csv,691,w-1632,vorwärts,realigned,36,5,
a2-all.csv,692,w-1633,wach,realigned,36,10,
a2-all.csv,693,w-1634,Wagen,realigned,36,3,
a2-all.csv,695,w-1636,wahr,realigned,36,10,
a2-all.csv,696,w-1637,wahrscheinlich,realigned,36,5,
a2-all.csv,697,w-1638,Wald,realigned,36,12,
a2-all.csv,698,w-1639,wann,realigned,36,4,
a2-all.csv,699,w-1640,warm,realigned,36,10,
a2-all.csv,700,w-1641,warum,realigned,36,4,
a2-all.csv,701,w-1642,Wäsche,realigned,36,3,
a2-all.csv,702,w-1643,WC,realigned,36,3,
a2-all.csv,703,w-1644,Webseite,realigned,36,12,
a2-all.csv,704,w-1645,wechseln,realigned,36,12,
a2-all.csv,706,w-1647,weg,realigned,36,5,
a2-all.csv,707,w-1648,Weg,realigned,36,12,
a2-all.csv,709,w-1650,wegen,realigned,36,4,
a2-all.csv,710,w-1651,wegfahren,realigned,36,4,
a2-all.csv,711,w-1652,weggehen,realigned,36,4,
a2-all.csv,712,w-1653,weglaufen,realigned,36,4,
a2-all.csv,713,w-1654,wegmachen,realigned,36,3,
a2-all.csv,717,w-1658,weich,realigned,36,5,
a2-all.csv,718,w-1659,Weihnachten,realigned,36,3,
a2-all.csv,719,w-1660,weil,realigned,36,4,
a2-all.csv,723,w-1664,welcher,realigned,36,4,
a2-all.csv,724,w-1665,wenig,realigned,36,5,
a2-all.csv,725,w-1666,wenigstens,realigned,36,5,
a2-all.csv,726,w-1667,wenn,realigned,36,4,
a2-all.csv,727,w-1668,Werkstatt,realigned,36,12,
a2-all.csv,728,w-1669,Werktag,realigned,36,4,
a2-all.csv,729,w-1670,Wettbewerb,realigned,36,12,
a2-all.csv,730,w-1671,wie,realigned,36,9,
a2-all.csv,731,w-1672,wie viel,realigned,36,4,
a2-all.csv,732,w-1673,wieder,realigned,36,5,
a2-all.csv,733,w-1674,windig,realigned,36,5,
a2-all.csv,734,w-1675,wirklich,realigned,36,10,
a2-all.csv,735,w-1676,Witz,realigned,36,12,
a2-all.csv,736,w-1677,witzig,realigned,36,5,
a2-all.csv,737,w-1678,wo,realigned,36,5,
a2-all.csv,738,w-1679,woher,realigned,36,5,
a2-all.csv,739,w-1680,wohin,realigned,36,5,
a2-all.csv,740,w-1681,Wohnzimmer,realigned,36,3,
a2-all.csv,741,w-1682,Wolke,realigned,36,4,
a2-all.csv,742,w-1683,Workshop,realigned,36,12,
a2-all.csv,743,w-1684,Wörterbuch,realigned,36,3,
a2-all.csv,744,w-1685,Wunsch,realigned,36,12,
a2-all.csv,746,w-1687,Wurst,realigned,36,3,
a2-all.csv,747,w-1688,z. B.,realigned,36,4,
a2-all.csv,748,w-1689,Zahl,realigned,36,12,
a2-all.csv,749,w-1690,Zahn,realigned,36,12,
a2-all.csv,750,w-1691,zeichnen,realigned,36,12,
a2-all.csv,751,w-1692,zeigen,realigned,36,12,
a2-all.csv,752,w-1693,Zeitschrift,realigned,36,3,
a2-all.csv,753,w-1694,Zelt,realigned,36,12,
a2-all.csv,754,w-1695,Zentrum,realigned,36,4,
a2-all.csv,755,w-1696,Zettel,realigned,36,12,
a2-all.csv,756,w-1697,Zeugnis,realigned,36,3,
a2-all.csv,757,w-1698,Ziel,realigned,36,13,
a2-all.csv,758,w-1699,Zirkus,realigned,36,12,
a2-all.csv,759,w-1700,Zitrone,realigned,36,12,
a2-all.csv,760,w-1701,Zoo,realigned,36,12,
a2-all.csv,761,w-1702,zu Fuß,realigned,36,5,
a2-all.csv,762,w-1703,zu Hause,realigned,36,5,
a2-all.csv,763,w-1704,Zucker,realigned,36,4,
a2-all.csv,764,w-1705,zuerst,realigned,36,5,
a2-all.csv,765,w-1706,zuhören,realigned,36,12,
a2-all.csv,766,w-1707,zuletzt,realigned,36,5,
a2-all.csv,768,w-1709,zurückfahren,realigned,36,4,
a2-all.csv,770,w-1711,zurückgehen,realigned,36,4,
a2-all.csv,771,w-1712,zurückkommen,realigned,36,4,
a2-all.csv,772,w-1713,zurücklaufen,realigned,36,4,
a2-all.csv,773,w-1714,zweimal,realigned,36,5,
a2-all.csv,774,w-1715,zweite,realigned,36,5,
a2-all.csv,775,w-1716,zweitens,realigned,36,5,
b1-all.csv,2,w-1717,abbiegen,realigned,36,7,
b1-all.csv,8,w-1723,abhängen,realigned,36,7,
b1-all.csv,9,w-1724,abhängig,realigned,36,4,
b1-all.csv,10,w-1725,abheben,realigned,36,7,
b1-all.csv,11,w-1726,ablehnen,realigned,36,8,
b1-all.csv,12,w-1727,abmachen,realigned,36,7,
b1-all.csv,13,w-1728,abnehmen,realigned,36,7,
b1-all.csv,15,w-1730,abonnieren,realigned,36,8,
b1-all.csv,16,w-1731,absagen,realigned,36,7,
b1-all.csv,19,w-1734,abschreiben,realigned,36,7,
b1-all.csv,22,w-1737,absolut,realigned,36,4,
b1-all.csv,23,w-1738,abstimmen,realigned,36,7,
b1-all.csv,25,w-1740,Abwart,realigned,36,10,
b1-all.csv,26,w-1741,Abwartin,realigned,36,10,
b1-all.csv,27,w-1742,abwärts,realigned,36,4,
b1-all.csv,28,w-1743,abwaschen,realigned,36,8,
b1-all.csv,29,w-1744,abwesend,realigned,36,4,
b1-all.csv,30,w-1745,achten,realigned,36,7,
b1-all.csv,32,w-1747,andererseits,realigned,36,7,
b1-all.csv,34,w-1749,anerkennen,realigned,36,8,
b1-all.csv,35,w-1750,anfangs,realigned,36,4,
b1-all.csv,36,w-1751,Angabe,realigned,36,2,
b1-all.csv,37,w-1752,angeben,realigned,36,8,
b1-all.csv,40,w-1755,angenehm,realigned,36,7,
b1-all.csv,41,w-1756,ängstlich,realigned,36,4,
b1-all.csv,42,w-1757,anhaben,realigned,36,8,
b1-all.csv,43,w-1758,ankündigen,realigned,36,8,
b1-all.csv,44,w-1759,Anlage,realigned,36,2,
b1-all.csv,45,w-1760,Anleitung,realigned,36,2,
b1-all.csv,46,w-1761,annehmen,realigned,36,7,
b1-all.csv,47,w-1762,Annonce,realigned,36,2,
b1-all.csv,48,w-1763,anschaffen,realigned,36,7,
b1-all.csv,49,w-1764,anschließen,realigned,36,7,
b1-all.csv,50,w-1765,anschnallen,realigned,36,7,
b1-all.csv,51,w-1766,ansprechen,realigned,36,8,
b1-all.csv,52,w-1767,Anspruch,realigned,36,2,
b1-all.csv,53,w-1768,anstellen,realigned,36,7,
b1-all.csv,54,w-1769,anstrengend,realigned,36,7,
b1-all.csv,55,w-1770,Antrag,realigned,36,2,
b1-all.csv,56,w-1771,Anwalt,realigned,36,2,
b1-all.csv,57,w-1772,Anwältin,realigned,36,2,
b1-all.csv,58,w-1773,anwenden,realigned,36,8,
b1-all.csv,59,w-1774,anwesend,realigned,36,7,
b1-all.csv,60,w-1775,anzeigen,realigned,36,8,
b1-all.csv,61,w-1776,Aprikose,realigned,36,11,
b1-all.csv,62,w-1777,Arbeiter,realigned,36,3,
b1-all.csv,63,w-1778,Arbeiterin,realigned,36,3,
b1-all.csv,64,w-1779,Arbeitserlaubnis,realigned,36,2,
b1-all.csv,65,w-1780,Arbeitslosigkeit,realigned,36,3,
b1-all.csv,66,w-1781,Arbeitsstelle,realigned,36,2,
b1-all.csv,67,w-1782,Architekt,realigned,36,2,
b1-all.csv,68,w-1783,Architektin,realigned,36,2,
b1-all.csv,69,w-1784,Ärger,realigned,36,3,
b1-all.csv,70,w-1785,ärgerlich,realigned,36,7,
b1-all.csv,71,w-1786,Art,realigned,36,2,
b1-all.csv,72,w-1787,Asyl,realigned,36,2,
b1-all.csv,73,w-1788,Atem,realigned,36,2,
b1-all.csv,74,w-1789,atmen,realigned,36,7,
b1-all.csv,75,w-1790,Aufenthalt,realigned,36,2,
b1-all.csv,76,w-1791,auffallen,realigned,36,7,
b1-all.csv,77,w-1792,auffordern,realigned,36,7,
b1-all.csv,78,w-1793,Aufforderung,realigned,36,2,
b1-all.csv,79,w-1794,aufführen,realigned,36,8,
b1-all.csv,80,w-1795,aufgeben,realigned,36,7,
b1-all.csv,81,w-1796,aufhalten,realigned,36,7,
b1-all.csv,82,w-1797,aufheben,realigned,36,8,
b1-all.csv,83,w-1798,aufladen,realigned,36,8,
b1-all.csv,84,w-1799,auflösen,realigned,36,7,
b1-all.csv,85,w-1800,aufmerksam,realigned,36,7,
b1-all.csv,86,w-1801,Aufnahme,realigned,36,2,
b1-all.csv,87,w-1802,aufnehmen,realigned,36,8,
b1-all.csv,88,w-1803,aufregen,realigned,36,7,
b1-all.csv,89,w-1804,aufschreiben,realigned,36,8,
b1-all.csv,90,w-1805,Auftrag,realigned,36,2,
b1-all.csv,91,w-1806,auftreten,realigned,36,7,
b1-all.csv,92,w-1807,Auftritt,realigned,36,2,
b1-all.csv,93,w-1808,aufwachen,realigned,36,7,
b1-all.csv,94,w-1809,aufwärts,realigned,36,7,
b1-all.csv,95,w-1810,Augenblick,realigned,36,2,
b1-all.csv,96,w-1811,Ausdruck,realigned,36,2,
b1-all.csv,97,w-1812,Ausdruck,realigned,36,2,
b1-all.csv,98,w-1813,ausdrucken,realigned,36,8,
b1-all.csv,99,w-1814,auseinander,realigned,36,7,
b1-all.csv,100,w-1815,Ausfahrt,realigned,36,3,
b1-all.csv,101,w-1816,ausfallen,realigned,36,7,
b1-all.csv,102,w-1817,Ausgabe,realigned,36,3,
b1-all.csv,103,w-1818,ausgebildet,realigned,36,7,
b1-all.csv,104,w-1819,Ballett,realigned,36,2,
b1-all.csv,105,w-1820,Bancomat,realigned,36,11,
b1-all.csv,106,w-1821,Bankleitzahl,realigned,36,2,
b1-all.csv,107,w-1822,Bankomat,realigned,36,11,
b1-all.csv,108,w-1823,Bankomat-Karte,realigned,36,11,
b1-all.csv,109,w-1824,Bar,realigned,36,2,
b1-all.csv,110,w-1825,Bargeld,realigned,36,3,
b1-all.csv,111,w-1826,Bart,realigned,36,2,
b1-all.csv,112,w-1827,Batterie,realigned,36,2,
b1-all.csv,113,w-1828,Bau,realigned,36,2,
b1-all.csv,114,w-1829,Bauer,realigned,36,2,
b1-all.csv,115,w-1830,Bäuerin,realigned,36,1,
b1-all.csv,116,w-1831,Bauernhof,realigned,36,2,
b1-all.csv,117,w-1832,beachten,realigned,36,8,
b1-all.csv,118,w-1833,beantragen,realigned,36,8,
b1-all.csv,119,w-1834,Bedarf,realigned,36,3,
b1-all.csv,120,w-1835,Bedeutung,realigned,36,3,
b1-all.csv,121,w-1836,bedienen,realigned,36,8,
b1-all.csv,122,w-1837,Bedienungsanleitung,realigned,36,2,
b1-all.csv,123,w-1838,Bedingung,realigned,36,2,
b1-all.csv,124,w-1839,beeinflussen,realigned,36,8,
b1-all.csv,125,w-1840,befreit,realigned,36,4,
b1-all.csv,126,w-1841,befriedigend,realigned,36,7,
b1-all.csv,127,w-1842,begegnen,realigned,36,8,
b1-all.csv,128,w-1843,begeistert,realigned,36,4,
b1-all.csv,129,w-1844,Beginn,realigned,36,3,
b1-all.csv,130,w-1845,begleiten,realigned,36,8,
b1-all.csv,131,w-1846,begrenzt,realigned,36,7,
b1-all.csv,132,w-1847,Begründung,realigned,36,2,
b1-all.csv,133,w-1848,begrüßen,realigned,36,8,
b1-all.csv,134,w-1849,behalten,realigned,36,8,
b1-all.csv,135,w-1850,behandeln,realigned,36,8,
b1-all.csv,136,w-1851,behaupten,realigned,36,7,
b1-all.csv,137,w-1852,behindern,realigned,36,8,
b1-all.csv,138,w-1853,behindert,realigned,36,7,
b1-all.csv,139,w-1854,Behörde,realigned,36,2,
b1-all.csv,140,w-1855,beid-,realigned,36,3,
b1-all.csv,141,w-1856,beinahe,realigned,36,6,
b1-all.csv,142,w-1857,beispielsweise,realigned,36,6,
b1-all.csv,143,w-1858,beißen,realigned,36,7,
b1-all.csv,144,w-1859,Beitrag,realigned,36,2,
b1-all.csv,145,w-1860,bekannt geben,realigned,36,7,
b1-all.csv,146,w-1861,Beleg,realigned,36,2,
b1-all.csv,147,w-1862,beleidigen,realigned,36,8,
b1-all.csv,148,w-1863,bemerken,realigned,36,7,
b1-all.csv,149,w-1864,benötigen,realigned,36,8,
b1-all.csv,150,w-1865,Benzin,realigned,36,2,
b1-all.csv,151,w-1866,beobachten,realigned,36,8,
b1-all.csv,152,w-1867,Beratung,realigned,36,2,
b1-all.csv,153,w-1868,berechnen,realigned,36,8,
b1-all.csv,154,w-1869,Bereich,realigned,36,2,
b1-all.csv,155,w-1870,bereit,realigned,36,4,
b1-all.csv,156,w-1871,bereits,realigned,36,7,
b1-all.csv,157,w-1872,Bericht,realigned,36,2,
b1-all.csv,158,w-1873,berufstätig,realigned,36,7,
b1-all.csv,159,w-1874,beruhigen,realigned,36,7,
b1-all.csv,160,w-1875,beschädigen,realigned,36,8,
b1-all.csv,161,w-1876,beschäftigen,realigned,36,7,
b1-all.csv,162,w-1877,Beschäftigung,realigned,36,3,
b1-all.csv,163,w-1878,Bescheid,realigned,36,2,
b1-all.csv,164,w-1879,Bescheid sagen,realigned,36,4,
b1-all.csv,165,w-1880,beschließen,realigned,36,7,
b1-all.csv,166,w-1881,beschränken,realigned,36,7,
b1-all.csv,167,w-1882,Beschreibung,realigned,36,2,
b1-all.csv,168,w-1883,besetzen,realigned,36,8,
b1-all.csv,169,w-1884,besitzen,realigned,36,8,
b1-all.csv,170,w-1885,besonder-,realigned,36,7,
b1-all.csv,171,w-1886,besorgen,realigned,36,8,
b1-all.csv,172,w-1887,besprechen,realigned,36,8,
b1-all.csv,173,w-1888,Besprechung,realigned,36,2,
b1-all.csv,174,w-1889,Besserung,realigned,36,3,
b1-all.csv,175,w-1890,Bestätigung,realigned,36,2,
b1-all.csv,176,w-1891,bestimmt,realigned,36,7,
b1-all.csv,177,w-1892,bestrafen,realigned,36,8,
b1-all.csv,178,w-1893,Betrag,realigned,36,2,
b1-all.csv,179,w-1894,betreuen,realigned,36,8,
b1-all.csv,180,w-1895,Betreuer,realigned,36,2,
b1-all.csv,181,w-1896,Betreuerin,realigned,36,2,
b1-all.csv,182,w-1897,Betreuung,realigned,36,2,
b1-all.csv,183,w-1898,Betrieb,realigned,36,2,
b1-all.csv,184,w-1899,Betriebsrat,realigned,36,2,
b1-all.csv,185,w-1900,Betriebsrätin,realigned,36,1,
b1-all.csv,186,w-1901,betrügen,realigned,36,8,
b1-all.csv,187,w-1902,betrunken,realigned,36,7,
b1-all.csv,188,w-1903,Bevölkerung,realigned,36,2,
b1-all.csv,189,w-1904,bevor,realigned,36,3,
b1-all.csv,190,w-1905,bewegen,realigned,36,7,
b1-all.csv,191,w-1906,Bewegung,realigned,36,3,
b1-all.csv,192,w-1907,Beweis,realigned,36,2,
b1-all.csv,193,w-1908,beweisen,realigned,36,7,
b1-all.csv,194,w-1909,Bewohner,realigned,36,2,
b1-all.csv,195,w-1910,Bewohnerin,realigned,36,1,
b1-all.csv,196,w-1911,bieten,realigned,36,7,
b1-all.csv,197,w-1912,Bildschirm,realigned,36,2,
b1-all.csv,198,w-1913,Billett,realigned,36,11,
b1-all.csv,199,w-1914,Bio-,realigned,36,3,
b1-all.csv,200,w-1915,biologisch,realigned,36,7,
b1-all.csv,201,w-1916,bisher,realigned,36,7,
b1-all.csv,202,w-1917,bitte,realigned,36,6,
b1-all.csv,203,w-1918,blass,realigned,36,7,
b1-all.csv,204,w-1919,blind,realigned,36,7,
b1-all.csv,205,w-1920,Blitz,realigned,36,2,
b1-all.csv,206,w-1921,blitzen,realigned,36,7,
b1-all.csv,207,w-1922,bloß,realigned,36,6,
b1-all.csv,208,w-1923,blühen,realigned,36,7,
b1-all.csv,209,w-1924,Blut,realigned,36,2,
b1-all.csv,210,w-1925,bluten,realigned,36,7,
b1-all.csv,211,w-1926,Boden,realigned,36,3,
b1-all.csv,212,w-1927,Boot,realigned,36,2,
b1-all.csv,213,w-1928,Botschaft,realigned,36,2,
b1-all.csv,214,w-1929,Braten,realigned,36,2,
b1-all.csv,215,w-1930,brechen,realigned,36,7,
b1-all.csv,216,w-1931,Breite,realigned,36,3,
b1-all.csv,217,w-1932,Bremse,realigned,36,3,
b1-all.csv,218,w-1933,bremsen,realigned,36,7,
b1-all.csv,219,w-1934,brennen,realigned,36,7,
b1-all.csv,220,w-1935,Briefkasten,realigned,36,2,
b1-all.csv,221,w-1936,Brieftasche,realigned,36,11,
b1-all.csv,222,w-1937,Briefträger,realigned,36,11,
b1-all.csv,223,w-1938,Briefträgerin,realigned,36,10,
b1-all.csv,224,w-1939,Briefumschlag,realigned,36,11,
b1-all.csv,225,w-1940,Broschüre,realigned,36,2,
b1-all.csv,226,w-1941,Brötli,realigned,36,11,
b1-all.csv,227,w-1942,Brust,realigned,36,2,
b1-all.csv,228,w-1943,Bub,realigned,36,12,
b1-all.csv,229,w-1944,Buchhandlung,realigned,36,2,
b1-all.csv,230,w-1945,Büchse,realigned,36,11,
b1-all.csv,231,w-1946,Buffet,realigned,36,2,
b1-all.csv,232,w-1947,Bühne,realigned,36,2,
b1-all.csv,233,w-1948,Burg,realigned,36,2,
b1-all.csv,234,w-1949,Bürger,realigned,36,2,
b1-all.csv,235,w-1950,Bürgerin,realigned,36,1,
b1-all.csv,236,w-1951,Bürste,realigned,36,3,
b1-all.csv,237,w-1952,Chance,realigned,36,3,
b1-all.csv,238,w-1953,Chipkarte,realigned,36,2,
b1-all.csv,239,w-1954,Coiffeur,realigned,36,11,
b1-all.csv,240,w-1955,Coiffeuse,realigned,36,10,
b1-all.csv,241,w-1956,Couch,realigned,36,2,
b1-all.csv,242,w-1957,Couvert,realigned,36,10,
b1-all.csv,243,w-1958,dabei,realigned,36,6,
b1-all.csv,244,w-1959,Dach,realigned,36,3,
b1-all.csv,245,w-1960,dafür,realigned,36,7,
b1-all.csv,246,w-1961,dagegen,realigned,36,7,
b1-all.csv,247,w-1962,daher,realigned,36,5,
b1-all.csv,248,w-1963,dahin,realigned,36,7,
b1-all.csv,249,w-1964,damit,realigned,36,2,
b1-all.csv,250,w-1965,danach,realigned,36,7,
b1-all.csv,251,w-1966,dankbar,realigned,36,7,
b1-all.csv,252,w-1967,darstellen,realigned,36,8,
b1-all.csv,253,w-1968,Darstellung,realigned,36,2,
b1-all.csv,254,w-1969,Daten,realigned,36,2,
b1-all.csv,255,w-1970,Dauer,realigned,36,3,
b1-all.csv,256,w-1971,dauernd,realigned,36,7,
b1-all.csv,257,w-1972,Decke,realigned,36,3,
b1-all.csv,258,w-1973,dekorieren,realigned,36,8,
b1-all.csv,259,w-1974,Denkmal,realigned,36,2,
b1-all.csv,260,w-1975,derselbe,realigned,36,3,
b1-all.csv,261,w-1976,Dessert,realigned,36,12,
b1-all.csv,262,w-1977,deswegen,realigned,36,6,
b1-all.csv,263,w-1978,Detail,realigned,36,3,
b1-all.csv,264,w-1979,Dialekt,realigned,36,3,
b1-all.csv,265,w-1980,Dialog,realigned,36,3,
b1-all.csv,266,w-1981,Diät,realigned,36,2,
b1-all.csv,267,w-1982,dicht,realigned,36,7,
b1-all.csv,268,w-1983,Dieb,realigned,36,2,
b1-all.csv,269,w-1984,Diebin,realigned,36,1,
b1-all.csv,270,w-1985,dienen,realigned,36,7,
b1-all.csv,271,w-1986,Dienst,realigned,36,3,
b1-all.csv,272,w-1987,diesmal,realigned,36,7,
b1-all.csv,273,w-1988,digital,realigned,36,7,
b1-all.csv,274,w-1989,Diplom,realigned,36,2,
b1-all.csv,275,w-1990,Direktorin,realigned,36,3,
b1-all.csv,276,w-1991,Disko,realigned,36,2,
b1-all.csv,277,w-1992,Diskothek,realigned,36,2,
b1-all.csv,278,w-1993,Diskussion,realigned,36,2,
b1-all.csv,279,w-1994,Distanz,realigned,36,3,
b1-all.csv,280,w-1995,doch,realigned,36,7,
b1-all.csv,281,w-1996,Doktorin,realigned-low,36,3,Goethe-Zertifikat A2 Wortliste
b1-all.csv,282,w-1997,Dokument,realigned,36,2,
b1-all.csv,283,w-1998,Donner,realigned,36,2,
b1-all.csv,284,w-1999,donnern,realigned,36,7,
b1-all.csv,285,w-2000,Doppel-,realigned,36,3,
b1-all.csv,286,w-2001,doppelt,realigned,36,7,
b1-all.csv,287,w-2002,Dose,realigned,36,11,
b1-all.csv,288,w-2003,Dreck,realigned,36,3,
b1-all.csv,289,w-2004,drehen,realigned,36,7,
b1-all.csv,290,w-2005,drin,realigned,36,7,
b1-all.csv,291,w-2006,Droge,realigned,36,2,
b1-all.csv,292,w-2007,Drogerie,realigned,36,2,
b1-all.csv,293,w-2008,Druck,realigned,36,3,
b1-all.csv,294,w-2009,durcheinander,realigned,36,7,
b1-all.csv,295,w-2010,Durchschnitt,realigned,36,2,
b1-all.csv,296,w-2011,durchschnittlich,realigned,36,7,
b1-all.csv,297,w-2012,durstig,realigned,36,7,
b1-all.csv,298,w-2013,duzen,realigned,36,7,
b1-all.csv,299,w-2014,e-card,realigned,36,11,
b1-all.csv,300,w-2015,eben,realigned,36,6,
b1-all.csv,301,w-2016,ebenfalls,realigned,36,7,
b1-all.csv,302,w-2017,ebenso,realigned,36,6,
b1-all.csv,303,w-2018,EC-Karte,realigned,36,11,
b1-all.csv,304,w-2019,Eck,realigned,36,11,
b1-all.csv,305,w-2020,eckig,realigned,36,7,
b1-all.csv,306,w-2021,Ehe,realigned,36,3,
b1-all.csv,307,w-2022,Ehepaar,realigned,36,2,
b1-all.csv,308,w-2023,eher,realigned,36,6,
b1-all.csv,309,w-2024,ehrlich,realigned,36,7,
b1-all.csv,310,w-2025,Eile,realigned,36,3,
b1-all.csv,311,w-2026,eilen,realigned,36,4,
b1-all.csv,312,w-2027,ein bisschen,realigned,36,7,
b1-all.csv,313,w-2028,ein paar,realigned,36,3,
b1-all.csv,314,w-2029,ein-,realigned,36,3,
b1-all.csv,315,w-2030,Einbahnstraße,realigned,36,2,
b1-all.csv,316,w-2031,einbrechen,realigned,36,7,
b1-all.csv,317,w-2032,Einbrecher,realigned,36,2,
b1-all.csv,318,w-2033,Einbrecherin,realigned,36,1,
b1-all.csv,319,w-2034,Einbruch,realigned,36,2,
b1-all.csv,320,w-2035,eindeutig,realigned,36,7,
b1-all.csv,321,w-2036,Eindruck,realigned,36,2,
b1-all.csv,322,w-2037,einerseits,realigned,36,7,
b1-all.csv,323,w-2038,Einfahrt,realigned,36,3,
b1-all.csv,324,w-2039,Einfall,realigned,36,2,
b1-all.csv,325,w-2040,einfallen,realigned,36,7,
b1-all.csv,326,w-2041,Einfluss,realigned,36,2,
b1-all.csv,327,w-2042,einfügen,realigned,36,7,
b1-all.csv,328,w-2043,einführen,realigned,36,7,
b1-all.csv,329,w-2044,Einführung,realigned,36,3,
b1-all.csv,330,w-2045,einheitlich,realigned,36,7,
b1-all.csv,331,w-2046,einig-,realigned,36,3,
b1-all.csv,332,w-2047,Einkauf,realigned,36,3,
b1-all.csv,333,w-2048,Einkommen,realigned,36,2,
b1-all.csv,334,w-2049,Einnahme,realigned,36,3,
b1-all.csv,335,w-2050,einnehmen,realigned,36,8,
b1-all.csv,336,w-2051,einrichten,realigned,36,7,
b1-all.csv,337,w-2052,einsam,realigned,36,4,
b1-all.csv,338,w-2053,einschalten,realigned,36,8,
b1-all.csv,339,w-2054,einschließlich,realigned,36,4,
b1-all.csv,340,w-2055,Einschreiben,realigned,36,2,
b1-all.csv,341,w-2056,einsetzen,realigned,36,7,
b1-all.csv,342,w-2057,einstellen,realigned,36,8,
b1-all.csv,343,w-2058,eintreten,realigned,36,7,
b1-all.csv,344,w-2059,einverstanden,realigned,36,4,
b1-all.csv,345,w-2060,Einwohner,realigned,36,2,
b1-all.csv,346,w-2061,Einwohnerin,realigned,36,1,
b1-all.csv,347,w-2062,einzahlen,realigned,36,7,
b1-all.csv,348,w-2063,Einzahlung,realigned,36,3,
b1-all.csv,349,w-2064,Einzel-,realigned,36,3,
b1-all.csv,350,w-2065,Einzelheit,realigned,36,3,
b1-all.csv,351,w-2066,einzeln,realigned,36,7,
b1-all.csv,352,w-2067,einzig-,realigned,36,7,
b1-all.csv,353,w-2068,Eisenbahn,realigned,36,2,
b1-all.csv,354,w-2069,elegant,realigned,36,7,
b1-all.csv,355,w-2070,elektrisch,realigned,36,7,
b1-all.csv,356,w-2071,Elektro-,realigned,36,2,
b1-all.csv,357,w-2072,elektronisch,realigned,36,7,
b1-all.csv,358,w-2073,Empfang,realigned,36,2,
b1-all.csv,359,w-2074,empfangen,realigned,36,8,
b1-all.csv,360,w-2075,Empfehlung,realigned,36,3,
b1-all.csv,361,w-2076,endgültig,realigned,36,7,
b1-all.csv,362,w-2077,Energie,realigned,36,3,
b1-all.csv,363,w-2078,entdecken,realigned,36,8,
b1-all.csv,364,w-2079,entfernen,realigned,36,7,
b1-all.csv,365,w-2080,Entfernung,realigned,36,3,
b1-all.csv,366,w-2081,entgegenkommen,realigned,36,7,
b1-all.csv,367,w-2082,enthalten,realigned,36,7,
b1-all.csv,368,w-2083,entlang,realigned,36,3,
b1-all.csv,369,w-2084,entlassen,realigned,36,7,
b1-all.csv,370,w-2085,Entlassung,realigned,36,3,
b1-all.csv,371,w-2086,entscheiden,realigned,36,7,
b1-all.csv,372,w-2087,Entscheidung,realigned,36,3,
b1-all.csv,373,w-2088,entschlossen,realigned,36,7,
b1-all.csv,374,w-2089,entsorgen,realigned,36,8,
b1-all.csv,375,w-2090,entspannend,realigned,36,7,
b1-all.csv,376,w-2091,entstehen,realigned,36,7,
b1-all.csv,377,w-2092,enttäuschen,realigned,36,7,
b1-all.csv,378,w-2093,Enttäuschung,realigned,36,3,
b1-all.csv,379,w-2094,entweder... oder,realigned,36,6,
b1-all.csv,380,w-2095,entwickeln,realigned,36,7,
b1-all.csv,381,w-2096,Entwicklung,realigned,36,3,
b1-all.csv,382,w-2097,Erdapfel,realigned,36,11,
b1-all.csv,383,w-2098,Erde,realigned,36,3,
b1-all.csv,384,w-2099,Erdgeschoß,realigned,36,12,
b1-all.csv,385,w-2100,Ereignis,realigned,36,2,
b1-all.csv,386,w-2101,erfahren,realigned,36,7,
b1-all.csv,387,w-2102,erfinden,realigned,36,8,
b1-all.csv,388,w-2103,Erfindung,realigned,36,2,
b1-all.csv,389,w-2104,Erfolg,realigned,36,3,
b1-all.csv,390,w-2105,erfolgreich,realigned,36,7,
b1-all.csv,391,w-2106,erforderlich,realigned,36,7,
b1-all.csv,392,w-2107,erfordern,realigned,36,8,
b1-all.csv,393,w-2108,erfüllen,realigned,36,7,
b1-all.csv,394,w-2109,erhalten,realigned,36,8,
b1-all.csv,395,w-2110,erhöhen,realigned,36,7,
b1-all.csv,396,w-2111,Erhöhung,realigned,36,3,
b1-all.csv,397,w-2112,Erholung,realigned,36,3,
b1-all.csv,398,w-2113,Erinnerung,realigned,36,3,
b1-all.csv,399,w-2114,erkältet,realigned,36,7,
b1-all.csv,400,w-2115,Erkältung,realigned,36,2,
b1-all.csv,401,w-2116,erkennen,realigned,36,7,
b1-all.csv,402,w-2117,Erklärung,realigned,36,2,
b1-all.csv,403,w-2118,erleben,realigned,36,8,
b1-all.csv,404,w-2119,Erlebnis,realigned,36,2,
b1-all.csv,405,w-2120,erledigen,realigned,36,8,
b1-all.csv,406,w-2121,erleichtern,realigned,36,8,
b1-all.csv,407,w-2122,ernähren,realigned,36,7,
b1-all.csv,408,w-2123,Ernährung,realigned,36,2,
b1-all.csv,409,w-2124,ernst,realigned,36,7,
b1-all.csv,410,w-2125,ernsthaft,realigned,36,7,
b1-all.csv,411,w-2126,Ernte,realigned,36,2,
b1-all.csv,412,w-2127,eröffnen,realigned,36,8,
b1-all.csv,413,w-2128,Eröffnung,realigned,36,3,
b1-all.csv,414,w-2129,Ersatz,realigned,36,2,
b1-all.csv,415,w-2130,erschöpft,realigned,36,7,
b1-all.csv,416,w-2131,erschrecken,realigned,36,4,
b1-all.csv,417,w-2132,ersetzen,realigned,36,7,
b1-all.csv,418,w-2133,erstellen,realigned,36,8,
b1-all.csv,419,w-2134,erwachsen,realigned,36,7,
b1-all.csv,420,w-2135,erwarten,realigned,36,8,
b1-all.csv,421,w-2136,Erzählung,realigned,36,2,
b1-all.csv,422,w-2137,erziehen,realigned,36,8,
b1-all.csv,423,w-2138,Erziehung,realigned,36,2,
b1-all.csv,424,w-2139,Essig,realigned,36,2,
b1-all.csv,425,w-2140,Etage,realigned,36,11,
b1-all.csv,426,w-2141,etwa,realigned,36,7,
b1-all.csv,427,w-2142,etwas,realigned,36,3,
b1-all.csv,428,w-2143,eventuell,realigned,36,8,
b1-all.csv,429,w-2144,ewig,realigned,36,7,
b1-all.csv,430,w-2145,Experte,realigned,36,3,
b1-all.csv,431,w-2146,Expertin,realigned,36,2,
b1-all.csv,432,w-2147,Export,realigned,36,3,
b1-all.csv,433,w-2148,extra,realigned,36,7,
b1-all.csv,434,w-2149,extrem,realigned,36,7,
b1-all.csv,435,w-2150,Fabrik,realigned,36,2,
b1-all.csv,436,w-2151,Fachfrau,realigned,36,2,
b1-all.csv,437,w-2152,Fachleute,realigned,36,3,
b1-all.csv,438,w-2153,Fachmann,realigned,36,3,
b1-all.csv,439,w-2154,Fähigkeit,realigned,36,3,
b1-all.csv,440,w-2155,Fahrbahn,realigned,36,3,
b1-all.csv,441,w-2156,Fähre,realigned,36,2,
b1-all.csv,442,w-2157,Fahrzeug,realigned,36,2,
b1-all.csv,443,w-2158,fair,realigned,36,7,
b1-all.csv,444,w-2159,Faktor,realigned,36,2,
b1-all.csv,445,w-2160,Fall,realigned,36,2,
b1-all.csv,446,w-2161,fällig,realigned,36,6,
b1-all.csv,447,w-2162,falls,realigned,36,2,
b1-all.csv,448,w-2163,fangen,realigned,36,8,
b1-all.csv,449,w-2164,Fantasie,realigned,36,3,
b1-all.csv,450,w-2165,farbig,realigned,36,7,
b1-all.csv,451,w-2166,Faschierte,realigned,36,11,
b1-all.csv,452,w-2167,Fasching,realigned,36,11,
b1-all.csv,453,w-2168,Fasnacht,realigned,36,11,
b1-all.csv,454,w-2169,fassen,realigned,36,8,
b1-all.csv,455,w-2170,faulenzen,realigned,36,7,
b1-all.csv,456,w-2171,Fauteuil,realigned,36,11,
b1-all.csv,457,w-2172,Feld,realigned,36,2,
b1-all.csv,458,w-2173,Ferien-,realigned,36,2,
b1-all.csv,459,w-2174,Fernbedienung,realigned,36,2,
b1-all.csv,460,w-2175,Fernsehen,realigned,36,2,
b1-all.csv,461,w-2176,fest,realigned,36,7,
b1-all.csv,462,w-2177,festhalten,realigned,36,7,
b1-all.csv,463,w-2178,festlegen,realigned,36,7,
b1-all.csv,464,w-2179,festnehmen,realigned,36,8,
b1-all.csv,465,w-2180,Festplatte,realigned,36,2,
b1-all.csv,466,w-2181,festsetzen,realigned,36,8,
b1-all.csv,467,w-2182,feststehen,realigned,36,4,
b1-all.csv,468,w-2183,feststellen,realigned,36,7,
b1-all.csv,469,w-2184,Fett,realigned,36,2,
b1-all.csv,470,w-2185,feucht,realigned,36,7,
b1-all.csv,471,w-2186,Feuerwehr,realigned,36,2,
b1-all.csv,472,w-2187,Feuerzeug,realigned,36,2,
b1-all.csv,473,w-2188,Figur,realigned,36,2,
b1-all.csv,474,w-2189,finanziell,realigned,36,7,
b1-all.csv,475,w-2190,finanzieren,realigned,36,8,
b1-all.csv,476,w-2191,Finger,realigned,36,2,
b1-all.csv,477,w-2192,flach,realigned,36,7,
b1-all.csv,478,w-2193,Fläche,realigned,36,2,
b1-all.csv,479,w-2194,Fleck,realigned,36,2,
b1-all.csv,480,w-2195,Fleischhauer,realigned,36,11,
b1-all.csv,481,w-2196,Fleischhauerin,realigned,36,10,
b1-all.csv,482,w-2197,flexibel,realigned,36,7,
b1-all.csv,483,w-2198,fliehen,realigned,36,7,
b1-all.csv,484,w-2199,fließen,realigned,36,7,
b1-all.csv,485,w-2200,fließend,realigned,36,7,
b1-all.csv,486,w-2201,Flöte,realigned,36,2,
b1-all.csv,487,w-2202,Flucht,realigned,36,2,
b1-all.csv,488,w-2203,Flur,realigned,36,11,
b1-all.csv,489,w-2204,Flüssigkeit,realigned,36,3,
b1-all.csv,490,w-2205,Folge,realigned,36,3,
b1-all.csv,491,w-2206,folgen,realigned,36,8,
b1-all.csv,492,w-2207,folgend,realigned,36,7,
b1-all.csv,493,w-2208,fordern,realigned,36,8,
b1-all.csv,494,w-2209,fördern,realigned,36,8,
b1-all.csv,495,w-2210,Forderung,realigned,36,2,
b1-all.csv,496,w-2211,Förderung,realigned,36,2,
b1-all.csv,497,w-2212,Form,realigned,36,2,
b1-all.csv,498,w-2213,Forschung,realigned,36,2,
b1-all.csv,499,w-2214,Fortbildung,realigned,36,2,
b1-all.csv,500,w-2215,Fortschritt,realigned,36,3,
b1-all.csv,501,w-2216,fortsetzen,realigned,36,8,
b1-all.csv,502,w-2217,Fortsetzung,realigned,36,3,
b1-all.csv,503,w-2218,Forum,realigned,36,2,
b1-all.csv,504,w-2219,Fotograf,realigned,36,2,
b1-all.csv,505,w-2220,Fotografie,realigned,36,2,
b1-all.csv,506,w-2221,Fotografin,realigned,36,2,
b1-all.csv,507,w-2222,frech,realigned,36,7,
b1-all.csv,508,w-2223,Freiheit,realigned,36,3,
b1-all.csv,509,w-2224,fressen,realigned,36,7,
b1-all.csv,510,w-2225,Freude,realigned,36,3,
b1-all.csv,511,w-2226,Freundschaft,realigned,36,3,
b1-all.csv,512,w-2227,Friede,realigned,36,3,
b1-all.csv,513,w-2228,Frieden,realigned,36,3,
b1-all.csv,514,w-2229,frieren,realigned,36,7,
b1-all.csv,515,w-2230,Frist,realigned,36,2,
b1-all.csv,516,w-2231,Frisur,realigned,36,2,
b1-all.csv,517,w-2232,fröhlich,realigned,36,7,
b1-all.csv,518,w-2233,Frucht,realigned,36,2,
b1-all.csv,519,w-2234,Früchte,realigned,36,11,
b1-all.csv,520,w-2235,früher-,realigned,36,7,
b1-all.csv,521,w-2236,führen,realigned,36,7,
b1-all.csv,522,w-2237,Führerausweis,realigned,36,11,
b1-all.csv,523,w-2238,Fundbüro,realigned,36,2,
b1-all.csv,524,w-2239,funktionieren,realigned,36,7,
b1-all.csv,525,w-2240,Fußgänger,realigned,36,3,
b1-all.csv,526,w-2241,Fußgängerin,realigned,36,2,
b1-all.csv,527,w-2242,Fußgängerzone,realigned,36,2,
b1-all.csv,528,w-2243,füttern,realigned,36,8,
b1-all.csv,529,w-2244,Galerie,realigned,36,2,
b1-all.csv,530,w-2245,Gang,realigned,36,2,
b1-all.csv,531,w-2246,gar,realigned,36,6,
b1-all.csv,532,w-2247,Garantie,realigned,36,2,
b1-all.csv,533,w-2248,garantieren,realigned,36,7,
b1-all.csv,534,w-2249,Garderobe,realigned,36,2,
b1-all.csv,535,w-2250,Gas,realigned,36,2,
b1-all.csv,536,w-2251,Gasthaus,realigned,36,11,
b1-all.csv,537,w-2252,Gästin,realigned,36,2,
b1-all.csv,538,w-2253,Gaststätte,realigned,36,11,
b1-all.csv,539,w-2254,Gebäck,realigned,36,2,
b1-all.csv,540,w-2255,Gebäude,realigned,36,2,
b1-all.csv,541,w-2256,Gebiet,realigned,36,2,
b1-all.csv,542,w-2257,Gebirge,realigned,36,3,
b1-all.csv,543,w-2258,geboren werden,realigned,36,7,
b1-all.csv,544,w-2259,gebrauchen,realigned,36,8,
b1-all.csv,545,w-2260,Gebrauchsanweisung,realigned,36,2,
b1-all.csv,546,w-2261,Gebühr,realigned,36,2,
b1-all.csv,547,w-2262,Geburt,realigned,36,3,
b1-all.csv,548,w-2263,Gedanke,realigned,36,2,
b1-all.csv,549,w-2264,Gedicht,realigned,36,2,
b1-all.csv,550,w-2265,Geduld,realigned,36,3,
b1-all.csv,551,w-2266,geehrt,realigned,36,7,
b1-all.csv,552,w-2267,geeignet,realigned,36,7,
b1-all.csv,553,w-2268,Gefahr,realigned,36,3,
b1-all.csv,554,w-2269,Gefängnis,realigned,36,3,
b1-all.csv,555,w-2270,Gefühl,realigned,36,3,
b1-all.csv,556,w-2271,Gegend,realigned,36,2,
b1-all.csv,557,w-2272,Gegensatz,realigned,36,3,
b1-all.csv,558,w-2273,Gegenstand,realigned,36,2,
b1-all.csv,559,w-2274,Gegner,realigned,36,3,
b1-all.csv,560,w-2275,Gegnerin,realigned,36,3,
b1-all.csv,561,w-2276,geheim,realigned,36,7,
b1-all.csv,562,w-2277,Geheimnis,realigned,36,3,
b1-all.csv,563,w-2278,Gehsteig,realigned,36,12,
b1-all.csv,564,w-2279,Geldautomat,realigned,36,11,
b1-all.csv,565,w-2280,Gelegenheit,realigned,36,2,
b1-all.csv,566,w-2281,gelingen,realigned,36,7,
b1-all.csv,567,w-2282,gelten,realigned,36,7,
b1-all.csv,568,w-2283,gemeinsam,realigned,36,7,
b1-all.csv,569,w-2284,Gemeinschaft,realigned,36,3,
b1-all.csv,570,w-2285,gemütlich,realigned,36,7,
b1-all.csv,571,w-2286,genauso,realigned,36,7,
b1-all.csv,572,w-2287,genehmigen,realigned,36,7,
b1-all.csv,573,w-2288,Generation,realigned,36,2,
b1-all.csv,574,w-2289,genießen,realigned,36,8,
b1-all.csv,575,w-2290,genügen,realigned,36,7,
b1-all.csv,576,w-2291,gerade,realigned,36,7,
b1-all.csv,577,w-2292,gerecht,realigned,36,7,
b1-all.csv,578,w-2293,gering,realigned,36,7,
b1-all.csv,579,w-2294,gesamt-,realigned,36,7,
b1-all.csv,580,w-2295,geschehen,realigned,36,7,
b1-all.csv,581,w-2296,Geschmack,realigned,36,2,
b1-all.csv,582,w-2297,Geschwindigkeit,realigned,36,2,
b1-all.csv,583,w-2298,Geschwindigkeitsbeschränkung,realigned,36,2,
b1-all.csv,584,w-2299,Gesellschaft,realigned,36,3,
b1-all.csv,585,w-2300,Gesetz,realigned,36,2,
b1-all.csv,586,w-2301,gespannt,realigned,36,7,
b1-all.csv,587,w-2302,Gewalt,realigned,36,3,
b1-all.csv,588,w-2303,Gewerkschaft,realigned,36,3,
b1-all.csv,589,w-2304,Gewinn,realigned,36,3,
b1-all.csv,590,w-2305,Gewissen,realigned,36,2,
b1-all.csv,591,w-2306,gewöhnlich,realigned,36,7,
b1-all.csv,592,w-2307,gewohnt,realigned,36,7,
b1-all.csv,593,w-2308,Gewürz,realigned,36,2,
b1-all.csv,594,w-2309,gießen,realigned,36,8,
b1-all.csv,595,w-2310,Gift,realigned,36,3,
b1-all.csv,596,w-2311,giftig,realigned,36,7,
b1-all.csv,597,w-2312,Girokonto,realigned,36,3,
b1-all.csv,598,w-2313,Glace,realigned,36,11,
b1-all.csv,599,w-2314,glatt,realigned,36,7,
b1-all.csv,600,w-2315,gleichberechtigt,realigned,36,7,
b1-all.csv,601,w-2316,gleichfalls,realigned,36,6,
b1-all.csv,602,w-2317,gleichzeitig,realigned,36,7,
b1-all.csv,603,w-2318,Gold,realigned,36,2,
b1-all.csv,604,w-2319,Golf,realigned,36,2,
b1-all.csv,605,w-2320,Gott,realigned,36,2,
b1-all.csv,606,w-2321,Grafik,realigned,36,2,
b1-all.csv,607,w-2322,Gras,realigned,36,2,
b1-all.csv,608,w-2323,gratis,realigned,36,4,
b1-all.csv,609,w-2324,Gratulation,realigned,36,2,
b1-all.csv,610,w-2325,greifen,realigned,36,7,
b1-all.csv,611,w-2326,Grenze,realigned,36,2,
b1-all.csv,612,w-2327,Grill,realigned,36,2,
b1-all.csv,613,w-2328,grillieren,realigned,36,7,
b1-all.csv,614,w-2329,Groß-,realigned,36,3,
b1-all.csv,615,w-2330,Grund,realigned,36,2,
b1-all.csv,616,w-2331,gründen,realigned,36,8,
b1-all.csv,617,w-2332,gründlich,realigned,36,7,
b1-all.csv,618,w-2333,Grundstück,realigned,36,2,
b1-all.csv,619,w-2334,grüßen,realigned,36,8,
b1-all.csv,620,w-2335,gucken,realigned,36,7,
b1-all.csv,621,w-2336,Gymnastik,realigned,36,2,
b1-all.csv,622,w-2337,Hackfleisch,realigned,36,11,
b1-all.csv,623,w-2338,Hafen,realigned,36,2,
b1-all.csv,624,w-2339,hageln,realigned,36,7,
b1-all.csv,625,w-2340,halbtags,realigned,36,7,
b1-all.csv,626,w-2341,Hälfte,realigned,36,3,
b1-all.csv,627,w-2342,Hallenbad,realigned,36,3,
b1-all.csv,628,w-2343,halt,realigned,36,6,
b1-all.csv,629,w-2344,Halt,realigned,36,2,
b1-all.csv,630,w-2345,haltbar,realigned,36,7,
b1-all.csv,631,w-2346,Hammer,realigned,36,2,
b1-all.csv,632,w-2347,Handel,realigned,36,2,
b1-all.csv,633,w-2348,handeln,realigned,36,7,
b1-all.csv,634,w-2349,Händler,realigned,36,3,
b1-all.csv,635,w-2350,Händlerin,realigned,36,2,
b1-all.csv,636,w-2351,hassen,realigned,36,7,
b1-all.csv,637,w-2352,häufig,realigned,36,7,
b1-all.csv,638,w-2353,Haupt-,realigned,36,3,
b1-all.csv,639,w-2354,Hausmeister,realigned,36,11,
b1-all.csv,640,w-2355,Hausmeisterin,realigned,36,10,
b1-all.csv,641,w-2356,Haut,realigned,36,2,
b1-all.csv,642,w-2357,heben,realigned,36,7,
b1-all.csv,643,w-2358,heim,realigned,36,7,
b1-all.csv,644,w-2359,Heim,realigned,36,2,
b1-all.csv,645,w-2360,heimlich,realigned,36,7,
b1-all.csv,646,w-2361,Heimweh,realigned,36,3,
b1-all.csv,647,w-2362,heizen,realigned,36,7,
b1-all.csv,648,w-2363,Held,realigned,36,3,
b1-all.csv,649,w-2364,Heldin,realigned,36,3,
b1-all.csv,650,w-2365,Hendl,realigned,36,11,
b1-all.csv,651,w-2366,her-,realigned,36,3,
b1-all.csv,652,w-2367,heraus-,realigned,36,3,
b1-all.csv,653,w-2368,herausfinden,realigned,36,7,
b1-all.csv,654,w-2369,Herausforderung,realigned,36,2,
b1-all.csv,655,w-2370,herein-,realigned,36,3,
b1-all.csv,656,w-2371,Hersteller,realigned,36,3,
b1-all.csv,657,w-2372,herunter-,realigned,36,3,
b1-all.csv,658,w-2373,herunterfahren,realigned,36,8,
b1-all.csv,659,w-2374,Herz,realigned,36,2,
b1-all.csv,660,w-2375,heutig-,realigned,36,7,
b1-all.csv,661,w-2376,hier-,realigned,36,3,
b1-all.csv,662,w-2377,hierher,realigned,36,7,
b1-all.csv,663,w-2378,hinter-,realigned,36,3,
b1-all.csv,664,w-2379,hinterher,realigned,36,7,
b1-all.csv,665,w-2380,hinterlassen,realigned,36,7,
b1-all.csv,666,w-2381,hinunter-,realigned,36,3,
b1-all.csv,667,w-2382,Hinweis,realigned,36,2,
b1-all.csv,668,w-2383,hinweisen,realigned,36,7,
b1-all.csv,669,w-2384,historisch,realigned,36,7,
b1-all.csv,670,w-2385,Hitze,realigned,36,3,
b1-all.csv,671,w-2386,hochladen,realigned,36,7,
b1-all.csv,672,w-2387,höchstens,realigned,36,7,
b1-all.csv,673,w-2388,Hof,realigned,36,2,
b1-all.csv,674,w-2389,Hoffnung,realigned,36,3,
b1-all.csv,675,w-2390,höflich,realigned,36,7,
b1-all.csv,676,w-2391,Höhe,realigned,36,3,
b1-all.csv,677,w-2392,Holz,realigned,36,3,
b1-all.csv,678,w-2393,Honig,realigned,36,2,
b1-all.csv,679,w-2394,Hörer,realigned,36,3,
b1-all.csv,680,w-2395,Hörerin,realigned,36,3,
b1-all.csv,681,w-2396,hübsch,realigned,36,7,
b1-all.csv,682,w-2397,Hügel,realigned,36,3,
b1-all.csv,683,w-2398,Hühnchen,realigned,36,11,
b1-all.csv,684,w-2399,Humor,realigned,36,3,
b1-all.csv,685,w-2400,hungrig,realigned,36,7,
b1-all.csv,686,w-2401,hupen,realigned,36,7,
b1-all.csv,687,w-2402,Husten,realigned,36,2,
b1-all.csv,688,w-2403,Hut,realigned,36,2,
b1-all.csv,689,w-2404,Hütte,realigned,36,2,
b1-all.csv,690,w-2405,ideal,realigned,36,7,
b1-all.csv,691,w-2406,illegal,realigned,36,7,
b1-all.csv,692,w-2407,im Freien,realigned,36,7,
b1-all.csv,693,w-2408,Imbiss,realigned,36,12,
b1-all.csv,694,w-2409,Import,realigned,36,3,
b1-all.csv,695,w-2410,in Pension gehen,realigned,36,9,
b1-all.csv,696,w-2411,in Pension sein,realigned,36,10,
b1-all.csv,697,w-2412,in Rente gehen,realigned,36,10,
b1-all.csv,698,w-2413,in Rente sein,realigned,36,10,
b1-all.csv,699,w-2414,indem,realigned,36,2,
b1-all.csv,700,w-2415,individuell,realigned,36,7,
b1-all.csv,701,w-2416,Industrie,realigned,36,3,
b1-all.csv,702,w-2417,Infektion,realigned,36,2,
b1-all.csv,703,w-2418,Ingenieur,realigned,36,2,
b1-all.csv,704,w-2419,Ingenieurin,realigned,36,1,
b1-all.csv,705,w-2420,Inhalt,realigned,36,3,
b1-all.csv,706,w-2421,inklusive,realigned,36,3,
b1-all.csv,707,w-2422,innen,realigned,36,7,
b1-all.csv,708,w-2423,inner-,realigned,36,7,
b1-all.csv,709,w-2424,innerhalb,realigned,36,4,
b1-all.csv,710,w-2425,Inserat,realigned,36,2,
b1-all.csv,711,w-2426,insgesamt,realigned,36,7,
b1-all.csv,712,w-2427,installieren,realigned,36,8,
b1-all.csv,713,w-2428,Institut,realigned,36,2,
b1-all.csv,714,w-2429,Integration,realigned,36,3,
b1-all.csv,715,w-2430,integrieren,realigned,36,7,
b1-all.csv,716,w-2431,Intelligenz,realigned,36,3,
b1-all.csv,717,w-2432,intensiv,realigned,36,7,
b1-all.csv,718,w-2433,Intensivkurs,realigned,36,2,
b1-all.csv,719,w-2434,interessiert,realigned,36,4,
b1-all.csv,720,w-2435,interkulturell,realigned,36,7,
b1-all.csv,721,w-2436,inzwischen,realigned,36,6,
b1-all.csv,722,w-2437,irgend-,realigned,36,2,
b1-all.csv,723,w-2438,irgendein,realigned,36,3,
b1-all.csv,724,w-2439,irgendwann,realigned,36,7,
b1-all.csv,725,w-2440,ja,realigned,36,7,
b1-all.csv,726,w-2441,Jause,realigned,36,11,
b1-all.csv,727,w-2442,je,realigned,36,3,
b1-all.csv,728,w-2443,je ... desto,realigned,36,6,
b1-all.csv,729,w-2444,jederzeit,realigned,36,7,
b1-all.csv,730,w-2445,jedes Mal,realigned,36,7,
b1-all.csv,731,w-2446,jedoch,realigned,36,6,
b1-all.csv,732,w-2447,jemals,realigned,36,7,
b1-all.csv,733,w-2448,jeweils,realigned,36,6,
b1-all.csv,734,w-2449,Jugend,realigned,36,3,
b1-all.csv,735,w-2450,Kabel,realigned,36,2,
b1-all.csv,736,w-2451,Kabine,realigned,36,2,
b1-all.csv,737,w-2452,Kaffeehaus,realigned,36,11,
b1-all.csv,738,w-2453,Kakao,realigned,36,2,
b1-all.csv,739,w-2454,Kälte,realigned,36,3,
b1-all.csv,740,w-2455,Kampf,realigned,36,3,
b1-all.csv,741,w-2456,kämpfen,realigned,36,7,
b1-all.csv,742,w-2457,Kanal,realigned,36,2,
b1-all.csv,743,w-2458,Kandidat,realigned,36,2,
b1-all.csv,744,w-2459,Kandidatin,realigned,36,1,
b1-all.csv,745,w-2460,Kanne,realigned,36,2,
b1-all.csv,746,w-2461,Kantine,realigned,36,2,
b1-all.csv,747,w-2462,Kapitel,realigned,36,2,
b1-all.csv,748,w-2463,kaputtgehen,realigned,36,7,
b1-all.csv,749,w-2464,kaputtmachen,realigned,36,8,
b1-all.csv,750,w-2465,Karotte,realigned,36,11,
b1-all.csv,751,w-2466,Karriere,realigned,36,2,
b1-all.csv,752,w-2467,Kassette,realigned,36,2,
b1-all.csv,753,w-2468,Kasten,realigned,36,11,
b1-all.csv,754,w-2469,Katalog,realigned,36,2,
b1-all.csv,755,w-2470,Katastrophe,realigned,36,3,
b1-all.csv,756,w-2471,Kauf,realigned,36,3,
b1-all.csv,757,w-2472,Käufer,realigned,36,3,
b1-all.csv,758,w-2473,Käuferin,realigned,36,2,
b1-all.csv,759,w-2474,kaum,realigned,36,7,
b1-all.csv,760,w-2475,Kennzeichen,realigned,36,2,
b1-all.csv,761,w-2476,Kerze,realigned,36,2,
b1-all.csv,762,w-2477,Kindheit,realigned,36,3,
b1-all.csv,763,w-2478,Kissen,realigned,36,2,
b1-all.csv,764,w-2479,Kiste,realigned,36,11,
b1-all.csv,765,w-2480,klagen,realigned,36,7,
b1-all.csv,766,w-2481,klären,realigned,36,8,
b1-all.csv,767,w-2482,klasse,realigned,36,7,
b1-all.csv,768,w-2483,Klassenarbeit,realigned,36,11,
b1-all.csv,769,w-2484,kleben,realigned,36,7,
b1-all.csv,770,w-2485,klettern,realigned,36,7,
b1-all.csv,771,w-2486,Klick,realigned,36,2,
b1-all.csv,772,w-2487,klicken,realigned,36,7,
b1-all.csv,773,w-2488,Klimaanlage,realigned,36,2,
b1-all.csv,774,w-2489,Klingel,realigned,36,2,
b1-all.csv,775,w-2490,klingeln,realigned,36,7,
b1-all.csv,776,w-2491,klingen,realigned,36,7,
b1-all.csv,777,w-2492,Klinik,realigned,36,2,
b1-all.csv,778,w-2493,klopfen,realigned,36,7,
b1-all.csv,779,w-2494,Kloß,realigned,36,11,
b1-all.csv,780,w-2495,knapp,realigned,36,7,
b1-all.csv,781,w-2496,Kneipe,realigned,36,11,
b1-all.csv,782,w-2497,Knie,realigned,36,2,
b1-all.csv,783,w-2498,Knochen,realigned,36,2,
b1-all.csv,784,w-2499,Knödel,realigned,36,11,
b1-all.csv,785,w-2500,Knopf,realigned,36,2,
b1-all.csv,786,w-2501,Kommunikation,realigned,36,2,
b1-all.csv,787,w-2502,komplett,realigned,36,7,
b1-all.csv,788,w-2503,kompliziert,realigned,36,7,
b1-all.csv,789,w-2504,Kompromiss,realigned,36,3,
b1-all.csv,790,w-2505,Konferenz,realigned,36,2,
b1-all.csv,791,w-2506,Konfitüre,realigned,36,11,
b1-all.csv,792,w-2507,Konflikt,realigned,36,3,
b1-all.csv,793,w-2508,König,realigned,36,3,
b1-all.csv,794,w-2509,Konkurrenz,realigned,36,3,
b1-all.csv,795,w-2510,Konsulat,realigned,36,2,
b1-all.csv,796,w-2511,Konsum,realigned,36,3,
b1-all.csv,797,w-2512,konsumieren,realigned,36,8,
b1-all.csv,798,w-2513,Kontrolle,realigned,36,2,
b1-all.csv,799,w-2514,Kopie,realigned,36,3,
b1-all.csv,800,w-2515,kopieren,realigned,36,7,
b1-all.csv,801,w-2516,Kopierer,realigned,36,2,
b1-all.csv,802,w-2517,körperlich,realigned,36,7,
b1-all.csv,803,w-2518,korrekt,realigned,36,7,
b1-all.csv,804,w-2519,Korridor,realigned,36,11,
b1-all.csv,805,w-2520,korrigieren,realigned,36,8,
b1-all.csv,806,w-2521,Kosten,realigned,36,3,
b1-all.csv,807,w-2522,Kostüm,realigned,36,2,
b1-all.csv,808,w-2523,Kraft,realigned,36,3,
b1-all.csv,809,w-2524,Kraftfahrzeug,realigned,36,2,
b1-all.csv,810,w-2525,kräftig,realigned,36,7,
b1-all.csv,811,w-2526,Kraftwerk,realigned,36,2,
b1-all.csv,812,w-2527,Kranke,realigned,36,3,
b1-all.csv,813,w-2528,Kranke,realigned,36,3,
b1-all.csv,814,w-2529,Krankenwagen,realigned,36,2,
b1-all.csv,815,w-2530,kreativ,realigned,36,7,
b1-all.csv,816,w-2531,Kreis,realigned,36,2,
b1-all.csv,817,w-2532,Kreuz,realigned,36,2,
b1-all.csv,818,w-2533,Krieg,realigned,36,3,
b1-all.csv,819,w-2534,Kriminal-,realigned,36,2,
b1-all.csv,820,w-2535,Kriminalpolizei,realigned,36,2,
b1-all.csv,821,w-2536,Krise,realigned,36,3,
b1-all.csv,822,w-2537,Kritik,realigned,36,3,
b1-all.csv,823,w-2538,kritisch,realigned,36,7,
b1-all.csv,824,w-2539,kritisieren,realigned,36,8,
b1-all.csv,825,w-2540,Kündigung,realigned,36,3,
b1-all.csv,826,w-2541,künstlich,realigned,36,7,
b1-all.csv,827,w-2542,Kunststoff,realigned,36,3,
b1-all.csv,828,w-2543,Kursleiter,realigned,36,3,
b1-all.csv,829,w-2544,Kursleiterin,realigned,36,2,
b1-all.csv,830,w-2545,Kurve,realigned,36,3,
b1-all.csv,831,w-2546,kürzlich,realigned,36,7,
b1-all.csv,832,w-2547,Kuss,realigned,36,2,
b1-all.csv,833,w-2548,küssen,realigned,36,7,
b1-all.csv,834,w-2549,Küste,realigned,36,3,
b1-all.csv,835,w-2550,Kuvert,realigned,36,11,
b1-all.csv,836,w-2551,lächeln,realigned,36,7,
b1-all.csv,837,w-2552,Lage,realigned,36,2,
b1-all.csv,838,w-2553,Lager,realigned,36,2,
b1-all.csv,839,w-2554,landen,realigned,36,7,
b1-all.csv,840,w-2555,Landung,realigned,36,3,
b1-all.csv,841,w-2556,Landwirtschaft,realigned,36,3,
b1-all.csv,842,w-2557,Länge,realigned,36,3,
b1-all.csv,843,w-2558,Langeweile,realigned,36,3,
b1-all.csv,844,w-2559,längst,realigned,36,7,
b1-all.csv,845,w-2560,Lärm,realigned,36,3,
b1-all.csv,846,w-2561,Laster,realigned,36,3,
b1-all.csv,847,w-2562,Laufwerk,realigned,36,2,
b1-all.csv,848,w-2563,Laune,realigned,36,2,
b1-all.csv,849,w-2564,Lautsprecher,realigned,36,2,
b1-all.csv,850,w-2565,Lebenslauf,realigned,36,2,
b1-all.csv,851,w-2566,lecker,realigned,36,7,
b1-all.csv,852,w-2567,Leder,realigned,36,2,
b1-all.csv,853,w-2568,Lehre,realigned,36,3,
b1-all.csv,854,w-2569,Lehrling,realigned,36,3,
b1-all.csv,855,w-2570,Lehrstelle,realigned,36,2,
b1-all.csv,856,w-2571,leid tun,realigned,36,4,
b1-all.csv,857,w-2572,leiden,realigned,36,7,
b1-all.csv,858,w-2573,leisten,realigned,36,7,
b1-all.csv,859,w-2574,Leistung,realigned,36,3,
b1-all.csv,860,w-2575,leiten,realigned,36,8,
b1-all.csv,861,w-2576,Leiter,realigned,36,3,
b1-all.csv,862,w-2577,Leiter,realigned,36,2,
b1-all.csv,863,w-2578,Leiterin,realigned,36,3,
b1-all.csv,864,w-2579,Leitung,realigned,36,2,
b1-all.csv,865,w-2580,Lerner,realigned,36,3,
b1-all.csv,866,w-2581,Lernerin,realigned,36,3,
b1-all.csv,867,w-2582,Leser,realigned,36,3,
b1-all.csv,868,w-2583,Leserin,realigned,36,3,
b1-all.csv,869,w-2584,Lexikon,realigned,36,2,
b1-all.csv,870,w-2585,lieb,realigned,36,7,
b1-all.csv,871,w-2586,Liebe,realigned,36,3,
b1-all.csv,872,w-2587,Lieferung,realigned,36,2,
b1-all.csv,873,w-2588,Lift,realigned,36,11,
b1-all.csv,874,w-2589,Limonade,realigned,36,2,
b1-all.csv,875,w-2590,Linie,realigned,36,2,
b1-all.csv,876,w-2591,link-,realigned,36,7,
b1-all.csv,877,w-2592,Lippe,realigned,36,2,
b1-all.csv,878,w-2593,Liste,realigned,36,2,
b1-all.csv,879,w-2594,Literatur,realigned,36,2,
b1-all.csv,880,w-2595,loben,realigned,36,8,
b1-all.csv,881,w-2596,Loch,realigned,36,2,
b1-all.csv,882,w-2597,locker,realigned,36,7,
b1-all.csv,883,w-2598,Lohn,realigned,36,2,
b1-all.csv,884,w-2599,los,realigned,36,7,
b1-all.csv,885,w-2600,los-,realigned,36,2,
b1-all.csv,886,w-2601,löschen,realigned,36,8,
b1-all.csv,887,w-2602,lösen,realigned,36,8,
b1-all.csv,888,w-2603,losfahren,realigned,36,7,
b1-all.csv,889,w-2604,Luft,realigned,36,2,
b1-all.csv,890,w-2605,Magazin,realigned,36,2,
b1-all.csv,891,w-2606,mager,realigned,36,7,
b1-all.csv,892,w-2607,Mahnung,realigned,36,2,
b1-all.csv,893,w-2608,Mal,realigned,36,2,
b1-all.csv,894,w-2609,Maler,realigned,36,2,
b1-all.csv,895,w-2610,Malerin,realigned,36,1,
b1-all.csv,896,w-2611,Mangel,realigned,36,3,
b1-all.csv,897,w-2612,Mappe,realigned,36,2,
b1-all.csv,898,w-2613,Märchen,realigned,36,2,
b1-all.csv,899,w-2614,Margarine,realigned,36,3,
b1-all.csv,900,w-2615,Marille,realigned,36,11,
b1-all.csv,901,w-2616,Marke,realigned,36,2,
b1-all.csv,902,w-2617,Marmelade,realigned,36,11,
b1-all.csv,903,w-2618,Material,realigned,36,2,
b1-all.csv,904,w-2619,Matura,realigned,36,11,
b1-all.csv,905,w-2620,Mauer,realigned,36,3,
b1-all.csv,906,w-2621,maximal,realigned,36,7,
b1-all.csv,907,w-2622,Medien,realigned,36,2,
b1-all.csv,908,w-2623,Medizin,realigned,36,2,
b1-all.csv,909,w-2624,Mehl,realigned,36,2,
b1-all.csv,910,w-2625,mehrere,realigned,36,3,
b1-all.csv,911,w-2626,Mehrheit,realigned,36,3,
b1-all.csv,912,w-2627,Mehrwertsteuer,realigned,36,2,
b1-all.csv,913,w-2628,meinetwegen,realigned,36,6,
b1-all.csv,914,w-2629,Meister,realigned,36,3,
b1-all.csv,915,w-2630,Meisterin,realigned,36,3,
b1-all.csv,916,w-2631,melden,realigned,36,7,
b1-all.csv,917,w-2632,Meldung,realigned,36,2,
b1-all.csv,918,w-2633,Mensa,realigned,36,2,
b1-all.csv,919,w-2634,menschlich,realigned,36,7,
b1-all.csv,920,w-2635,Menü,realigned,36,2,
b1-all.csv,921,w-2636,merkwürdig,realigned,36,7,
b1-all.csv,922,w-2637,messen,realigned,36,8,
b1-all.csv,923,w-2638,Metall,realigned,36,3,
b1-all.csv,924,w-2639,Methode,realigned,36,2,
b1-all.csv,925,w-2640,Metropole,realigned,36,3,
b1-all.csv,926,w-2641,Metzger,realigned,36,11,
b1-all.csv,927,w-2642,Metzgerin,realigned,36,10,
b1-all.csv,928,w-2643,Mieter,realigned,36,3,
b1-all.csv,929,w-2644,Mieterin,realigned,36,2,
b1-all.csv,930,w-2645,Migrant,realigned,36,3,
b1-all.csv,931,w-2646,Migrantin,realigned,36,2,
b1-all.csv,932,w-2647,Migration,realigned,36,2,
b1-all.csv,933,w-2648,mild,realigned,36,7,
b1-all.csv,934,w-2649,Minderheit,realigned,36,3,
b1-all.csv,935,w-2650,minimal,realigned,36,7,
b1-all.csv,936,w-2651,mischen,realigned,36,8,
b1-all.csv,937,w-2652,miss-,realigned,36,2,
b1-all.csv,938,w-2653,Mitarbeiterin,realigned,36,2,
b1-all.csv,939,w-2654,miteinander,realigned,36,7,
b1-all.csv,940,w-2655,Mitglied,realigned,36,3,
b1-all.csv,941,w-2656,mitteilen,realigned,36,7,
b1-all.csv,942,w-2657,mitten,realigned,36,7,
b1-all.csv,943,w-2658,mittler-,realigned,36,7,
b1-all.csv,944,w-2659,mittlerweile,realigned,36,7,
b1-all.csv,945,w-2660,mobil,realigned,36,7,
b1-all.csv,946,w-2661,mobil-,realigned,36,2,
b1-all.csv,947,w-2662,Mobilbox,realigned,36,2,
b1-all.csv,948,w-2663,Mobilität,realigned,36,3,
b1-all.csv,949,w-2664,möbliert,realigned,36,7,
b1-all.csv,950,w-2665,Modell,realigned,36,2,
b1-all.csv,951,w-2666,Möglichkeit,realigned,36,3,
b1-all.csv,952,w-2667,möglichst,realigned,36,6,
b1-all.csv,953,w-2668,Möhre,realigned,36,11,
b1-all.csv,954,w-2669,Mond,realigned,36,2,
b1-all.csv,955,w-2670,Monitor,realigned,36,2,
b1-all.csv,956,w-2671,Motorrad,realigned,36,2,
b1-all.csv,957,w-2672,Müesli,realigned,36,11,
b1-all.csv,958,w-2673,Mühe,realigned,36,3,
b1-all.csv,959,w-2674,Müllabfuhr,realigned,36,2,
b1-all.csv,960,w-2675,Mülltonne,realigned,36,2,
b1-all.csv,961,w-2676,mündlich,realigned,36,7,
b1-all.csv,962,w-2677,Münze,realigned,36,3,
b1-all.csv,963,w-2678,musikalisch,realigned,36,7,
b1-all.csv,964,w-2679,Muskel,realigned,36,2,
b1-all.csv,965,w-2680,Müsli,realigned,36,2,
b1-all.csv,966,w-2681,Mut,realigned,36,3,
b1-all.csv,967,w-2682,mutig,realigned,36,7,
b1-all.csv,968,w-2683,nachdem,realigned,36,3,
b1-all.csv,969,w-2684,nachdenken,realigned,36,7,
b1-all.csv,970,w-2685,Nachfrage,realigned,36,3,
b1-all.csv,971,w-2686,nachher,realigned,36,7,
b1-all.csv,972,w-2687,Nachhilfe,realigned,36,2,
b1-all.csv,973,w-2688,nachschlagen,realigned,36,7,
b1-all.csv,974,w-2689,Nachspeise,realigned,36,12,
b1-all.csv,975,w-2690,Nachteil,realigned,36,3,
b1-all.csv,976,w-2691,Nachwuchs,realigned,36,2,
b1-all.csv,977,w-2692,Nadel,realigned,36,2,
b1-all.csv,978,w-2693,Nagel,realigned,36,2,
b1-all.csv,979,w-2694,nah,realigned,36,7,
b1-all.csv,980,w-2695,nähen,realigned,36,8,
b1-all.csv,981,w-2696,nämlich,realigned,36,6,
b1-all.csv,982,w-2697,Nase,realigned,36,2,
b1-all.csv,983,w-2698,national,realigned,36,7,
b1-all.csv,984,w-2699,natürlich,realigned,36,7,
b1-all.csv,985,w-2700,Nebel,realigned,36,2,
b1-all.csv,986,w-2701,nebenbei,realigned,36,6,
b1-all.csv,987,w-2702,Neffe,realigned,36,3,
b1-all.csv,988,w-2703,negativ,realigned,36,7,
b1-all.csv,989,w-2704,nein,realigned,36,7,
b1-all.csv,990,w-2705,Nerv,realigned,36,2,
b1-all.csv,991,w-2706,Netz,realigned,36,2,
b1-all.csv,992,w-2707,Netzwerk,realigned,36,2,
b1-all.csv,993,w-2708,neugierig,realigned,36,7,
b1-all.csv,994,w-2709,Neuigkeit,realigned,36,3,
b1-all.csv,995,w-2710,neulich,realigned,36,7,
b1-all.csv,996,w-2711,Nichte,realigned,36,3,
b1-all.csv,997,w-2712,Nichtraucher,realigned,36,3,
b1-all.csv,998,w-2713,Nichtraucherin,realigned,36,3,
b1-all.csv,999,w-2714,niedrig,realigned,36,7,
b1-all.csv,1000,w-2715,niemand,realigned,36,3,
b1-all.csv,1001,w-2716,nirgendwo,realigned,36,7,
b1-all.csv,1002,w-2717,noch mal,realigned,36,6,
b1-all.csv,1003,w-2718,nochmals,realigned,36,6,
b1-all.csv,1004,w-2719,normalerweise,realigned,36,7,
b1-all.csv,1005,w-2720,Not-,realigned,36,2,
b1-all.csv,1006,w-2721,Notaufnahme,realigned,36,2,
b1-all.csv,1007,w-2722,Notausgang,realigned,36,3,
b1-all.csv,1008,w-2723,Notfall,realigned,36,2,
b1-all.csv,1009,w-2724,nötig,realigned,36,7,
b1-all.csv,1010,w-2725,Notruf,realigned,36,2,
b1-all.csv,1011,w-2726,nun,realigned,36,6,
b1-all.csv,1012,w-2727,nutzen,realigned,36,8,
b1-all.csv,1013,w-2728,nützen,realigned,36,7,
b1-all.csv,1014,w-2729,ob,realigned,36,2,
b1-all.csv,1015,w-2730,Ober,realigned,36,12,
b1-all.csv,1016,w-2731,ober-,realigned,36,7,
b1-all.csv,1017,w-2732,Obers,realigned,36,11,
b1-all.csv,1018,w-2733,obwohl,realigned,36,2,
b1-all.csv,1019,w-2734,Ofen,realigned,36,11,
b1-all.csv,1020,w-2735,offenbar,realigned,36,7,
b1-all.csv,1021,w-2736,Öffentlichkeit,realigned,36,3,
b1-all.csv,1022,w-2737,offiziell,realigned,36,7,
b1-all.csv,1023,w-2738,öfter,realigned,36,7,
b1-all.csv,1024,w-2739,Öko-,realigned,36,3,
b1-all.csv,1025,w-2740,Oper,realigned,36,2,
b1-all.csv,1026,w-2741,Operation,realigned,36,2,
b1-all.csv,1027,w-2742,operieren,realigned,36,8,
b1-all.csv,1028,w-2743,Opfer,realigned,36,3,
b1-all.csv,1029,w-2744,optimistisch,realigned,36,7,
b1-all.csv,1030,w-2745,Orchester,realigned,36,2,
b1-all.csv,1031,w-2746,ordentlich,realigned,36,7,
b1-all.csv,1032,w-2747,Ordination,realigned,36,11,
b1-all.csv,1033,w-2748,ordnen,realigned,36,8,
b1-all.csv,1034,w-2749,Ordner,realigned,36,2,
b1-all.csv,1035,w-2750,Organisation,realigned,36,2,
b1-all.csv,1036,w-2751,Original,realigned,36,3,
b1-all.csv,1037,w-2752,original,realigned,36,7,
b1-all.csv,1038,w-2753,Ozean,realigned,36,2,
b1-all.csv,1039,w-2754,Panne,realigned,36,3,
b1-all.csv,1040,w-2755,Paradeiser,realigned,36,11,
b1-all.csv,1041,w-2756,parallel,realigned,36,4,
b1-all.csv,1042,w-2757,parkieren,realigned,36,7,
b1-all.csv,1043,w-2758,Passagier,realigned,36,3,
b1-all.csv,1044,w-2759,Passagierin,realigned,36,2,
b1-all.csv,1045,w-2760,passiv,realigned,36,4,
b1-all.csv,1046,w-2761,Patient,realigned,36,3,
b1-all.csv,1047,w-2762,Patientin,realigned,36,2,
b1-all.csv,1048,w-2763,pauschal,realigned,36,7,
b1-all.csv,1049,w-2764,Pech,realigned,36,3,
b1-all.csv,1050,w-2765,peinlich,realigned,36,7,
b1-all.csv,1051,w-2766,Pension,realigned,36,11,
b1-all.csv,1052,w-2767,pensioniert sein,realigned,36,10,
b1-all.csv,1053,w-2768,pensioniert werden,realigned,36,9,
b1-all.csv,1054,w-2769,Pensionist,realigned,36,12,
b1-all.csv,1055,w-2770,Pensionistin,realigned,36,11,
b1-all.csv,1056,w-2771,per,realigned,36,3,
b1-all.csv,1057,w-2772,perfekt,realigned,36,7,
b1-all.csv,1058,w-2773,Perron,realigned,36,11,
b1-all.csv,1059,w-2774,Personal,realigned,36,3,
b1-all.csv,1060,w-2775,Personalien,realigned,36,2,
b1-all.csv,1061,w-2776,Personenstand,realigned,36,2,
b1-all.csv,1062,w-2777,Pfanne,realigned,36,11,
b1-all.csv,1063,w-2778,Pfeffer,realigned,36,3,
b1-all.csv,1064,w-2779,pflanzen,realigned,36,8,
b1-all.csv,1065,w-2780,Pflaster,realigned,36,2,
b1-all.csv,1066,w-2781,Pflaume,realigned,36,2,
b1-all.csv,1067,w-2782,pflegen,realigned,36,8,
b1-all.csv,1068,w-2783,Pfleger,realigned,36,2,
b1-all.csv,1069,w-2784,Pflegerin,realigned,36,1,
b1-all.csv,1070,w-2785,Pflicht,realigned,36,3,
b1-all.csv,1071,w-2786,Phantasie,realigned,36,2,
b1-all.csv,1072,w-2787,Picknick,realigned,36,2,
b1-all.csv,1073,w-2788,Pille,realigned,36,2,
b1-all.csv,1074,w-2789,Pilz,realigned,36,11,
b1-all.csv,1075,w-2790,Planung,realigned,36,2,
b1-all.csv,1076,w-2791,Plastik,realigned,36,3,
b1-all.csv,1077,w-2792,Politik,realigned,36,2,
b1-all.csv,1078,w-2793,Politiker,realigned,36,2,
b1-all.csv,1079,w-2794,Politikerin,realigned,36,1,
b1-all.csv,1080,w-2795,politisch,realigned,36,7,
b1-all.csv,1081,w-2796,populär,realigned,36,4,
b1-all.csv,1082,w-2797,Portemonnaie,realigned,36,11,
b1-all.csv,1083,w-2798,Portmonee,realigned,36,10,
b1-all.csv,1084,w-2799,positiv,realigned,36,7,
b1-all.csv,1085,w-2800,Pöstler,realigned,36,11,
b1-all.csv,1086,w-2801,Pöstlerin,realigned,36,10,
b1-all.csv,1087,w-2802,Poulet,realigned,36,11,
b1-all.csv,1088,w-2803,Praktikant,realigned,36,3,
b1-all.csv,1089,w-2804,Praktikantin,realigned,36,2,
b1-all.csv,1090,w-2805,Präsentation,realigned,36,2,
b1-all.csv,1091,w-2806,präsentieren,realigned,36,7,
b1-all.csv,1092,w-2807,prima,realigned,36,7,
b1-all.csv,1093,w-2808,Produktion,realigned,36,3,
b1-all.csv,1094,w-2809,produzieren,realigned,36,8,
b1-all.csv,1095,w-2810,Professor,realigned,36,3,
b1-all.csv,1096,w-2811,Professorin,realigned,36,2,
b1-all.csv,1097,w-2812,Profi,realigned,36,3,
b1-all.csv,1098,w-2813,Profisportler,realigned,36,3,
b1-all.csv,1099,w-2814,Profisportlerin,realigned,36,2,
b1-all.csv,1100,w-2815,Prost,realigned,36,6,
b1-all.csv,1101,w-2816,Protest,realigned,36,3,
b1-all.csv,1102,w-2817,protestieren,realigned,36,7,
b1-all.csv,1103,w-2818,Prozess,realigned,36,2,
b1-all.csv,1104,w-2819,Publikum,realigned,36,2,
b1-all.csv,1105,w-2820,Puppe,realigned,36,2,
b1-all.csv,1106,w-2821,Qualifikation,realigned,36,2,
b1-all.csv,1107,w-2822,Quartier,realigned,36,11,
b1-all.csv,1108,w-2823,quer,realigned,36,7,
b1-all.csv,1109,w-2824,Quittung,realigned,36,2,
b1-all.csv,1110,w-2825,Rabatt,realigned,36,3,
b1-all.csv,1111,w-2826,Rad,realigned,36,11,
b1-all.csv,1112,w-2827,Radfahrer,realigned,36,3,
b1-all.csv,1113,w-2828,Radfahrerin,realigned,36,2,
b1-all.csv,1114,w-2829,Rahm,realigned,36,11,
b1-all.csv,1115,w-2830,Rand,realigned,36,3,
b1-all.csv,1116,w-2831,Rasen,realigned,36,2,
b1-all.csv,1117,w-2832,rasieren,realigned,36,7,
b1-all.csv,1118,w-2833,Rat,realigned,36,2,
b1-all.csv,1119,w-2834,Ratschlag,realigned,36,2,
b1-all.csv,1120,w-2835,Raucher,realigned,36,3,
b1-all.csv,1121,w-2836,Raucherin,realigned,36,2,
b1-all.csv,1122,w-2837,rauf,realigned,36,7,
b1-all.csv,1123,w-2838,raus,realigned,36,7,
b1-all.csv,1124,w-2839,raus-,realigned,36,3,
b1-all.csv,1125,w-2840,reagieren,realigned,36,7,
b1-all.csv,1126,w-2841,Reaktion,realigned,36,3,
b1-all.csv,1127,w-2842,realisieren,realigned,36,8,
b1-all.csv,1128,w-2843,realistisch,realigned,36,7,
b1-all.csv,1129,w-2844,Realität,realigned,36,3,
b1-all.csv,1130,w-2845,Recherche,realigned,36,2,
b1-all.csv,1131,w-2846,Rechner,realigned,36,2,
b1-all.csv,1132,w-2847,Recht,realigned,36,3,
b1-all.csv,1133,w-2848,recht,realigned,36,7,
b1-all.csv,1134,w-2849,recht-,realigned,36,7,
b1-all.csv,1135,w-2850,rechtlich,realigned-low,36,6,legal
b1-all.csv,1136,w-2851,rechtzeitig,realigned,36,7,
b1-all.csv,1137,w-2852,Rede,realigned,36,2,
b1-all.csv,1138,w-2853,reduzieren,realigned,36,8,
b1-all.csv,1139,w-2854,Referat,realigned,36,2,
b1-all.csv,1140,w-2855,Reform,realigned,36,3,
b1-all.csv,1141,w-2856,Regal,realigned,36,2,
b1-all.csv,1142,w-2857,Regel,realigned,36,3,
b1-all.csv,1143,w-2858,regelmäßig,realigned,36,7,
b1-all.csv,1144,w-2859,regeln,realigned,36,8,
b1-all.csv,1145,w-2860,Region,realigned,36,2,
b1-all.csv,1146,w-2861,regional,realigned,36,7,
b1-all.csv,1147,w-2862,reichen,realigned,36,7,
b1-all.csv,1148,w-2863,reif,realigned,36,7,
b1-all.csv,1149,w-2864,Reihenfolge,realigned,36,2,
b1-all.csv,1150,w-2865,rein,realigned,36,7,
b1-all.csv,1151,w-2866,rein-,realigned,36,3,
b1-all.csv,1152,w-2867,reinigen,realigned,36,8,
b1-all.csv,1153,w-2868,Reklame,realigned,36,2,
b1-all.csv,1154,w-2869,Rekord,realigned,36,2,
b1-all.csv,1155,w-2870,relativ,realigned,36,7,
b1-all.csv,1156,w-2871,rennen,realigned,36,7,
b1-all.csv,1157,w-2872,Rente,realigned,36,11,
b1-all.csv,1158,w-2873,Reportage,realigned,36,2,
b1-all.csv,1159,w-2874,Reporter,realigned,36,2,
b1-all.csv,1160,w-2875,Reporterin,realigned,36,1,
b1-all.csv,1161,w-2876,Reservierung,realigned,36,2,
b1-all.csv,1162,w-2877,Respekt,realigned,36,3,
b1-all.csv,1163,w-2878,retten,realigned,36,7,
b1-all.csv,1164,w-2879,Richter,realigned,36,3,
b1-all.csv,1165,w-2880,Richterin,realigned,36,2,
b1-all.csv,1166,w-2881,Richtung,realigned,36,2,
b1-all.csv,1167,w-2882,riesig,realigned,36,7,
b1-all.csv,1168,w-2883,Risiko,realigned,36,3,
b1-all.csv,1169,w-2884,roh,realigned,36,7,
b1-all.csv,1170,w-2885,Rohr,realigned,36,11,
b1-all.csv,1171,w-2886,Rolle,realigned,36,2,
b1-all.csv,1172,w-2887,Roman,realigned,36,2,
b1-all.csv,1173,w-2888,rück-,realigned,36,3,
b1-all.csv,1174,w-2889,Rückfahrt,realigned,36,3,
b1-all.csv,1175,w-2890,Rückkehr,realigned,36,3,
b1-all.csv,1176,w-2891,Rücksicht,realigned,36,3,
b1-all.csv,1177,w-2892,rückwärts,realigned,36,7,
b1-all.csv,1178,w-2893,Rüebli,realigned,36,11,
b1-all.csv,1179,w-2894,Rufnummer,realigned,36,2,
b1-all.csv,1180,w-2895,Runde,realigned,36,2,
b1-all.csv,1181,w-2896,Rundfahrt,realigned,36,2,
b1-all.csv,1182,w-2897,runter-,realigned,36,3,
b1-all.csv,1183,w-2898,runterwerfen,realigned,36,7,
b1-all.csv,1184,w-2899,Saal,realigned,36,2,
b1-all.csv,1185,w-2900,Sack,realigned,36,2,
b1-all.csv,1186,w-2901,Sahne,realigned,36,11,
b1-all.csv,1187,w-2902,Saison,realigned,36,2,
b1-all.csv,1188,w-2903,Salbe,realigned,36,2,
b1-all.csv,1189,w-2904,Salon,realigned,36,2,
b1-all.csv,1190,w-2905,salzig,realigned,36,7,
b1-all.csv,1191,w-2906,sämtliche,realigned,36,3,
b1-all.csv,1192,w-2907,Sand,realigned,36,2,
b1-all.csv,1193,w-2908,satt,realigned,36,4,
b1-all.csv,1194,w-2909,Schachtel,realigned,36,2,
b1-all.csv,1195,w-2910,schade,realigned,36,7,
b1-all.csv,1196,w-2911,schaden,realigned,36,8,
b1-all.csv,1197,w-2912,Schaden,realigned,36,3,
b1-all.csv,1198,w-2913,schalten,realigned,36,7,
b1-all.csv,1199,w-2914,Schatten,realigned,36,3,
b1-all.csv,1200,w-2915,schätzen,realigned,36,7,
b1-all.csv,1201,w-2916,schauen,realigned,36,7,
b1-all.csv,1202,w-2917,Schaufenster,realigned,36,2,
b1-all.csv,1203,w-2918,Scheibe,realigned,36,2,
b1-all.csv,1204,w-2919,Scheidung,realigned,36,3,
b1-all.csv,1205,w-2920,Schein,realigned,36,2,
b1-all.csv,1206,w-2921,schick,realigned,36,7,
b1-all.csv,1207,w-2922,schieben,realigned,36,8,
b1-all.csv,1208,w-2923,schief,realigned,36,7,
b1-all.csv,1209,w-2924,schießen,realigned,36,7,
b1-all.csv,1210,w-2925,Schlaf,realigned,36,2,
b1-all.csv,1211,w-2926,schlagen,realigned,36,8,
b1-all.csv,1212,w-2927,Schlange,realigned,36,2,
b1-all.csv,1213,w-2928,schlank,realigned,36,7,
b1-all.csv,1214,w-2929,schließlich,realigned,36,6,
b1-all.csv,1215,w-2930,schmal,realigned,36,7,
b1-all.csv,1216,w-2931,Schmerzmittel,realigned,36,2,
b1-all.csv,1217,w-2932,schminken,realigned,36,7,
b1-all.csv,1218,w-2933,Schmuck,realigned,36,2,
b1-all.csv,1219,w-2934,Schnitzel,realigned,36,2,
b1-all.csv,1220,w-2935,Schnupfen,realigned,36,2,
b1-all.csv,1221,w-2936,Schreck,realigned,36,2,
b1-all.csv,1222,w-2937,Schreiben,realigned,36,2,
b1-all.csv,1223,w-2938,schreien,realigned,36,7,
b1-all.csv,1224,w-2939,Schrift,realigned,36,2,
b1-all.csv,1225,w-2940,Schriftsteller,realigned,36,2,
b1-all.csv,1226,w-2941,Schriftstellerin,realigned,36,1,
b1-all.csv,1227,w-2942,Schritt,realigned,36,2,
b1-all.csv,1228,w-2943,Schularbeit,realigned,36,11,
b1-all.csv,1229,w-2944,Schuld,realigned,36,3,
b1-all.csv,1230,w-2945,schuld,realigned,36,4,
b1-all.csv,1231,w-2946,Schulden,realigned,36,3,
b1-all.csv,1232,w-2947,schuldig,realigned,36,4,
b1-all.csv,1233,w-2948,Schulter,realigned,36,2,
b1-all.csv,1234,w-2949,Schüssel,realigned,36,2,
b1-all.csv,1235,w-2950,schütteln,realigned,36,8,
b1-all.csv,1236,w-2951,Schutz,realigned,36,3,
b1-all.csv,1237,w-2952,schützen,realigned,36,7,
b1-all.csv,1238,w-2953,Schwangerschaft,realigned,36,2,
b1-all.csv,1239,w-2954,schweigen,realigned,36,7,
b1-all.csv,1240,w-2955,Schwieger-,realigned,36,2,
b1-all.csv,1241,w-2956,Schwierigkeit,realigned,36,3,
b1-all.csv,1242,w-2957,sich anstrengen,realigned,36,7,
b1-all.csv,1243,w-2958,sich bedanken,realigned,36,7,
b1-all.csv,1244,w-2959,sich beeilen,realigned,36,7,
b1-all.csv,1245,w-2960,sich befinden,realigned,36,7,
b1-all.csv,1246,w-2961,sich bemühen,realigned,36,7,
b1-all.csv,1247,w-2962,sich beschweren,realigned,36,7,
b1-all.csv,1248,w-2963,sich beteiligen,realigned,36,7,
b1-all.csv,1249,w-2964,sich bewerben,realigned,36,7,
b1-all.csv,1250,w-2965,sich eignen,realigned,36,7,
b1-all.csv,1251,w-2966,sich einigen,realigned,36,7,
b1-all.csv,1252,w-2967,sich entschließen,realigned,36,7,
b1-all.csv,1253,w-2968,sich ereignen,realigned,36,7,
b1-all.csv,1254,w-2969,sich erholen,realigned,36,7,
b1-all.csv,1255,w-2970,sich erkälten,realigned,36,7,
b1-all.csv,1256,w-2971,sich erkundigen,realigned,36,7,
b1-all.csv,1257,w-2972,sich etwas gefallen lassen,realigned,36,8,
b1-all.csv,1258,w-2973,sich freuen,realigned,36,7,
b1-all.csv,1259,w-2974,sich fürchten,realigned,36,7,
b1-all.csv,1260,w-2975,sich gewöhnen,realigned,36,4,
b1-all.csv,1261,w-2976,sich irren,realigned,36,7,
b1-all.csv,1262,w-2977,sich konzentrieren,realigned,36,7,
b1-all.csv,1263,w-2978,sich kümmern,realigned,36,7,
b1-all.csv,1264,w-2979,sich langweilen,realigned,36,7,
b1-all.csv,1265,w-2980,sich lohnen,realigned,36,7,
b1-all.csv,1266,w-2981,sich nähern,realigned,36,7,
b1-all.csv,1267,w-2982,sich scheiden lassen,realigned,36,7,
b1-all.csv,1268,w-2983,unentschieden,realigned,36,7,
b1-all.csv,1269,w-2984,veröffentlichen,realigned,36,8,
b1-all.csv,1270,w-2985,verschmutzen,realigned,36,8,
b1-all.csv,1271,w-2986,Vorort,realigned,36,3,
b1-all.csv,1272,w-2987,Wohnort,realigned,36,2,
b1-all.csv,1273,w-2988,Zahnbürste,realigned,36,2,
b2-all.csv,16,w-3003,beschäftigen,realigned,39,13,
b2-all.csv,17,w-3004,produzieren,realigned,38,13,
b2-all.csv,18,w-3005,geistig,realigned,37,5,
b2-all.csv,19,w-3006,handwerklich,realigned,38,5,
b2-all.csv,20,w-3007,sozial,realigned,38,5,
b2-all.csv,22,w-3009,die weiterführende Schule,realigned,37,5,
b2-all.csv,23,w-3010,die Hauptschule,realigned,37,5,
b2-all.csv,24,w-3011,die Mittelschule,realigned,37,5,
b2-all.csv,25,w-3012,die Realschule,realigned,37,5,
b2-all.csv,27,w-3014,das Gymnasium,realigned,37,5,
b2-all.csv,30,w-3017,die Mittlere Reife,realigned,37,5,
b2-all.csv,31,w-3018,die Berufsausbildung,realigned,37,5,
b2-all.csv,33,w-3020,der Bachelor,realigned,37,5,
b2-all.csv,34,w-3021,der Master,realigned,37,5,
b2-all.csv,36,w-3023,mehr als,realigned,38,5,
b2-all.csv,37,w-3024,weniger als,realigned,38,5,
b2-all.csv,38,w-3025,(fast) alle,realigned,38,5,
b2-all.csv,42,w-3029,jeder Zehnte,realigned,37,4,
b2-all.csv,46,w-3033,die duale Ausbildung,realigned,37,5,
b2-all.csv,51,w-3038,die staatliche Ausbildung,realigned,37,5,
b2-all.csv,55,w-3042,einen Beruf ausüben,realigned,38,13,
b2-all.csv,56,w-3043,anerkennen lassen,realigned,38,13,
b2-all.csv,57,w-3044,finanzielle Unterstützung beantragen,realigned,38,13,
b2-all.csv,58,w-3045,jobben,realigned,38,11,
b2-all.csv,59,w-3046,Pflicht sein,realigned,38,5,
b2-all.csv,60,w-3047,in der Verwaltung arbeiten,realigned,38,11,
b2-all.csv,61,w-3048,sich selbstständig machen,realigned,38,13,
b2-all.csv,62,w-3049,zuständig sein,realigned,40,7,
b2-all.csv,63,w-3050,die Schwäche,realigned,37,5,
b2-all.csv,64,w-3051,die Stärke,realigned,37,5,
b2-all.csv,65,w-3052,belastbar,realigned,38,5,
b2-all.csv,66,w-3053,eigeninitiativ,realigned,38,5,
b2-all.csv,67,w-3054,flexibel,realigned,38,5,
b2-all.csv,68,w-3055,hilfsbereit,realigned,38,5,
b2-all.csv,69,w-3056,kreativ,realigned,38,5,
b2-all.csv,70,w-3057,lernbereit,realigned,38,5,
b2-all.csv,71,w-3058,word,realigned,38,20,
b2-all.csv,72,w-3059,selbstbewusst,realigned,38,5,
b2-all.csv,73,w-3060,teamfähig,realigned,38,5,
b2-all.csv,74,w-3061,tolerant,realigned,38,5,
b2-all.csv,75,w-3062,verantwortungsbewusst,realigned,38,5,
b2-all.csv,76,w-3063,die Anerkennung (Dokument),realigned,37,5,
b2-all.csv,81,w-3068,die Zulassung,realigned,37,5,
b2-all.csv,84,w-3071,das Fachdeutsch,realigned,37,5,
b2-all.csv,85,w-3072,Fachleute / Fachkräfte (Pl.),realigned,38,5,
b2-all.csv,86,w-3073,der Fachwortschatz,realigned,37,5,
b2-all.csv,89,w-3076,die Teilzeit,realigned,37,5,
b2-all.csv,90,w-3077,die Vollzeit,realigned,37,5,
b2-all.csv,93,w-3080,die Berechtigung,realigned,37,5,
b2-all.csv,97,w-3084,die Vorkenntnisse,realigned,37,0,
b2-all.csv,99,w-3086,die Meisterprüfung machen,realigned,38,10,
b2-all.csv,100,w-3087,persönlich vorbeikommen,realigned,38,13,
b2-all.csv,101,w-3088,sich beruflich neu orientieren,realigned,38,13,
b2-all.csv,102,w-3089,die beglaubigte Kopie,realigned,37,5,
b2-all.csv,104,w-3091,die berufliche Anerkennung beantragen,realigned,38,13,
b2-all.csv,108,w-3095,der Geschäftspartner,realigned-low,37,5,business
b2-all.csv,109,w-3096,gut/schlecht anlaufen,realigned,38,13,
b2-all.csv,110,w-3097,die freiberufliche Tätigkeit,realigned,37,5,
b2-all.csv,111,w-3098,ein Unternehmen gründen,realigned,38,11,
b2-all.csv,114,w-3101,die Spezialisierung,realigned,37,5,
b2-all.csv,115,w-3102,das Stellengesuch,realigned,37,5,
b2-all.csv,117,w-3104,der Arbeitssuchende / die Arbeitssuchende,realigned,37,5,
b2-all.csv,118,w-3105,das mittelständische Unternehmen,realigned,37,5,
b2-all.csv,119,w-3106,nach dem aktuellen Stand fragen,realigned,38,13,
b2-all.csv,120,w-3107,sich an jmdn. wenden,realigned,38,13,
b2-all.csv,121,w-3108,sich auf eine Anzeige beziehen,realigned,38,13,
b2-all.csv,122,w-3109,sich um eine Stelle bewerben,realigned,38,13,
b2-all.csv,124,w-3111,die Schulbildung,realigned,37,5,
b2-all.csv,128,w-3115,verhandlungssicher,realigned,37,4,
b2-all.csv,130,w-3117,ein Bewerbungsschreiben verfassen,realigned,38,13,
b2-all.csv,131,w-3118,zur Verfügung stehen,realigned,38,13,
b2-all.csv,132,w-3119,den Interessen entsprechen,realigned,38,13,
b2-all.csv,135,w-3122,einen guten Eindruck machen,realigned,38,11,
b2-all.csv,136,w-3123,eine schwierige Situation meistern,realigned,38,13,
b2-all.csv,137,w-3124,sich erkundigen,realigned,38,13,
b2-all.csv,138,w-3125,sich für einen Bewerber entscheiden,realigned,38,13,
b2-all.csv,139,w-3126,eine Stelle antreten,realigned,38,11,
b2-all.csv,147,w-3134,die Überstunde,realigned,37,5,
b2-all.csv,148,w-3135,der Verdienst,realigned,37,5,
b2-all.csv,151,w-3138,Anweisung,realigned,35,7,
b2-all.csv,152,w-3139,Gefahrenstelle,realigned,34,6,
b2-all.csv,153,w-3140,Schild,realigned,34,6,
b2-all.csv,154,w-3141,Verbesserungsvorschlag,realigned,34,6,
b2-all.csv,155,w-3142,Zeichen,realigned,35,6,
b2-all.csv,156,w-3143,die Alarmanlage einschalten,realigned,36,9,
b2-all.csv,157,w-3144,ätzende Säure,realigned,34,5,
b2-all.csv,158,w-3145,das Berichtsheft führen,realigned,35,8,
b2-all.csv,159,w-3146,brennendes Material,realigned,34,5,
b2-all.csv,160,w-3147,auslegen,realigned,34,12,
b2-all.csv,161,w-3148,elektrische Spannung,realigned,36,6,
b2-all.csv,162,w-3149,explosives Material,realigned,34,5,
b2-all.csv,163,w-3150,giftiges Material,realigned,34,5,
b2-all.csv,164,w-3151,auf Hygiene achten,realigned,36,9,
b2-all.csv,165,w-3152,zur Kasse begleiten,realigned,35,8,
b2-all.csv,166,w-3153,keine Zeit verlieren,realigned,37,9,
b2-all.csv,167,w-3154,Papiere dabeihaben,realigned,35,8,
b2-all.csv,168,w-3155,Quittungen aufheben,realigned,35,8,
b2-all.csv,169,w-3156,Bescheid geben,realigned,37,9,
b2-all.csv,170,w-3157,absagen,realigned,36,13,
b2-all.csv,171,w-3158,verlegen,realigned,34,12,
b2-all.csv,172,w-3159,übernehmen,realigned,35,14,
b2-all.csv,173,w-3160,berechnen,realigned,34,12,
b2-all.csv,174,w-3161,Krankenschein,realigned,34,6,
b2-all.csv,175,w-3162,Krankmeldung,realigned,35,6,
b2-all.csv,176,w-3163,Schwindel,realigned,34,6,
b2-all.csv,177,w-3164,Stromschlag,realigned,34,6,
b2-all.csv,178,w-3165,Übelkeit,realigned,35,6,
b2-all.csv,179,w-3166,einen Arzt rufen,realigned,35,8,
b2-all.csv,180,w-3167,gesundheitliche Probleme haben,realigned,38,9,
b2-all.csv,181,w-3168,die Haut kühlen,realigned,36,7,
b2-all.csv,182,w-3169,den Rettungsdienst anrufen,realigned,36,7,
b2-all.csv,183,w-3170,sich krankmelden,realigned,36,8,
b2-all.csv,184,w-3171,die Stromquelle abschalten,realigned,35,8,
b2-all.csv,185,w-3172,die Vertretung organisieren,realigned,36,8,
b2-all.csv,186,w-3173,den Unfallbericht schreiben,realigned,35,8,
b2-all.csv,187,w-3174,antibakterielle Seife,realigned,34,5,
b2-all.csv,188,w-3175,Ordnung,realigned,34,6,
b2-all.csv,189,w-3176,Putzlappen,realigned,34,6,
b2-all.csv,190,w-3177,Staubsauger,realigned,34,5,
b2-all.csv,191,w-3178,Waschbecken,realigned,34,6,
b2-all.csv,192,w-3179,Mengenrabatt,realigned,34,6,
b2-all.csv,193,w-3180,Preisangabe,realigned,34,6,
b2-all.csv,194,w-3181,Preisnachlass,realigned,35,6,
b2-all.csv,195,w-3182,eine Bestellung aufgeben,realigned,35,8,
b2-all.csv,196,w-3183,eine Bestellung durchgeben,realigned,35,8,
b2-all.csv,197,w-3184,die Buchung bestätigen,realigned,35,8,
b2-all.csv,198,w-3185,einen Liefertermin abklären,realigned,35,9,
b2-all.csv,199,w-3186,eine offene Frage klären,realigned,35,8,
b2-all.csv,200,w-3187,vereinbarter Termin,realigned,34,6,
b2-all.csv,201,w-3188,nachfragen,realigned,35,12,
b2-all.csv,202,w-3189,vorbeikommen,realigned,34,12,
b2-all.csv,203,w-3190,am Apparat,realigned,37,8,
b2-all.csv,204,w-3191,auf den Anrufbeantworter sprechen,realigned,35,9,
b2-all.csv,205,w-3192,Auskunft geben,realigned,35,9,
b2-all.csv,206,w-3193,außerhalb der Sprechzeit anrufen,realigned,37,8,
b2-all.csv,207,w-3194,Bezug nehmen auf,realigned,36,8,
b2-all.csv,208,w-3195,in dringenden Fällen,realigned,36,7,
b2-all.csv,209,w-3196,eine kurze Rückmeldung geben,realigned,35,8,
b2-all.csv,210,w-3197,ohne Voranmeldung,realigned,35,7,
b2-all.csv,211,w-3198,sich wenden an,realigned,37,8,
b2-all.csv,212,w-3199,Missverständnis,realigned,34,6,
b2-all.csv,213,w-3200,auf Beschwerden reagieren,realigned,35,9,
b2-all.csv,214,w-3201,auf Nachfrage,realigned,36,7,
b2-all.csv,215,w-3202,Bescheid geben,realigned,37,9,
b2-all.csv,216,w-3203,Einweisung bekommen,realigned,35,8,
b2-all.csv,217,w-3204,einen Konflikt lösen,realigned,37,3,
b2-all.csv,218,w-3205,sich beschweren,realigned,36,8,
b2-all.csv,219,w-3206,zufrieden sein mit,realigned,37,15,
b2-all.csv,220,w-3207,Abdruck,realigned,34,6,
b2-all.csv,221,w-3208,Betäubungsspritze,realigned,34,6,
b2-all.csv,222,w-3209,provisorische Füllung,realigned,34,6,
b2-all.csv,223,w-3210,Haltbarkeit,realigned,34,6,
b2-all.csv,224,w-3211,Inlay,realigned,34,5,
b2-all.csv,225,w-3212,Karies,realigned,34,6,
b2-all.csv,226,w-3213,Keramik,realigned,34,5,
b2-all.csv,227,w-3214,Labor,realigned,34,6,
b2-all.csv,228,w-3215,Notdienst,realigned,34,6,
b2-all.csv,229,w-3216,gründlich Zähne putzen,realigned,35,7,
b2-all.csv,230,w-3217,Schmerzen aushalten,realigned,35,8,
b2-all.csv,231,w-3218,Gastronomie,realigned,35,6,
b2-all.csv,232,w-3219,Großhandel,realigned,34,6,
b2-all.csv,233,w-3220,Einzelhandel,realigned,34,5,
b2-all.csv,234,w-3221,Immobilienbranche,realigned,34,6,
b2-all.csv,235,w-3222,IT-Branche,realigned,34,6,
b2-all.csv,236,w-3223,Maschinenbau,realigned,34,5,
b2-all.csv,237,w-3224,Medien,realigned,34,8,
b2-all.csv,238,w-3225,Metallindustrie,realigned,34,5,
b2-all.csv,239,w-3226,öffentlicher Dienst,realigned,34,6,
b2-all.csv,240,w-3227,Pharmaindustrie,realigned,34,5,
b2-all.csv,241,w-3228,Transport und Logistik,realigned,34,5,
b2-all.csv,242,w-3229,Einkauf,realigned,34,6,
b2-all.csv,243,w-3230,Finanzabteilung,realigned,34,6,
b2-all.csv,244,w-3231,Geschäftsleitung,realigned,34,6,
b2-all.csv,245,w-3232,Kundenbetreuung,realigned,34,6,
b2-all.csv,246,w-3233,Lager,realigned,34,6,
b2-all.csv,247,w-3234,Marketingabteilung,realigned,34,6,
b2-all.csv,248,w-3235,Personalabteilung,realigned,34,6,
b2-all.csv,249,w-3236,Produktion,realigned,34,6,
b2-all.csv,250,w-3237,Berufschancen,realigned,34,9,
b2-all.csv,251,w-3238,Einsatzplan,realigned,34,6,
b2-all.csv,252,w-3239,Konkurrenz,realigned,34,6,
b2-all.csv,253,w-3240,Vorgesetzte,realigned,34,6,
b2-all.csv,254,w-3241,Ware,realigned,34,6,
b2-all.csv,255,w-3242,Anredeform,realigned,34,6,
b2-all.csv,256,w-3243,Firmenphilosophie,realigned,34,6,
b2-all.csv,257,w-3244,Image,realigned,34,6,
b2-all.csv,258,w-3245,duzen,realigned,36,12,
b2-all.csv,259,w-3246,siezen,realigned,36,12,
b2-all.csv,260,w-3247,angemessen,realigned,36,4,
b2-all.csv,261,w-3248,förmlich,realigned-low,36,4,formal
b2-all.csv,262,w-3249,konservativ,realigned,36,4,
b2-all.csv,263,w-3250,locker,realigned,36,4,
b2-all.csv,264,w-3251,respektlos,realigned,37,4,
b2-all.csv,265,w-3252,traditionsreich,realigned,37,4,
b2-all.csv,266,w-3253,phrase,realigned,34,24,
b2-all.csv,267,w-3254,den ersten Schritt machen,realigned,35,8,
b2-all.csv,268,w-3255,per Du/Sie sein,realigned,37,15,
b2-all.csv,269,w-3256,tabu sein,realigned,37,15,
b2-all.csv,270,w-3257,Ausbildung,realigned,35,7,
b2-all.csv,271,w-3258,Ausbildungsberuf,realigned,34,6,
b2-all.csv,272,w-3259,Berufsfachschule,realigned,34,6,
b2-all.csv,273,w-3260,Berufsinformationszentrum,realigned,34,6,
b2-all.csv,274,w-3261,Berufskolleg,realigned,33,13,
b2-all.csv,275,w-3262,Berufsvorbereitungsjahr,realigned,33,13,
b2-all.csv,276,w-3263,Fortbildungsakademie,realigned,34,6,
b2-all.csv,277,w-3264,Handelssprache,realigned,34,6,
b2-all.csv,278,w-3265,Sprachkenntnisse,realigned,34,9,
b2-all.csv,279,w-3266,absolvieren,realigned,34,12,
b2-all.csv,280,w-3267,Erfahrungen sammeln,realigned,35,8,
b2-all.csv,281,w-3268,der erlernte Beruf,realigned,34,6,
b2-all.csv,282,w-3269,fundierte Ausbildung,realigned,34,6,
b2-all.csv,283,w-3270,Altersbegrenzung,realigned,34,6,
b2-all.csv,284,w-3271,Anliegen,realigned,34,6,
b2-all.csv,285,w-3272,Aushilfsjob,realigned,34,6,
b2-all.csv,286,w-3273,Ausschreibung,realigned,34,6,
b2-all.csv,287,w-3274,Bewerbungsunterlagen,realigned,34,9,
b2-all.csv,288,w-3275,Jobbörse,realigned,34,6,
b2-all.csv,289,w-3276,Personalchef,realigned,34,6,
b2-all.csv,290,w-3277,beeindrucken,realigned,34,12,
b2-all.csv,291,w-3278,jobben,realigned,34,12,
b2-all.csv,292,w-3279,derzeitig,realigned,36,4,
b2-all.csv,293,w-3280,gelegentlich,realigned,36,4,
b2-all.csv,294,w-3281,gewissenhaft,realigned,36,4,
b2-all.csv,295,w-3282,reibungslos,realigned,36,4,
b2-all.csv,296,w-3283,zuverlässig,realigned,36,4,
b2-all.csv,297,w-3284,ab und zu,realigned,36,4,
b2-all.csv,298,w-3285,die Ausbildung verkürzen,realigned,36,8,
b2-all.csv,299,w-3286,beruflich vorwärtskommen,realigned,37,8,
b2-all.csv,300,w-3287,beruflich vorwärtskommen,realigned,32,3,
b2-all.csv,301,w-3288,die feste Arbeit,realigned,33,4,
b2-all.csv,302,w-3289,rund um die Uhr,realigned,33,3,
b2-all.csv,314,w-3301,die Kantine,realigned,37,0,
b2-all.csv,316,w-3303,jmdm. einen Gefallen tun,realigned,32,3,
b2-all.csv,317,w-3304,das Gehalt verhandeln,realigned,35,3,
b2-all.csv,318,w-3305,Karriere machen,realigned,32,3,
b2-all.csv,319,w-3306,Priorität haben,realigned,33,4,
b2-all.csv,320,w-3307,Sachen abarbeiten,realigned,33,3,
b2-all.csv,321,w-3308,sachlich bleiben,realigned,34,4,
b2-all.csv,322,w-3309,angemessen bezahlt werden,realigned,33,4,
b2-all.csv,323,w-3310,auf Dauer unzufrieden sein,realigned,32,3,
b2-all.csv,324,w-3311,Bedenken äußern,realigned,33,4,
b2-all.csv,325,w-3312,die Chemie stimmt,realigned,33,3,
b2-all.csv,326,w-3313,fix und fertig sein,realigned,33,4,
b2-all.csv,328,w-3315,gesellschaftlich anerkannt sein,realigned,34,4,
b2-all.csv,329,w-3316,ein hohes Arbeitspensum haben,realigned,33,3,
b2-all.csv,331,w-3318,nichts Unüberlegtes tun,realigned,32,3,
b2-all.csv,332,w-3319,nichts zu verschenken haben,realigned,33,4,
b2-all.csv,333,w-3320,schlecht gelaunt sein,realigned,33,4,
b2-all.csv,334,w-3321,sich überfordert fühlen,realigned,35,5,
b2-all.csv,335,w-3322,sich zu Tode langweilen,realigned,35,5,
b2-all.csv,336,w-3323,die 40-Stunden-Woche,realigned,37,4,
b2-all.csv,341,w-3328,flexible Arbeitszeiten,realigned,33,4,
b2-all.csv,342,w-3329,feste Arbeitszeiten,realigned,33,4,
b2-all.csv,343,w-3330,Überstunden machen,realigned,33,4,
b2-all.csv,344,w-3331,vertraglich vereinbaren,realigned,33,3,
b2-all.csv,347,w-3334,alleinerziehend,realigned,33,3,
b2-all.csv,348,w-3335,familienfreundlich,realigned,33,3,
b2-all.csv,349,w-3336,angewiesen sein auf,realigned,33,4,
b2-all.csv,350,w-3337,vereinbaren,realigned,35,5,
b2-all.csv,365,w-3352,auf Montage fahren,realigned,33,3,
b2-all.csv,368,w-3355,die Richtlinien,realigned,37,4,
b2-all.csv,371,w-3358,Arbeitsabläufe regeln,realigned,33,3,
b2-all.csv,372,w-3359,Anweisungen verstehen,realigned,33,3,
b2-all.csv,373,w-3360,kleinschrittig festhalten,realigned,33,3,
b2-all.csv,374,w-3361,auf einem Stick speichern,realigned,33,3,
b2-all.csv,375,w-3362,einen Bericht vorlegen,realigned,33,3,
b2-all.csv,376,w-3363,Ergebnisse präsentieren,realigned,33,3,
b2-all.csv,377,w-3364,gemeinsam durchgehen,realigned,33,3,
b2-all.csv,378,w-3365,eine Grafik einpflegen,realigned,33,3,
b2-all.csv,379,w-3366,den Laptop herunterfahren,realigned,35,3,
b2-all.csv,380,w-3367,einen Probedurchlauf machen,realigned,34,3,
b2-all.csv,381,w-3368,eine Sicherungskopie machen,realigned,33,3,
b2-all.csv,382,w-3369,schriftlich dokumentieren,realigned,33,3,
b2-all.csv,383,w-3370,Unterlagen zusammenstellen,realigned,33,3,
b2-all.csv,384,w-3371,Vorbereitungen treffen,realigned,33,3,
b2-all.csv,386,w-3373,um etwas bitten,realigned,33,4,
b2-all.csv,387,w-3374,einen Gegenvorschlag machen,realigned,33,3,
b2-all.csv,388,w-3375,seine Meinung ausdrücken,realigned,33,3,
b2-all.csv,389,w-3376,nachfragen,realigned,35,4,
b2-all.csv,391,w-3378,einverstanden sein,realigned,33,4,
b2-all.csv,414,w-3401,innovativ,realigned,35,4,
b2-all.csv,415,w-3402,einzigartig,realigned,33,4,
b2-all.csv,416,w-3403,wettbewerbsfähig,realigned,33,4,
b2-all.csv,417,w-3404,die aktuelle Situation auf dem Markt,realigned,33,3,
b2-all.csv,418,w-3405,Angebote vergleichen,realigned,33,3,
b2-all.csv,419,w-3406,keine Zeit verschwenden,realigned,33,4,
b2-all.csv,420,w-3407,Präsenz zeigen,realigned,34,4,
b2-all.csv,421,w-3408,eine Preisliste beilegen,realigned,35,5,
b2-all.csv,422,w-3409,Produkte präsentieren,realigned,33,3,
b2-all.csv,423,w-3410,sich über Trends informieren,realigned,36,4,
b2-all.csv,424,w-3411,Umsatz machen,realigned,33,3,
b2-all.csv,425,w-3412,die Ab-/Zusage,realigned,37,4,
b2-all.csv,428,w-3415,die Saison,realigned,38,0,
b2-all.csv,430,w-3417,Einzelheiten besprechen,realigned,33,3,
b2-all.csv,431,w-3418,gezielte Fragen stellen,realigned,34,3,
b2-all.csv,433,w-3420,Notizen machen,realigned,33,3,
b2-all.csv,434,w-3421,eine praktische Lösung ausdenken,realigned,35,4,
b2-all.csv,435,w-3422,Rückfragen stellen,realigned,33,3,
b2-all.csv,436,w-3423,sich auf das Gespräch konzentrieren,realigned,35,5,
b2-all.csv,444,w-3431,der Sonderwunsch,realigned,37,0,
b2-all.csv,445,w-3432,das Angebot ist gültig bis,realigned,33,3,
b2-all.csv,446,w-3433,ein Angebot unterbreiten,realigned,33,3,
b2-all.csv,447,w-3434,ein Angebot verhandeln,realigned,33,3,
b2-all.csv,449,w-3436,zu\u00fcglich der gesetzlich geltenden Mehrwertsteuer,realigned,33,4,
b2-all.csv,450,w-3437,inklusive der gesetzlich geltenden Mehrwertsteuer,realigned,33,4,
b2-all.csv,458,w-3445,ab Werk,realigned,33,3,
b2-all.csv,459,w-3446,bei Erhalt der Ware,realigned,33,3,
b2-all.csv,460,w-3447,die Ware umtauschen,realigned,35,4,
b2-all.csv,461,w-3448,frei Grenze,realigned,33,2,
b2-all.csv,462,w-3449,frei Haus,realigned,33,3,
b2-all.csv,463,w-3450,keine Garantie übernehmen,realigned,33,4,
b2-all.csv,464,w-3451,im Anhang,realigned,33,3,
b2-all.csv,466,w-3453,frühestens,realigned,33,3,
b2-all.csv,467,w-3454,höchstens,realigned,33,3,
b2-all.csv,468,w-3455,mindestens,realigned,33,4,
b2-all.csv,469,w-3456,spätestens,realigned,33,3,
b2-all.csv,470,w-3457,bankrott sein,realigned,33,4,
b2-all.csv,471,w-3458,zahlbar innerhalb von ... Tagen,realigned,32,3,
b2-all.csv,474,w-3461,zukunftsorientiert,realigned,33,4,
b2-all.csv,475,w-3462,gängige Computerprogramme,realigned,33,3,
b2-all.csv,484,w-3471,erhältlich sein,realigned,33,4,
b2-all.csv,485,w-3472,jmdm. etw. ausrichten,realigned,35,4,
b2-all.csv,486,w-3473,eine Nachricht hinterlassen,realigned,33,3,
b2-all.csv,487,w-3474,verfügbar sein,realigned,33,4,
b2-all.csv,494,w-3481,der Betrag ist fällig zum ...,realigned,33,3,
b2-all.csv,495,w-3482,... Euro ausgeben,realigned,33,4,
b2-all.csv,496,w-3483,einen Betrag in Höhe von ...,realigned,33,3,
b2-all.csv,497,w-3484,einen Betrag überweisen,realigned,33,3,
b2-all.csv,498,w-3485,einen Betrag vom Konto abbuchen,realigned,35,4,
b2-all.csv,499,w-3486,in bar bezahlen,realigned,33,4,
b2-all.csv,500,w-3487,per Lastschrift,realigned,33,3,
b2-all.csv,501,w-3488,per Überweisung,realigned,33,3,
b2-all.csv,502,w-3489,eine Rechnung begleichen,realigned,33,3,
b2-all.csv,503,w-3490,die Zahlung ist eingegangen,realigned,33,4,
b2-all.csv,505,w-3492,etw. als gegenstandslos betrachten,realigned,33,4,
b2-all.csv,511,w-3498,durch (geteilt),realigned,33,2,
b2-all.csv,512,w-3499,gleich,realigned,33,4,
b2-all.csv,513,w-3500,mal,realigned,33,3,
b2-all.csv,514,w-3501,minus,realigned,33,3,
b2-all.csv,515,w-3502,plus,realigned,33,3,
b2-all.csv,516,w-3503,gut/schlecht wirtschaften,realigned,35,5,
b2-all.csv,517,w-3504,übrig sein,realigned,33,4,
b2-all.csv,518,w-3505,die Bewertung,realigned,37,0,
b2-all.csv,522,w-3509,der Vorfall,realigned,37,14,
b2-all.csv,523,w-3510,der Vorwurf,realigned,37,0,
b2-all.csv,524,w-3511,fehlerhaft,realigned,33,4,
b2-all.csv,525,w-3512,ungerecht,realigned,33,4,
b2-all.csv,526,w-3513,bis an die Grenzen arbeiten,realigned,33,3,
b2-all.csv,527,w-3514,etw. verallgemeinern,realigned,35,4,
b2-all.csv,528,w-3515,gezwungen sein,realigned,33,4,
b2-all.csv,529,w-3516,jmdn. weiterempfehlen,realigned,35,3,
b2-all.csv,530,w-3517,nicht den Angaben entsprechen,realigned,35,4,
b2-all.csv,531,w-3518,recht bekommen,realigned,33,4,
b2-all.csv,532,w-3519,sich gestört fühlen,realigned,35,5,
b2-all.csv,533,w-3520,Beschwerden beantworten,realigned,33,3,
b2-all.csv,535,w-3522,einen Vorfall beseitigen,realigned,34,3,
b2-all.csv,536,w-3523,etw. bedauern,realigned,35,4,
b2-all.csv,537,w-3524,etw. weitergeben,realigned,35,4,
b2-all.csv,538,w-3525,etw. wiedergutmachen,realigned,35,4,
b2-all.csv,539,w-3526,nicht wieder vorkommen,realigned,33,4,
b2-all.csv,540,w-3527,einen Gutschein anbieten,realigned,33,3,
b2-all.csv,541,w-3528,eine Lösung finden,realigned,33,4,
b2-all.csv,542,w-3529,einen Fehler beheben,realigned,35,4,
b2-all.csv,543,w-3530,einen Fehler zugeben,realigned,35,4,
b2-all.csv,544,w-3531,sich in die Situation versetzen,realigned,35,4,
b2-all.csv,545,w-3532,um Verständnis bitten,realigned,33,3,
b2-all.csv,546,w-3533,Verständnis zeigen,realigned,33,4,
b2-all.csv,548,w-3535,die Norm,realigned-low,37,0,Standard
b2-all.csv,550,w-3537,Arbeitsweisen überprüfen,realigned,33,3,
b2-all.csv,551,w-3538,Motivation steigern,realigned,33,4,
b2-all.csv,552,w-3539,verbessern,realigned,35,4,
b2-all.csv,553,w-3540,Produktionsschritte planen,realigned,33,3,
b2-all.csv,554,w-3541,Prozesse definieren,realigned,35,3,
b2-all.csv,555,w-3542,Qualität sicherstellen,realigned,35,3,
b2-all.csv,556,w-3543,sich richten nach,realigned,35,4,
b2-all.csv,560,w-3547,der Bericht,realigned,37,0,
b2-all.csv,571,w-3558,mailen,realigned,35,4,
b2-all.csv,572,w-3559,nachvollziehen,realigned,35,4,
b2-all.csv,573,w-3560,protokollieren,realigned,35,3,
b2-all.csv,574,w-3561,widersprechen,realigned,35,4,
b2-all.csv,575,w-3562,der Ansicht sein,realigned,33,3,
b2-all.csv,576,w-3563,ein Meeting abhalten,realigned,33,3,
b2-all.csv,577,w-3564,einen Termin vorziehen,realigned,35,4,
b2-all.csv,590,w-3577,das Controlling,realigned,37,0,
b2-all.csv,594,w-3581,die Quote,realigned,38,15,
b2-all.csv,595,w-3582,knapp,realigned,33,4,
b2-all.csv,596,w-3583,ungefähr,realigned,37,4,
b2-all.csv,606,w-3593,einrasten,realigned,35,4,
b2-all.csv,616,w-3603,die betriebliche Notwendigkeit,realigned,35,4,
b2-all.csv,648,w-3635,befristet,realigned,38,2,
b2-all.csv,649,w-3636,beiderseits,realigned,35,4,
b2-all.csv,650,w-3637,der Ablauf der Kündigungsfrist,realigned,35,4,
b2-all.csv,653,w-3640,aus betrieblichen Gründen,realigned,35,4,
b2-all.csv,691,w-3678,übersichtlich,realigned,40,2,
b2-all.csv,692,w-3679,umfangreich,realigned,38,2,
b2-all.csv,694,w-3681,konkurrenzfähig,realigned,38,2,
b2-all.csv,699,w-3686,jeweilig,realigned,37,6,
b2-all.csv,701,w-3688,gewaltig,realigned,38,2,
b2-all.csv,704,w-3691,herrenlos,realigned,37,6,
b2-all.csv,705,w-3692,verwahrlost,realigned,38,2,
b2-all.csv,710,w-3697,unzählig,realigned,38,2,
b2-all.csv,711,w-3698,innerhalb,realigned,38,2,
b2-all.csv,712,w-3699,kostbar,realigned,38,2,
b2-all.csv,714,w-3701,fließend,realigned,38,2,
b2-all.csv,715,w-3702,damalig,realigned,38,2,
b2-all.csv,717,w-3704,maßgeblich,realigned,38,2,
b2-all.csv,721,w-3708,drauf,realigned,37,6,
b2-all.csv,724,w-3711,dazugehörig,realigned,37,6,
b2-all.csv,725,w-3712,erheblich,realigned,38,2,
b2-all.csv,729,w-3716,vermeiden,realigned,37,2,
b2-all.csv,730,w-3717,geeignet,realigned,38,5,
b2-all.csv,731,w-3718,unaufdringlich,realigned,38,2,
b2-all.csv,732,w-3719,zweckmäßig,realigned,38,2,
b2-all.csv,733,w-3720,vornehm,realigned,38,2,
b2-all.csv,735,w-3722,zahlreich,realigned,38,2,
b2-all.csv,743,w-3730,erkunden,realigned,36,9,
b2-all.csv,745,w-3732,umfassend,realigned,38,8,
b2-all.csv,746,w-3733,der Auflauf,realigned,38,2,
b2-all.csv,747,w-3734,erwischen,realigned,35,4,
b2-all.csv,748,w-3735,das Leder,realigned,38,2,
b2-all.csv,751,w-3738,hinweisen (auf + Akk),realigned,35,5,
b2-all.csv,752,w-3739,verbinden,realigned,35,5,
b2-all.csv,753,w-3740,animieren (zu + Dat),realigned,35,6,
b2-all.csv,755,w-3742,begrenzt,realigned,38,8,
b2-all.csv,758,w-3745,die Offenheit,realigned,37,4,
b2-all.csv,759,w-3746,subventionieren,realigned,35,4,
b2-all.csv,761,w-3748,zusammenzählen,realigned,35,4,
b2-all.csv,764,w-3751,solange,realigned,38,2,
b2-all.csv,766,w-3753,gesellschaftlich,realigned,38,8,
b2-all.csv,768,w-3755,die Ablehnung,realigned,37,4,
b2-all.csv,769,w-3756,ausnutzen,realigned,35,5,
b2-all.csv,770,w-3757,bezweifeln,realigned,35,5,
b2-all.csv,772,w-3759,auszeichnen,realigned,35,4,
b2-all.csv,773,w-3760,darüber hinaus,realigned,38,2,
b2-all.csv,774,w-3761,entscheiden,realigned,35,6,
b2-all.csv,776,w-3763,schweben,realigned,35,5,
b2-all.csv,777,w-3764,entsprechen,realigned,35,5,
b2-all.csv,778,w-3765,komischerweise,realigned,38,2,
b2-all.csv,779,w-3766,nachholen,realigned,35,4,
b2-all.csv,780,w-3767,richten (nach + Dat),realigned,35,5,
b2-all.csv,781,w-3768,abbestellen,realigned,35,5,
b2-all.csv,782,w-3769,ausdauernd,realigned,38,8,
b2-all.csv,783,w-3770,sinkend,realigned,38,8,
b2-all.csv,785,w-3772,verzeihen,realigned,35,4,
b2-all.csv,786,w-3773,humorvoll,realigned,38,8,
b2-all.csv,787,w-3774,schüchtern,realigned,38,8,
b2-all.csv,788,w-3775,verärgert,realigned,38,8,
b2-all.csv,789,w-3776,vermeintlich,realigned,38,8,
b2-all.csv,790,w-3777,zierlich,realigned,38,8,
b2-all.csv,791,w-3778,heikel,realigned,38,8,
b2-all.csv,792,w-3779,die Verteidigung,realigned,37,4,
b2-all.csv,793,w-3780,alleinstehend,realigned,37,7,
b2-all.csv,794,w-3781,verfassen,realigned,35,4,
b2-all.csv,795,w-3782,die Ferne,realigned,37,4,
b2-all.csv,796,w-3783,flach,realigned,38,8,
b2-all.csv,797,w-3784,beklagen,realigned,35,4,
b2-all.csv,799,w-3786,einleuchtend,realigned,38,8,
b2-all.csv,804,w-3791,fressen,realigned,35,4,
b2-all.csv,805,w-3792,die Begeisterung,realigned,37,4,
b2-all.csv,806,w-3793,ernst nehmen,realigned,36,9,
b2-all.csv,807,w-3794,fordern / fördern,realigned,39,6,
b2-all.csv,808,w-3795,gegenwärtig,realigned,38,8,
b2-all.csv,809,w-3796,souverän,realigned,38,8,
b2-all.csv,810,w-3797,zufällig,realigned,38,8,
b2-all.csv,811,w-3798,zwingen,realigned,35,6,
b2-all.csv,812,w-3799,beabsichtigen,realigned,35,4,
b2-all.csv,813,w-3800,gestatten,realigned,35,6,
b2-all.csv,815,w-3802,einschätzen,realigned,35,4,
b2-all.csv,816,w-3803,bereuen,realigned,35,4,
b2-all.csv,818,w-3805,heimisch,realigned,38,8,
b2-all.csv,819,w-3806,gewöhnen (sich an + Akk),realigned,35,5,
b2-all.csv,821,w-3808,der Aufschwung,realigned,37,4,
b2-all.csv,822,w-3809,aufteilen,realigned,35,4,
b2-all.csv,823,w-3810,erwerben,realigned,35,4,
b2-all.csv,824,w-3811,überstehen,realigned,35,4,
b2-all.csv,825,w-3812,überwiegend,realigned,38,2,
b2-all.csv,826,w-3813,verknüpfen,realigned,35,5,
b2-all.csv,827,w-3814,darstellen,realigned,35,4,
b2-all.csv,828,w-3815,fortlaufen,realigned,34,3,
b2-all.csv,829,w-3816,hinfallen,realigned,34,3,
b2-all.csv,830,w-3817,weglaufen,realigned,34,3,
b2-all.csv,832,w-3819,enthalten,realigned,35,4,
b2-all.csv,833,w-3820,entstehen,realigned,35,4,
b2-all.csv,834,w-3821,das Vergnügen,realigned,37,4,
b2-all.csv,835,w-3822,verraten,realigned,35,6,
b2-all.csv,836,w-3823,die Vermutung,realigned,37,4,
b2-all.csv,837,w-3824,ekelig,realigned,38,8,
b2-all.csv,838,w-3825,herzhaft,realigned,38,8,
b2-all.csv,839,w-3826,anregen (zu + Dat),realigned,35,5,
b2-all.csv,840,w-3827,fließen,realigned,35,5,
b2-all.csv,841,w-3828,mühevoll,realigned,38,8,
b2-all.csv,842,w-3829,verringern,realigned,35,5,
b2-all.csv,843,w-3830,schwerfallen,realigned,35,5,
b2-all.csv,844,w-3831,beziehungsweise,realigned,38,2,
b2-all.csv,846,w-3833,verstellen (Uhr),realigned,35,4,
b2-all.csv,847,w-3834,überfordert,realigned,38,8,
b2-all.csv,850,w-3837,davon,realigned,38,2,
b2-all.csv,851,w-3838,die Ernüchterung,realigned,37,4,
b2-all.csv,852,w-3839,unterbringen,realigned,35,4,
b2-all.csv,853,w-3840,pflegen,realigned,35,4,
b2-all.csv,854,w-3841,fassen,realigned,35,4,
b2-all.csv,855,w-3842,gelingen,realigned,35,5,
b2-all.csv,856,w-3843,aushängen,realigned,35,3,
b2-all.csv,860,w-3847,abergläubisch,realigned,38,8,
b2-all.csv,861,w-3848,bloß,realigned,38,2,
b2-all.csv,862,w-3849,greifen,realigned,35,5,
b2-all.csv,867,w-3854,verlaufen,realigned,35,4,
b2-all.csv,868,w-3855,riesig,realigned,38,8,
b2-all.csv,869,w-3856,ständig,realigned,38,2,
b2-all.csv,870,w-3857,auffällig,realigned,38,8,
b2-all.csv,871,w-3858,gemütlich,realigned,38,8,
b2-all.csv,872,w-3859,immerhin,realigned,38,2,
b2-all.csv,874,w-3861,weitsichtig,realigned,38,8,
b2-all.csv,875,w-3862,wesentlich,realigned,38,8,
b2-all.csv,876,w-3863,laufend,realigned,38,8,
b2-all.csv,877,w-3864,widmen,realigned,35,4,
b2-all.csv,878,w-3865,ablegen,realigned,35,4,
b2-all.csv,879,w-3866,würfeln,realigned,35,3,
b2-all.csv,881,w-3868,aufbrechen,realigned,35,4,
b2-all.csv,882,w-3869,lächerlich,realigned,38,8,
b2-all.csv,883,w-3870,merkwürdig,realigned,38,8,
b2-all.csv,884,w-3871,verzweifelt,realigned,38,8,
b2-all.csv,887,w-3874,die Spannung,realigned,37,4,
b2-all.csv,888,w-3875,andauern,realigned,35,4,
b2-all.csv,889,w-3876,geistreich,realigned,38,8,
b2-all.csv,890,w-3877,räumen,realigned,35,4,
b2-all.csv,892,w-3879,ausschließlich,realigned,33,4,
b2-all.csv,893,w-3880,einen Gegenvorschlag machen,realigned,34,4,
b2-all.csv,894,w-3881,den Laptop herunterfahren,realigned,33,3,
b2-all.csv,896,w-3883,der Aussteller,realigned,35,3,
b2-all.csv,897,w-3884,der Veranstalter,realigned,35,8,
b2-all.csv,898,w-3885,einzigartig,realigned,33,4,
b2-all.csv,902,w-3889,die beglaubigte Kopie,realigned,35,3,
b2-all.csv,903,w-3890,die beglaubigte Übersetzung,realigned,35,3,
b2-all.csv,905,w-3892,verhandlungssicher,realigned,32,3,
b2-all.csv,908,w-3895,vorbeikommen,realigned,35,4,
b2-all.csv,911,w-3898,die provisorische Füllung,realigned,35,3,
b2-all.csv,914,w-3901,derzeitig,realigned,33,4,
b2-all.csv,918,w-3905,alleinerziehend,realigned,34,4,
b2-all.csv,920,w-3907,erstaunlich,realigned,34,4,
b2-all.csv,921,w-3908,belästigen,realigned,38,0,
b2-all.csv,922,w-3909,bestreiten,realigned,37,0,
b2-all.csv,923,w-3910,vorhersagbar,realigned,33,4,
b2-all.csv,924,w-3911,widerwillig,realigned,33,4,
b2-all.csv,927,w-3914,sichern,realigned,37,0,
b2-all.csv,928,w-3915,überwältigend,realigned,33,4,
b2-all.csv,929,w-3916,bedeutend,realigned,33,4,
b2-all.csv,930,w-3917,vertraulich,realigned,33,4,
b2-all.csv,933,w-3920,rein,realigned,33,4,
b2-all.csv,935,w-3922,mehr als / weniger als,realigned,32,3,
b2-all.csv,936,w-3923,Pflicht sein,realigned,33,4,
b2-all.csv,939,w-3926,die Berechtigung,realigned,37,0,
b2-all.csv,940,w-3927,unbewacht,realigned,33,4,
b2-all.csv,941,w-3928,flüstern,realigned,35,4,
b2-all.csv,942,w-3929,ohne Weiteres,realigned,32,3,
b2-all.csv,943,w-3930,der Knöchel,realigned,35,3,
b2-all.csv,944,w-3931,der Knochen,realigned,36,3,
b2-all.csv,945,w-3932,die Brust,realigned,35,3,
b2-all.csv,946,w-3933,das Kinn,realigned,35,3,
b2-all.csv,947,w-3934,die Hüfte,realigned,35,3,
b2-all.csv,948,w-3935,die Niere,realigned,35,3,
b2-all.csv,949,w-3936,die Leber,realigned,35,3,
b2-all.csv,950,w-3937,die Lunge,realigned,35,3,
b2-all.csv,951,w-3938,der Schenkel,realigned,35,3,
b2-all.csv,952,w-3939,die Zunge,realigned,35,3,
b2-all.csv,953,w-3940,die Ader,realigned,35,3,
b2-all.csv,954,w-3941,das Handgelenk,realigned,35,3,
b2-all.csv,955,w-3942,verdrehen,realigned,35,3,
b2-all.csv,958,w-3945,nagelneu,realigned,33,4,
b2-all.csv,959,w-3946,altmodisch,realigned,33,4,
b2-all.csv,963,w-3950,trivial,realigned,33,4,
b2-all.csv,965,w-3952,lebhaft,realigned,33,4,
b2-all.csv,966,w-3953,bescheiden,realigned,33,4,
b2-all.csv,967,w-3954,der Wahnsinn,realigned,36,12,
b2-all.csv,969,w-3956,hervorragend,realigned,33,4,
b2-all.csv,970,w-3957,die Pfote,realigned,35,7,
b2-all.csv,971,w-3958,sensationell,realigned,33,4,
b2-all.csv,972,w-3959,konventionell,realigned,33,4,
b2-all.csv,974,w-3961,streiten,realigned,35,4,
b2-all.csv,977,w-3964,wohingegen,realigned,35,4,
b2-all.csv,978,w-3965,schlucken,realigned,37,0,
b2-all.csv,979,w-3966,täuschen,realigned,35,4,
b2-all.csv,980,w-3967,übrigens,realigned,32,3,
b2-all.csv,982,w-3969,das Ausrufezeichen,realigned,35,3,
b2-all.csv,984,w-3971,vernünftig,realigned,33,4,
b2-all.csv,985,w-3972,im Freien,realigned,33,4,
b2-all.csv,987,w-3974,die Ablenkung,realigned,38,0,
b2-all.csv,989,w-3976,dennoch,realigned,34,4,
b2-all.csv,990,w-3977,aufgrund (+ Genitiv),realigned,33,4,
b2-all.csv,991,w-3978,allmählich,realigned,33,4,
b2-all.csv,996,w-3983,vernichten,realigned,37,2,
b2-all.csv,997,w-3984,zerstören,realigned,37,2,
b2-all.csv,999,w-3986,unvermeidlich,realigned,33,4,
b2-all.csv,1002,w-3989,der Neffe / die Nichte,realigned,35,3,
b2-all.csv,1003,w-3990,die Zwillinge,realigned,35,3,
b2-all.csv,1005,w-3992,das Kaninchen,realigned,35,3,
b2-all.csv,1006,w-3993,die Kuh,realigned,35,3,
b2-all.csv,1007,w-3994,das Schaf,realigned,35,3,
b2-all.csv,1008,w-3995,die Schildkröte,realigned,35,3,
b2-all.csv,1009,w-3996,die Schlange,realigned,35,12,
b2-all.csv,1012,w-3999,artig,realigned,34,4,
b2-all.csv,1013,w-4000,begießen,realigned,37,0,
b2-all.csv,1014,w-4001,beißen,realigned,38,0,
b2-all.csv,1016,w-4003,die Braut,realigned,35,3,
b2-all.csv,1017,w-4004,der Fensterladen,realigned,35,3,
b2-all.csv,1019,w-4006,angeln,realigned,35,4,
b2-all.csv,1020,w-4007,segeln,realigned,35,4,
b2-all.csv,1024,w-4011,kleben,realigned,35,4,
b2-all.csv,1025,w-4012,lohnen (sich),realigned,37,0,
b2-all.csv,1029,w-4016,irren (sich),realigned,37,0,
b2-all.csv,1030,w-4017,vor kurzem,realigned,33,4,
b2-all.csv,1031,w-4018,wagen,realigned,37,3,
b2-all.csv,1032,w-4019,derselbe / dieselbe,realigned,33,4,
b2-all.csv,1033,w-4020,während,realigned,33,4,
b2-all.csv,1039,w-4026,mähen,realigned,35,3,
b2-all.csv,1040,w-4027,hinsetzen (sich),realigned,35,4,
b2-all.csv,1041,w-4028,der Chirurg,realigned,35,3,
b2-all.csv,1043,w-4030,die Ansteckung,realigned,37,0,
b2-all.csv,1044,w-4031,ansteckend,realigned,33,4,
b2-all.csv,1045,w-4032,das Gewissen,realigned,37,0,
b2-all.csv,1048,w-4035,die Zivilcourage,realigned,37,0,
b2-all.csv,1051,w-4038,das Vorurteil,realigned,37,15,
b2-all.csv,1052,w-4039,die Obdachlosigkeit,realigned,37,0,
b2-all.csv,1056,w-4043,der Bedarf / das Bedürfnis,realigned,36,3,
b2-all.csv,1058,w-4045,der Werbespot / das Plakat,realigned,36,3,
b2-all.csv,1060,w-4047,das Markenbewusstsein,realigned,35,3,
b2-all.csv,1062,w-4049,der Preisvergleich,realigned,35,3,
b2-all.csv,1067,w-4054,die Kaufkraft,realigned,36,1,
b2-all.csv,1071,w-4058,ausgehen (von),realigned,37,0,
b2-all.csv,1087,w-4074,unter Druck stehen,realigned,32,3,
b2-all.csv,1088,w-4075,verängstigt,realigned,33,4,
b2-all.csv,1090,w-4077,der Therapeut,realigned,36,3,
b2-all.csv,1091,w-4078,emotional,realigned,33,4,
b2-all.csv,1092,w-4079,eifersüchtig / neidisch,realigned,33,4,
b2-all.csv,1095,w-4082,deprimiert,realigned,33,4,
b2-all.csv,1097,w-4084,verletzlich,realigned,33,4,
b2-all.csv,1098,w-4085,gefühlsbetont,realigned,33,4,
b2-all.csv,1100,w-4087,ausgeglichen,realigned,34,4,
b2-all.csv,1102,w-4089,die Verabschiedung,realigned,35,3,
b2-all.csv,1103,w-4090,die Verwechslung,realigned,38,0,
b2-all.csv,1104,w-4091,die Beziehungsebene,realigned,35,3,
b2-all.csv,1112,w-4099,hervorgehen,realigned,37,0,
b2-all.csv,1114,w-4101,der Kommilitone / die Kommilitonin,realigned,35,3,
b2-all.csv,1117,w-4104,das Vorlesungsverzeichnis,realigned,35,3,
b2-all.csv,1119,w-4106,die Studienleistung,realigned,35,3,
c1-all.csv,2,w-4109,abgelenkt sein,realigned,37,6,
c1-all.csv,3,w-4110,angestrebte Berufslaufbahn,realigned,35,5,
c1-all.csv,4,w-4111,Anwendung des Verbwortschatzes,realigned,34,4,
c1-all.csv,5,w-4112,auf Biegen und Brechen versuchen,realigned,36,2,
c1-all.csv,6,w-4113,auf Ehrlichkeit beruhen,realigned,35,5,
c1-all.csv,7,w-4114,aufschlussreich,realigned,36,4,
c1-all.csv,8,w-4115,ausführliche Darlegung,realigned,35,5,
c1-all.csv,9,w-4116,Auszeit,realigned,35,5,
c1-all.csv,10,w-4117,Auswahl eines sympathischen Fotos,realigned,35,4,
c1-all.csv,11,w-4118,Beurteilung,realigned,35,5,
c1-all.csv,12,w-4119,bewusst absolvieren,realigned,35,5,
c1-all.csv,13,w-4120,erlesener Genuss,realigned,35,5,
c1-all.csv,14,w-4121,Gleichzeitigkeitswahn,realigned,35,3,
c1-all.csv,15,w-4122,Richtungswechsel,realigned,35,5,
c1-all.csv,16,w-4123,Stellenwert,realigned,35,5,
c1-all.csv,17,w-4124,Studiengang,realigned,35,5,
c1-all.csv,18,w-4125,Aufstiegschance,realigned,35,5,
c1-all.csv,19,w-4126,Doppelbelastung,realigned,35,5,
c1-all.csv,20,w-4127,feine künstlerische Lebensart,realigned,35,5,
c1-all.csv,21,w-4128,Laufbahn,realigned,35,5,
c1-all.csv,22,w-4129,Mobilität,realigned,35,5,
c1-all.csv,23,w-4130,Promotion,realigned,36,3,
c1-all.csv,24,w-4131,Proband,realigned,35,5,
c1-all.csv,25,w-4132,Stoßstange,realigned,34,4,
c1-all.csv,26,w-4133,Zulassungsvoraussetzung,realigned,35,5,
c1-all.csv,27,w-4134,abgebrochener Studiengang,realigned,35,5,
c1-all.csv,28,w-4135,bunter Lebenslauf,realigned,35,5,
c1-all.csv,29,w-4136,mäßig erfolgreicher Versuch,realigned,35,4,
c1-all.csv,30,w-4137,einhellig widersprechen,realigned,35,5,
c1-all.csv,31,w-4138,ebenso zentral wie selbstverständlich,realigned,35,4,
c1-all.csv,32,w-4139,enthalten,realigned,36,1,
c1-all.csv,33,w-4140,sich großer Beliebtheit erfreuen,realigned,36,1,
c1-all.csv,34,w-4141,Fehler ausbügeln,realigned,36,1,
c1-all.csv,35,w-4142,Freude schenken,realigned,35,5,
c1-all.csv,36,w-4143,sich in Geduld fassen,realigned,35,5,
c1-all.csv,37,w-4144,genaue Beschreibung des beruflichen Werdegangs,realigned,35,5,
c1-all.csv,38,w-4145,Handlungsanweisung,realigned,35,5,
c1-all.csv,39,w-4146,Herstellung,realigned,35,5,
c1-all.csv,40,w-4147,im Hinblick auf,realigned,35,5,
c1-all.csv,41,w-4148,im Zweifel gilt daher,realigned,36,2,
c1-all.csv,42,w-4149,Innovationsschub,realigned,35,5,
c1-all.csv,43,w-4150,klarkommen,realigned,36,1,
c1-all.csv,44,w-4151,plausibel,realigned,36,4,
c1-all.csv,45,w-4152,revidieren,realigned,36,1,
c1-all.csv,46,w-4153,schlüssig,realigned,36,4,
c1-all.csv,47,w-4154,stark steigende Nachfrage,realigned,35,5,
c1-all.csv,48,w-4155,Stolperstein,realigned,35,5,
c1-all.csv,49,w-4156,umgehen mit,realigned,36,1,
c1-all.csv,50,w-4157,vielfach prämiert,realigned,35,5,
c1-all.csv,51,w-4158,vollziehen,realigned,36,1,
c1-all.csv,52,w-4159,Wahrnehmung,realigned,35,5,
c1-all.csv,53,w-4160,Zeit verplempern,realigned,36,10,
c1-all.csv,54,w-4161,zielstrebig,realigned,36,4,
c1-all.csv,55,w-4162,abgelegen,realigned,35,5,
c1-all.csv,56,w-4163,akribisch,realigned,36,4,
c1-all.csv,57,w-4164,analytisches und logisches Denken,realigned,35,4,
c1-all.csv,58,w-4165,Arbeitsverträge aufsetzen,realigned,35,5,
c1-all.csv,59,w-4166,sich auflichten,realigned,35,5,
c1-all.csv,60,w-4167,Ballungsraum,realigned,35,5,
c1-all.csv,61,w-4168,beihalten,realigned,35,5,
c1-all.csv,62,w-4169,Belastbarkeit,realigned,35,5,
c1-all.csv,63,w-4170,berühren,realigned,36,1,
c1-all.csv,64,w-4171,Bescheid geben,realigned,35,5,
c1-all.csv,65,w-4172,Bestellung versenden,realigned,35,5,
c1-all.csv,66,w-4173,Betriebsrat,realigned,35,5,
c1-all.csv,67,w-4174,Beweis,realigned,35,5,
c1-all.csv,68,w-4175,etw. darlegen,realigned,36,1,
c1-all.csv,69,w-4176,der Reihe nach,realigned,35,5,
c1-all.csv,70,w-4177,Kapazität,realigned,35,5,
c1-all.csv,71,w-4178,Konsument,realigned,35,5,
c1-all.csv,72,w-4179,Priorität,realigned,35,5,
c1-all.csv,73,w-4180,Ressource,realigned,35,5,
c1-all.csv,74,w-4181,Schlüsselqualifikation,realigned,35,5,
c1-all.csv,75,w-4182,Durchsetzungsvermögen,realigned,35,5,
c1-all.csv,76,w-4183,Einfühlungsvermögen,realigned,35,5,
c1-all.csv,77,w-4184,einer Illusion erliegen,realigned,35,5,
c1-all.csv,78,w-4185,etwas nicht gewachsen sein,realigned,36,4,
c1-all.csv,79,w-4186,Fehler machen,realigned,35,5,
c1-all.csv,80,w-4187,floskelhaft,realigned,36,4,
c1-all.csv,81,w-4188,fortan,realigned,35,5,
c1-all.csv,82,w-4189,Führungskompetenz,realigned,35,5,
c1-all.csv,83,w-4190,Gehaltsabrechnungen erstellen,realigned,35,5,
c1-all.csv,84,w-4191,Gehaltsvorstellungen,realigned,35,5,
c1-all.csv,85,w-4192,gelangen zu,realigned,36,1,
c1-all.csv,86,w-4193,Grundvoraussetzung,realigned,35,5,
c1-all.csv,87,w-4194,haufenweise,realigned,35,5,
c1-all.csv,88,w-4195,herausfiltern,realigned,36,1,
c1-all.csv,89,w-4196,Kommilitone,realigned,35,5,
c1-all.csv,90,w-4197,Kommunikationsfähigkeit,realigned,35,5,
c1-all.csv,91,w-4198,Konfliktfähigkeit,realigned,35,5,
c1-all.csv,92,w-4199,Kundenorientierung,realigned,35,5,
c1-all.csv,93,w-4200,lehrreich,realigned,35,5,
c1-all.csv,94,w-4201,Mitarbeiter abmahnen,realigned,35,5,
c1-all.csv,95,w-4202,jmdn. neugierig machen,realigned,35,5,
c1-all.csv,96,w-4203,Pakete frankieren,realigned,36,1,
c1-all.csv,97,w-4204,passgenau aufzeigen,realigned,36,1,
c1-all.csv,98,w-4205,Preise aushandeln,realigned,36,4,
c1-all.csv,99,w-4206,Rabatte gewähren,realigned,35,5,
c1-all.csv,100,w-4207,Rechnungen schreiben,realigned,35,5,
c1-all.csv,101,w-4208,Reklamationen bearbeiten,realigned,35,5,
c1-all.csv,102,w-4209,scheitern an,realigned,36,1,
c1-all.csv,103,w-4210,sich auf dem Laufenden halten,realigned,35,5,
c1-all.csv,104,w-4211,sich einen Überblick verschaffen über,realigned,35,5,
c1-all.csv,105,w-4212,sich verzögern,realigned,35,5,
c1-all.csv,106,w-4213,stichwortartig aufzählen,realigned,35,5,
c1-all.csv,107,w-4214,Teamfähigkeit,realigned,35,5,
c1-all.csv,108,w-4215,Verhandlungen führen mit,realigned,35,5,
c1-all.csv,109,w-4216,vermeiden,realigned,36,1,
c1-all.csv,110,w-4217,verschwenden,realigned,36,5,
c1-all.csv,111,w-4218,versetzen,realigned,35,5,
c1-all.csv,112,w-4219,Vertrag,realigned,35,5,
c1-all.csv,113,w-4220,verwechseln,realigned,35,5,
c1-all.csv,114,w-4221,vieles auf einmal tun,realigned,35,5,
c1-all.csv,115,w-4222,voraussetzen,realigned,36,1,
c1-all.csv,116,w-4223,Waren annehmen,realigned,35,5,
c1-all.csv,117,w-4224,Waren zusammenstellen,realigned,35,5,
c1-all.csv,118,w-4225,Warenbestände prüfen,realigned,35,5,
c1-all.csv,119,w-4226,zuständig sein für,realigned,36,1,
