id,type,term,sense,translation,example_de,example_en,levels,part_of_speech,native_frequency_rating,native_frequency_label,native_frequency_notes,rated_by,rated_at,corpus_rank,register,regional_labels,contexts,tags,gender,plural,genitive_singular,is_reflexive,is_separable,auxiliary,present_er_sie_es,praeteritum,partizip_ii,valency,collocations,synonyms,antonyms,false_friends,source_name,source_url,review_status
943,vocabulary,abends,in the evening as a recurring habit,in the evening / evenings,Ich sehe abends immer die Nachrichten.,In the evening I always watch the news.,A2,adverb,5,essential,Temporal recurring evening routine adverb,lexicographer,2026-09-10,380,neutral,,time,frequency,,,,,,,,,,,temporales Adverb,abends weggehen|abends essen,am Abend|zur Abendzeit,morgens,Goethe-Zertifikat A2 Wortliste,,reviewed
944,vocabulary,aber,modal particle expressing emphasis,really / certainly,Das ist aber nett von dir.,That is really kind of you.,A2,particle,4,very_common,Common spoken modal particle,lexicographer,2026-09-10,85,informal,,general,particle|modal,,,,,,,,,,,das ist aber nett,wirklich,,,Goethe-Zertifikat A2 Wortliste,,reviewed
945,vocabulary,Abitur,final secondary school examination certificate,secondary school diploma / A-levels,Sie hat dieses Jahr ihr Abitur gemacht.,She took her secondary school diploma this year.,A2,noun,4,very_common,Secondary schooling certificate noun,lexicographer,2026-09-10,850,neutral,,education,academics,das,-,Abiturs,,,,,,,,Abitur machen|nach dem Abitur studieren,Matura|Hochschulreife,,,Goethe-Zertifikat A2 Wortliste,,reviewed
946,vocabulary,abschließen,to lock,to lock,Hast du die Tür abgeschlossen?,Did you lock the door?,A2,verb,4,very_common,High-frequency household verb,lexicographer,2026-09-10,1320,neutral,,household,verb,,,,false,true,haben,schließt ab,schloss ab,abgeschlossen,Akk,die Tür abschließen|das Fahrrad abschließen,zusperren,aufschließen,,,,reviewed
947,vocabulary,abschließen,to complete / finish (studies/training),to complete / graduate,Ich schließe dieses Jahr mein Studium ab.,I am finishing my studies this year.,A2,verb,4,very_common,Common academic/vocational sense,lexicographer,2026-09-10,1320,neutral,,education,verb|education,,,,false,true,haben,schließt ab,schloss ab,abgeschlossen,Akk,Studium abschließen|Ausbildung abschließen,beenden,anfangen,,,,reviewed
948,vocabulary,Achtung,warning / attention,attention / danger,Achtung! Pass auf! Der Verkehr ist hier gefährlich.,Attention! Watch out! The traffic is dangerous here.,A2,noun,4,very_common,Used as exclamation/signage,lexicographer,2026-09-10,1850,neutral,,general,warning,die,-,Achtung,,,,,,,,interjection|Achtung an Gleis...,Achtung geben|Achtung an Gleis,Vorsicht,,Goethe-Zertifikat A2 Wortliste,,reviewed
949,vocabulary,Ahnung,idea / notion,idea / clue,"Ich hatte keine Ahnung, dass du heute Geburtstag hast.",I had no idea that it's your birthday today.,A2,noun,4,very_common,Common colloquial idiom,lexicographer,2026-09-10,1780,informal,,general,idiom,die,Ahnungen,Ahnung,,,,,,,,keine Ahnung haben,keine Ahnung|eine Ahnung bekommen,Vorstellung,Gewissheit,Goethe-Zertifikat A2 Wortliste,,reviewed
950,vocabulary,aktiv,energetic / actively involved,active,Peter ist sehr aktiv und macht viel Sport.,Peter is very active and does a lot of sports.,A2,adjective,3,common,Frequently used for lifestyle,lexicographer,2026-09-10,2400,neutral,,general,character,,,,,,,,,,,predicative/attributive,sportlich aktiv|aktiv teilnehmen,tatkräftig,passiv,Goethe-Zertifikat A2 Wortliste,,reviewed
951,vocabulary,aktuell,current / up-to-date,current / topical,Das ist das aktuelle Kinoprogramm.,That is the current cinema program.,A2,adjective,4,very_common,Common time reference,lexicographer,2026-09-10,890,neutral,,general,time,,,,,,,,,,,attributive/predicative|aktuelles Thema|aktuelle Nachrichten,zeitnah,veraltet,actual,Goethe-Zertifikat A2 Wortliste,,reviewed
952,vocabulary,allein,unaccompanied / by oneself,alone / on one's own,"Kommt seine Freundin mit? Nein, er kommt allein., Is his girlfriend coming along? No",he is coming alone.,A2,adverb,5,essential,High frequency across levels,lexicographer,2026-09-10,410,neutral,,general,lifestyle,,,,,,,,,,,adverbial,ganz allein|allein machen,selbstständig,gemeinsam,Goethe-Zertifikat A2 Wortliste,,reviewed
953,vocabulary,als,comparative particle,than,Hector ist jünger als seine Schwester.,Hector is younger than his sister.,A2,conjunction,5,essential,Essential comparative grammar marker,lexicographer,2026-09-10,35,neutral,,general,comparative,,,,,,,,,,,Komparativ + als,größer als|mehr als,wie,,Goethe-Zertifikat A2 Wortliste,,reviewed
954,vocabulary,als,in the role/capacity of,as,Sie arbeitet als Krankenschwester.,She works as a nurse.,A2,preposition,5,essential,Essential role indicator,lexicographer,2026-09-10,35,neutral,,professions,grammar,,,,,,,,,,arbeiten als + Nom.,tätig sein als|arbeiten als,in der Eigenschaft als,,,Goethe-Zertifikat A2 Wortliste,,reviewed
955,phrase,am Abend,during the closing hours of daylight,in the evening,Am Abend treffen wir Freunde.,In the evening we meet friends.,A2,phrase,5,essential,Diurnal temporal phrase,lexicographer,2026-09-10,120,neutral,,time,schedule,,,,,,,,,,,temporale Phrase,heute am Abend|spät am Abend,abends|zur Abendzeit,am Morgen,Goethe-Zertifikat A2 Wortliste,,reviewed
956,phrase,am Dienstag,occurring on the second day of the week,on Tuesday,Am Dienstag habe ich frei.,On Tuesday I am off.,A2,phrase,5,essential,Calendar weekday phrase,lexicographer,2026-09-10,210,neutral,,time,calendar,,,,,,,,,,,temporale Phrase,am Dienstag um zehn Uhr|bis Dienstag,dienstags,,Goethe-Zertifikat A2 Wortliste,,reviewed
957,phrase,am Donnerstag,occurring on the fourth day of the week,on Thursday,Am Donnerstag schreiben wir den Test.,On Thursday we write the test.,A2,phrase,5,essential,Calendar weekday phrase,lexicographer,2026-09-10,210,neutral,,time,calendar,,,,,,,,,,,temporale Phrase,am Donnerstagvormittag|bis Donnerstag,donnerstags,,Goethe-Zertifikat A2 Wortliste,,reviewed
958,phrase,am Freitag,occurring on the fifth day of the week,on Friday,Am Freitag gehen wir ins Kino.,On Friday we go to the cinema.,A2,phrase,5,essential,Calendar weekday phrase,lexicographer,2026-09-10,180,neutral,,time,calendar,,,,,,,,,,,temporale Phrase,am Freitagabend|Freitag vor dem Wochenende,freitags,,Goethe-Zertifikat A2 Wortliste,,reviewed
959,phrase,am Mittag,around twelve o'clock in the day,at noon / midday,Am Mittag esse ich einen Salat.,At midday I eat a salad.,A2,phrase,4,very_common,Diurnal temporal phrase,lexicographer,2026-09-10,480,neutral,,time,schedule,,,,,,,,,,,temporale Phrase,am Mittag Pause machen|zwölf Uhr am Mittag,mittags|zur Mittagszeit,um Mitternacht,Goethe-Zertifikat A2 Wortliste,,reviewed
960,phrase,am Mittwoch,occurring on the third day of the week,on Wednesday,Am Mittwoch besichtigen wir das Schloss.,On Wednesday we visit the castle.,A2,phrase,5,essential,Calendar weekday phrase,lexicographer,2026-09-10,210,neutral,,time,calendar,,,,,,,,,,,temporale Phrase,am Mittwochabend|jeden Mittwoch,mittwochs,,Goethe-Zertifikat A2 Wortliste,,reviewed
961,phrase,am Montag,occurring on the first day of work week,on Monday,Am Montag fängt der Kurs an.,On Monday the course starts.,A2,phrase,5,essential,Calendar weekday phrase,lexicographer,2026-09-10,180,neutral,,time,calendar,,,,,,,,,,,temporale Phrase,nächsten Montag|am kommenden Montag,montags,,Goethe-Zertifikat A2 Wortliste,,reviewed
962,phrase,am Morgen,during the early hours of the day,in the morning,Am Morgen trinke ich immer Kaffee.,In the morning I always drink coffee.,A2,phrase,5,essential,Diurnal temporal phrase,lexicographer,2026-09-10,140,neutral,,time,schedule,,,,,,,,,,,temporale Phrase,am frühen Morgen|jeden Tag am Morgen,morgens|in der Frühe,am Abend,Goethe-Zertifikat A2 Wortliste,,reviewed
963,phrase,am Nachmittag,during the hours after noon until evening,in the afternoon,Am Nachmittag gehe ich zum Arzt.,In the afternoon I go to the doctor.,A2,phrase,5,essential,Diurnal temporal phrase,lexicographer,2026-09-10,240,neutral,,time,schedule,,,,,,,,,,,temporale Phrase,heute am Nachmittag|jeden Tag am Nachmittag,nachmittags,am Vormittag,Goethe-Zertifikat A2 Wortliste,,reviewed
964,phrase,am Samstag,occurring on the sixth day of the week,on Saturday,Am Samstag gehen wir auf eine Party.,On Saturday we go to a party.,A2,phrase,5,essential,Calendar weekend phrase,lexicographer,2026-09-10,180,neutral,,time,calendar,,,,,,,,,,,temporale Phrase,am Samstagvormittag|am Samstag einkaufen,samstags|am Sonnabend,,Goethe-Zertifikat A2 Wortliste,,reviewed
965,phrase,am Sonntag,occurring on the seventh day of the week,on Sunday,Am Sonntag gehen wir in den Zoo.,On Sunday we go to the zoo.,A2,phrase,5,essential,Calendar weekend phrase,lexicographer,2026-09-10,180,neutral,,time,calendar,,,,,,,,,,,temporale Phrase,am Sonntagnachmittag|am Sonntag ausschlafen,sonntags,,Goethe-Zertifikat A2 Wortliste,,reviewed
966,phrase,am Vormittag,during the hours between dawn and noon,in the morning / forenoon,Am Vormittag haben wir Unterricht.,In the forenoon we have classes.,A2,phrase,4,very_common,Diurnal temporal phrase,lexicographer,2026-09-10,380,neutral,,time,schedule,,,,,,,,,,,temporale Phrase,am Vormittag erreichbar|morgen am Vormittag,vormittags,am Nachmittag,Goethe-Zertifikat A2 Wortliste,,reviewed
967,phrase,am Wochenende,occurring during Saturday and Sunday,at the weekend / on the weekend,Am Wochenende fahren wir in die Berge.,At the weekend we are driving to the mountains.,A2,phrase,5,essential,Frequent temporal recreational phrase,lexicographer,2026-09-10,95,neutral,,time,leisure,,,,,,,,,,,temporale Phrase,am Wochenende frei haben|fürs Wochenende planen,samstags und sonntags,unter der Woche,Goethe-Zertifikat A2 Wortliste,,reviewed
968,vocabulary,Ampel,traffic light system,traffic light,"Du kannst fahren, die Ampel ist grün., You can drive",the traffic light is green.,A2,noun,3,common,Essential traffic vocabulary,lexicographer,2026-09-10,3400,neutral,,traffic,transport,die,Ampeln,Ampel,,,,,,,,an der Ampel,rote Ampel|grüne Ampel,Lichtsignalanlage,,Goethe-Zertifikat A2 Wortliste,,reviewed
969,vocabulary,andere,different / remaining / other,other / another,"Willst du diesen Mantel? Nein, ich möchte den anderen., Do you want this coat? No",I would like the other one.,A2,pronoun,5,essential,Indefinite pronoun/determiner,lexicographer,2026-09-10,78,neutral,,general,determiner,,,,,,,,,,,attributive/substantive,die anderen|ein anderer,weitere,selbe,Goethe-Zertifikat A2 Wortliste,,reviewed
970,vocabulary,ändern,to alter / modify,to change / alter,Wie kann ich mein Passwort ändern?,How can I change my password?,A2,verb,4,very_common,Standard verb for changes,lexicographer,2026-09-10,650,neutral,,general,verb|reflexive_optional,,,,false,false,haben,ändert,änderte,geändert,Akk,Meinung ändern|Passwort ändern,modifizieren,beibehalten,,,,reviewed
971,vocabulary,anders,in a different manner,differently,Anders geht das leider nicht.,Unfortunately it doesn't work any other way.,A2,adverb,5,essential,Universal manner adverb,lexicographer,2026-09-10,310,neutral,,general,manner,,,,,,,,,,,adverbial|ganz anders|anders machen,verschieden,gleich,gleich|genauso,Goethe-Zertifikat A2 Wortliste,,reviewed
972,vocabulary,Angestellte,employed person working salaried in an office,employee (female) / white-collar worker,Sie arbeitet als Angestellte in einer Firma.,She works as an employee in a company.,A2,noun,4,very_common,Occupational status and labor demographics noun,lexicographer,2026-09-10,750,neutral,,work,people,die,Angestellten,Angestellten,,,,,,,,kaufmännische Angestellte|feste Angestellte,Mitarbeiterin|Beschäftigte,Arbeitgeberin|Selbstständige,,Goethe-Zertifikat A2 Wortliste,,reviewed
973,vocabulary,Angestellter,male salaried white-collar office worker,employee (male) / white-collar worker,Er ist Angestellter bei der Bank.,He is an employee at the bank.,A2,noun,4,very_common,Occupational status and labor demographics noun,lexicographer,2026-09-10,680,neutral,,work,people,der,Angestellten,Angestellten,,,,,,,,leitender Angestellter|als Angestellter arbeiten,Mitarbeiter|Beschäftigter,Arbeitgeber|Selbstständiger,,Goethe-Zertifikat A2 Wortliste,,reviewed
974,vocabulary,Angst,feeling of anxiety or fear,fear / anxiety,Hab keine Angst!,Don't be afraid!,A2,noun,5,essential,Primary psychological emotion noun,lexicographer,2026-09-10,510,neutral,,psychology,feelings,die,Ängste,Angst,,,,,,,Angst haben vor + Dat.,Angst haben|keine Angst,Furcht,Mut|Zuversicht,,Goethe-Zertifikat A2 Wortliste,,reviewed
975,vocabulary,ansehen,to look at / inspect / watch,to look at / watch,Darf ich eure Urlaubsfotos ansehen?,May I look at your holiday photos?,A2,verb,5,essential,Common perception verb,lexicographer,2026-09-10,540,neutral,,general,media|visual|reflexive_optional,,,,false,true,haben,sieht an,sah an,angesehen,Akk,Fotos ansehen|Sendung ansehen,anschauen,wegsehen,,,,reviewed
976,vocabulary,Anzug,men's business/formal suit,suit,Mein Mann muss sich einen neuen Anzug kaufen.,My husband has to buy a new suit.,A2,noun,4,very_common,Essential apparel noun,lexicographer,2026-09-10,2100,neutral,,clothing,attire,der,Anzüge,Anzugs;Anzuges,,,,,,,,einen Anzug kaufen|Anzug tragen,neuer Anzug|blauer Anzug,Kostüm,,Goethe-Zertifikat A2 Wortliste,,reviewed
977,vocabulary,Apotheke,dispensing chemist / pharmacy,pharmacy / chemist's,Das Medikament bekommen Sie in der Apotheke.,You can get the medication at the pharmacy.,A2,noun,4,very_common,Key healthcare infrastructure term,lexicographer,2026-09-10,2800,neutral,,health,medicine,die,Apotheken,Apotheke,,,,,,,,in die Apotheke gehen|in der Apotheke,zur Apotheke gehen,Pharmazie,,Goethe-Zertifikat A2 Wortliste,,reviewed
978,vocabulary,Apparat,mechanical or electronic device / camera,device / apparatus,Was machen wir mit deinem alten Apparat?,What are we going to do with your old device?,A2,noun,3,common,Domestic appliances/tech context,lexicographer,2026-09-10,2950,neutral,,technology,devices,der,Apparate,Apparats;Apparates,,,,,,,,alter Apparat,Fotoapparat|am Apparat sein,Gerät,,Goethe-Zertifikat A2 Wortliste,,reviewed
979,vocabulary,Arbeitstag,day on which regular professional work is performed,working day / workday,Von Montag bis Freitag ist Arbeitstag.,From Monday to Friday it's a workday.,A2,noun,4,very_common,Employment calendar and scheduling noun,lexicographer,2026-09-10,1280,neutral,,work|time,calendar,der,Arbeitstage,Arbeitstags;Arbeitstages,,,,,,,,langer Arbeitstag|regulärer Arbeitstag,Werktag,Feiertag|Wochenende,,Goethe-Zertifikat A2 Wortliste,,reviewed
980,vocabulary,ärgern,to be annoyed or irritated (reflexive),to be annoyed / upset,Warum ärgerst du dich?,Why are you upset?,A2,verb,4,very_common,Emotional state verb,lexicographer,2026-09-10,1580,neutral,,psychology,feelings,,,,true,false,haben,ärgert,ärgerte,geärgert,-,sich über das Wetter ärgern | sich über + Akk. ärgern,aufregen,freuen,,,,reviewed
981,vocabulary,arm,lacking financial resources,poor,"Sie haben nicht viel Geld, sie sind arm., They don't have much money",they are poor.,A2,adjective,4,very_common,Basic socio-economic adjective,lexicographer,2026-09-10,1280,neutral,,society,finances,,,,,,,,,,,predicative/attributive|arm sein|arme Leute|sehr arm|arm an,mittellos,reich,arm,Goethe-Zertifikat A2 Wortliste,,reviewed
982,vocabulary,Artikel,grammatical determiner,article (grammar),"Im Deutschen gibt es drei Artikel: der, die und das., In German there are three articles: der",die and das.,A2,noun,4,very_common,Core language-learning grammar term,lexicographer,2026-09-10,850,neutral,,linguistics,grammar,der,Artikel,Artikels,,,,,,,,bestimmter Artikel|unbestimmter Artikel,drei Artikel|grammatischer Artikel,Geschlechtswort,,Goethe-Zertifikat A2 Wortliste,,reviewed
983,vocabulary,Artikel,published journalistic text,article (journalism),Ich habe in der Zeitung einen interessanten Artikel gelesen.,I read an interesting article in the newspaper.,A2,noun,4,very_common,Everyday media noun,lexicographer,2026-09-10,850,neutral,,media,press,der,Artikel,Artikels,,,,,,,,Artikel in der Zeitung|Artikel lesen,interessanter Artikel|Artikel schreiben,Beitrag|Bericht,,Goethe-Zertifikat A2 Wortliste,,reviewed
984,vocabulary,auf,open / unclosed,open,"Die Tür ist auf, kommen Sie rein!, The door is open",come inside!,A2,adjective,4,very_common,Colloquial predicative synonym for offen,lexicographer,2026-09-10,320,informal,,household,state,,,,,,,,,,,predicative only,auf sein|das Geschäft hat noch auf,offen,zu|geschlossen,Goethe-Zertifikat A2 Wortliste,,reviewed
985,phrase,auf Deutsch,expressed in the German language,in German,Wie heißt das auf Deutsch?,What is that called in German?,A2,phrase,5,essential,Core language instruction phrase,lexicographer,2026-09-10,210,neutral,,linguistics,language,,,,,,,,,,,Adverbialphrase,auf Deutsch sagen|auf Deutsch übersetzen,auf Deutsch formuliert,,Goethe-Zertifikat A2 Wortliste,,reviewed
986,phrase,auf jeden Fall,under all circumstances,definitely / in any case,Ich möchte auf jeden Fall den neuen Film sehen.,I definitely want to see the new movie.,A2,phrase,5,essential,Universal conversational idiom,lexicographer,2026-09-10,450,neutral,,general,idiom,,,,,,,,,,,modal adverbial,auf jeden Fall machen|auf jeden Fall kommen,unbedingt,auf keinen Fall,Goethe-Zertifikat A2 Wortliste,,reviewed
987,phrase,auf keinen Fall,under no circumstances,under no circumstances / definitely not,Ich sehe ihn auf keinen Fall an!,I am definitely not watching it!,A2,phrase,4,very_common,Universal negative emphatic idiom,lexicographer,2026-09-10,760,neutral,,general,idiom,,,,,,,,,,,modal adverbial,auf keinen Fall mitkommen|auf keinen Fall vergessen,keineswegs,auf jeden Fall,Goethe-Zertifikat A2 Wortliste,,reviewed
988,phrase,auf Wiedersehen,parting farewell formula spoken in person,goodbye / see you again,Auf Wiedersehen!,Goodbye!,A2,phrase,5,essential,Core standard farewell formula,lexicographer,2026-09-10,120,neutral,,social,greeting,,,,,,,,,,,Abschiedsformel,auf Wiedersehen sagen|bis bald,tschüss|lebewohl,hallo|guten Tag,Goethe-Zertifikat A2 Wortliste,,reviewed
989,vocabulary,aufmachen,to open (door/window/package),to open,Kannst du bitte die Tür aufmachen?,Can you please open the door?,A2,verb,4,very_common,High-frequency domestic verb,lexicographer,2026-09-10,1150,informal,,household,action,,,,false,true,haben,macht auf,machte auf,aufgemacht,Akk,die Tür aufmachen|das Fenster aufmachen,öffnen,zumachen|schließen,,,,reviewed
990,vocabulary,aufpassen,to pay attention or supervise,to pay attention / watch out / look after,"Pass auf, der Teller fällt gleich auf den Boden!, Watch out",the plate is about to fall on the floor!,A2,verb,4,very_common,Essential conversational verb,lexicographer,2026-09-10,1380,neutral,,general,vigilance,,,,false,true,haben,passt auf,passte auf,aufgepasst,auf + Akk.,auf die Kinder aufpassen|im Unterricht aufpassen,achten|hüten,unaufmerksam sein,,,,reviewed
991,vocabulary,aufräumen,to tidy up or organize,to tidy up / clean up,Die Kinder müssen ihr Zimmer aufräumen.,The children have to tidy up their room.,A2,verb,4,very_common,Everyday household chore verb,lexicographer,2026-09-10,2100,neutral,,household,order,,,,false,true,haben,räumt auf,räumte auf,aufgeräumt,Akk,Zimmer aufräumen|Wohnung aufräumen,ordnen|putzen,unordentlich hinterlassen,,,,reviewed
992,vocabulary,aufregend,thrilling / stimulating / tense,exciting / thrilling,Die letzte Woche war sehr aufregend.,Last week was very exciting.,A2,adjective,4,very_common,Evaluative description of events,lexicographer,2026-09-10,2850,neutral,,general,emotion,,,,,,,,,,,predicative/attributive|sehr aufregend|nicht besonders aufregend,spannend|mitreißend,langweilig,langweilig,Goethe-Zertifikat A2 Wortliste,,reviewed
993,vocabulary,aus,switched off / extinguished,off / out,Ich sehe nichts. Das Licht ist aus.,I can't see anything. The light is off.,A2,adjective,4,very_common,Predicative state indicating inactive device,lexicographer,2026-09-10,320,neutral,,household,state,,,,,,,,,,,predicative only,das Licht ist aus|der Fernseher ist aus,ausgeschaltet,an|eingeschaltet,Goethe-Zertifikat A2 Wortliste,,reviewed
994,vocabulary,ausgeben,to expend monetary funds,to spend (money),Agata gibt viel Geld für Bücher aus.,Agata spends a lot of money on books.,A2,verb,4,very_common,Financial transactions verb,lexicographer,2026-09-10,1050,neutral,,finances,commerce,,,,false,true,haben,gibt aus,gab aus,ausgegeben,für + Akk.,viel Geld ausgeben|wenig ausgeben,aufwenden,einnehmen|sparen,,,,reviewed
995,vocabulary,ausgehen,to socialize outside / leave the home,to go out,Gehen wir am Freitag zusammen aus?,Shall we go out together on Friday?,A2,verb,4,very_common,Social leisure activity verb,lexicographer,2026-09-10,910,neutral,,leisure,social,,,,false,true,sein,geht aus,ging aus,ausgegangen,-,abends ausgehen | feiern gehen | zusammen ausgehen,ausgehen,zuhause bleiben,,,,reviewed
996,vocabulary,auspacken,to unpack / unwrap,to unpack,Packst du bitte den Koffer aus?,Will you please unpack the suitcase?,A2,verb,3,common,Everyday travel and luggage verb,lexicographer,2026-09-10,2850,neutral,,travel|household,action,,,,false,true,haben,packt aus,packte aus,ausgepackt,Akk,den Koffer auspacken|Geschenke auspacken,entpacken,einpacken,,,,reviewed
997,vocabulary,ausruhen,to relax / take a rest (reflexive),to rest / relax,Er ruht sich nach der Arbeit immer aus.,He always rests after work.,A2,verb,4,very_common,Daily routine and wellness verb,lexicographer,2026-09-10,2100,neutral,,health,lifestyle,,,,true,true,haben,ruht aus,ruhte aus,ausgeruht,von + Dat.,sich ausruhen|erst mal ausruhen,entspannen|erholen,anstrengen,,,,reviewed
998,vocabulary,außer,excluding / except for,except / apart from,Außer Lisa möchte niemand den Film sehen.,Except for Lisa nobody wants to see the movie.,A2,preposition,4,very_common,Common restrictive preposition,lexicographer,2026-09-10,510,neutral,,general,preposition,,,,,,,,,,außer + Dat.,außer Samstag|alle außer,ausgenommen|abgesehen von,einschließlich,,Goethe-Zertifikat A2 Wortliste,,reviewed
999,vocabulary,außerdem,in addition / besides,besides / furthermore,"Vier Brötchen, möchten Sie außerdem noch etwas?, Four bread rolls",would you like anything besides that?,A2,adverb,4,very_common,Discourse and connective adverb,lexicographer,2026-09-10,480,neutral,,general,connector,,,,,,,,,,,adverbial,außerdem noch|was noch,zudem|überdies,,Goethe-Zertifikat A2 Wortliste,,reviewed
1000,vocabulary,außerhalb,outside of / beyond,outside (of),"Die Wohnung ist nicht in der Stadt, sie liegt etwas außerhalb., The apartment is not in the city",it is located somewhat outside.,A2,adverb,4,very_common,Spatial location adverb and preposition,lexicographer,2026-09-10,1350,neutral,,housing,location,,,,,,,,,,,adverbial / Genitiv-Präposition,etwas außerhalb|außerhalb der Stadt,draußen,innerhalb,Goethe-Zertifikat A2 Wortliste,,reviewed
1001,vocabulary,aussprechen,to articulate or pronounce,to pronounce,Wie spricht man das Wort aus?,How do you pronounce that word?,A2,verb,4,very_common,Language learning and communication verb,lexicographer,2026-09-10,1850,neutral,,linguistics,speech,,,,false,true,haben,spricht aus,sprach aus,ausgesprochen,Akk,ein Wort aussprechen|richtig aussprechen,artikulieren,,,,,reviewed
1002,vocabulary,Ausstellung,public display or exhibition,exhibition,Gehen wir morgen zusammen in die Ausstellung?,Shall we go to the exhibition together tomorrow?,A2,noun,4,very_common,Cultural and leisure vocabulary,lexicographer,2026-09-10,1280,neutral,,culture,art,die,Ausstellungen,Ausstellung,,,,,,,,in die Ausstellung gehen|Ausstellung besuchen,neue Ausstellung|Kunstausstellung,Schau|Exposition,,Goethe-Zertifikat A2 Wortliste,,reviewed
1003,vocabulary,austauschen,to give and receive mutually or replace,to exchange / swap,Können wir unsere Adressen austauschen?,Can we exchange our addresses?,A2,verb,4,very_common,Communication;contact;and replacement verb,lexicographer,2026-09-10,950,neutral,,communication|social,action,,,,false,true,haben,tauscht aus,tauschte aus,ausgetauscht,,,etwas gegen + Akk. austauschen|etwas austauschen,Erfahrungen austauschen|Adressen austauschen,wechseln|erneuern,,,reviewed
1004,vocabulary,austragen,to deliver (newspapers/letters),to deliver / distribute,Er trägt jeden Morgen die Zeitung aus.,He delivers the newspaper every morning.,A2,verb,3,common,Job and delivery action verb,lexicographer,2026-09-10,2900,neutral,,work,delivery,,,,false,true,haben,trägt aus,trug aus,ausgetragen,etwas austragen,Zeitungen austragen|Briefe austragen,verteilen|zustellen,,,,,reviewed
1005,vocabulary,Auszubildende,female apprentice undergoing dual vocational training,trainee (female) / apprentice,Sie ist Auszubildende im ersten Lehrjahr.,She is a trainee in her first year of apprenticeship.,A2,noun,3,common,Vocational education and labor noun,lexicographer,2026-09-10,1850,neutral,,work|education,professions,die,Auszubildenden,Auszubildenden,,,,,,,,als Auszubildende arbeiten|Azubi,Lehrling|Azubine,Ausbilder,,Goethe-Zertifikat A2 Wortliste,,reviewed
1006,vocabulary,Auszubildender,male apprentice undergoing dual vocational training,trainee (male) / apprentice,Er ist Auszubildender bei Siemens.,He is an apprentice at Siemens.,A2,noun,3,common,Vocational education and labor noun,lexicographer,2026-09-10,1850,neutral,,work|education,professions,der,Auszubildenden,Auszubildenden,,,,,,,,als Auszubildender lernen|Azubi,Lehrling|Azubi,Ausbilder,,Goethe-Zertifikat A2 Wortliste,,reviewed
1007,vocabulary,Autor,person who writes books,articles,"or literature, author / writer, Er ist ein bekannter Autor.",He is a well-known author.,A2,noun,4,very_common,Literature;media;and publishing profession noun,lexicographer,2026-09-10,650,neutral,,media|culture,professions,der,Autoren,Autors,,,,,,,,Bücher des Autors|berühmter Autor,Schriftsteller|Verfasser,Leser,,Goethe-Zertifikat A2 Wortliste,,reviewed
1008,vocabulary,Autorin,female writer of books or literature,author (female) / writer,Sie ist die Autorin dieses Buches.,She is the author of this book.,A2,noun,4,very_common,Literature;publishing;and professions noun,lexicographer,2026-09-10,850,neutral,,media|culture,professions,die,Autorinnen,Autorin,,,,,,,,eine junge Autorin|die Autorin liest vor,Schriftstellerin|Verfasserin,Leserin,,Goethe-Zertifikat A2 Wortliste,,reviewed
1009,vocabulary,Babysitter,person looking after children temporarily,babysitter,Meine Tochter arbeitet als Babysitter bei einer Familie.,My daughter works as a babysitter for a family.,A2,noun,3,common,Everyday child-care noun,lexicographer,2026-09-10,3900,neutral,,family,work,der,Babysitter,Babysitters,,,,,,,,als Babysitter arbeiten|Babysitter suchen,zuverlässiger Babysitter|Babysitter engagieren,Kinderbetreuer,,Goethe-Zertifikat A2 Wortliste,,reviewed
1010,vocabulary,backen,to cook food by dry heat in an oven,to bake,"Wenn du kommst, backe ich einen Kuchen., When you come",I will bake a cake.,A2,verb,4,very_common,Everyday cooking and domestic verb,lexicographer,2026-09-10,1750,neutral,,cooking,food,,,,false,false,haben,bäckt/backt,backte/buk,gebacken,Akk,Kuchen backen|Brot backen,im Ofen zubereiten,kochen|braten,,,,reviewed
1011,vocabulary,Bäcker,craftsman who bakes bread and pastries commercially,baker,Der Bäcker steht früh morgens auf.,The baker gets up early in the morning.,A2,noun,4,very_common,Food craftsmanship and retail profession noun,lexicographer,2026-09-10,1650,neutral,,food|work,professions,der,Bäcker,Bäckers,,,,,,,,frisches Brot vom Bäcker,Bäckermeister|Backstubenbetreiber,,,Goethe-Zertifikat A2 Wortliste,,reviewed
1012,vocabulary,Bäckerin,female craftsman baking bread commercially,baker (female),Meine Schwester ist Bäckerin von Beruf.,My sister is a baker by profession.,A2,noun,3,common,Food craftsmanship and retail profession noun,lexicographer,2026-09-10,2400,neutral,,food|work,professions,die,Bäckerinnen,Bäckerin,,,,,,,,Ausbildung zur Bäckerin machen,Bäckermeisterin,,,Goethe-Zertifikat A2 Wortliste,,reviewed
1013,vocabulary,Ball,spherical object used in games,ball,Meine Kinder spielen gern Ball.,My children like playing ball.,A2,noun,4,very_common,Sports and leisure noun,lexicographer,2026-09-10,1320,neutral,,sports,games,der,Bälle,Balls;Balles,,,,,,,,Ball spielen|den Ball werfen,Fußball|Tennisball,,,Goethe-Zertifikat A2 Wortliste,,reviewed
1014,vocabulary,Band,musical group or ensemble,band,Anton spielt in einer Band.,Anton plays in a band.,A2,noun,4,very_common,Music and entertainment noun,lexicographer,2026-09-10,1420,neutral,,music,culture,die,Bands,Band,,,,,,,,in einer Band spielen|Lieblingsband,Musikgruppe|Combo,,,Goethe-Zertifikat A2 Wortliste,,reviewed
1015,vocabulary,Basketball,team ball game played on a court,basketball,Yannick spielt lieber Basketball als Fußball.,Yannick prefers playing basketball over football.,A2,noun,3,common,Sports vocabulary,lexicographer,2026-09-10,3100,neutral,,sports,games,der,Basketbälle,Basketballs,,,,,,,,Basketball spielen|Basketballturnier,Korbball,,,Goethe-Zertifikat A2 Wortliste,,reviewed
1016,vocabulary,basteln,to engage in creative handcrafts,to do crafts / make handicrafts,Die Kinder haben etwas gebastelt.,The children made something in crafts.,A2,verb,3,common,Leisure and childhood activity verb,lexicographer,2026-09-10,2900,neutral,,leisure,hobbies,,,,false,false,haben,bastelt,bastelte,gebastelt,Akk,gerne basteln | etwas Schönes basteln | mit Papier basteln,werkeln|handarbeiten,,,,,reviewed
1017,vocabulary,bauen,to construct or build,to build / construct,Unsere Nachbarn bauen ein neues Haus.,Our neighbours are building a new house.,A2,verb,5,essential,Core construction action verb,lexicographer,2026-09-10,490,neutral,,construction,action,,,,false,false,haben,baut,baute,gebaut,Akk | an + Dat.,ein Haus bauen|Straße bauen,errichten|erbauen,zerstören|abreißen,,,,reviewed
1018,vocabulary,Baustelle,area where building work is happening,construction site,Vor unserem Haus ist eine große Baustelle.,In front of our house is a large construction site.,A2,noun,3,common,Urban environment and traffic noun,lexicographer,2026-09-10,2700,neutral,,city,construction,die,Baustellen,Baustelle,,,,,,,,auf der Baustelle arbeiten|Baustelle umfahren,große Baustelle|Straßenbaustelle,Bauplatz,,Goethe-Zertifikat A2 Wortliste,,reviewed
1019,vocabulary,beantworten,to give a formal or direct answer to,to answer / reply to,Können Sie meine Frage bitte beantworten?,Can you please answer my question?,A2,verb,4,very_common,Everyday formal dialogue verb,lexicographer,2026-09-10,1310,neutral,,communication,dialogue,,,,false,false,haben,beantwortet,beantwortete,beantwortet,Akk,eine Frage beantworten|E-Mail beantworten,erwidern|antworten auf,fragen,,,,reviewed
1020,vocabulary,bedanken,to express gratitude (reflexive),to thank,Ich möchte mich noch einmal sehr herzlich für Ihre Hilfe bedanken.,I would like to thank you once again very warmly for your help.,A2,verb,4,very_common,Polite social interaction verb,lexicographer,2026-09-10,1750,neutral,,social,courtesy,,,,true,false,haben,bedankt,bedankte,bedankt,bei + Dat.,sich herzlich bedanken|sich für die Einladung bedanken,danken,,,,,reviewed
1021,vocabulary,beeilen,to act or move with speed (reflexive),to hurry (up),Kannst du dich bitte beeilen? Der Bus fährt gleich ab!,Can you please hurry up? The bus is leaving right away!,A2,verb,4,very_common,Time-management and daily interaction verb,lexicographer,2026-09-10,2150,neutral,,daily_routine,movement,,,,true,false,haben,beeilt,beeilte,beeilt,mit + Dat.,sich beeilen müssen|mach schnell und beeil dich,sputen|hetzen,trödeln|Zeit lassen,,,,reviewed
1022,vocabulary,beenden,to bring to a conclusion,to end / finish / conclude,Du musst deine Ausbildung auf jeden Fall beenden.,You must definitely finish your vocational training.,A2,verb,4,very_common,Task completion and closure verb,lexicographer,2026-09-10,1180,neutral,,general,closure,,,,false,false,haben,beendet,beendete,beendet,Akk,Ausbildung beenden|Studium beenden,abschließen|aufhören,beginnen|anfangen,,,,reviewed
1023,vocabulary,begründen,to provide supporting reasons or rationale,to justify / give reasons for,Bitte begründen Sie Ihre Meinung.,Please give reasons for your opinion.,A2,verb,4,very_common,Exam instructions and argumentative verb,lexicographer,2026-09-10,1650,neutral,,communication,reasoning,,,,false,false,haben,begründet,begründete,begründet,Akk,Meinung begründen|Entscheidung begründen,rechtfertigen|erklären,,,,,reviewed
1024,vocabulary,beliebt,liked by many people,popular,Fußball ist bei vielen Menschen beliebt.,Football is popular with many people.,A2,adjective,4,very_common,Social preference adjective,lexicographer,2026-09-10,1210,neutral,,society,preference,,,,,,,,,,,predicative/attributive|beliebt bei + Dat.,sehr beliebt|beliebter Sport,populär,unbeliebt,Goethe-Zertifikat A2 Wortliste,,reviewed
1025,vocabulary,bequem,providing physical comfort or ease,comfortable,Das Sofa ist sehr bequem.,The sofa is very comfortable.,A2,adjective,4,very_common,Physical sensation and lifestyle adjective,lexicographer,2026-09-10,1850,neutral,,housing|clothing,comfort,,,,,,,,,,,predicative/attributive|sehr bequem|bequeme Schuhe,gemütlich,unbequem,unbequem,Goethe-Zertifikat A2 Wortliste,,reviewed
1026,vocabulary,beraten,to give advice or guidance to someone,to advise,Unsere Sekretärin berät Sie gern.,Our secretary will gladly advise you.,A2,verb,4,very_common,Customer service and consulting verb,lexicographer,2026-09-10,1320,neutral,,work,consultation,,,,false,false,haben,berät,beriet,beraten,Akk | in + Dat.,Kunden beraten|gut beraten,empfehlen|anleiten,,,,,reviewed
1027,vocabulary,Berg,elevated natural landform,mountain,Die Zugspitze ist der höchste Berg in Deutschland.,The Zugspitze is the highest mountain in Germany.,A2,noun,4,very_common,Nature and geography noun,lexicographer,2026-09-10,640,neutral,,nature,geography,der,Berge,Bergs;Berges,,,,,,,,in die Berge fahren|auf den Berg steigen,hoher Berg|in den Bergen,Gipfel|Gebirge,Tal,Goethe-Zertifikat A2 Wortliste,,reviewed
1028,vocabulary,berichten,to give a formal account or report,to report,Alle Zeitungen berichten von dem Unfall.,All newspapers are reporting on the accident.,A2,verb,4,very_common,News and communication verb,lexicographer,2026-09-10,720,neutral,,media,communication,,,,false,false,haben,berichtet,berichtete,berichtet,von + Dat.,in den Nachrichten berichten | ausführlich berichten | über + Akk. berichten,erzählen|schildern,,,,,reviewed
1029,vocabulary,berühmt,renowned and recognized by many,famous / celebrated,Thomas Müller ist ein berühmter Fußballspieler.,Thomas Müller is a famous football player.,A2,adjective,4,very_common,Public fame descriptor,lexicographer,2026-09-10,1430,neutral,,society,reputation,,,,,,,,,,,predicative/attributive|weltweit berühmt|berühmter Künstler,bekannt|prominent,unbekannt,unbekannt,Goethe-Zertifikat A2 Wortliste,,reviewed
1030,phrase,Bescheid geben,to inform or notify someone,to let someone know,Kannst du mir bis morgen Bescheid geben?,Can you let me know by tomorrow?,A2,phrase,4,very_common,Universal everyday communication formula,lexicographer,2026-09-10,890,neutral,,communication,idiom,,,,,,,,,,,idiom mit Verb|Bescheid geben|Bescheid sagen|Bescheid bekommen,informieren|benachrichtigen,jemandem Bescheid geben,benachrichtigen|Bescheid sagen,Goethe-Zertifikat A2 Wortliste,,reviewed
1031,vocabulary,beschreiben,to depict in words,to describe,Kannst du mir den Weg zum Bahnhof beschreiben?,Can you describe the way to the train station to me?,A2,verb,4,very_common,Core instruction and communicative verb,lexicographer,2026-09-10,980,neutral,,communication,description,,,,false,false,haben,beschreibt,beschrieb,beschrieben,Dat | Akk,den Weg beschreiben|Person beschreiben,schildern|darstellen,,,,,reviewed
1032,vocabulary,beschweren,to express dissatisfaction or file a complaint,to complain,Hier ist es zu laut. Wo können wir uns beschweren?,It is too loud here. Where can we complain?,A2,verb,4,very_common,Everyday service and civic verb,lexicographer,2026-09-10,1820,neutral,,social,complaints,,,,true,false,haben,beschwert,beschwerte,beschwert,bei + Dat.,sich über die Nachbarn beschweren | sich beschweren | sich über + Akk. beschweren,reklamieren|klagen,loben,,,,reviewed
1033,vocabulary,besonders,to a marked extent / especially,especially / particularly,Dieses Angebot ist besonders günstig.,This offer is particularly reasonable.,A2,adverb,5,essential,High-frequency intensifying degree adverb,lexicographer,2026-09-10,240,neutral,,general,intensity,,,,,,,,,,,adverbial|besonders gut|nicht besonders,vor allem|speziell,gewöhnlich,kaum|mittelmäßig,Goethe-Zertifikat A2 Wortliste,,reviewed
1034,vocabulary,bestätigen,to verify or formally confirm,to confirm,"Ich kann bestätigen, dass er hier war.",I can confirm that he was here.,A2,verb,4,very_common,Administrative and official communication verb,lexicographer,2026-09-10,1120,neutral,,administration,communication,,,,false,false,haben,bestätigt,bestätigte,bestätigt,etwas bestätigen | bestätigen,dass,Termin bestätigen|Reservierung bestätigen,bekräftigen|zusagen,widerrufen|dementieren,,,reviewed
1035,vocabulary,bestehen,to pass an examination,to pass (an exam),Ich habe die Prüfung bestanden!,I passed the exam!,A2,verb,5,essential,Education and certification verb,lexicographer,2026-09-10,430,neutral,,education,exams,,,,false,false,haben,besteht,bestand,bestanden,-,Prüfung erfolgreich bestehen | Test bestehen | eine Prüfung bestehen,schaffen,durchfallen,,,,reviewed
1036,vocabulary,bestehen,to be composed of,to consist of,Die Prüfung besteht aus vier Teilen.,The exam consists of four parts.,A2,verb,5,essential,Structural composition verb,lexicographer,2026-09-10,430,neutral,,general,structure,,,,false,false,haben,besteht,bestand,bestanden,aus + Dat.,besteht aus Teilen|besteht aus Mitgliedern,sich zusammensetzen aus,,,,,reviewed
1037,vocabulary,Besuch,callers/guests or social call,visit / company / guests,Wir bekommen am Wochenende Besuch.,We are getting visitors this weekend.,A2,noun,4,very_common,Social gatherings and hospitality noun,lexicographer,2026-09-10,950,neutral,,social,hospitality,der,Besuche,Besuchs;Besuches,,,,,,,,Besuch haben|zu Besuch sein,Besuch im Krankenhaus|Besuch empfangen,Gäste|Visite,,Goethe-Zertifikat A2 Wortliste,,reviewed
1038,vocabulary,bewerben,to apply formally for a post (reflexive),to apply (for a job),Ich möchte mich um diese Stelle bewerben.,I would like to apply for this position.,A2,verb,4,very_common,Employment and career verb,lexicographer,2026-09-10,1650,neutral,,work,career,,,,true,false,haben,bewirbt,bewarb,beworben,um + Akk. | bei + Dat.,sich um eine Stelle bewerben|sich auf einen Job bewerben,Kandidatur einreichen,,,,,reviewed
1039,vocabulary,Bewerbung,written application for employment,application,Kannst du mir bei meiner Bewerbung helfen?,Can you help me with my application?,A2,noun,4,very_common,Work search and formal documents noun,lexicographer,2026-09-10,1890,neutral,,work,career,die,Bewerbungen,Bewerbung,,,,,,,,Bewerbung schreiben|Bewerbung abschicken,Bewerbung um einen Arbeitsplatz,Bewerbungsunterlagen,,Goethe-Zertifikat A2 Wortliste,,reviewed
1040,vocabulary,bewölkt,overcast with clouds,cloudy / overcast,Heute ist es bewölkt.,Today it is cloudy.,A2,adjective,3,common,Meteorological description adjective,lexicographer,2026-09-10,3100,neutral,,weather,nature,,,,,,,,,,,predicative/attributive|bewölkt sein|leicht bewölkt,stark bewölkt|der Himmel ist bewölkt,wolkig|bedeckt,sonnig|wolkenlos,Goethe-Zertifikat A2 Wortliste,,reviewed
1041,vocabulary,Bibliothek,institution lending books and media,library,Sie lernt jeden Tag in der Bibliothek.,She studies in the library every day.,A2,noun,4,very_common,Education and study infrastructure noun,lexicographer,2026-09-10,1980,neutral,,education,buildings,die,Bibliotheken,Bibliothek,,,,,,,,in die Bibliothek gehen|in der Bibliothek lernen,öffentliche Bibliothek|Universitätsbibliothek,Bücherei,,Goethe-Zertifikat A2 Wortliste,,reviewed
1042,vocabulary,Biologie,branch of science studying living organisms,biology,Biologie ist ihr Lieblingsfach.,Biology is her favorite subject.,A2,noun,4,very_common,School subjects and natural sciences noun,lexicographer,2026-09-10,1180,neutral,,school|science,education,die,-,Biologie,,,,,,,,Biologie unterrichten|Note in Biologie,Lebenslehre|Bio,,,Goethe-Zertifikat A2 Wortliste,,reviewed
1043,vocabulary,bisschen,a small quantity or extent,a little / a bit,Können Sie bitte ein bisschen lauter sprechen?,Could you please speak a little louder?,A2,,5,essential,Universal quantifier and adverbial modifier,lexicographer,2026-09-10,240,neutral,,general,quantity,,,,,,,,,,,adverbial / unbestimmtes Pronomen,ein bisschen sprechen|ein bisschen mehr,ein wenig,viel,Goethe-Zertifikat A2 Wortliste,,reviewed
1044,vocabulary,Blatt,flat green organ of a plant,leaf,Die Bäume haben schon gelbe Blätter.,The trees already have yellow leaves.,A2,noun,4,very_common,Nature and botany noun,lexicographer,2026-09-10,990,neutral,,nature,plants,das,Blätter,Blattes;Blatts,,,,,,,,grüne Blätter|Blätter fallen,Laub,,,Goethe-Zertifikat A2 Wortliste,,reviewed
1045,vocabulary,Blatt,single thin sheet of paper,sheet (of paper),Haben Sie ein Blatt Papier für mich?,Do you have a sheet of paper for me?,A2,noun,4,very_common,Stationery and office noun,lexicographer,2026-09-10,990,neutral,,office,materials,das,Blätter,Blattes;Blatts,,,,,,,,ein Blatt Papier|leeres Blatt,Bogen|Zettel,,,Goethe-Zertifikat A2 Wortliste,,reviewed
1046,vocabulary,blöd,annoying,foolish,"or disagreeable, stupid / silly / annoying, Ich finde es blöd, dass du morgen gehen musst.",I think it's annoying that you have to leave tomorrow.,A2,adjective,4,very_common,Informal evaluative adjective,lexicographer,2026-09-10,1540,informal,,general,judgment,,,,,,,,,,,predicative/attributive,eine blöde Situation|blöd finden,dumm|ärgerlich,schlau|toll,Goethe-Zertifikat A2 Wortliste,,reviewed
1047,vocabulary,Blog,regularly updated informational website/journal,blog,Ich schreibe einen Blog über Mode.,I write a blog about fashion.,A2,noun,3,common,Digital media and computing noun,lexicographer,2026-09-10,2100,neutral,,media,internet|gender:masculine/neuter,,Blogs,Blogs,,,,,,,,einen Blog schreiben|Blog lesen,Mode-Blog|Internet-Blog,Weblog,,Goethe-Zertifikat A2 Wortliste,,reviewed
1048,vocabulary,blond,having light or golden-yellow hair,blond / fair-haired,Lisa hat blonde Haare.,Lisa has blond hair.,A2,adjective,4,very_common,Physical appearance description adjective,lexicographer,2026-09-10,2150,neutral,,people,appearance,,,,,,,,,,,predicative/attributive|blonde Haare|groß und blond,hellhaarig,dunkelhaarig|braunhaarig,dunkelhaarig|braun,Goethe-Zertifikat A2 Wortliste,,reviewed
1049,vocabulary,Bluse,woman's loose upper garment,blouse,Ich suche eine weiße Bluse.,I am looking for a white blouse.,A2,noun,4,very_common,Clothing and apparel noun,lexicographer,2026-09-10,2400,neutral,,clothing,shopping,die,Blusen,Bluse,,,,,,,,eine Bluse anziehen|weiße Bluse,Bluse und Rock,Oberteil|Hemdbluse,Hemd,Goethe-Zertifikat A2 Wortliste,,reviewed
1050,vocabulary,Bohne,edible kidney-shaped legume seed,bean,Hans isst nicht gern Bohnen.,Hans doesn't like eating beans.,A2,noun,3,common,Food;vegetables and cooking noun,lexicographer,2026-09-10,3250,neutral,,food,vegetables,die,Bohnen,Bohne,,,,,,,,grüne Bohnen|Bohnen kochen,Hülsenfrucht,,,Goethe-Zertifikat A2 Wortliste,,reviewed
1051,vocabulary,braten,to cook over heat in fat/oil,to fry / roast,Braten Sie das Fleisch in etwas Öl!,Fry the meat in a little oil!,A2,verb,4,very_common,Core culinary technique verb,lexicographer,2026-09-10,1850,neutral,,cooking,food,,,,false,false,haben,brät,briet,gebraten,in + Dat. | Akk,Fleisch braten|Fisch brät,anbraten|schmoren,kochen,,,,reviewed
1052,vocabulary,Brille,corrective optical eyewear,glasses / spectacles,Wo ist meine Brille?,Where are my glasses?,A2,noun,4,very_common,Personal accessory and vision noun,lexicographer,2026-09-10,1950,neutral,,health,accessories,die,Brillen,Brille,,,,,,,,Brille tragen|Brille aufsetzen,mit der Brille sehen|Sonnenbrille,Sehhilfe,,Goethe-Zertifikat A2 Wortliste,,reviewed
1053,vocabulary,Brücke,structure spanning a physical obstacle,bridge,Fahren Sie über die nächste Brücke und dann nach links.,Drive over the next bridge and then turn left.,A2,noun,4,very_common,Urban directions and traffic noun,lexicographer,2026-09-10,1310,neutral,,transport,navigation,die,Brücken,Brücke,,,,,,,,über die Brücke gehen|Brücke überqueren,große Brücke,Überführung,,Goethe-Zertifikat A2 Wortliste,,reviewed
1054,vocabulary,buchen,to make an advance reservation,to book / reserve,Morgen buche ich unsere Urlaubsreise.,Tomorrow I am booking our vacation trip.,A2,verb,4,very_common,Travel;accommodation and ticketing verb,lexicographer,2026-09-10,1380,neutral,,travel|commerce,transactions,,,,false,false,haben,bucht,buchte,gebucht,,etwas buchen,einen Flug buchen|Hotel buchen|online buchen,reservieren,stornieren,,,reviewed
1055,vocabulary,bunt,having many or diverse colors,colorful / multi-colored,Anna trägt gern bunte Kleider.,Anna likes wearing colorful dresses.,A2,adjective,4,very_common,Visual appearance adjective,lexicographer,2026-09-10,1280,neutral,,general,colors,,,,,,,,,,,predicative/attributive|sehr bunt|bunte Farben,farbig|farbenfroh,einfarbig|grau,einfarbig|grau,Goethe-Zertifikat A2 Wortliste,,reviewed
1056,vocabulary,Büro,workplace for administrative tasks,office,Ich arbeite in einem Büro.,I work in an office.,A2,noun,5,essential,Workplace and business noun,lexicographer,2026-09-10,680,neutral,,work,workplace,das,Büros,Büros,,,,,,,,im Büro arbeiten|ins Büro gehen,Büro ist geschlossen,Arbeitszimmer|Dienstzimmer,,Goethe-Zertifikat A2 Wortliste,,reviewed
1057,vocabulary,ca.,abbreviation for circa / approximately,approx. / about,ca. 100 Meter,approx. 100 meters,A2,abbreviation,5,essential,Everyday numerical approximation abbreviation,lexicographer,2026-09-10,210,neutral,,general,quantity,,,,,,,,,,,Abkürzung (circa / zirka),ca. 5 Euro|ca. zwei Stunden,ungefähr|zirka|etwa,exakt|genau,Goethe-Zertifikat A2 Wortliste,,reviewed
1058,vocabulary,Cafeteria,informal self-service dining area,cafeteria / canteen,Ich gehe jetzt in die Cafeteria.,I am going to the cafeteria now.,A2,noun,3,common,Workplace and university dining noun,lexicographer,2026-09-10,3100,neutral,,education|work,gastronomy,die,Cafeterias,Cafeteria,,,,,,,,in der Cafeteria essen|zur Cafeteria gehen,Mensa|Kantine,,,Goethe-Zertifikat A2 Wortliste,,reviewed
1059,vocabulary,chatten,to communicate electronically in text,to chat (online),Luis chattet gern mit seinen Freunden im Internet.,Luis likes chatting with his friends on the internet.,A2,verb,3,common,Digital communication verb,lexicographer,2026-09-10,2950,informal,,internet,communication,,,,false,false,haben,chattet,chattete,gechattet,mit + Dat.,online chatten | miteinander chatten | im Internet chatten,schreiben|nachrichten,,,,,reviewed
1060,vocabulary,Chemie,science studying elements and substances,chemistry,Wir haben heute Chemie im Labor.,Today we have chemistry in the laboratory.,A2,noun,4,very_common,School subjects and natural sciences noun,lexicographer,2026-09-10,1150,neutral,,school|science,education,die,-,Chemie,,,,,,,,Unterricht in Chemie|Chemie und Physik,Stofflehre,,,Goethe-Zertifikat A2 Wortliste,,reviewed
1061,vocabulary,Club,social association or discotheque venue,club,Gibt es hier einen Tennis-Club?,Is there a tennis club here?,A2,noun,4,very_common,Sports;social and nightlife noun,lexicographer,2026-09-10,1210,neutral,,leisure,nightlife,der,Clubs,Clubs,,,,,,,,in den Club gehen|Club mit guter Musik,Verein|Diskothek,,,Goethe-Zertifikat A2 Wortliste,,reviewed
1062,vocabulary,Comic,illustrated narrative publication,comic / graphic novel,Mein Sohn liest immer nur Comics.,My son only ever reads comics.,A2,noun,3,common,Youth media and print culture noun,lexicographer,2026-09-10,2650,neutral,,media,leisure|gender:masculine/neuter,,Comics,Comics,,,,,,,,Comics lesen|Comic-Heft,Bildergeschichte,,,Goethe-Zertifikat A2 Wortliste,,reviewed
1063,vocabulary,Cousin,male child of one's aunt or uncle,cousin (male),Mein Cousin wohnt in München.,My cousin lives in Munich.,A2,noun,4,very_common,Extended family kinship noun,lexicographer,2026-09-10,1450,neutral,,family,relationships,der,Cousins,Cousins,,,,,,,,Cousin und Cousine|lieber Cousin,Vetter,Cousine,,Goethe-Zertifikat A2 Wortliste,,reviewed
1064,vocabulary,Cousine,female child of one's aunt or uncle,cousin (female),Ich besuche meine Cousine in Berlin.,I am visiting my cousin in Berlin.,A2,noun,4,very_common,Extended family kinship noun,lexicographer,2026-09-10,1650,neutral,,family,relationships,die,Cousinen,Cousine,,,,,,,,meine Cousine einladen,Base,Cousin,,Goethe-Zertifikat A2 Wortliste,,reviewed
1065,vocabulary,Creme,cosmetic emulsion or culinary paste,cream (skin / culinary),Ich suche eine Creme für die Hände.,I am looking for a cream for my hands.,A2,noun,3,common,Body care and baking noun,lexicographer,2026-09-10,2400,neutral,,health|cooking,cosmetics,die,Cremes,Creme,,,,,,,,Creme für die Hände|Buttercreme,Salbe|Paste,,,Goethe-Zertifikat A2 Wortliste,,reviewed
1066,vocabulary,d.h.,abbreviation for 'das heißt' / that is to say,i.e. / that means,"Ich habe frei, d.h. ich kann kommen., I am off",i.e. I can come.,A2,abbreviation,4,very_common,Connecting explanatory abbreviation,lexicographer,2026-09-10,340,neutral,,communication,writing,,,,,,,,,,,Abkürzung (das heißt),d. h. also|d. h. morgen,das bedeutet|namentlich,,Goethe-Zertifikat A2 Wortliste,,reviewed
1067,vocabulary,da(r)-,pronominal adverbial base,prepositional compound base (it/that),Darüber spreche ich nicht gern.,I don't like talking about that.,A2,pronoun,5,essential,Essential pronominal reference marker,lexicographer,2026-09-10,60,neutral,,grammar,structure,,,,,,,,,,,Pronominaladverb,darauf|darüber|davor|dazu,,,Goethe-Zertifikat A2 Wortliste,,reviewed
1068,phrase,dabei sein,to be present or accompany someone,to be present / be with,"Schön, dass du da bist. Ist deine Familie auch dabei?",Nice that you are here. Is your family with you too?,A2,phrase,4,very_common,Social accompaniment idiom,lexicographer,2026-09-10,480,neutral,,social,state,,,,,,,,,,,Prädikatsausdruck,dabei sein|Stift dabei haben,anwesend sein|mitkommen,abwesend sein,Goethe-Zertifikat A2 Wortliste,,reviewed
1069,phrase,dafür sein,to support or favor a proposal,to be in favor of,Ich bin dafür.,I am in favor of it.,A2,phrase,4,very_common,Opinion and voting idiom,lexicographer,2026-09-10,720,neutral,,communication,opinion,,,,,,,,,,,Prädikatsausdruck,dafür sein|absolut dafür,befürworten,dagegen sein,Goethe-Zertifikat A2 Wortliste,,reviewed
1070,phrase,dagegen sein,to oppose or object to a proposal,to be against it,Ich bin dagegen.,I am against it.,A2,phrase,4,very_common,Opinion and debate idiom,lexicographer,2026-09-10,790,neutral,,communication,opinion,,,,,,,,,,,Prädikatsausdruck,dagegen sein|strikt dagegen,ablehnen,dafür sein,Goethe-Zertifikat A2 Wortliste,,reviewed
1071,vocabulary,damals,at that particular past time,back then / at that time,Aber damals hatte ich kein Geld.,But back then I had no money.,A2,adverb,4,very_common,Temporal retrospective adverb,lexicographer,2026-09-10,420,neutral,,general,time,,,,,,,,,,,adverbial|damals als Student|schon damals,seinerzeit|früher,heute|jetzt,heute|jetzt,Goethe-Zertifikat A2 Wortliste,,reviewed
1072,vocabulary,dass,subordinating conjunction for noun clauses,that,"Rico hat gesagt, dass er auch zur Party kommt.",Rico said that he is also coming to the party.,A2,conjunction,5,essential,Core syntactic subordinating conjunction,lexicographer,2026-09-10,18,neutral,,grammar,syntax,,,,,,,,,,,Nebensatz einleitend,schön dass|hoffen dass,,,Goethe-Zertifikat A2 Wortliste,,reviewed
1073,vocabulary,Datei,organized digital data file,file (computer),Wo hast du die Datei gespeichert?,Where did you save the file?,A2,noun,4,very_common,Computing and office vocabulary,lexicographer,2026-09-10,1320,neutral,,technology,office,die,Dateien,Datei,,,,,,,,Datei speichern|Datei öffnen|Datei drucken,Dokument|File,,,Goethe-Zertifikat A2 Wortliste,,reviewed
1074,vocabulary,denken,to consider,reflect,"or hold an opinion, to think, Ich denke, du hast recht.",I think you are right.,A2,verb,5,essential,Core cognitive process verb,lexicographer,2026-09-10,110,neutral,,cognition,mind,,,,false,false,haben,denkt,dachte,gedacht,an + Akk.,dass | denken,an Freunde denken|was denkst du,glauben|meinen,vergessen,,,reviewed
1075,vocabulary,deshalb,for that reason / consequently,therefore / that's why,Ich bin krank. Deshalb komme ich heute nicht ins Büro.,I am ill. That is why I am not coming to the office today.,A2,adverb,5,essential,Causal connective adverb,lexicographer,2026-09-10,290,neutral,,general,reason,,,,,,,,,,,Konnektoradverb,deshalb komme ich|und deshalb,darum|deswegen,darum|deswegen|daher,Goethe-Zertifikat A2 Wortliste,,reviewed
1076,vocabulary,deutlich,clear to perceive or comprehend,clear / clearly,Sprechen Sie bitte deutlich!,Please speak clearly!,A2,adjective,4,very_common,Acoustic and visual clarity descriptor,lexicographer,2026-09-10,680,neutral,,communication,clarity,,,,,,,,,,,predicative/adverbial|deutlich sprechen|deutlicher schreiben,verständlich|klar,undeutlich,undeutlich|vage,Goethe-Zertifikat A2 Wortliste,,reviewed
1077,vocabulary,Deutsch,the German language or school subject,German (subject / language),Wie heißt das auf Deutsch?,What is that called in German?,A2,noun,5,essential,School language subject and speech noun,lexicographer,2026-09-10,95,neutral,,school|linguistics,language,das,-,Deutschan;Deutschs,,,,,,,,Deutsch lernen|gute Noten in Deutsch|auf Deutsch,deutsche Sprache,,,Goethe-Zertifikat A2 Wortliste,,reviewed
1078,vocabulary,Deutscher,male inhabitant or citizen of Germany,German (male),Er ist Deutscher.,He is a German man.,A2,noun,5,essential,National identity and demographics noun,lexicographer,2026-09-10,340,neutral,,society|geography,nationality,der,Deutschen,Deutschen,,,,,,,,ein Deutscher|die Deutschen,Bundesbürger,,,Goethe-Zertifikat A2 Wortliste,,reviewed
1079,vocabulary,dick,large in body weight or physical depth,thick / fat,Ich bin zu dick. Ich muss weniger essen.,I am too fat. I have to eat less.,A2,adjective,4,very_common,Physical appearance and size adjective,lexicographer,2026-09-10,950,neutral,,people|objects,dimension,,,,,,,,,,,predicative/attributive|zu dick sein|dickes Buch,kräftig|beleibt|stark,dünn|schlank,dünn|schlank,Goethe-Zertifikat A2 Wortliste,,reviewed
1080,vocabulary,dienstags,on Tuesdays as a recurring occurrence,on Tuesdays,Das Training ist immer dienstags.,Training is always on Tuesdays.,A2,adverb,4,very_common,Weekly recurring schedule adverb,lexicographer,2026-09-10,950,neutral,,time,frequency,,,,,,,,,,,temporales Adverb,jeden Dienstag|dienstags frei,am Dienstag,,Goethe-Zertifikat A2 Wortliste,,reviewed
1081,vocabulary,Ding,unspecified material entity,thing / object,Gib mir bitte mal das Ding da drüben!,Please pass me that thing over there!,A2,noun,5,essential,Colloquial placeholder noun,lexicographer,2026-09-10,340,neutral,,general,objects,das,Dinge,Dings;Dinges,,,,,,,,dieses Ding|Ding zum Öffnen,Gegenstand|Sache,,,Goethe-Zertifikat A2 Wortliste,,reviewed
1082,vocabulary,direkt,straightforwardly without diversion/delay,direct / directly / right,Wir wohnen direkt über dem Café.,We live directly above the café.,A2,adjective,4,very_common,Local and temporal proximity adjective/adverb,lexicographer,2026-09-10,480,neutral,,location|time,precision,,,,,,,,,,,predicative/adverbial|direkter Zug|direkt nach der Schule|direkt über,unmittelbar|geradeaus,indirekt|umwegig,indirekt|umwegig,Goethe-Zertifikat A2 Wortliste,,reviewed
1083,vocabulary,Direktor,head of a school,business,"or institution, director / headmaster, Der Direktor leitet die Schule.",The headmaster leads the school.,A2,noun,4,very_common,Institutional leadership and school hierarchy noun,lexicographer,2026-09-10,780,neutral,,education|work,professions,der,Direktoren,Direktors,,,,,,,,beim Direktor im Büro|Schuldirektor,Schulleiter|Vorstand|Leiter,Direktorin,,Goethe-Zertifikat A2 Wortliste,,reviewed
1084,vocabulary,diskutieren,to talk over or debate an issue,to discuss / debate,Ich möchte das mit meinen Kollegen diskutieren.,I would like to discuss that with my colleagues.,A2,verb,4,very_common,Intellectual and workplace communication verb,lexicographer,2026-09-10,920,neutral,,communication,work,,,,false,false,haben,diskutiert,diskutierte,diskutiert,mit + Dat.,über ein Thema diskutieren|ausführlich diskutieren,besprechen|debattieren,,,,,reviewed
1085,vocabulary,doch,affirmative reply to negative question / emphasis,yes / but / indeed,"Hast du keinen Hunger? Doch, ich bin sehr hungrig., Aren't you hungry? Yes (on the contrary)",I am very hungry.,A2,particle,5,essential,Core dialogic particle and conjunction,lexicographer,2026-09-10,45,neutral,,communication,particle,,,,,,,,,,,Antwortpartikel / Modalpartikel,doch mal|macht doch nichts|nicht wahr? Doch!,ja wohl|gewiss,nein,Goethe-Zertifikat A2 Wortliste,,reviewed
1086,vocabulary,donnerstags,on Thursdays as a recurring habit,on Thursdays,Donnerstags gehe ich schwimmen.,On Thursdays I go swimming.,A2,adverb,4,very_common,Weekly recurring schedule adverb,lexicographer,2026-09-10,980,neutral,,time,frequency,,,,,,,,,,,temporales Adverb,jeden Donnerstag|donnerstags früh,am Donnerstag,,Goethe-Zertifikat A2 Wortliste,,reviewed
1087,vocabulary,dort,at that location away from speaker,there,Dort ist unser Haus.,There is our house.,A2,adverb,5,essential,Fundamental spatial deictic adverb,lexicographer,2026-09-10,120,neutral,,location,space,,,,,,,,,,,lokales Adverb|dort drüben|fünf Minuten dort,da|an jener Stelle,hier,hier,Goethe-Zertifikat A2 Wortliste,,reviewed
1088,vocabulary,dorther,from that location towards speaker,from there,Ich komme gerade dorther.,I am coming right from there.,A2,adverb,3,common,Directional spatial adverb,lexicographer,2026-09-10,3400,neutral,,location,direction,,,,,,,,,,,Direktionaladverb,dorther kommen|von dort kommen,von daher,dorthin,Goethe-Zertifikat A2 Wortliste,,reviewed
1089,vocabulary,dorthin,towards that remote location,there / to that place,Deine Tasche kannst du dorthin stellen.,You can put your bag over there.,A2,adverb,4,very_common,Directional spatial adverb,lexicographer,2026-09-10,980,neutral,,location,direction,,,,,,,,,,,Direktionaladverb|dorthin fahren|dorthin gehen,dahin,her|hierher,hierher,Goethe-Zertifikat A2 Wortliste,,reviewed
1090,vocabulary,dreimal,on three separate instances or occasions,three times,Nehmen Sie dieses Medikament dreimal pro Tag!,Take this medication three times a day!,A2,adverb,4,very_common,Numerical frequency multiplication adverb,lexicographer,2026-09-10,680,neutral,,time,frequency,,,,,,,,,,,Frequenzadverb,dreimal täglich|dreimal hintereinander,in dreifacher Ausführung,zweimal|viermal,Goethe-Zertifikat A2 Wortliste,,reviewed
1091,vocabulary,dringend,requiring immediate attention or action,urgent / pressing,Bitte kommen Sie schnell. Es ist dringend.,Please come quickly. It is urgent.,A2,adjective,4,very_common,Situational urgency adjective/adverb,lexicographer,2026-09-10,1150,neutral,,general,urgency,,,,,,,,,,,predicative/adverbial|dringend brauchen|es ist dringend,eilig|akut,nebensächlich|unbedeutend,nebensächlich,Goethe-Zertifikat A2 Wortliste,,reviewed
1092,vocabulary,drinnen,inside an interior space,inside / indoors,Hier drinnen ist es sehr warm.,Inside here it is very warm.,A2,adverb,4,very_common,Spatial interior adverb,lexicographer,2026-09-10,950,neutral,,housing,indoors,,,,,,,,,,,lokales Adverb|drinnen sitzen|drinnen und draußen,im Inneren|im Haus,draußen,draußen,Goethe-Zertifikat A2 Wortliste,,reviewed
1093,vocabulary,dritte,constituting number three in a sequence,third,Sie sitzen in der dritten Reihe.,They are sitting in the third row.,A2,adjective,5,essential,Core ordinal number adjective,lexicographer,2026-09-10,95,neutral,,general,order,,,,,,,,,,,Ordinalzahl,im dritten Stock|der dritte Tag,an dritter Stelle,zweite|vierte,Goethe-Zertifikat A2 Wortliste,,reviewed
1094,vocabulary,drittens,in the third place / introducing third point,thirdly,3. drittens: Es ist zu spät.,3. thirdly: it is too late.,A2,adverb,3,common,Enumeration and structuring discourse adverb,lexicographer,2026-09-10,1450,neutral,,communication,sequence,,,,,,,,,,,Aufzählungsadverb,drittens wollen wir nicht,an dritter Stelle,zweitens|viertens,Goethe-Zertifikat A2 Wortliste,,reviewed
1095,vocabulary,drüben,on the other side of an area,over there,Da drüben ist die Haltestelle.,Over there is the bus stop.,A2,adverb,4,very_common,Spatial deictic adverb,lexicographer,2026-09-10,1180,neutral,,directions,space,,,,,,,,,,,lokales Adverb|da drüben|nach drüben gehen,gegenüber|dort drüben,hierhüben,hier,Goethe-Zertifikat A2 Wortliste,,reviewed
1096,vocabulary,dumm,lacking intelligence or sensible judgment,stupid / foolish,"Entschuldigung, das war dumm von mir., Excuse me",that was stupid of me.,A2,adjective,4,very_common,Evaluation and cognitive descriptor,lexicographer,2026-09-10,820,neutral,,general,intelligence,,,,,,,,,,,predicative/attributive|ein dummer Fehler|dumm von dir,blöd|unklug,klug|schlau,klug|schlau|intelligent,Goethe-Zertifikat A2 Wortliste,,reviewed
1097,vocabulary,dunkel,with little or no light,dark,Um sechs Uhr ist es schon dunkel.,At six o'clock it is already dark.,A2,adjective,4,very_common,Light conditions and color adjective,lexicographer,2026-09-10,720,neutral,,nature|clothing,light,,,,,,,,,,,predicative/attributive|dunkle Haare|dunkelblau|dunkel werden,düster|finster,hell|licht,hell|licht,Goethe-Zertifikat A2 Wortliste,,reviewed
1098,vocabulary,dünn,having small cross-section or body mass,thin / slim,Das Buch ist sehr dünn. Es hat nur 40 Seiten.,The book is very thin. It only has 40 pages.,A2,adjective,4,very_common,Physical dimensions and physique adjective,lexicographer,2026-09-10,1100,neutral,,objects|people,dimension,,,,,,,,,,,predicative/attributive|dünnes Buch|zu dünn sein,mager|schlank,dick|breit,dick|stark,Goethe-Zertifikat A2 Wortliste,,reviewed
1099,vocabulary,E-Book,digital publication readable on devices,e-book,Liest du lieber E-Books oder Bücher aus Papier?,Do you prefer reading e-books or paper books?,A2,noun,3,common,Digital media noun,lexicographer,2026-09-10,2850,neutral,,media,technology,das,E-Books,E-Books,,,,,,,,E-Books lesen|E-Book kaufen,digitales Buch,,,Goethe-Zertifikat A2 Wortliste,,reviewed
1100,vocabulary,echt,authentic,genuine,"or truly, real / genuine / really, Ist das Bild ein echter Picasso?",Is the painting a genuine Picasso?,A2,adjective,4,very_common,Authenticity descriptor and colloquial intensifier,lexicographer,2026-09-10,640,neutral,,general,authenticity,,,,,,,,,,,predicative/attributive/adverbial|echt gut|echtes Leder,wahr|authentisch|wirklich,falsch|unecht,falsch|unecht|künstlich,Goethe-Zertifikat A2 Wortliste,,reviewed
1101,vocabulary,egal,of no consequence or importance,all the same / doesn't matter,Das ist mir egal.,That doesn't matter to me.,A2,adjective,4,very_common,Colloquial indifference adjective,lexicographer,2026-09-10,690,informal,,communication,attitude,,,,,,,,,,,nur prädikativ|jemandem egal sein|ganz egal,einerlei|gleichgültig,wichtig,wichtig,Goethe-Zertifikat A2 Wortliste,,reviewed
1102,vocabulary,Ehepartner,person united in legal matrimony,spouse,Das ist mein Ehepartner.,That is my spouse.,A2,noun,3,common,Official and legal relationship noun,lexicographer,2026-09-10,2600,formal,,family,administration,der,Ehepartner,Ehepartners,,,,,,,,der Ehepartner|die Ehepartnerin,Gatte|Lebenspartner,,,Goethe-Zertifikat A2 Wortliste,,reviewed
1103,vocabulary,eigen-,belonging to oneself and nobody else,own,Nicht alle Kinder haben ein eigenes Zimmer.,Not all children have their own room.,A2,adjective,5,essential,Possessive attributive adjective,lexicographer,2026-09-10,210,neutral,,general,possession,,,,,,,,,,,nur attributiv|ein eigenes Zimmer|eigene Wohnung,persönlich|privat,fremd,fremd,Goethe-Zertifikat A2 Wortliste,,reviewed
1104,vocabulary,eigentlich,in reality or truth / originally intended,actually / in fact,Kennst du eigentlich Susanne?,Do you actually know Susanne?,A2,adverb,5,essential,Discourse particle and modal adverb,lexicographer,2026-09-10,120,neutral,,communication,discourse,,,,,,,,,,,Modalpartikel / Adverb,eigentlich wollten wir|was bedeutet das eigentlich,im Grunde|tatsächlich,scheinbar,Goethe-Zertifikat A2 Wortliste,,reviewed
1105,vocabulary,ein paar,a small unspecified quantity of entities,a few / a couple of,Wir fahren ein paar Tage ans Meer.,We are driving to the sea for a few days.,A2,,5,essential,Core indefinite small plural quantifier,lexicographer,2026-09-10,110,neutral,,general,quantity,,,,,,,,,,,unbestimmtes Pronomen,ein paar Minuten|ein paar Freunde,einige|wenige,viele|alle,Goethe-Zertifikat A2 Wortliste,,reviewed
1106,vocabulary,einig-,an indeterminate small amount or number,some / a few,In diesem Text sind einige Fehler.,There are some mistakes in this text.,A2,,5,essential,Indefinite plural/uncountable quantifier,lexicographer,2026-09-10,95,neutral,,general,quantity,,,,,,,,,,,Indefinitpronomen,einige Fehler|einige Zeit,etliche|manche,keine|alle,Goethe-Zertifikat A2 Wortliste,,reviewed
1107,vocabulary,Einkaufszentrum,large enclosed retail complex,shopping center / mall,Kommst du morgen mit ins Einkaufszentrum?,Are you coming along to the shopping mall tomorrow?,A2,noun,3,common,Urban facilities and shopping noun,lexicographer,2026-09-10,2950,neutral,,shopping,city,das,Einkaufszentren,Einkaufszentrums,,,,,,,,ins Einkaufszentrum gehen|im Einkaufszentrum,Shopping-Mall|Einkaufscenter,,,Goethe-Zertifikat A2 Wortliste,,reviewed
1108,vocabulary,einpacken,to place items into baggage or gift wrap,to pack / gift-wrap,Pack bitte die Handtücher ein!,Please pack the towels!,A2,verb,4,very_common,Travel preparation and shopping verb,lexicographer,2026-09-10,1850,neutral,,household|travel,action,,,,false,true,haben,packt ein,packte ein,eingepackt,Akk,Koffer einpacken | als Geschenk einpacken,verpacken|einwickeln,auspacken,,,,reviewed
1109,vocabulary,eintragen,to record details in a register or form (reflexive),to sign in / register / enter,Tragen Sie sich bitte in diese Liste ein!,Please enter your name in this list!,A2,verb,4,very_common,Administrative documentation verb,lexicographer,2026-09-10,1490,neutral,,administration,forms,,,,true,true,haben,trägt ein,trug ein,eingetragen,sich in + Akk. eintragen | etwas eintragen,Namen eintragen|in die Liste eintragen,einschreiben|notieren,austragen|löschen,,,,reviewed
1110,phrase,einverstanden sein,to agree with a statement or proposal,to agree / be in agreement,"Gut, ich bin einverstanden., Good",I agree.,A2,phrase,4,very_common,Agreement and negotiation formula,lexicographer,2026-09-10,910,neutral,,communication,agreement,,,,,,,,,,,Prädikatsausdruck|mit + Dat. einverstanden sein,einverstanden sein|damit einverstanden,zustimmen|d'accord,dagegen sein,Goethe-Zertifikat A2 Wortliste,,reviewed
1111,vocabulary,einzel-,considered separately from others,individual / single,Könnt ihr bitte einzeln sprechen?,Could you please speak one at a time?,A2,adjective,4,very_common,Separation and individuality adjective/adverb,lexicographer,2026-09-10,480,neutral,,general,quantity,,,,,,,,,,,attributive/adverbial,einzelnes Zimmer|einzeln sprechen|Einzelkind,separat|individuell,gemeinsam|zusammen,Goethe-Zertifikat A2 Wortliste,,reviewed
1112,vocabulary,einziehen,to move one's residence into a dwelling,to move in,Im Juni ziehen unsere neuen Nachbarn ein.,Our new neighbours move in during June.,A2,verb,4,very_common,Housing and relocation verb,lexicographer,2026-09-10,1250,neutral,,housing,relocation,,,,false,true,sein,zieht ein,zog ein,eingezogen,in + Akk.,in die Wohnung einziehen|Nachbarn ziehen ein,beziehen,ausziehen,,,,reviewed
1113,vocabulary,Eis,frozen dessert or crystallized water,ice / ice cream,Möchtest du auch ein Eis?,Would you also like an ice cream?,A2,noun,4,very_common,Food;dessert;and weather noun,lexicographer,2026-09-10,1180,neutral,,food,dessert,das,-,Eises,,,,,,,,Eis essen|Kugel Eis,Zitroneneis|Schokoladeneis,Speiseeis|Glace,,Goethe-Zertifikat A2 Wortliste,,reviewed
1114,vocabulary,endlich,after a long period or delay,finally / at last,Endlich bist du da!,Finally you are here!,A2,adverb,4,very_common,Temporal relief and conclusion adverb,lexicographer,2026-09-10,480,neutral,,time,emotion,,,,,,,,,,,adverbial|endlich kommen|endlich geschafft,schließlich|letztendlich,anfangs|zunächst,anfangs,Goethe-Zertifikat A2 Wortliste,,reviewed
1115,vocabulary,eng,having little space or room,tight / narrow,Diese Hose ist zu eng.,These trousers are too tight.,A2,adjective,4,very_common,Dimension and clothing fit adjective,lexicographer,2026-09-10,880,neutral,,clothing|housing,dimension,,,,,,,,,,,predicative/attributive|zu eng sein|enge Gasse,schmal|straff,weit|breit,weit|locker,Goethe-Zertifikat A2 Wortliste,,reviewed
1116,vocabulary,Englisch,the English language or school subject,English (subject / language),Ich lerne seit drei Jahren Englisch.,I have been learning English for three years.,A2,noun,5,essential,School language subject and speech noun,lexicographer,2026-09-10,140,neutral,,school|linguistics,language,das,-,Englischs,,,,,,,,Englisch sprechen|Buch auf Englisch lesen,englische Sprache,,,Goethe-Zertifikat A2 Wortliste,,reviewed
1117,vocabulary,Enkel,grandson / grandchild of grandparents,grandson / grandchild,Mein Enkel geht schon in die Schule.,My grandson already attends school.,A2,noun,4,very_common,Family multigenerational kinship noun,lexicographer,2026-09-10,1320,neutral,,family,relationships,der,Enkel,Enkels,,,,,,,,Großeltern und Enkel|mein Enkelsohn,Enkelkind|Enkelsohn,Großvater|Großmutter,Großvater|Großmutter,Goethe-Zertifikat A2 Wortliste,,reviewed
1118,vocabulary,Enkelin,female grandchild of grandparents,granddaughter,Meine Enkelin hat Geburtstag.,It is my granddaughter's birthday.,A2,noun,4,very_common,Family multigenerational kinship noun,lexicographer,2026-09-10,1450,neutral,,family,relationships,die,Enkelinnen,Enkelin,,,,,,,,meine kleine Enkelin,Enkeltochter,Großmutter|Großvater,,Goethe-Zertifikat A2 Wortliste,,reviewed
1119,vocabulary,Erdgeschoss,ground floor level of a building,ground floor,Ich wohne im Erdgeschoss.,I live on the ground floor.,A2,noun,4,very_common,Housing and navigation noun,lexicographer,2026-09-10,2100,neutral,,housing,buildings,das,Erdgeschosse,Erdgeschosses,,,,,,,,im Erdgeschoss wohnen|im Erdgeschoss liegen,Parterre,Obergeschoss|Keller,,Goethe-Zertifikat A2 Wortliste,,reviewed
1120,vocabulary,Erfahrung,practical knowledge or skill gained over time,experience,Ich habe zehn Jahre Erfahrung in diesem Beruf.,I have ten years of experience in this profession.,A2,noun,4,very_common,Work and personal background noun,lexicographer,2026-09-10,510,neutral,,work,knowledge,die,Erfahrungen,Erfahrung,,,,,,,,Erfahrung haben|Erfahrung sammeln,berufliche Erfahrung|reiche Erfahrung,Praxis|Routine,Unerfahrenheit,Goethe-Zertifikat A2 Wortliste,,reviewed
1121,vocabulary,erinnern,to retain in memory or prompt recall (reflexive),to remember / remind,Erinnerst du dich an José?,Do you remember José?,A2,verb,4,very_common,Memory and cognitive process verb,lexicographer,2026-09-10,490,neutral,,cognition,memory,,,,true,false,haben,erinnert,erinnerte,erinnert,an + Akk. | Akk,sich an damals erinnern|an den Termin erinnern,im Gedächtnis behalten|mahnen,vergessen,,,,reviewed
1122,phrase,erkältet sein,to suffer from a common respiratory viral infection,to have a cold,Lisa ist erkältet.,Lisa has a cold.,A2,phrase,4,very_common,Health condition descriptor,lexicographer,2026-09-10,1950,neutral,,health,illness,,,,,,,,,,,Prädikatsausdruck,stark erkältet sein|erkältet sein,eine Erkältung haben,gesund sein,Goethe-Zertifikat A2 Wortliste,,reviewed
1123,vocabulary,Erlaubnis,official sanction or authorization,permission,Haben Sie eine Arbeitserlaubnis?,Do you have a work permit?,A2,noun,4,very_common,Official documents and rights noun,lexicographer,2026-09-10,1650,neutral,,administration,law,die,-,Erlaubnis,,,,,,,,Erlaubnis haben|um Erlaubnis bitten,Arbeitserlaubnis|schriftliche Erlaubnis,Genehmigung|Gestattung,Verbot,Goethe-Zertifikat A2 Wortliste,,reviewed
1124,phrase,erlaubt sein,to be officially authorized or permitted,to be permitted / allowed,Parken ist hier nicht erlaubt.,Parking is not permitted here.,A2,phrase,4,very_common,Rules and regulations descriptor,lexicographer,2026-09-10,640,neutral,,society,rules,,,,,,,,,,,Prädikatsausdruck,hier erlaubt sein|nicht erlaubt sein,gestattet sein|zulässig sein,verboten sein,Goethe-Zertifikat A2 Wortliste,,reviewed
1125,vocabulary,Ermäßigung,reduction in the standard admission or fare,discount / reduction,Für Schüler gibt es eine Ermäßigung.,There is a discount for students.,A2,noun,4,very_common,Ticketing and commercial prices noun,lexicographer,2026-09-10,2100,neutral,,shopping|travel,price,die,Ermäßigungen,Ermäßigung,,,,,,,,Ermäßigung bekommen|Ermäßigung für Gruppen,Rabatt|Preisnachlass,Aufpreis,Zuschlag|Aufpreis,Goethe-Zertifikat A2 Wortliste,,reviewed
1126,vocabulary,erreichen,to catch transit or contact someone,to catch / reach,"Wenn wir uns beeilen, erreichen wir noch den Zug., If we hurry",we will still catch the train.,A2,verb,4,very_common,Transport and telecommunication verb,lexicographer,2026-09-10,290,neutral,,travel|communication,contact,,,,false,false,haben,erreicht,erreichte,erreicht,Akk,den Zug erreichen|telefonisch erreichen,erwischen|kontaktieren,verpassen,,,,reviewed
1127,vocabulary,erst,not before / only as recently as,only / not until / first,Wir können erst morgen kommen.,We can only come tomorrow.,A2,adverb,5,essential,Temporal restrictive particle,lexicographer,2026-09-10,130,neutral,,general,time,,,,,,,,,,,Gradpartikel / Adverb|erst morgen|erst 16 Jahre alt,nicht früher als|bloß,schon|bereits,schon|bereits,Goethe-Zertifikat A2 Wortliste,,reviewed
1128,vocabulary,erste,preceding all others in order,time,"or rank, first, John war als erster am Ziel.",John was first at the finish line.,A2,adjective,5,essential,Core ordinal number adjective,lexicographer,2026-09-10,40,neutral,,general,order,,,,,,,,,,,Ordinalzahl,der erste Mai|das erste Mal|die erste Gruppe,anfänglich|führend,letzte,Goethe-Zertifikat A2 Wortliste,,reviewed
1129,vocabulary,erstens,in the first place / introducing first point,firstly / in the first place,1. erstens: Wir müssen pünktlich sein.,1. firstly: we must be on time.,A2,adverb,4,very_common,Enumeration and structuring discourse adverb,lexicographer,2026-09-10,680,neutral,,communication,sequence,,,,,,,,,,,Aufzählungsadverb,erstens kommt es anders|erstens ...,zunächst|fürs Erste,zweitens,Goethe-Zertifikat A2 Wortliste,,reviewed
1130,vocabulary,etwas,an unspecified thing or small quantity,something / some,Ich muss dir etwas erzählen!,I have to tell you something!,A2,,5,essential,Core indefinite pronoun and degree modifier,lexicographer,2026-09-10,45,neutral,,general,quantity,,,,,,,,,,,Indefinitpronomen / Adverb,etwas anderes|etwas zu trinken,ein wenig|manches,nichts,Goethe-Zertifikat A2 Wortliste,,reviewed
1131,vocabulary,Fach,school subject or shelf compartment,subject / compartment,Welches Fach magst du in der Schule am liebsten?,Which subject do you like best at school?,A2,noun,4,very_common,Education and categorization noun,lexicographer,2026-09-10,950,neutral,,education|housing,school,das,Fächer,Fachs;Faches,,,,,,,,Lieblingsfach|Fach in der Schule,Schulfach|Abteil,,,Goethe-Zertifikat A2 Wortliste,,reviewed
1132,vocabulary,Fahrerin,female person driving a vehicle,driver (female),Die Fahrerin hält an der nächsten Haltestelle.,The driver stops at the next bus stop.,A2,noun,3,common,Transit and transportation professions noun,lexicographer,2026-09-10,1850,neutral,,transport|work,professions,die,Fahrerinnen,Fahrerin,,,,,,,,Busfahrerin|vorsichtige Fahrerin,Chauffeurin|Steuerfrau,Passagierin,,Goethe-Zertifikat A2 Wortliste,,reviewed
1133,vocabulary,Fahrplan,published schedule of transit departures/arrivals,timetable / schedule,Ist das der neue Fahrplan?,Is that the new timetable?,A2,noun,4,very_common,Public transit organization noun,lexicographer,2026-09-10,2100,neutral,,travel,transport,der,Fahrpläne,Fahrplans;Fahrplanes,,,,,,,,laut Fahrplan|auf dem Fahrplan stehen,Kursbuch|Verbindungsübersicht,,,Goethe-Zertifikat A2 Wortliste,,reviewed
1134,vocabulary,fallen,to drop down freely under gravity,to fall,"Pass auf, das Glas fällt gleich vom Tisch., Watch out",the glass is about to fall off the table.,A2,verb,5,essential,Physical movement and drop verb,lexicographer,2026-09-10,310,neutral,,movement,physics,,,,false,false,sein,fällt,fiel,gefallen,auf + Akk.,zu Boden fallen|auf den Boden fallen,stürzen|herabfallen,aufsteigen|steigen,,,,reviewed
1135,vocabulary,Fan,enthusiastic devotee of a sport/band,fan / supporter,Er ist ein großer Fußballfan.,He is a big football fan.,A2,noun,4,very_common,Leisure and entertainment noun,lexicographer,2026-09-10,1450,neutral,,sports|music,leisure,der,Fans,Fans,,,,,,,,Fan von Rammstein|großer Fan,Anhänger|Bewunderer,,,Goethe-Zertifikat A2 Wortliste,,reviewed
1136,vocabulary,fantastisch,exceptionally fine or wonderful,fantastic / wonderful,Dein neues Kleid sieht fantastisch aus!,Your new dress looks fantastic!,A2,adjective,4,very_common,Evaluative praise adjective,lexicographer,2026-09-10,1620,neutral,,general,evaluation,,,,,,,,,,,predicative/attributive|fantastisch aussehen|fantastisches Buch,großartig|wunderbar,furchtbar|schrecklich,furchtbar|schrecklich,Goethe-Zertifikat A2 Wortliste,,reviewed
1137,vocabulary,fast,nearly or not quite,almost / nearly,Der Film ist fast zu Ende.,The movie is almost over.,A2,adverb,5,essential,Degree approximation adverb,lexicographer,2026-09-10,160,neutral,,general,degree,,,,,,,,,,,Gradadverb|fast alles|fast fertig|fast nie,beinahe|nahezu,vollständig|ganz,völlig|ganz,Goethe-Zertifikat A2 Wortliste,,reviewed
1138,vocabulary,faul,unwilling to exert effort or work,lazy,Heute sind wir faul: Wir machen keine Hausaufgaben.,Today we are lazy: we aren't doing any homework.,A2,adjective,4,very_common,Personal habit and character adjective,lexicographer,2026-09-10,1580,neutral,,character,work,,,,,,,,,,,predicative/attributive|faul sein|fauler Tag,träge|arbeitsscheu,fleißig|aktiv,fleißig|frisch,Goethe-Zertifikat A2 Wortliste,,reviewed
1139,vocabulary,Feier,social celebration or festivity,celebration / party,Die Feier war sehr schön.,The celebration was very nice.,A2,noun,4,very_common,Festivities and social life noun,lexicographer,2026-09-10,1280,neutral,,social,leisure,die,Feiern,Feier,,,,,,,,Geburtstagsfeier|Feier organisieren,Fest|Party,,,Goethe-Zertifikat A2 Wortliste,,reviewed
1140,vocabulary,Feiertag,public or religious day off work,public holiday,Am ersten Mai ist ein Feiertag.,The first of May is a public holiday.,A2,noun,4,very_common,Calendar and holidays noun,lexicographer,2026-09-10,1450,neutral,,calendar,time,der,Feiertage,Feiertags;Feiertages,,,,,,,,gesetzlicher Feiertag|schöner Feiertag,Festtag,Arbeitstag|Werktag,Werktag|Arbeitstag,Goethe-Zertifikat A2 Wortliste,,reviewed
1141,vocabulary,Fenster,opening in a wall fitted with glass,window,Kannst du bitte das Fenster öffnen?,Can you please open the window?,A2,noun,5,essential,Household and architecture noun,lexicographer,2026-09-10,480,neutral,,housing,architecture,das,Fenster,Fensters,,,,,,,,Fenster aufmachen|Fenster zumachen,aus dem Fenster schauen,Luke|Scheibe,,Goethe-Zertifikat A2 Wortliste,,reviewed
1142,vocabulary,Ferien,school holidays or vacation period,holidays / vacation,Bald haben wir Ferien.,Soon we have vacation.,A2,noun,4,very_common,School and vacation calendar noun,lexicographer,2026-09-10,980,neutral,,education,leisure|gender:plural,,Ferien,-,,,,,,,,in den Ferien wegfahren|schöne Ferien,Sommerferien|Schulferien,Urlaub,,Goethe-Zertifikat A2 Wortliste,,reviewed
1143,vocabulary,Fernseher,device for receiving television broadcasts,television set / TV,Der Fernseher ist kaputt.,The TV is broken.,A2,noun,4,very_common,Home appliances and media noun,lexicographer,2026-09-10,1450,neutral,,household|media,devices,der,Fernseher,Fernsehers,,,,,,,,den Fernseher anmachen|vor dem Fernseher sitzen,Fernsehgerät|TV-Gerät,,,Goethe-Zertifikat A2 Wortliste,,reviewed
1144,phrase,fertig sein,to be completed or prepared,to be finished / ready,Das Essen ist gleich fertig.,The food is almost ready.,A2,phrase,5,essential,Completion state predicate,lexicographer,2026-09-10,320,neutral,,general,state,,,,,,,,,,,Prädikatsausdruck,mit der Arbeit fertig sein|bist du fertig,bereit|abgeschlossen,unfertig,Goethe-Zertifikat A2 Wortliste,,reviewed
1145,vocabulary,Fest,celebratory social gathering or festival,celebration / party / festival,Am Wochenende feiern wir ein Fest.,At the weekend we are celebrating a party.,A2,noun,4,very_common,Social gatherings and holidays noun,lexicographer,2026-09-10,890,neutral,,social,festivities,das,Feste,Fests;Festes,,,,,,,,Frohes Fest|ein Fest feiern,Geburtstagsfest|Stadtfest,Feier|Festival,Alltag,Goethe-Zertifikat A2 Wortliste,,reviewed
1146,vocabulary,Festival,large public event with music or films,festival,Am Wochenende ist in der Stadt ein Musik-Festival.,At the weekend there is a music festival in the city.,A2,noun,4,very_common,Culture and events noun,lexicographer,2026-09-10,1320,neutral,,culture,events,das,Festivals,Festivals,,,,,,,,auf ein Festival gehen|Musik-Festival,Filmfestival,,,Goethe-Zertifikat A2 Wortliste,,reviewed
1147,vocabulary,fett,containing a large amount of fat or grease,fatty / greasy,Die Wurst ist mir zu fett.,The sausage is too fatty for me.,A2,adjective,4,very_common,Diet and nutrition adjective,lexicographer,2026-09-10,1280,neutral,,food,nutrition,,,,,,,,,,,predicative/attributive|zu fettig sein|fettes Essen,fettig|ölig,mager,mager|dünn,Goethe-Zertifikat A2 Wortliste,,reviewed
1148,phrase,fit sein,to be physically sound and active,to be fit,Tom will fit sein.,Tom wants to be fit.,A2,phrase,4,very_common,Health and lifestyle predicate,lexicographer,2026-09-10,1250,neutral,,health,lifestyle,,,,,,,,,,,Prädikatsausdruck,körperlich fit sein|sich fit halten,gesund|leistungsfähig,träge|unbeweglich,Goethe-Zertifikat A2 Wortliste,,reviewed
1149,vocabulary,fleißig,hardworking and conscientious,diligent / hardworking,Ibrahim ist sehr fleißig.,Ibrahim is very hardworking.,A2,adjective,4,very_common,Character and work habit adjective,lexicographer,2026-09-10,1450,neutral,,work|school,character,,,,,,,,,,,predicative/attributive|sehr fleißig|fleißig lernen,arbeitsam|emsig,faul,faul|träge,Goethe-Zertifikat A2 Wortliste,,reviewed
1150,vocabulary,Flohmarkt,street market selling second-hand goods,flea market,Ich gehe gern auf den Flohmarkt.,I like going to the flea market.,A2,noun,3,common,Shopping and second-hand culture noun,lexicographer,2026-09-10,2650,neutral,,shopping,market,der,Flohmärkte,Flohmarkts;Flohmarktes,,,,,,,,auf den Flohmarkt gehen|auf dem Flohmarkt kaufen,Trödelmarkt,,,Goethe-Zertifikat A2 Wortliste,,reviewed
1151,vocabulary,Flug,journey made through the air,flight,Ich möchte einen Flug nach Kanada buchen.,I would like to book a flight to Canada.,A2,noun,4,very_common,Travel and aviation noun,lexicographer,2026-09-10,1350,neutral,,travel,transport,der,Flüge,Flugs;Fluges,,,,,,,,einen Flug buchen|Flug hat Verspätung,Direktflug|Inlandsflug,Flugreise,,Goethe-Zertifikat A2 Wortliste,,reviewed
1152,vocabulary,Fluss,large natural stream of water flowing to the sea,river,Der Rhein ist ein großer Fluss.,The Rhine is a large river.,A2,noun,4,very_common,Geography and nature noun,lexicographer,2026-09-10,810,neutral,,geography,nature,der,Flüsse,Flusses,,,,,,,,am Fluss spazieren gehen|breiter Fluss,Strom|Wasserlauf,,,Goethe-Zertifikat A2 Wortliste,,reviewed
1153,vocabulary,Fotoapparat,portable device for capturing photographs,camera,Ich möchte mir einen Fotoapparat kaufen.,I would like to buy a camera.,A2,noun,3,common,Photography technology noun,lexicographer,2026-09-10,2950,neutral,,technology,photography,der,Fotoapparate,Fotoapparats;Fotoapparates,,,,,,,,Fotoapparat mitnehmen|neuer Fotoapparat,Kamera,,,Goethe-Zertifikat A2 Wortliste,,reviewed
1154,vocabulary,fotografieren,to capture images using a camera,to take photos / photograph,Ich fotografiere gern.,I like taking photos.,A2,verb,4,very_common,Hobbies and media verb,lexicographer,2026-09-10,1450,neutral,,leisure|media,photography,,,,false,false,haben,fotografiert,fotografierte,fotografiert,Akk,Landschaften fotografieren|gern fotografieren,Fotos machen|ablichten,,,,,reviewed
1155,vocabulary,Franke,official monetary currency of Switzerland,franc (Swiss franc),1 Franke hat 100 Rappen.,One franc has 100 rappen.,A2,noun,4,very_common,Swiss monetary currency noun,lexicographer,2026-09-10,950,neutral,,finances|shopping,currency,der,Franken,Franken,,,,,,,,Schweizer Franken|zwanzig Franken bezahlen,CHF,,,Goethe-Zertifikat A2 Wortliste,,reviewed
1156,vocabulary,Französisch,the French language or school subject,French (subject / language),Ich spreche ein bisschen Französisch.,I speak a little French.,A2,noun,4,very_common,School language subject and speech noun,lexicographer,2026-09-10,480,neutral,,school|linguistics,language,das,-,Französischs,,,,,,,,Französischunterricht|auf Französisch,französische Sprache,,,Goethe-Zertifikat A2 Wortliste,,reviewed
1157,vocabulary,freitags,on Fridays as a recurring occurrence,on Fridays,Wir treffen uns immer freitags.,We always meet on Fridays.,A2,adverb,4,very_common,Weekly recurring schedule adverb,lexicographer,2026-09-10,920,neutral,,time,frequency,,,,,,,,,,,temporales Adverb,jeden Freitag|freitags frei,am Freitag,,Goethe-Zertifikat A2 Wortliste,,reviewed
1158,vocabulary,freiwillig,done by personal choice without compulsion,voluntary / voluntarily,Manchmal bleibe ich freiwillig länger im Büro.,Sometimes I stay in the office longer voluntarily.,A2,adjective,4,very_common,Choice and civic engagement adjective/adverb,lexicographer,2026-09-10,1450,neutral,,general|work,attitude,,,,,,,,,,,adverbial/attributive|freiwillig melden|freiwillige Arbeit,aus freien Stücken,gezwungen|unfreiwillig,gezwungen|unfreiwillig,Goethe-Zertifikat A2 Wortliste,,reviewed
1159,vocabulary,freundlich,kind,polite,"or pleasant, friendly / kind, Er ist immer sehr freundlich zu mir.",He is always very friendly to me.,A2,adjective,4,very_common,Interpersonal courtesy adjective,lexicographer,2026-09-10,780,neutral,,character|correspondence,politeness,,,,,,,,,,,predicative/attributive|freundlicher Gruß|freundlich lächeln,herzlich|nett|liebenswürdig,unfreundlich|abweisend,unfreundlich|abweisend,Goethe-Zertifikat A2 Wortliste,,reviewed
1160,vocabulary,frisch,recently made,gathered,"or not stale, fresh, Das Brot ist noch ganz frisch.",The bread is still completely fresh.,A2,adjective,4,very_common,Food;air;and conditions adjective,lexicographer,2026-09-10,720,neutral,,food|nature,condition,,,,,,,,,,,predicative/attributive,frisches Brot|frische Luft|frisches Handtuch,neu|unverbraucht,alt|verdorben,,,reviewed
1161,vocabulary,Friseur,craftsman who cuts,styles,"and grooms hair, hairdresser / barber, Morgen habe ich einen Termin beim Friseur.",Tomorrow I have an appointment at the hairdresser.,A2,noun,4,very_common,Personal grooming services and profession noun,lexicographer,2026-09-10,1450,neutral,,services|work,professions,der,Friseure,Friseurs,,,,,,,,zum Friseur gehen|Haare beim Friseur schneiden,Haarschneider|Coiffeur,,,Goethe-Zertifikat A2 Wortliste,,reviewed
1162,vocabulary,Friseurin,female professional cutting and styling hair,hairdresser (female),Die Friseurin schneidet meine Haare.,The hairdresser cuts my hair.,A2,noun,4,very_common,Personal grooming services and profession noun,lexicographer,2026-09-10,1950,neutral,,services|work,professions,die,Friseurinnen,Friseurin,,,,,,,,eine gute Friseurin,Haarschneiderin|Coiffeuse,,,Goethe-Zertifikat A2 Wortliste,,reviewed
1163,vocabulary,froh,feeling or manifesting delight or relief,glad / happy,"Ich bin froh, dass du kommen kannst.",I am glad that you can come.,A2,adjective,4,very_common,Emotional relief and festive greeting adjective,lexicographer,2026-09-10,750,neutral,,psychology,feelings,,,,,,,,,,,predicative/attributive|froh sein über|Frohes Fest,erleichtert|erfreut,traurig|betrübt,traurig|bekümmert,Goethe-Zertifikat A2 Wortliste,,reviewed
1164,vocabulary,früh,at an early time or stage,early,Ich muss morgen sehr früh aufstehen.,I have to get up very early tomorrow.,A2,adjective,5,essential,Temporal adjective and adverb,lexicographer,2026-09-10,380,neutral,,time,schedule,,,,,,,,,,,predicative/adverbial|sehr früh|zu früh kommen,zeitwert|morgendlich,spät,spät,Goethe-Zertifikat A2 Wortliste,,reviewed
1165,vocabulary,fühlen,to experience physical or emotional sensation,to feel (reflexive),Wie fühlen Sie sich?,How do you feel?,A2,verb,4,very_common,Personal physical and mental state verb,lexicographer,2026-09-10,420,neutral,,health|psychology,feelings,,,,true,false,haben,fühlt,fühlte,gefühlt,-,sich nicht gut fühlen | sich krank fühlen | sich gut/schlecht fühlen,empfinden|verspüren,,,,,reviewed
1166,vocabulary,Führerschein,official driving permit document,driver's license,Sie hat die Führerscheinprüfung bestanden.,She passed the driver's license test.,A2,noun,4,very_common,Transport and legal documentation noun,lexicographer,2026-09-10,1850,neutral,,transport,documents,der,Führerscheine,Führerscheins,,,,,,,,den Führerschein machen|Führerschein haben,Fahrerlaubnis,,,Goethe-Zertifikat A2 Wortliste,,reviewed
1167,vocabulary,Fundsachen,lost items awaiting reclamation,lost property,Sie können dort bei den Fundsachen schauen.,You can look over there in lost property.,A2,noun,3,common,Transit and service bureau noun,lexicographer,2026-09-10,3400,neutral,,public_space,services|gender:plural,,Fundsachen,-,,,,,,,,Fundsachen abholen|Fundbüro,Verlorenes,,,Goethe-Zertifikat A2 Wortliste,,reviewed
1168,vocabulary,furchtbar,terrible,awful,"or extremely severe, terrible / awful / dreadfully, Er hat furchtbare Schmerzen.",He has terrible pain.,A2,adjective,4,very_common,Evaluative and emotional intensity adjective,lexicographer,2026-09-10,1180,neutral,,general,evaluation,,,,,,,,,,,predicative/attributive/adverbial|furchtbar aussehen|furchtbare Schmerzen,schrecklich|entsetzlich,wunderbar|herrlich,angenehm|herrlich,Goethe-Zertifikat A2 Wortliste,,reviewed
1169,vocabulary,Gabel,eating utensil with prongs,fork,Kann ich bitte eine Gabel haben?,Can I please have a fork?,A2,noun,4,very_common,Dining utensils and kitchen noun,lexicographer,2026-09-10,2150,neutral,,food,cutlery,die,Gabeln,Gabel,,,,,,,,Messer und Gabel|Gabel und Löffel,Essbesteck,,Löffel,Goethe-Zertifikat A2 Wortliste,,reviewed
1170,vocabulary,ganz,complete / whole / completely / entirely,whole / complete / quite,Morgen haben wir den ganzen Tag Schule.,Tomorrow we have school the whole day.,A2,adjective,5,essential,Universal intensifier and totality adjective,lexicographer,2026-09-10,65,neutral,,general,degree,,,,,,,,,,,attributive/adverbial/predicative|ganzer Tag|ganz sicher|ganz nett,vollständig|völlig,teilweise,teilweise|kaputt,Goethe-Zertifikat A2 Wortliste,,reviewed
1171,vocabulary,Garage,shelter or building for storing a motor vehicle,garage,Hier ist eine Garage für dein Auto.,Here is a garage for your car.,A2,noun,4,very_common,Housing and vehicle parking noun,lexicographer,2026-09-10,1850,neutral,,housing,vehicles,die,Garagen,Garage,,,,,,,,das Auto in die Garage stellen|Garage mieten,Einstellplatz|Autounterstand,,,Goethe-Zertifikat A2 Wortliste,,reviewed
1173,vocabulary,geehrt-,respected / esteemed (salutation),esteemed / honored / dear,"Sehr geehrte Damen und Herren, , Dear Ladies and Gentlemen",,A2,adjective,4,very_common,Formal written correspondence salutation,lexicographer,2026-09-10,680,formal,,correspondence,politeness,,,,,,,,,,,nur attributiv,sehr geehrte Damen und Herren|sehr geehrter Herr,geschätzt|verehrt,,Goethe-Zertifikat A2 Wortliste,,reviewed
1174,vocabulary,gefährlich,involving or causing danger,dangerous / hazardous,Du darfst nicht bei Rot über die Straße gehen. Das ist gefährlich.,You mustn't cross the street on red. That is dangerous.,A2,adjective,4,very_common,Safety and risk descriptor,lexicographer,2026-09-10,890,neutral,,safety,danger,,,,,,,,,,,predicative/attributive|sehr gefährlich|gefährliche Situation,riskant|bedrohlich,sicher|ungefährlich,sicher|harmlos,Goethe-Zertifikat A2 Wortliste,,reviewed
1175,vocabulary,Gegenteil,thing that is completely opposite,opposite / contrary,Das Gegenteil von klein ist groß.,The opposite of small is large.,A2,noun,4,very_common,Linguistic and conceptual comparison noun,lexicographer,2026-09-10,1210,neutral,,general,linguistics,das,Gegenteile,Gegenteils;Gegenteiles,,,,,,,,im Gegenteil|das genaue Gegenteil,Kontrast|Antonym,Synonym,Synonym,Goethe-Zertifikat A2 Wortliste,,reviewed
1176,vocabulary,gegenüber,directly across from,opposite / across from,Die Post ist gegenüber vom Bahnhof.,The post office is opposite the train station.,A2,preposition,4,very_common,Spatial orientation preposition/adverb,lexicographer,2026-09-10,480,neutral,,directions,location,,,,,,,,,,gegenüber + Dat.,schräg gegenüber | gleich gegenüber | gegenüber von,vis-à-vis,,,Goethe-Zertifikat A2 Wortliste,,reviewed
1177,vocabulary,Gehalt,fixed regular payment for work,salary,Sie ist mit ihrem Gehalt zufrieden.,She is satisfied with her salary.,A2,noun,4,very_common,Employment and finance noun,lexicographer,2026-09-10,1150,neutral,,work,finances,das,Gehälter,Gehalts;Gehaltes,,,,,,,,hohes Gehalt|Gehalt bekommen,Monatsgehalt|Verdienst|Lohn,,,Goethe-Zertifikat A2 Wortliste,,reviewed
1178,vocabulary,Geldbörse,small pocket pouch for coins and cards,wallet / purse,Sie hat ihre Geldbörse verloren.,She lost her purse.,A2,noun,3,common,Personal accessories and finance noun,lexicographer,2026-09-10,2850,neutral,,finances,accessories,die,Geldbörsen,Geldbörse,,,,,,,,Geldbörse verlieren|Geld in der Geldbörse,Portemonnaie|Geldbeutel,,,Goethe-Zertifikat A2 Wortliste,,reviewed
1179,vocabulary,genau,accurate,precise,"or exactly so, exact / accurate / exactly, Ja, das weiß ich genau., Yes",I know that exactly.,A2,adjective,5,essential,Precision and agreement adjective/adverb,lexicographer,2026-09-10,280,neutral,,general,precision,,,,,,,,,,,predicative/attributive/adverbial|genau acht Uhr|genau wissen|ganz genau,exakt|präzise,ungefähr|ungenau,ungenau|vage,Goethe-Zertifikat A2 Wortliste,,reviewed
1180,vocabulary,genug,as much or as many as required,enough / sufficient,Es ist noch genug Pizza da.,There is still enough pizza left.,A2,adverb,5,essential,Sufficiency quantifier and modifier,lexicographer,2026-09-10,310,neutral,,general,quantity,,,,,,,,,,,Gradadverb / unbestimmtes Pronomen|genug Zeit|nicht genug verdienen,ausreichend|genügend,zu wenig,zu wenig|unzureichend,Goethe-Zertifikat A2 Wortliste,,reviewed
1181,vocabulary,Geografie,school subject studying earth's landscapes/places,geography,Wir lernen die Länder in Geografie.,We learn about countries in geography.,A2,noun,4,very_common,School subjects and geography noun,lexicographer,2026-09-10,1450,neutral,,school|geography,education,die,-,Geografie,,,,,,,,Geografie und Geschichte|Erdkunde,Erdkunde|Geographie,,,Goethe-Zertifikat A2 Wortliste,,reviewed
1182,vocabulary,Gerät,piece of mechanical or electrical equipment,device / appliance,Elektrogeräte finden Sie im dritten Stock.,Electrical appliances can be found on the third floor.,A2,noun,4,very_common,Technology and household items noun,lexicographer,2026-09-10,950,neutral,,technology,devices,das,Geräte,Geräts;Gerätes,,,,,,,,elektrisches Gerät|Gerät einschalten,Apparat|Utensil,,,Goethe-Zertifikat A2 Wortliste,,reviewed
1183,vocabulary,Gericht,prepared item of food / law court,dish (food) / court,Mein Lieblingsgericht ist Pizza.,My favorite dish is pizza.,A2,noun,4,very_common,Gastronomy and institutional noun,lexicographer,2026-09-10,810,neutral,,food,gastronomy,das,Gerichte,Gerichts;Gerichtes,,,,,,,,Lieblingsgericht|warmes Gericht,Speise|Mahlzeit,,,Goethe-Zertifikat A2 Wortliste,,reviewed
1184,vocabulary,Geschichte,narrative tale or past historical events,story / history,Erzählst du mir eine Geschichte?,Will you tell me a story?,A2,noun,5,essential,Narrative culture and school subject noun,lexicographer,2026-09-10,260,neutral,,culture|school,storytelling,die,Geschichten,Geschichte,,,,,,,,eine Geschichte erzählen|Noten in Geschichte,Erzählung|Historie,,,Goethe-Zertifikat A2 Wortliste,,reviewed
1185,vocabulary,Geschichte,school subject studying past human events,history (school subject),Paul hat gute Noten in Geschichte.,Paul has good grades in history.,A2,noun,5,essential,School subjects and historical study noun,lexicographer,2026-09-10,210,neutral,,school,education,die,-,Geschichte,,,,,,,,Geschichtsunterricht|Lehrer für Geschichte,Historie,,,Goethe-Zertifikat A2 Wortliste,,reviewed
1186,vocabulary,geschieden,legally dissolved in marriage by court divorce,divorced,Er ist seit zwei Jahren geschieden.,He has been divorced for two years.,A2,adjective,4,very_common,Civil status and marital history adjective,lexicographer,2026-09-10,1180,neutral,,forms|family,status,,,,,,,,,,,nur prädikativ|geschieden sein|sich scheiden lassen,entheiratet,verheiratet,verheiratet,Goethe-Zertifikat A2 Wortliste,,reviewed
1187,vocabulary,Geschirr,eating and cooking vessels collectively,dishes / tableware / crockery,Stellst du bitte das Geschirr in den Schrank?,Will you please put the dishes in the cupboard?,A2,noun,4,very_common,Domestic kitchenware noun,lexicographer,2026-09-10,2100,neutral,,household,kitchen,das,-,Geschirrs;Geschirres,,,,,,,,Geschirr spülen|sauberes Geschirr,Gedeck|Tafelgeschirr,,,Goethe-Zertifikat A2 Wortliste,,reviewed
1188,vocabulary,Gesicht,front of the head from forehead to chin,face,Wasch dir bitte das Gesicht.,Please wash your face.,A2,noun,5,essential,Human anatomy and appearance noun,lexicographer,2026-09-10,410,neutral,,body,appearance,das,Gesichter,Gesichts;Gesichtes,,,,,,,,freundliches Gesicht|das Gesicht waschen,Antlitz|Miene,,,Goethe-Zertifikat A2 Wortliste,,reviewed
1189,vocabulary,gesund,free from illness / conducive to health,healthy / sound,Jetzt bin ich wieder gesund.,Now I am healthy again.,A2,adjective,5,essential,Physical health and wellness adjective,lexicographer,2026-09-10,680,neutral,,health,lifestyle,,,,,,,,,,,predicative/attributive|wieder gesund sein|gesundes Essen,fit|wohlauf,krank,krank|ungesund,Goethe-Zertifikat A2 Wortliste,,reviewed
1190,vocabulary,Gesundheit,state of physical well-being / blessing sneeze,health / bless you,Gesundheit! Sind Sie erkältet?,Bless you! Do you have a cold?,A2,noun,4,very_common,Healthcare and social response noun,lexicographer,2026-09-10,810,neutral,,health,welfare,die,-,Gesundheit,,,,,,,,Gesundheit wünschen|schädlich für die Gesundheit,Wohlbefinden,Krankheit,Krankheit,Goethe-Zertifikat A2 Wortliste,,reviewed
1191,vocabulary,getrennt,living separately from marriage partner,separated (marital),Wir leben getrennt.,We live separated.,A2,adjective,4,very_common,Marital status and interpersonal separation adjective/adverb,lexicographer,2026-09-10,680,neutral,,family|forms,status,,,,,,,,,,,predicative/adverbial,getrennt leben|getrennt zahlen,auseinander|separat,zusammen|vereint,Goethe-Zertifikat A2 Wortliste,,reviewed
1192,vocabulary,Gewitter,violent weather event with thunder and lightning,thunderstorm,"Ich glaube, es gibt heute ein Gewitter.",I think there is a thunderstorm today.,A2,noun,3,common,Weather and atmospheric phenomena noun,lexicographer,2026-09-10,2250,neutral,,weather,nature,das,Gewitter,Gewitters,,,,,,,,ein Gewitter aufziehen|schweres Gewitter,Unwetter|Donnerwetter,,,Goethe-Zertifikat A2 Wortliste,,reviewed
1193,vocabulary,Gitarre,stringed musical instrument,guitar,Er kann gut Gitarre spielen.,He can play guitar well.,A2,noun,4,very_common,Music;arts;and hobbies noun,lexicographer,2026-09-10,1750,neutral,,music,instruments,die,Gitarren,Gitarre,,,,,,,,Gitarre spielen|Gitarrenkurs,Zupfinstrument,,,Goethe-Zertifikat A2 Wortliste,,reviewed
1194,vocabulary,gleich,without delay / identical in value or stature,right away / shortly / same,Ich komme gleich.,I'm coming right away.,A2,adverb,5,essential,Temporal immediacy and identity modifier,lexicographer,2026-09-10,130,neutral,,time|general,immediacy,,,,,,,,,,,adverbial/predicative,gleich kommen|gleich alt|gleich fertig,sofort|identisch,ungleich|später,Goethe-Zertifikat A2 Wortliste,,reviewed
1195,vocabulary,Grad Celsius,metric unit of temperature on Celsius scale,degrees Celsius,Heute sind es 10 Grad Celsius.,Today it is 10 degrees Celsius.,A2,noun,4,very_common,Weather and thermal measurement noun,lexicographer,2026-09-10,780,neutral,,weather|measures,temperature,das,Grad,Grad,,,,,,,,10 Grad Celsius|25 Grad warm,Temperaturmaß|Celsius-Skala,,,Goethe-Zertifikat A2 Wortliste,,reviewed
1196,vocabulary,Grippe,acute viral respiratory disease (influenza),flu / influenza,Ich habe eine Grippe und kann leider nicht kommen.,I have the flu and unfortunately cannot come.,A2,noun,4,very_common,Health and illness noun,lexicographer,2026-09-10,1850,neutral,,health,illness,die,-,Grippe,,,,,,,,Grippe haben|gegen Grippe,Influenza|Viruserkrankung,,,Goethe-Zertifikat A2 Wortliste,,reviewed
1197,phrase,gültig sein,to have legal or official validity,to be valid,Der Pass ist nicht mehr gültig.,The passport is no longer valid.,A2,phrase,4,very_common,Administrative and ticketing predicate,lexicographer,2026-09-10,1280,neutral,,administration,validity,,,,,,,,,,,Prädikatsausdruck,gültig sein bis|noch gültig sein,Geltung haben|rechtskräftig sein,abgelaufen sein|ungültig sein,Goethe-Zertifikat A2 Wortliste,,reviewed
1198,vocabulary,Hals,part of body connecting head to torso,neck / throat,Mir tut der Hals weh.,My throat hurts.,A2,noun,4,very_common,Human anatomy and health noun,lexicographer,2026-09-10,1180,neutral,,body,health,der,Hälse,Halses,,,,,,,,Halsschmerzen|in den Hals schauen,Kehle|Nacken,,,Goethe-Zertifikat A2 Wortliste,,reviewed
1199,vocabulary,Hamburger,patty served inside a sliced bread roll,hamburger / burger,"Einen Hamburger ohne Salat, bitte., A hamburger without lettuce",please.,A2,noun,3,common,Fast food and dining noun,lexicographer,2026-09-10,2950,neutral,,food,gastronomy,der,Hamburger,Hamburgers,,,,,,,,Hamburger essen|Hamburger bestellen,Burger,,,Goethe-Zertifikat A2 Wortliste,,reviewed
1200,vocabulary,Handtuch,absorbent cloth used for drying oneself,towel,Gibst du mir bitte ein frisches Handtuch?,Will you please give me a fresh towel?,A2,noun,4,very_common,Personal hygiene and household noun,lexicographer,2026-09-10,1950,neutral,,household,hygiene,das,Handtücher,Handtuchs;Handtüches,,,,,,,,frisches Handtuch|sich mit dem Handtuch abtrocknen,Badetuch|Frottiertuch,,,Goethe-Zertifikat A2 Wortliste,,reviewed
1201,vocabulary,Handwerker,skilled manual tradesperson,craftsman / tradesman,Wir brauchen einen Handwerker für die Reparatur.,We need a tradesman for the repair.,A2,noun,4,very_common,Skilled trade and domestic maintenance noun,lexicographer,2026-09-10,1180,neutral,,work,professions,der,Handwerker,Handwerkers,,,,,,,,Handwerker bestellen|geschickter Handwerker,Monteur|Facharbeiter,,Akademiker,Goethe-Zertifikat A2 Wortliste,,reviewed
1202,vocabulary,Handwerkerin,female skilled manual tradesperson,craftswoman / tradeswoman,Sie arbeitet als Handwerkerin.,She works as a tradeswoman.,A2,noun,3,common,Skilled trade and manual labor noun,lexicographer,2026-09-10,2850,neutral,,work,professions,die,Handwerkerinnen,Handwerkerin,,,,,,,,selbstständige Handwerkerin,Facharbeiterin,,,Goethe-Zertifikat A2 Wortliste,,reviewed
1203,vocabulary,hängen,to be suspended or affix suspended from wall,to hang,Im Museum hängen moderne Bilder.,Modern paintings are hanging in the museum.,A2,verb,4,very_common,Stative position and directional suspension verb,lexicographer,2026-09-10,480,neutral,,housing,position,,,,false,false,haben,hängt,hing/hängte,gehangen/gehängt,an + Dat. hängen | an + Akk. hängen,an der Wand hängen|Bild an die Wand hängen,aufhängen|baumeln,,,,,reviewed
1204,vocabulary,hart,firm,rigid,"or physically resistant, hard / firm / tough, Ich finde das Bett zu hart.",I find the bed too hard.,A2,adjective,4,very_common,Physical texture and comfort adjective,lexicographer,2026-09-10,610,neutral,,general,texture,,,,,,,,,,,predicative/attributive|ganz hart|hartes Brot|harte Arbeit,fest|starr,weich|zart,weich|leicht,Goethe-Zertifikat A2 Wortliste,,reviewed
1205,vocabulary,hässlich,unpleasant or displeasing to the eye,ugly / unattractive,Ich finde das Kleid hässlich.,I think the dress is ugly.,A2,adjective,4,very_common,Visual aesthetic evaluation adjective,lexicographer,2026-09-10,1650,neutral,,general,appearance,,,,,,,,,,,predicative/attributive|hässliches Kleid|hässlich finden,unschön|unansehnlich,schön|hübsch,schön|hübsch,Goethe-Zertifikat A2 Wortliste,,reviewed
1206,vocabulary,Hauptstadt,city serving as seat of national government,capital city,Berlin ist die Hauptstadt von Deutschland.,Berlin is the capital city of Germany.,A2,noun,4,very_common,Geography and political organization noun,lexicographer,2026-09-10,1180,neutral,,geography,city,die,Hauptstädte,Hauptstadt,,,,,,,,Hauptstadt von|in der Hauptstadt leben,Metropole|Regierungssitz,,,Goethe-Zertifikat A2 Wortliste,,reviewed
1207,vocabulary,Heft,small bound booklet of blank writing paper,notebook / exercise book,Hast du dein Heft dabei?,Do you have your notebook with you?,A2,noun,4,very_common,School stationery and study noun,lexicographer,2026-09-10,1650,neutral,,school,stationery,das,Hefte,Hefts;Heftes,,,,,,,,ins Heft schreiben|Schulheft,Notizheft|Kladde,,,Goethe-Zertifikat A2 Wortliste,,reviewed
1208,vocabulary,heiß,possessing a very high temperature,hot,"Vorsicht, der Tee ist heiß!, Caution",the tea is hot!,A2,adjective,5,essential,Temperature and climate adjective,lexicographer,2026-09-10,480,neutral,,weather|food,temperature,,,,,,,,,,,predicative/attributive|heißer Tee|mir ist heiß|heißes Wasser,kochend|sengend,kalt|kühl,kalt|kühl,Goethe-Zertifikat A2 Wortliste,,reviewed
1209,vocabulary,Heizung,system or appliance for warming indoors,heating / heater,Es ist kalt. Ist die Heizung kaputt?,It is cold. Is the heating broken?,A2,noun,4,very_common,Housing utilities and comfort noun,lexicographer,2026-09-10,1650,neutral,,housing,appliances,die,Heizungen,Heizung,,,,,,,,die Heizung anmachen|Heizung ist warm,Zentralheizung|Heizkörper,,Klimaanlage,Goethe-Zertifikat A2 Wortliste,,reviewed
1210,vocabulary,Hemd,man's collared upper-body buttoned garment,shirt,Nick trägt heute ein neues Hemd.,Nick is wearing a new shirt today.,A2,noun,4,very_common,Clothing and apparel noun,lexicographer,2026-09-10,1180,neutral,,clothing,attire,das,Hemden,Hemds;Hemdes,,,,,,,,ein Hemd anziehen|weißes Hemd,Herrenhemd|Oberhemd,,Bluse,Goethe-Zertifikat A2 Wortliste,,reviewed
1211,vocabulary,her,indicating motion towards the speaker,here / over here,Komm bitte mal her!,Please come over here!,A2,adverb,5,essential,Spatial directional deictic adverb/prefix,lexicographer,2026-09-10,190,neutral,,directions,movement,,,,,,,,,,,Direktionaladverb|komm her|woher kommen|hierher,hierher,hin|weg,hin|weg,Goethe-Zertifikat A2 Wortliste,,reviewed
1212,vocabulary,heraus,indicating motion from inside towards speaker,out / outside,Möchtet ihr nicht rauskommen?,Wouldn't you like to come outside?,A2,adverb,4,very_common,Spatial directional egress adverb,lexicographer,2026-09-10,480,neutral,,directions,movement,,,,,,,,,,,Direktionaladverb (Kurzform: raus),nach draußen|herauskommen|rausbringen,hinaus,herein|rein,Goethe-Zertifikat A2 Wortliste,,reviewed
1213,vocabulary,herein,indicating motion from outside toward speaker inside,come in / inside,Herein! Die Tür ist offen.,Come in! The door is open.,A2,adverb,4,very_common,Spatial invitation and entrance adverb,lexicographer,2026-09-10,680,neutral,,housing,movement,,,,,,,,,,,Direktionaladverb (Kurzform: rein),hereinkommen|hereinbitten,hinein,heraus|raus,Goethe-Zertifikat A2 Wortliste,,reviewed
1214,vocabulary,herstellen,to manufacture or produce goods industrially,to manufacture / produce,In unserer Firma stellen wir Möbel her.,In our company we produce furniture.,A2,verb,4,very_common,Manufacturing and economic production verb,lexicographer,2026-09-10,950,neutral,,work,industry,,,,false,true,haben,stellt her,stellte her,hergestellt,Akk,Waren herstellen|industriell herstellen,produzieren|fertigen,vernichten,,,,reviewed
1215,vocabulary,herunterladen,to transfer data from internet to device,to download,Er lädt die Musik aus dem Internet herunter.,He downloads music from the internet.,A2,verb,4,very_common,Digital media and computing action verb,lexicographer,2026-09-10,1650,neutral,,internet,technology,,,,false,true,haben,lädt herunter,lud herunter,heruntergeladen,aus + Dat. | Akk,Musik herunterladen|Datei herunterladen,downloaden,hochladen,,,,reviewed
1216,vocabulary,Himmel,vault of heaven or expanse above the earth,sky / heaven,Der Himmel ist blau und es gibt keine Wolken.,The sky is blue and there are no clouds.,A2,noun,4,very_common,Nature and meteorology noun,lexicographer,2026-09-10,480,neutral,,nature,weather,der,-,Himmels,,,,,,,,am Himmel|blauer Himmel,Firmament,Erde,,Goethe-Zertifikat A2 Wortliste,,reviewed
1217,vocabulary,hin,indicating motion away from speaker to target,there / away to,Wo gehst du hin?,Where are you going to?,A2,adverb,5,essential,Spatial directional centrifugal adverb/prefix,lexicographer,2026-09-10,180,neutral,,directions,movement,,,,,,,,,,,Direktionaladverb,wohin gehen|dorthin|hin und her,dahin,her,Goethe-Zertifikat A2 Wortliste,,reviewed
1218,vocabulary,hinter,at the back side of / behind,behind,Hinter dem Haus haben wir einen Garten.,Behind the house we have a garden.,A2,preposition,5,essential,Core two-way spatial preposition,lexicographer,2026-09-10,95,neutral,,directions,preposition,,,,,,,,,,hinter + Dat. | hinter + Akk.,hinter dem Haus|hinter die Tür,im Rücken von,vor,,Goethe-Zertifikat A2 Wortliste,,reviewed
1219,vocabulary,hoffen,to expect with confidence and desire,to hope,"Ich hoffe, dass es dir gut geht.",I hope that you are doing well.,A2,verb,5,essential,Core emotional and mental expectation verb,lexicographer,2026-09-10,310,neutral,,cognition,feelings,,,,false,false,haben,hofft,hoffte,gehofft,auf + Akk.,dass | hoffen,das Beste hoffen|hoffentlich,wünschen|zuversichtlich sein,befürchten|verzweifeln,,,reviewed
1220,vocabulary,hoffentlich,used to express a desired wish or outcome,hopefully,Hoffentlich hat unser Zug keine Verspätung.,Hopefully our train does not have a delay.,A2,adverb,4,very_common,Modal sentence adverb of expectation,lexicographer,2026-09-10,750,neutral,,general,modality,,,,,,,,,,,Satzadverb|hoffentlich nicht|hoffentlich klappt es,so Gott will,leider,leider,Goethe-Zertifikat A2 Wortliste,,reviewed
1221,vocabulary,Homepage,main website page or web portal,homepage / website,Auf der Homepage von Freiburg gibt es alle wichtigen Informationen.,On the Freiburg homepage there is all key information.,A2,noun,4,very_common,Digital media and internet noun,lexicographer,2026-09-10,1450,neutral,,internet,technology,die,Homepages,Homepage,,,,,,,,auf der Homepage|Homepage besuchen,Webseite|Internetseite,,,Goethe-Zertifikat A2 Wortliste,,reviewed
1222,vocabulary,Hose,two-legged outer garment covering waist to ankles,trousers / pants,Kann ich die Hose waschen?,Can I wash the trousers?,A2,noun,4,very_common,Clothing and apparel noun,lexicographer,2026-09-10,1180,neutral,,clothing,attire,die,Hosen,Hose,,,,,,,,Hose anziehen|Hose waschen,kurze Hose|lange Hose,Beinkleid,hose,Goethe-Zertifikat A2 Wortliste,,reviewed
1223,vocabulary,husten,to expel air from lungs with sudden sharp noise,to cough,Sie hustet seit zwei Tagen. Sie ist krank.,She has been coughing for two days. She is ill.,A2,verb,3,common,Symptom and health verb,lexicographer,2026-09-10,2150,neutral,,health,illness,,,,false,false,haben,hustet,hustete,gehustet,-,Husten haben | die ganze Nacht husten | stark husten | trocken husten,räuspern,,,,,reviewed
1224,vocabulary,ICE,abbreviation for Intercity-Express high-speed train,ICE (high-speed train),Der ICE hält an Gleis 12.,The ICE stops at platform 12.,A2,abbreviation,4,very_common,German rail high-speed transit noun,lexicographer,2026-09-10,950,neutral,,travel,transport,der,ICEs,ICEs,,,,,,,,mit dem ICE fahren|ICE nach Berlin,Intercity-Express|Schnellzug,,,Goethe-Zertifikat A2 Wortliste,,reviewed
1225,vocabulary,Idee,thought,plan,"or conceptual suggestion, idea, Hast du eine gute Idee?",Do you have a good idea?,A2,noun,5,essential,Cognitive and creative suggestions noun,lexicographer,2026-09-10,480,neutral,,cognition,thought,die,Ideen,Idee,,,,,,,,eine gute Idee haben|keine Idee,Einfall|Vorschlag|Gedanke,,,Goethe-Zertifikat A2 Wortliste,,reviewed
1226,phrase,in der Nacht,during the hours of darkness and sleep,at night / in the night,In der Nacht hat es geregnet.,In the night it rained.,A2,phrase,4,very_common,Diurnal nocturnal temporal phrase,lexicographer,2026-09-10,210,neutral,,time,schedule,,,,,,,,,,,temporale Phrase,mitten in der Nacht|spät in der Nacht,nachts|zur Nachtzeit,am Tag,Goethe-Zertifikat A2 Wortliste,,reviewed
1227,vocabulary,informieren,to gather facts or instruct oneself (reflexive),to inform oneself / gather information,Ich möchte mich vor der Reise über das Land informieren.,I would like to inform myself about the country before the trip.,A2,verb,4,very_common,Research and factual communication verb,lexicographer,2026-09-10,720,neutral,,communication,knowledge,,,,true,false,haben,informiert,informierte,informiert,Akk,sich genau informieren | rechtzeitig informieren | sich über + Akk. informieren,benachrichtigen|aufklären,,,,,reviewed
1228,vocabulary,Insel,piece of land surrounded entirely by water,island,Rügen ist die größte deutsche Insel.,Rügen is the largest German island.,A2,noun,4,very_common,Geography and travel noun,lexicographer,2026-09-10,1150,neutral,,geography,nature,die,Inseln,Insel,,,,,,,,auf einer Insel Urlaub machen|große Insel,Eiland,Festland,Festland,Goethe-Zertifikat A2 Wortliste,,reviewed
1229,vocabulary,Instrument,device used to produce musical sounds,musical instrument,Ich spiele Klavier. Spielen Sie auch ein Instrument?,I play piano. Do you play an instrument too?,A2,noun,4,very_common,Music;arts;and hobbies noun,lexicographer,2026-09-10,1210,neutral,,music,arts,das,Instrumente,Instruments;Instrumentes,,,,,,,,ein Instrument lernen|Instrument spielen,Musikinstrument|Werkzeug,,,Goethe-Zertifikat A2 Wortliste,,reviewed
1230,vocabulary,intelligent,having high mental capacity and quick intellect,intelligent / smart,Einstein war sehr intelligent.,Einstein was very intelligent.,A2,adjective,4,very_common,Cognitive character evaluation adjective,lexicographer,2026-09-10,1450,neutral,,character,cognition,,,,,,,,,,,predicative/attributive|sehr intelligent|intelligenter Mensch,klug|schlau|gescheit,dumm|töricht,dumm|unklug,Goethe-Zertifikat A2 Wortliste,,reviewed
1231,vocabulary,interessant,arousing curiosity or fascination,interesting,Ich lese gerade ein interessantes Buch.,I am reading an interesting book right now.,A2,adjective,5,essential,Core evaluative adjective,lexicographer,2026-09-10,380,neutral,,general,evaluation,,,,,,,,,,,predicative/attributive|sehr interessant|interessantes Thema,spannend|lesenswert,langweilig|unbedeutend,langweilig|öde,Goethe-Zertifikat A2 Wortliste,,reviewed
1232,vocabulary,interessieren,to hold attention or engage curiosity (reflexive),to be interested in,Ich interessiere mich für Fußball.,I am interested in football.,A2,verb,5,essential,Core preference and hobby verb,lexicographer,2026-09-10,490,neutral,,social,interests,,,,true,false,haben,interessiert,interessierte,interessiert,für + Akk. | Akk,sich für Sport interessieren|interessiert mich nicht,faszinieren|fesseln,langweilen,,,,reviewed
1233,vocabulary,Interview,meeting in which someone is asked questions,interview,Im Radio kommt ein Interview mit deinem Lieblingssänger.,On the radio there is an interview with your favorite singer.,A2,noun,4,very_common,Journalism and media noun,lexicographer,2026-09-10,850,neutral,,media,press,das,Interviews,Interviews,,,,,,,,ein Interview führen|Interview im Radio,Befragung|Gespräch,,,Goethe-Zertifikat A2 Wortliste,,reviewed
1234,vocabulary,Jeans,casual trousers made of denim,jeans,Ich mag Jeans lieber als Röcke.,I prefer jeans over skirts.,A2,noun,4,very_common,Casual fashion and clothing noun,lexicographer,2026-09-10,1650,neutral,,clothing,attire|gender:plural,,Jeans,-,,,,,,,,blaue Jeans|eine Jeans tragen,Denimhose|Nietenhose,,,Goethe-Zertifikat A2 Wortliste,,reviewed
1235,vocabulary,jeder,each individual member of a complete group,everyone / every / each,Das Restaurant hat jeden Tag geöffnet.,The restaurant is open every day.,A2,pronoun,5,essential,Universal distributive determiner/pronoun,lexicographer,2026-09-10,65,neutral,,general,determiner,,,,,,,,,,,Determinativ / Indefinitpronomen,jeder Tag|jedes Kind|jeder von uns,ein jeder|jedweder,keiner,Goethe-Zertifikat A2 Wortliste,,reviewed
1236,vocabulary,jemand,an unspecified or unknown person,someone / somebody,Hat jemand meinen Stift?,Does someone have my pen?,A2,pronoun,5,essential,Indefinite personal pronoun,lexicographer,2026-09-10,210,neutral,,people,pronoun,,,,,,,,,,,Indefinitpronomen,jemand da|hat jemand Zeit,irgendwer|einer,niemand,Goethe-Zertifikat A2 Wortliste,,reviewed
1237,vocabulary,joggen,to run at a gentle,steady pace for fitness,"to jog, Ich jogge gern im Park.",I like jogging in the park.,A2,verb,3,common,Sport;recreation;and fitness verb,lexicographer,2026-09-10,2450,neutral,,sports,fitness|auxiliary:sein/haben,,,,false,false,sein,joggt,joggte,gejoggt,,,im Park joggen|jeden Morgen joggen,laufen|Dauerlauf machen,,,,reviewed
1238,vocabulary,Journalist,person writing news reports for press or broadcast,journalist / reporter,Der Journalist interviewt den Bürgermeister.,The journalist is interviewing the mayor.,A2,noun,4,very_common,Media;press;and writing professions noun,lexicographer,2026-09-10,750,neutral,,media|work,professions,der,Journalisten,Journalisten,,,,,,,,als Journalist bei der Zeitung arbeiten,Reporter|Redakteur|Berichterstatter,,,Goethe-Zertifikat A2 Wortliste,,reviewed
1239,vocabulary,Journalistin,female news writer for press or media,journalist (female) / reporter,Sie arbeitet als Journalistin beim Fernsehen.,She works as a journalist in television.,A2,noun,4,very_common,Media;press;and writing professions noun,lexicographer,2026-09-10,1180,neutral,,media|work,professions,die,Journalistinnen,Journalistin,,,,,,,,bekannte Journalistin|Fernsehjournalistin,Reporterin|Redakteurin,,,Goethe-Zertifikat A2 Wortliste,,reviewed
1240,vocabulary,Jugendherberge,inexpensive supervised lodging for youths,youth hostel,Wir übernachten in einer Jugendherberge.,We are staying overnight in a youth hostel.,A2,noun,3,common,Budget travel and accommodation noun,lexicographer,2026-09-10,2850,neutral,,travel,accommodation,die,Jugendherbergen,Jugendherberge,,,,,,,,in der Jugendherberge schlafen,Hostel|Herberge,,,Goethe-Zertifikat A2 Wortliste,,reviewed
1241,vocabulary,Kalender,chart or booklet showing days/months/appointments,calendar / diary,Ich schreibe alle Termine in meinen Kalender.,I write all appointments in my calendar.,A2,noun,4,very_common,Time organization and planning noun,lexicographer,2026-09-10,1450,neutral,,time,organization,der,Kalender,Kalenders,,,,,,,,in den Kalender schauen|Terminkalender,Terminplaner|Wandkalender,,,Goethe-Zertifikat A2 Wortliste,,reviewed
1242,vocabulary,kalt,having a low temperature,cold,Heute ist es sehr kalt.,Today it is very cold.,A2,adjective,5,essential,Core climate and temperature adjective,lexicographer,2026-09-10,320,neutral,,weather|food,temperature,,,,,,,,,,,predicative/attributive|mir ist kalt|kalter Kaffee|sehr kalt draußen,frostig|eisig,warm|heiß,warm|heiß,Goethe-Zertifikat A2 Wortliste,,reviewed
1243,vocabulary,Kamera,optical apparatus for capturing visual images,camera,Hannes hat eine neue Kamera.,Hannes has a new camera.,A2,noun,4,very_common,Photography;video;and technology noun,lexicographer,2026-09-10,1150,neutral,,technology,photography,die,Kameras,Kamera,,,,,,,,Fotos mit der Kamera machen|neue Kamera,Fotoapparat|Videokamera,,,Goethe-Zertifikat A2 Wortliste,,reviewed
1244,vocabulary,Karneval,festive season preceding Lent with masquerades,carnival,Im Februar feiern viele Menschen Karneval.,In February many people celebrate carnival.,A2,noun,4,very_common,Holidays;folklore;and street celebrations noun,lexicographer,2026-09-10,1350,neutral,,social|culture,holidays,der,-,Karnevals,,,,,,,,Karneval feiern|Fasching|Karnevalskostüm,Fasching|Fastnacht|Fastelabend,,,Goethe-Zertifikat A2 Wortliste,,reviewed
1245,vocabulary,Käse,dairy solid food formed from milk curds,cheese,Isst du lieber Käse oder Wurst?,Do you prefer eating cheese or cold meat?,A2,noun,4,very_common,Daily food and grocery staple noun,lexicographer,2026-09-10,1450,neutral,,food,groceries,der,-,Käses,,,,,,,,ein Stück Käse|Käsebrötchen,Milchprodukt,,,Goethe-Zertifikat A2 Wortliste,,reviewed
1246,vocabulary,Katze,small domesticated carnivorous feline mammal,cat,Meine Tochter wünscht sich eine Katze.,My daughter wishes for a cat.,A2,noun,4,very_common,Pets and domestic fauna,lexicographer,2026-09-10,950,neutral,,nature,animals,die,Katzen,Katze,,,,,,,,Katze füttern|Katze streicheln,Hauskatze|Samtpfote,,,Goethe-Zertifikat A2 Wortliste,,reviewed
1247,vocabulary,Kauffrau,female professional in commerce and trade,businesswoman / commercial clerk,Sie arbeitet als Kauffrau.,She works as a commercial clerk.,A2,noun,4,very_common,Commerce and business administration professions noun,lexicographer,2026-09-10,1450,neutral,,commerce|work,professions,die,Kauffrauen,Kauffrau,,,,,,,,Kauffrau für Büromanagement|gelernte Kauffrau,Geschäftsfrau|Händlerin,Kaufmann,,Goethe-Zertifikat A2 Wortliste,,reviewed
1248,vocabulary,Kaufhaus,large retail store selling varied goods in sections,department store,Meine Pullover kaufe ich immer im Kaufhaus Hertie.,I always buy my sweaters at the Hertie department store.,A2,noun,4,very_common,Urban shopping and retail infrastructure,lexicographer,2026-09-10,1850,neutral,,shopping,buildings,das,Kaufhäuser,Kaufhauses;Kaufhäuser,,,,,,,,im Kaufhaus einkaufen|ins Kaufhaus gehen,Warenhaus,,,Goethe-Zertifikat A2 Wortliste,,reviewed
1249,vocabulary,Kaufmann,person trained in commercial enterprise/trade,merchant / businessman / commercial clerk,Er macht eine Ausbildung zum Kaufmann.,He is doing an apprenticeship to become a commercial clerk.,A2,noun,4,very_common,Commerce and business administration professions noun,lexicographer,2026-09-10,950,neutral,,commerce|work,professions,der,Kaufleute,Kaufmanns;Kaufmannes,,,,,,,,Kaufmann im Einzelhandel|Bankkaufmann,Händler|Geschäftsmann,Kauffrau,,Goethe-Zertifikat A2 Wortliste,,reviewed
1250,vocabulary,kein-,determiner negating an indefinite noun or mass entity,no / not any,Hast du keinen Hunger?,Aren't you hungry?,A2,pronoun,5,essential,Fundamental nominal negation determiner,lexicographer,2026-09-10,25,neutral,,grammar,negation,,,,,,,,,,,Negationsartikel,keine Zeit haben|kein Wort sprechen,gar kein|nicht ein,ein|irgendein,Goethe-Zertifikat A2 Wortliste,,reviewed
1251,vocabulary,Keller,subterranean room or storage space beneath a house,cellar / basement,Bitte bring die Kartoffeln in den Keller!,Please bring the potatoes to the cellar!,A2,noun,4,very_common,Housing architecture and storage noun,lexicographer,2026-09-10,1180,neutral,,housing,buildings,der,Keller,Kellers,,,,,,,,im Keller sein|in den Keller gehen,Untergeschoss|Souterrain,Dachboden|Dachgeschoss,Dachboden,Goethe-Zertifikat A2 Wortliste,,reviewed
1252,vocabulary,Kellner,person serving food and drinks in restaurants,waiter,Der Kellner bringt die Getränke.,The waiter brings the drinks.,A2,noun,4,very_common,Gastronomy service and restaurant professions noun,lexicographer,2026-09-10,1180,neutral,,gastronomy|work,professions,der,Kellner,Kellners,,,,,,,,den Kellner rufen|freundlicher Kellner,Ober|Servicekraft|Gastronomiefachmann,Kellnerin,,Goethe-Zertifikat A2 Wortliste,,reviewed
1253,vocabulary,Kellnerin,female person serving tables in a restaurant,waitress,Die Kellnerin bringt die Rechnung.,The waitress brings the bill.,A2,noun,4,very_common,Gastronomy service and hospitality professions noun,lexicographer,2026-09-10,1350,neutral,,gastronomy|work,professions,die,Kellnerinnen,Kellnerin,,,,,,,,als Kellnerin jobben|aufmerksame Kellnerin,Bedienung|Servicekraft,Kellner,,Goethe-Zertifikat A2 Wortliste,,reviewed
1254,vocabulary,Kenntnisse,acquired familiarity,facts,"or practical abilities, knowledge / skills, Deine Deutschkenntnisse sind sehr gut!",Your German skills are very good!,A2,noun,4,very_common,Education;language abilities;and career qualification noun,lexicographer,2026-09-10,890,neutral,,education|work,skills|gender:plural,,Kenntnisse,-,,,,,,,,Kenntnisse verbessern|Sprachkenntnisse haben,Wissen|Fertigkeiten|Qualifikationen,,,Goethe-Zertifikat A2 Wortliste,,reviewed
1255,vocabulary,Kette,interlinked metal loop jewelry worn around neck,chain / necklace,Meine Mutter bekommt eine schöne Kette zum Geburtstag.,My mother is getting a lovely necklace for her birthday.,A2,noun,4,very_common,Personal adornment and jewelry noun,lexicographer,2026-09-10,1350,neutral,,clothing,accessories,die,Ketten,Kette,,,,,,,,eine Kette tragen|goldene Kette,Halskette|Colliers,,,Goethe-Zertifikat A2 Wortliste,,reviewed
1256,vocabulary,Kirche,building constructed for Christian public worship,church,Diese Kirche ist fast 800 Jahre alt.,This church is almost 800 years old.,A2,noun,4,very_common,Religious architecture and community noun,lexicographer,2026-09-10,480,neutral,,religion,buildings,die,Kirchen,Kirche,,,,,,,,in die Kirche gehen|alte Kirche,Gotteshaus|Dom|Kathedrale,,,Goethe-Zertifikat A2 Wortliste,,reviewed
1257,vocabulary,klappen,to function as desired or proceed successfully,to work out / run smoothly,Das klappt.,That works out.,A2,verb,4,very_common,Informal success and scheduling verb,lexicographer,2026-09-10,950,informal,,communication,success,,,,false,false,haben,klappt,klappte,geklappt,mit + Dat.,es klappt gut|alles super geklappt,funktionieren|gelingen,misslingen|schiefgehen,,,,reviewed
1258,vocabulary,Klassenfahrt,multi-day excursion undertaken by a school class,school trip / class excursion,Die Schüler freuen sich auf die Klassenfahrt.,The pupils look forward to the school trip.,A2,noun,3,common,School trips and education leisure noun,lexicographer,2026-09-10,2100,neutral,,education|travel,events,die,Klassenfahrten,Klassenfahrt,,,,,,,,auf Klassenfahrt fahren|mehrtägige Klassenfahrt,Schulfahrt|Schulausflug,,,Goethe-Zertifikat A2 Wortliste,,reviewed
1259,vocabulary,Klavier,large acoustic keyboard musical instrument,piano,Jakob kann sehr gut Klavier spielen.,Jakob can play the piano very well.,A2,noun,4,very_common,Musical instrument and hobbies noun,lexicographer,2026-09-10,1750,neutral,,music,instruments,das,Klaviere,Klaviers;Klavieres,,,,,,,,Klavier spielen|Klavierunterricht nehmen,Piano|Flügel,,,Goethe-Zertifikat A2 Wortliste,,reviewed
1260,vocabulary,Kleid,one-piece outer garment for women covering torso/legs,dress,Julia möchte ein rotes Kleid kaufen.,Julia wants to buy a red dress.,A2,noun,4,very_common,Everyday fashion and women's clothing noun,lexicographer,2026-09-10,980,neutral,,clothing,attire,das,Kleider,Kleids;Kleides,,,,,,,,ein Kleid anziehen|schönes Kleid|buntes Kleid,Robe|Gewand,,,Goethe-Zertifikat A2 Wortliste,,reviewed
1261,vocabulary,klug,showing sound judgment,intelligence,"or quick wit, clever / smart / wise, Lisa ist sehr klug. Sie bekommt immer gute Noten.",Lisa is very smart. She always gets good grades.,A2,adjective,4,very_common,Cognitive character evaluation adjective,lexicographer,2026-09-10,1150,neutral,,character,cognition,,,,,,,,,,,predicative/attributive|kluges Mädchen|klug von dir,gescheit|schlau|intelligent,dumm|töricht,dumm|töricht,Goethe-Zertifikat A2 Wortliste,,reviewed
1262,vocabulary,Koch,person who prepares and cooks food professionally,cook / chef,Herr Georgi ist ein ausgezeichneter Koch.,Mr. Georgi is an excellent cook.,A2,noun,4,very_common,Culinary trade and gastronomy professions noun,lexicographer,2026-09-10,1150,neutral,,gastronomy|food,professions,der,Köche,Koches;Kochs,,,,,,,,als Koch im Restaurant arbeiten|Küchenchef,Chefkoch|Gastronomiekraft,Köchin,,Goethe-Zertifikat A2 Wortliste,,reviewed
1263,vocabulary,Köchin,female person who cooks food professionally,cook (female) / chef,Sie ist Köchin in einem Hotel.,She is a cook in a hotel.,A2,noun,4,very_common,Culinary trade and gastronomy professions noun,lexicographer,2026-09-10,1450,neutral,,gastronomy|food,professions,die,Köchinnen,Köchin,,,,,,,,gute Köchin|als Köchin arbeiten,Chefköchin,Koch,,Goethe-Zertifikat A2 Wortliste,,reviewed
1264,vocabulary,komisch,funny and amusing or strange and odd,funny / comical / strange,Der Film war sehr komisch. Wir haben viel gelacht.,The movie was very funny. We laughed a lot.,A2,adjective,4,very_common,Humor and perceptual oddity adjective,lexicographer,2026-09-10,810,neutral,,general,evaluation,,,,,,,,,,,predicative/attributive|komisch aussehen|komisch schmecken,lustig|witzig|seltsam|sonderbar,normal|ernst,normal|ernst,Goethe-Zertifikat A2 Wortliste,,reviewed
1265,vocabulary,Kontakt,state of communication or physical proximity,contact,Ich habe wenig Kontakt zu meinen Kollegen.,I have little contact with my colleagues.,A2,noun,4,very_common,Social interaction and communication noun,lexicographer,2026-09-10,650,neutral,,communication,social,der,Kontakte,Kontakts;Kontaktes,,,,,,,,Kontakt haben zu|Kontaktdaten schicken,Verbindung|Beziehung|Austausch,,Distanz,Goethe-Zertifikat A2 Wortliste,,reviewed
1266,vocabulary,kontrollieren,to inspect or verify correctness/order,to check / inspect / control,Können Sie bei meinem Auto bitte das Öl kontrollieren?,Could you please check the oil in my car?,A2,verb,4,very_common,Verification;inspection;and security verb,lexicographer,2026-09-10,950,neutral,,safety|work,verification,,,,false,false,haben,kontrolliert,kontrollierte,kontrolliert,,,etwas kontrollieren,Gepäck kontrollieren|Fahrscheine kontrollieren,überprüfen|nachsehen|prüfen,,,reviewed
1267,vocabulary,Konzert,public performance of vocal or instrumental music,concert,Für das Konzert am Sonntag gibt es noch Karten.,There are still tickets available for the concert on Sunday.,A2,noun,4,very_common,Music and cultural performance noun,lexicographer,2026-09-10,810,neutral,,music,entertainment,das,Konzerte,Konzerts;Konzertes,,,,,,,,Karten für das Konzert|ins Konzert gehen,Musikveranstaltung|Live-Auftritt,,,Goethe-Zertifikat A2 Wortliste,,reviewed
1268,vocabulary,Körper,entire physical organism of a human being,body,"Der Arzt sagt, ich muss etwas für meinen Körper tun.",The doctor says I need to do something for my body.,A2,noun,4,very_common,Human anatomy;fitness;and medical noun,lexicographer,2026-09-10,480,neutral,,body,health,der,Körper,Körpers,,,,,,,,den Körper pflegen|gesunder Körper,Leib|Physis,Geist|Seele,,Goethe-Zertifikat A2 Wortliste,,reviewed
1269,vocabulary,Kosmetik,substances prepared to enhance appearance/hygiene,cosmetics,Kosmetik können Sie im Erdgeschoss kaufen.,You can purchase cosmetics on the ground floor.,A2,noun,3,common,Retail beauty;hygiene;and body care noun,lexicographer,2026-09-10,2750,neutral,,shopping,beauty,die,-,Kosmetik,,,,,,,,Kosmetik kaufen|Abteilung für Kosmetik,Schönheitspflege|Kosmetikartikel,,,Goethe-Zertifikat A2 Wortliste,,reviewed
1270,vocabulary,kostenlos,available without any monetary payment,free of charge / gratis,Diese Zeitschrift kostet nichts. Sie ist kostenlos.,This magazine costs nothing. It is free of charge.,A2,adjective,4,very_common,Commercial pricing and offers adjective/adverb,lexicographer,2026-09-10,950,neutral,,shopping,price,,,,,,,,,,,predicative/attributive|kostenlos sein|kostenloser Service,gratis|umsonst|gebührenfrei,kostenpflichtig|teuer,kostenpflichtig|teuer,Goethe-Zertifikat A2 Wortliste,,reviewed
1271,vocabulary,Krankenhaus,institution providing medical and surgical treatment,hospital,Meine Tante ist im Krankenhaus.,My aunt is in the hospital.,A2,noun,4,very_common,Healthcare infrastructure noun,lexicographer,2026-09-10,750,neutral,,health,buildings,das,Krankenhäuser,Krankenhauses;Krankenhaus,,,,,,,,ins Krankenhaus bringen|im Krankenhaus liegen,Klinik|Spital,,,Goethe-Zertifikat A2 Wortliste,,reviewed
1272,vocabulary,Krankenkasse,health insurance provider organisation,health insurance fund,Bei welcher Krankenkasse sind Sie?,With which health insurance fund are you insured?,A2,noun,3,common,Public health administration and insurance noun,lexicographer,2026-09-10,2100,neutral,,health,administration,die,Krankenkassen,Krankenkasse,,,,,,,,Karte der Krankenkasse|gesetzliche Krankenkasse,Krankenversicherung,,,Goethe-Zertifikat A2 Wortliste,,reviewed
1273,vocabulary,Krankenpfleger,male nurse providing clinical care to patients,nurse (male),Ich möchte eine Ausbildung zum Krankenpfleger machen.,I would like to do training to become a male nurse.,A2,noun,4,very_common,Healthcare nursing and hospital professions noun,lexicographer,2026-09-10,1850,neutral,,health|work,professions,der,Krankenpfleger,Krankenpflegers,,,,,,,,im Krankenhaus als Krankenpfleger arbeiten,Pfleger|Krankenwärter,Krankenschwester,,Goethe-Zertifikat A2 Wortliste,,reviewed
1274,vocabulary,Krankenschwester,female clinical nurse in a hospital or clinic,nurse (female),Sie arbeitet als Krankenschwester im Krankenhaus.,She works as a nurse in a hospital.,A2,noun,4,very_common,Healthcare nursing and clinical professions noun,lexicographer,2026-09-10,1280,neutral,,health|work,professions,die,Krankenschwestern,Krankenschwester,,,,,,,,Krankenschwester rufen|Beruf der Krankenschwester,Pflegefachkraft|Krankenschwester,Krankenpfleger,,Goethe-Zertifikat A2 Wortliste,,reviewed
1275,vocabulary,Krankheit,disordered or abnormal state of health,illness / disease / sickness,Welche Krankheit hat Herr Brandner?,What illness does Mr. Brandner have?,A2,noun,4,very_common,Medical condition and health noun,lexicographer,2026-09-10,720,neutral,,health,illness,die,Krankheiten,Krankheit,,,,,,,,schwere Krankheit|gegen eine Krankheit kämpfen,Erkrankung|Leiden,Gesundheit,Gesundheit,Goethe-Zertifikat A2 Wortliste,,reviewed
1276,vocabulary,Kredit,money borrowed from a bank to be repaid,credit / loan,Ich brauche einen Kredit von der Bank.,I need a loan from the bank.,A2,noun,4,very_common,Banking;loans;and purchasing noun,lexicographer,2026-09-10,1180,neutral,,finances,banking,der,Kredite,Kredits;Kredites,,,,,,,,einen Kredit aufnehmen|mit Kreditkarte zahlen,Darlehen|Bankkredit,,,Goethe-Zertifikat A2 Wortliste,,reviewed
1277,vocabulary,Kreuzung,intersection where roads meet and cross,intersection / crossroads,Fahren Sie an der nächsten Kreuzung rechts.,Turn right at the next intersection.,A2,noun,4,very_common,Street navigation and traffic noun,lexicographer,2026-09-10,1650,neutral,,directions,transport,die,Kreuzungen,Kreuzung,,,,,,,,an der Kreuzung abbiegen|gefährliche Kreuzung,Straßenkreuzung|Schnittpunkt,,,Goethe-Zertifikat A2 Wortliste,,reviewed
1278,vocabulary,Krimi,fictional narrative dealing with crime and detection,detective story / crime thriller,Miriam liest gern spannende Krimis.,Miriam likes reading suspenseful crime thrillers.,A2,noun,4,very_common,Literature and television genre noun,lexicographer,2026-09-10,1450,neutral,,media,entertainment,der,Krimis,Krimis,,,,,,,,spannender Krimi|Krimi im Fernsehen sehen,Kriminalroman|Kriminalfilm,,,Goethe-Zertifikat A2 Wortliste,,reviewed
1279,vocabulary,kühl,moderately cold / pleasantly low in temperature,cool / chilly,Es ist kühl draußen. Zieh dir eine Jacke an.,It is cool outside. Put on a jacket.,A2,adjective,4,very_common,Weather;temperature;and climate adjective,lexicographer,2026-09-10,950,neutral,,weather,temperature,,,,,,,,,,,predicative/attributive,kühles Wetter|kühler Wind|kühles Getränk,frisch|mäßig kalt,warm|schwül,,,reviewed
1280,vocabulary,Kultur,arts and customs of human intellectual achievement,culture,Ich finde fremde Länder und Kulturen sehr interessant.,I find foreign countries and cultures very interesting.,A2,noun,4,very_common,Arts;history;and society noun,lexicographer,2026-09-10,480,neutral,,culture,society,die,Kulturen,Kultur,,,,,,,,Kultur und Tradition|sich für Kultur interessieren,Zivilisation|Brauchtum,,,Goethe-Zertifikat A2 Wortliste,,reviewed
1281,vocabulary,kündigen,to terminate an employment or rental contract,to quit / terminate / resign,Ich habe heute gekündigt.,I handed in my notice today.,A2,verb,4,very_common,Work;housing;and legal contractual verb,lexicographer,2026-09-10,880,neutral,,work|housing,administration,,,,false,false,haben,kündigt,kündigte,gekündigt,,,jemandem kündigen|Vertrag/Stelle kündigen,den Job kündigen|Wohnung kündigen,auflösen|beenden,,,reviewed
1282,vocabulary,Kunst,expression of human creative skill and imagination,art,Kunst war mein Lieblingsfach in der Schule.,Art was my favorite subject at school.,A2,noun,5,essential,Culture;creative arts;and school subject,lexicographer,2026-09-10,410,neutral,,culture|school,arts,die,Künste,Kunst,,,,,,,,moderne Kunst|Kunst studieren,Bildende Kunst|Kunstwerk,,,Goethe-Zertifikat A2 Wortliste,,reviewed
1283,vocabulary,Kunsterziehung,pedagogical visual art instruction at school,art education / art class,Freitags haben wir Kunsterziehung.,On Fridays we have art education.,A2,noun,3,common,School arts curriculum noun,lexicographer,2026-09-10,2450,neutral,,school|art,education,die,-,Kunsterziehung,,,,,,,,Unterricht in Kunsterziehung,Kunstunterricht|Kunst,,,Goethe-Zertifikat A2 Wortliste,,reviewed
1284,vocabulary,Künstler,person who creates works of fine art,artist,Picasso ist ein berühmter Künstler.,Picasso is a famous artist.,A2,noun,4,very_common,Creative fine arts;music;and painting professions noun,lexicographer,2026-09-10,650,neutral,,art|culture,professions,der,Künstler,Künstlers,,,,,,,,freischaffender Künstler|Maler und Künstler,Kulturschaffender|Meister,Künstlerin,,Goethe-Zertifikat A2 Wortliste,,reviewed
1285,vocabulary,Künstlerin,female creator of works of fine art,artist (female),Sie ist eine talentierte Künstlerin.,She is a talented artist.,A2,noun,4,very_common,Creative fine arts and culture professions noun,lexicographer,2026-09-10,950,neutral,,art|culture,professions,die,Künstlerinnen,Künstlerin,,,,,,,,Werke der Künstlerin|Ausstellung der Künstlerin,Malerin|Bildhauerin,Künstler,,Goethe-Zertifikat A2 Wortliste,,reviewed
1286,vocabulary,Lampe,device producing artificial light,lamp / light,Mach bitte die Lampe an.,Please turn on the lamp.,A2,noun,4,very_common,Domestic furnishings and lighting noun,lexicographer,2026-09-10,1210,neutral,,housing,appliances,die,Lampen,Lampe,,,,,,,,Lampe anmachen|Lampe ausmachen,Leuchte|Scheinwerfer,,,Goethe-Zertifikat A2 Wortliste,,reviewed
1287,vocabulary,Landschaft,visible natural features of an area of land,landscape / countryside,Die Landschaft ist sehr schön.,The landscape is very beautiful.,A2,noun,4,very_common,Nature;tourism;and environment noun,lexicographer,2026-09-10,950,neutral,,nature,geography,die,Landschaften,Landschaft,,,,,,,,schöne Landschaft|Landschaft genießen,Naturkulisse|Gegend,,,Goethe-Zertifikat A2 Wortliste,,reviewed
1288,vocabulary,langweilig,causing weariness or lack of interest,boring / dull,Mir ist langweilig.,I am bored.,A2,adjective,4,very_common,Subjective experience evaluation adjective,lexicographer,2026-09-10,1320,neutral,,general,evaluation,,,,,,,,,,,predicative/attributive|langweiliger Film|langweilig finden,öde|eintönig,spannend|aufregend|interessant,spannend|aufregend|interessant,Goethe-Zertifikat A2 Wortliste,,reviewed
1289,vocabulary,Laptop,portable microcomputer suitable for lap use,laptop,Ich brauche einen neuen Laptop.,I need a new laptop.,A2,noun,4,very_common,Computing and workplace device noun,lexicographer,2026-09-10,1180,neutral,,technology,devices|gender:masculine/neuter,,Laptops,Laptops,,,,,,,,neuer Laptop|am Laptop arbeiten,Notebook|tragbarer Rechner,,,Goethe-Zertifikat A2 Wortliste,,reviewed
1290,vocabulary,lassen,to permit,leave behind,"or refrain from action, to let / leave / allow, Lass mich in Ruhe!",Leave me alone!,A2,verb,5,essential,Core modal and causative auxiliary verb,lexicographer,2026-09-10,55,neutral,,general,action,,,,false,false,haben,lässt,ließ,gelassen,Akk,stehen lassen | in Ruhe lassen | allein lassen | Infinitiv + lassen,erlauben|zurücklassen,zwingen,,,,reviewed
1291,vocabulary,Latein,classical Indo-European language of ancient Rome,Latin,In der Schule lerne ich Latein.,At school I am learning Latin.,A2,noun,4,very_common,Classical languages and school subjects noun,lexicographer,2026-09-10,1180,neutral,,school|linguistics,language,das,-,Lateins,,,,,,,,Latein lernen|Wörterbuch für Latein,lateinische Sprache,,,Goethe-Zertifikat A2 Wortliste,,reviewed
1292,vocabulary,leer,containing nothing / unoccupied,empty,Die Kanne ist fast leer.,The pot is almost empty.,A2,adjective,4,very_common,Capacity and occupancy adjective,lexicographer,2026-09-10,790,neutral,,general,capacity,,,,,,,,,,,predicative/attributive|leere Flasche|fast leer sein,ausgetrunken|unbesetzt,voll|gefüllt,voll|gefüllt,Goethe-Zertifikat A2 Wortliste,,reviewed
1293,phrase,leidtun,to cause sorrow,sympathy,"or regret, to be sorry, Es tut mir leid, dass ich nicht kommen kann.",I am sorry that I cannot come.,A2,phrase,5,essential,Core formula of apology and empathy,lexicographer,2026-09-10,380,neutral,,social,apology,,,,,,,,,,,Prädikatsausdruck mit Dativ,jemandem leid tun|tut mir leid,bedauern|bekümmern,,Goethe-Zertifikat A2 Wortliste,,reviewed
1294,vocabulary,leihen,to grant temporary possession or borrow,to lend / borrow,Kannst du mir fünf Euro leihen?,Can you lend me five euros?,A2,verb,4,very_common,Financial and material loan verb,lexicographer,2026-09-10,1250,neutral,,finances|social,transactions,,,,false,false,haben,leiht,lieh,geliehen,Dat | Akk | von + Dat.,Geld leihen|ein Buch leihen,borgen|verleihen,behalten|schenken,,,,reviewed
1296,vocabulary,liefern,to transport and hand over purchased goods,to deliver,Wir liefern Ihnen den Schrank nach Hause.,We deliver the cabinet to your home.,A2,verb,4,very_common,Retail commerce;postal;and logistics verb,lexicographer,2026-09-10,850,neutral,,commerce,logistics,,,,false,false,haben,liefert,lieferte,geliefert,,,jemandem etwas liefern|nach Hause liefern,Waren liefern|frei Haus liefern,zustellen|anliefern,,,reviewed
1297,vocabulary,lila,having a pale purple or violet color,purple / lilac,Sie trägt ein lila Kleid.,She is wearing a purple dress.,A2,adjective,3,common,Color spectrum and fashion attire adjective,lexicographer,2026-09-10,2100,neutral,,general,colors,,,,,,,,,,,predicative/attributive,lila Pullover|helles Lila,violett|purpur,,Goethe-Zertifikat A2 Wortliste,,reviewed
1298,vocabulary,Link,electronic hyperlinked reference on internet,link / hyperlink,Ich schicke dir einen Link zu Deutschübungen.,I will send you a link to German exercises.,A2,noun,4,very_common,Digital internet and software noun,lexicographer,2026-09-10,1280,neutral,,internet,technology,der,Links,Links,,,,,,,,auf den Link klicken|Link schicken,Hyperlink|Verknüpfung,,,Goethe-Zertifikat A2 Wortliste,,reviewed
1299,vocabulary,Löffel,utensil consisting of a small shallow bowl on handle,spoon,Bitte bringen Sie mir einen Löffel.,Please bring me a spoon.,A2,noun,4,very_common,Dining utensils and kitchenware noun,lexicographer,2026-09-10,1850,neutral,,food,cutlery,der,Löffel,Löffels,,,,,,,,einen Löffel Suppe|Teelöffel|Esslöffel,Besteckteil,,Gabel|Messer,Goethe-Zertifikat A2 Wortliste,,reviewed
1300,vocabulary,Lüge,intentionally false statement presented as truth,lie,Das stimmt nicht! Das ist eine Lüge!,That is not true! That is a lie!,A2,noun,3,common,Moral communication and truth noun,lexicographer,2026-09-10,2100,neutral,,social,morals,die,Lügen,Lüge,,,,,,,,eine Lüge erzählen|das ist eine Lüge,Unwahrheit|Schwindel,Wahrheit,Wahrheit,Goethe-Zertifikat A2 Wortliste,,reviewed
1301,vocabulary,lügen,to knowingly utter an untruth,to lie (tell lies),"Glaub ihm nicht, er lügt., Don't believe him",he is lying.,A2,verb,3,common,Moral communication and truth verb,lexicographer,2026-09-10,1950,neutral,,social,morals,,,,false,false,haben,lügt,log,gelogen,,lügen|nicht lügen,die Unwahrheit sagen,die Wahrheit sagen,,Goethe-Zertifikat A2 Wortliste,,reviewed
1302,vocabulary,Lust,desire,enthusiasm,"or inclination for something, desire / inclination / feel like, Gehen wir ins Kino? Nein, ich habe keine Lust., Shall we go to the cinema? No",I don't feel like it.,A2,noun,5,essential,Emotional inclination and motivation noun,lexicographer,2026-09-10,480,neutral,,psychology,feelings,die,-,Lust,,,,,,,,Lust haben auf + Akk.|keine Lust haben zu + Inf.,Freude|Neigung|Behagen,Unlust|Abneigung,lust,Goethe-Zertifikat A2 Wortliste,,reviewed
1303,vocabulary,Luxemburg,grand duchy and country in Western Europe,Luxembourg,Er wohnt in Luxemburg.,He lives in Luxembourg.,A2,noun,4,very_common,European sovereign state and capital city noun,lexicographer,2026-09-10,950,neutral,,geography,country,das,-,Luxemburgs,,,,,,,,nach Luxemburg fahren|Großherzogtum Luxemburg,Großherzogtum,,,Goethe-Zertifikat A2 Wortliste,,reviewed
1304,vocabulary,Luxemburger,male citizen or native of Luxembourg,Luxembourger (male),Er ist Luxemburger.,He is a Luxembourger.,A2,noun,3,common,National demographics noun,lexicographer,2026-09-10,2400,neutral,,society|geography,nationality,der,Luxemburger,Luxemburgers,,,,,,,,Bürger von Luxemburg,Staatsbürger Luxemburgs,Luxemburgerin,,Goethe-Zertifikat A2 Wortliste,,reviewed
1305,vocabulary,Luxemburgerin,female citizen or native of Luxembourg,Luxembourger (female),Sie ist Luxemburgerin.,She is a woman from Luxembourg.,A2,noun,3,common,National demographics noun,lexicographer,2026-09-10,2850,neutral,,society|geography,nationality,die,Luxemburgerinnen,Luxemburgerin,,,,,,,,Staatsbürgerin Luxemburgs,Luxemburgerin,Luxemburger,,Goethe-Zertifikat A2 Wortliste,,reviewed
1306,vocabulary,luxemburgisch,relating to Luxembourg or its people,Luxembourgish,Er spricht fließend Luxemburgisch.,He speaks Luxembourgish fluently.,A2,adjective,3,common,Nationality;geography;and language adjective,lexicographer,2026-09-10,2100,neutral,,linguistics|geography,nationality,,,,,,,,,,,predicative/attributive,luxemburgische Sprache|luxemburgische Banken,aus Luxemburg,,,,reviewed
1307,vocabulary,Magen,muscular digestive organ,stomach,Mein Magen tut weh.,My stomach hurts.,A2,noun,4,very_common,Anatomy and health noun,lexicographer,2026-09-10,1350,neutral,,body,health,der,Mägen,Magens,,,,,,,,Magenschmerzen haben|voller Magen,Bauch|Verdauungsorgan,,,Goethe-Zertifikat A2 Wortliste,,reviewed
1308,vocabulary,Mailbox,voice mail storage system or email inbox,voicemail / mailbox,Hier ist die Mailbox von Susanne König.,This is the voicemail of Susanne König.,A2,noun,3,common,Telecommunication and mobile noun,lexicographer,2026-09-10,2400,neutral,,communication,technology,die,Mailboxen,Mailbox,,,,,,,,auf die Mailbox sprechen|Mailbox abhören,Anrufbeantworter|Voicemail,,,Goethe-Zertifikat A2 Wortliste,,reviewed
1309,vocabulary,mal,marker of casual utterance or single occurrence,once / time,"Sag mal, wie gefällt dir mein neues Kleid?, Tell me",how do you like my new dress?,A2,particle,5,essential,Discourse particle and count noun,lexicographer,2026-09-10,40,neutral,,communication,particle,,,,,,,,,,,Modalpartikel / Zeitadverb,sag mal|hör mal|das erste Mal|bis zum nächsten Mal,einmal,,Goethe-Zertifikat A2 Wortliste,,reviewed
1310,vocabulary,malen,to apply colors or create pictures with paint,to paint / draw,Mein Sohn kann gut malen.,My son can paint well.,A2,verb,4,very_common,Creative arts and hobbies verb,lexicographer,2026-09-10,1180,neutral,,art,leisure,,,,false,false,haben,malt,malte,gemalt,Akk,Bilder malen | ein Bild malen | mit Farben malen,zeichnen|pinseln,,,,,reviewed
1311,vocabulary,Mama,familiar affectionate term for mother,mom / mum,"Mama, wo ist meine Tasche?, Mom",where is my bag?,A2,noun,5,essential,Informal family nuclear kinship noun,lexicographer,2026-09-10,480,informal,,family,relationships,die,Mamas,Mama,,,,,,,,liebe Mama|Mama fragen,Mutter|Mami,Papa|Kind,,Goethe-Zertifikat A2 Wortliste,,reviewed
1312,vocabulary,manch-,referring to an unspecified minority of entities,some / many a,Manche Nachbarn sind unfreundlich.,Some neighbours are unfriendly.,A2,pronoun,4,very_common,Indefinite selective determiner/pronoun,lexicographer,2026-09-10,310,neutral,,general,determiner,,,,,,,,,,,Determinativ / Indefinitpronomen,manche Leute|manches Mal,einige|etliche,alle|keine,Goethe-Zertifikat A2 Wortliste,,reviewed
1313,vocabulary,manchmal,at occasional intervals or on occasion,sometimes,Manchmal essen wir im Restaurant.,Sometimes we eat at a restaurant.,A2,adverb,5,essential,Core temporal frequency adverb,lexicographer,2026-09-10,280,neutral,,time,frequency,,,,,,,,,,,Frequenzadverb|manchmal ja|nur manchmal,ab und zu|gelegentlich,immer|nie,immer|nie,Goethe-Zertifikat A2 Wortliste,,reviewed
1314,vocabulary,Mannschaft,organized group of players in sports,team,Meine Lieblingsmannschaft hat 1:0 verloren.,My favorite team lost 1-0.,A2,noun,4,very_common,Sports competitions noun,lexicographer,2026-09-10,780,neutral,,sports,team,die,Mannschaften,Mannschaft,,,,,,,,in der Mannschaft spielen|Fußballmannschaft,Team|Equipe,,,Goethe-Zertifikat A2 Wortliste,,reviewed
1315,vocabulary,Mantel,long outer garment worn over clothes,coat / overcoat,Zieh deinen Mantel an!,Put on your coat!,A2,noun,4,very_common,Clothing and weather outerwear noun,lexicographer,2026-09-10,1180,neutral,,clothing,attire,der,Mäntel,Mantels,,,,,,,,den Mantel anziehen|warmer Mantel,Wintermantel,,,Goethe-Zertifikat A2 Wortliste,,reviewed
1316,vocabulary,markieren,to highlight or mark an answer choice,to mark / highlight,Markieren Sie die richtige Lösung!,Mark the correct solution!,A2,verb,4,very_common,Exam instructions and reading technique verb,lexicographer,2026-09-10,1180,neutral,,education,exams,,,,false,false,haben,markiert,markierte,markiert,auf + Dat. | Akk,auf dem Antwortbogen markieren|Text markieren,kennzeichnen|anstreichen,,,,,reviewed
1317,vocabulary,Markt,public square or open event for buying goods,market,Ich gehe heute auf den Markt.,I am going to the market today.,A2,noun,5,essential,Urban shopping and groceries noun,lexicographer,2026-09-10,380,neutral,,shopping,market,der,Märkte,Markts;Marktes,,,,,,,,auf den Markt gehen|auf dem Markt kaufen|Wochenmarkt,Marktplatz|Handelsplatz,,,Goethe-Zertifikat A2 Wortliste,,reviewed
1318,vocabulary,Mathematik,science of numbers,shapes,"and patterns, mathematics / maths, Mathematik ist mein bestes Fach.",Mathematics is my best subject.,A2,noun,4,very_common,Core school subject and exact science noun,lexicographer,2026-09-10,950,neutral,,school|math,education,die,-,Mathematik,,,,,,,,Matheaufgabe|Mathematik lernen,Mathe|Zahlenlehre,,,Goethe-Zertifikat A2 Wortliste,,reviewed
1319,vocabulary,Mechaniker,technician who repairs machinery and vehicles,mechanic,Ich bin Mechaniker von Beruf.,I am a mechanic by profession.,A2,noun,4,very_common,Automotive and machinery repair professions noun,lexicographer,2026-09-10,1650,neutral,,work|technology,professions,der,Mechaniker,Mechanikers,,,,,,,,Automechaniker|Kfz-Mechaniker,Monteur|Maschinenschlosser,Mechanikerin,,Goethe-Zertifikat A2 Wortliste,,reviewed
1320,vocabulary,Mechanikerin,female technician repairing machinery/cars,mechanic (female),Sie arbeitet als Mechanikerin in der Werkstatt.,She works as a mechanic in the workshop.,A2,noun,3,common,Automotive and machinery repair professions noun,lexicographer,2026-09-10,2850,neutral,,work|technology,professions,die,Mechanikerinnen,Mechanikerin,,,,,,,,Kfz-Mechanikerin lernen,Monteurin,Mechaniker,,Goethe-Zertifikat A2 Wortliste,,reviewed
1321,vocabulary,Medikament,substance used for medical cure or alleviation,medication / medicine,Nehmen Sie dieses Medikament dreimal pro Tag!,Take this medication three times per day!,A2,noun,4,very_common,Healthcare and pharmacy noun,lexicographer,2026-09-10,1150,neutral,,health,medicine,das,Medikamente,Medikaments;Medikamentes,,,,,,,,Medikament nehmen|Medikament aus der Apotheke,Arzneimittel|Präparat,,,Goethe-Zertifikat A2 Wortliste,,reviewed
1322,vocabulary,meinen,to express a viewpoint or intend to say,to think / mean / believe,Was meinst du?,What do you think?,A2,verb,5,essential,Opinion and communication verb,lexicographer,2026-09-10,120,neutral,,communication,opinion,,,,false,false,haben,meint,meinte,gemeint,,wie meinst du das|etwas meinen,der Meinung sein|glauben|bedeuten,wissen,,Goethe-Zertifikat A2 Wortliste,,reviewed
1323,vocabulary,Meinung,view,judgement,"or appraisal of an issue, opinion, Meine Meinung zu dem Thema ist eindeutig.",My opinion on the topic is clear.,A2,noun,4,very_common,Discourse and debate noun,lexicographer,2026-09-10,510,neutral,,communication,opinion,die,Meinungen,Meinung,,,,,,,,seine Meinung sagen|Meinung ändern,Ansicht|Standpunkt|Auffassung,,,Goethe-Zertifikat A2 Wortliste,,reviewed
1324,vocabulary,meist-,constituting the largest part or number,most / majority of,Die meisten Nachbarn kenne ich noch nicht.,Most neighbours I don't know yet.,A2,pronoun,5,essential,Superlative quantifier/determiner,lexicographer,2026-09-10,95,neutral,,general,quantity,,,,,,,,,,,Superlativ zu viel,die meisten Menschen|die meiste Zeit,der Großteil,die wenigsten,Goethe-Zertifikat A2 Wortliste,,reviewed
1325,vocabulary,meistens,on almost all occasions or predominantly,mostly / usually,Meistens trinke ich zum Frühstück nur einen Kaffee.,Usually I only drink a coffee for breakfast.,A2,adverb,4,very_common,Core temporal habituality adverb,lexicographer,2026-09-10,450,neutral,,time,frequency,,,,,,,,,,,Frequenzadverb|meistens so|meistens morgens,gewöhnlich|im Allgemeinen,selten,selten|nie,Goethe-Zertifikat A2 Wortliste,,reviewed
1326,vocabulary,Menge,large indefinite number or quantity of things,quantity / lot / crowd,Wir haben noch eine Menge Zeit.,We still have a whole lot of time.,A2,noun,4,very_common,Quantification noun,lexicographer,2026-09-10,680,neutral,,general,quantity,die,Mengen,Menge,,,,,,,,eine Menge Leute|eine Menge Geld|große Menge,Vielzahl|Masse|Unmenge,Wenig|Einzelfall,Wenig,Goethe-Zertifikat A2 Wortliste,,reviewed
1327,vocabulary,merken,to perceive,notice,"or retain in memory, to notice / remember (reflexive), Ich kann mir keine Zahlen merken.",I can't remember numbers.,A2,verb,4,very_common,Perception and cognitive retention verb,lexicographer,2026-09-10,480,neutral,,cognition,memory|reflexive_optional,,,,false,false,haben,merkt,merkte,gemerkt,Akk,dass | merken,sofort merken|sich den Termin merken,bemerken|behalten|einprägen,übersehen|vergessen,,,reviewed
1328,vocabulary,Messe,large industrial exhibition or trade fair,trade fair / exhibition,Kommst du mit zur Buchmesse nach Frankfurt?,Are you coming along to the book fair in Frankfurt?,A2,noun,4,very_common,Commerce and industry gathering noun,lexicographer,2026-09-10,1150,neutral,,work|commerce,events,die,Messen,Messe,,,,,,,,auf die Messe gehen|Frankfurter Buchmesse,Gewerbeschau|Ausstellung,,,Goethe-Zertifikat A2 Wortliste,,reviewed
1329,vocabulary,Messer,cutting instrument with a sharpened blade,knife,Das Messer schneidet nicht gut.,The knife does not cut well.,A2,noun,4,very_common,Cutlery and dining utensil noun,lexicographer,2026-09-10,1180,neutral,,food,cutlery,das,Messer,Messers,,,,,,,,Messer und Gabel|scharfes Messer,Schneidewerkzeug,,Gabel,Goethe-Zertifikat A2 Wortliste,,reviewed
1330,vocabulary,mindestens,not less than or at the lowest estimate,at least,Schreiben Sie mindestens sieben Sätze!,Write at least seven sentences!,A2,adverb,4,very_common,Numerical boundary and threshold adverb,lexicographer,2026-09-10,480,neutral,,general,quantity,,,,,,,,,,,Gradadverb|mindestens zwei Stunden|mindestens einmal,wenigstens|minimal,höchstens|maximal,höchstens|maximal,Goethe-Zertifikat A2 Wortliste,,reviewed
1331,vocabulary,Mineralwasser,naturally carbonated or mineral-rich bottled water,mineral water,"Ein Glas Mineralwasser, bitte., A glass of mineral water",please.,A2,noun,4,very_common,Beverages and restaurant ordering noun,lexicographer,2026-09-10,1850,neutral,,food,beverages,das,-,Mineralwassers,,,,,,,,eine Flasche Mineralwasser|stilles Mineralwasser,Sprudel|Wasser,,,Goethe-Zertifikat A2 Wortliste,,reviewed
1332,vocabulary,Mitarbeiter,person employed within an enterprise or institution,employee / staff member / co-worker,Unsere Firma hat sieben Mitarbeiter.,Our company has seven employees.,A2,noun,4,very_common,Workplace demographics and staffing noun,lexicographer,2026-09-10,480,neutral,,work,people,der,Mitarbeiter,Mitarbeiters,,,,,,,,Mitarbeiter einstellen|feste Mitarbeiter,Angestellter|Kollege|Beschäftigter,Chef|Vorgesetzter,Chef|Arbeitgeber,Goethe-Zertifikat A2 Wortliste,,reviewed
1333,vocabulary,mitspielen,to take part in a game or musical performance,to play along / join in,Warum spielt ihr nicht mit?,Why aren't you playing along?,A2,verb,4,very_common,Games;sports;and recreation verb,lexicographer,2026-09-10,1450,neutral,,sports|games,participation,,,,false,true,haben,spielt mit,spielte mit,mitgespielt,,,bei + Dat. mitspielen,beim Fußball mitspielen|im Konzert mitspielen,teilnehmen|mitwirken,,,reviewed
1334,vocabulary,Mittagessen,meal consumed during the middle of the day,lunch,Um zwölf Uhr gibt es Mittagessen.,At twelve o'clock there is lunch.,A2,noun,4,very_common,Daily food routines and meals noun,lexicographer,2026-09-10,1450,neutral,,food,meals,das,-,Mittagessens,,,,,,,,Mittagessen kochen|warmes Mittagessen,Mittagsmahl|Lunch,Abendessen|Frühstück,,Goethe-Zertifikat A2 Wortliste,,reviewed
1335,vocabulary,mittags,around noon as a daily habit,at noon / at midday,Mittags esse ich oft Salat.,At noon I often eat salad.,A2,adverb,4,very_common,Temporal recurring lunch-hour adverb,lexicographer,2026-09-10,680,neutral,,time,frequency,,,,,,,,,,,temporales Adverb,mittags kochen|mittags Pause machen,am Mittag|um die Mittagszeit,mitternachts,Goethe-Zertifikat A2 Wortliste,,reviewed
1336,vocabulary,Mittel,substance,method,"or funds applied to achieve an end, remedy / means / agent, Haben Sie ein Mittel gegen Magenschmerzen?",Do you have a remedy for stomach pain?,A2,noun,4,very_common,Health remedies;detergents;and finances noun,lexicographer,2026-09-10,380,neutral,,health|household,medicine,das,Mittel,Mittels,,,,,,,,Mittel gegen Grippe|Waschmittel|finanzielle Mittel,Medikament|Hilfsmittel,,,Goethe-Zertifikat A2 Wortliste,,reviewed
1337,vocabulary,Mitternacht,twelve o'clock at night / middle of the night,midnight,Der Zug kommt um Mitternacht an.,The train arrives at midnight.,A2,noun,4,very_common,Clock time and night milestone noun,lexicographer,2026-09-10,1180,neutral,,time,clock,die,-,Mitternacht,,,,,,,,um Mitternacht|vor Mitternacht,24:00 Uhr|Geisterstunde,Mittag,,Goethe-Zertifikat A2 Wortliste,,reviewed
1338,vocabulary,mittwochs,on Wednesdays as a recurring occurrence,on Wednesdays,Mittwochs esse ich bei meinen Eltern.,On Wednesdays I eat with my parents.,A2,adverb,4,very_common,Weekly recurring schedule adverb,lexicographer,2026-09-10,980,neutral,,time,frequency,,,,,,,,,,,temporales Adverb,jeden Mittwoch|mittwochs abends,am Mittwoch,,Goethe-Zertifikat A2 Wortliste,,reviewed
1339,vocabulary,Mobiltelefon,handheld wireless telephone,cellular phone / mobile phone,Haben Sie ein Mobiltelefon?,Do you have a mobile phone?,A2,noun,3,common,Official and formal telecommunication noun,lexicographer,2026-09-10,2850,neutral,,communication,technology,das,Mobiltelefone,Mobiltelefons;Mobiltelefones,,,,,,,,Nummer des Mobiltelefons,Handy|Smartphone,,,Goethe-Zertifikat A2 Wortliste,,reviewed
1340,vocabulary,Mode,popular prevailing style in clothing and attire,fashion,Wie findest du die neue Mode?,What do you think of the new fashion?,A2,noun,4,very_common,Clothing;trends;and lifestyle noun,lexicographer,2026-09-10,810,neutral,,clothing,lifestyle,die,Moden,Mode,,,,,,,,aktuelle Mode|Blog über Mode,Trend|Modewelt,,,Goethe-Zertifikat A2 Wortliste,,reviewed
1341,vocabulary,Model,person employed to display fashion clothing,model (fashion),Sie arbeitet als Model in Paris.,She works as a model in Paris.,A2,noun,4,very_common,Fashion industry and advertising professions noun,lexicographer,2026-09-10,1320,neutral,clothing|media,professions,neuter/masculine,,Models,Models,,,,,,,,Fotomodel|als Model arbeiten,Mannequin|Fotomodell,,,Goethe-Zertifikat A2 Wortliste,,reviewed
1342,vocabulary,modern,conforming to present-day contemporary style,modern / contemporary,Das Stadtzentrum von Frankfurt ist sehr modern.,The city center of Frankfurt is very modern.,A2,adjective,4,very_common,Aesthetic and architecture adjective,lexicographer,2026-09-10,480,neutral,,general|housing,style,,,,,,,,,,,predicative/attributive|moderne Kunst|moderne Wohnung,zeitgemäß|neuzeitlich,altmodisch|antik,altmodisch|antik,Goethe-Zertifikat A2 Wortliste,,reviewed
1343,vocabulary,Monat,one of the twelve divisions of a year,month,Nächsten Monat ziehen wir um.,Next month we are moving.,A2,noun,5,essential,Core calendar period and rent cycle noun,lexicographer,2026-09-10,120,neutral,,time,calendar,der,Monate,Monates;Monats,,,,,,,,in einem Monat|jeden Monat|Monatsende,Kalendermonat|vier Wochen,,,Goethe-Zertifikat A2 Wortliste,,reviewed
1344,vocabulary,montags,on Mondays as a recurring routine,on Mondays,Montags ist unser Büro geschlossen.,On Mondays our office is closed.,A2,adverb,4,very_common,Weekly recurring schedule adverb,lexicographer,2026-09-10,950,neutral,,time,frequency,,,,,,,,,,,temporales Adverb,jeden Montag|immer montags,am Montag,,Goethe-Zertifikat A2 Wortliste,,reviewed
1345,vocabulary,morgens,on mornings as a general habit or recurrence,in the morning / mornings,Morgens trinke ich immer Kaffee.,In the morning I always drink coffee.,A2,adverb,5,essential,Temporal recurring morning routine adverb,lexicographer,2026-09-10,450,neutral,,time,frequency,,,,,,,,,,,temporales Adverb,morgens früh|morgens um acht,am Morgen|früh,abends,Goethe-Zertifikat A2 Wortliste,,reviewed
1346,vocabulary,Motor,machine supplying motive power for a vehicle,engine / motor,Der Motor ist kaputt.,The engine is broken.,A2,noun,4,very_common,Vehicles and machinery noun,lexicographer,2026-09-10,1180,neutral,,transport|technology,vehicles,der,Motoren,Motors,,,,,,,,den Motor reparieren|Motor anlassen,Antrieb|Triebwerk,,,Goethe-Zertifikat A2 Wortliste,,reviewed
1347,vocabulary,Motorroller,light motorcycle with low step-through frame,scooter / motor scooter,Oskar fährt mit dem Motorroller zur Arbeit.,Oskar drives to work by motor scooter.,A2,noun,3,common,Urban transport vehicle noun,lexicographer,2026-09-10,2950,neutral,,transport,vehicles,der,Motorroller,Motorrollers,,,,,,,,mit dem Motorroller fahren|Roller fahren,Roller|Scooter,,,Goethe-Zertifikat A2 Wortliste,,reviewed
1348,vocabulary,Müll,discarded waste material or trash,rubbish / trash / garbage,Bringst du bitte den Müll raus?,Will you please take out the trash?,A2,noun,4,very_common,Domestic waste disposal noun,lexicographer,2026-09-10,1320,neutral,,household,waste,der,-,Mülls;Mülles,,,,,,,,den Müll rausbringen|in den Müll werfen,Abfall|Kehricht,,,Goethe-Zertifikat A2 Wortliste,,reviewed
1349,vocabulary,Museum,building where artistic/historical items are displayed,museum,Im Kunstmuseum gibt es eine neue Ausstellung.,In the art museum there is a new exhibition.,A2,noun,4,very_common,Culture;tourism;and exhibitions noun,lexicographer,2026-09-10,720,neutral,,culture,buildings,das,Museen,Museums,,,,,,,,ins Museum gehen|Ausstellung im Museum,Galerie|Schauhaus,,,Goethe-Zertifikat A2 Wortliste,,reviewed
1350,vocabulary,Musik,art of combining vocal or instrumental sounds,music,Spanische Musik gefällt mir gut.,I like Spanish music.,A2,noun,5,essential,Core arts and leisure noun,lexicographer,2026-09-10,280,neutral,,music,culture,die,-,Musik,,,,,,,,Musik hören|Musik machen|laute Musik,Tonkunst|Klänge,,,Goethe-Zertifikat A2 Wortliste,,reviewed
1351,vocabulary,Musik,instruction in musical notation,theory,"and singing, music (school subject), Wir singen heute im Musikunterricht.",We are singing in music class today.,A2,noun,5,essential,Core school subject and creative arts noun,lexicographer,2026-09-10,240,neutral,,school|music,education,die,-,Musik,,,,,,,,Unterricht in Musik|Musiklehrer,Musiklehre,,,Goethe-Zertifikat A2 Wortliste,,reviewed
1352,vocabulary,Musiker,person who plays a musical instrument or composes,musician,Anton ist ein begabter Musiker.,Anton is a gifted musician.,A2,noun,4,very_common,Music performance and arts professions noun,lexicographer,2026-09-10,780,neutral,,music|art,professions,der,Musiker,Musiks;Musikers,,,,,,,,professioneller Musiker|Musiker in einer Band,Instrumentalist|Tonkünstler,Musikerin,,Goethe-Zertifikat A2 Wortliste,,reviewed
1353,vocabulary,Musikerin,female person playing music professionally,musician (female),Sie ist Musikerin im Orchester.,She is a musician in the orchestra.,A2,noun,4,very_common,Music performance and arts professions noun,lexicographer,2026-09-10,1180,neutral,,music|art,professions,die,Musikerinnen,Musikerin,,,,,,,,berühmte Musikerin,Instrumentalistin|Künstlerin,Musiker,,Goethe-Zertifikat A2 Wortliste,,reviewed
1354,vocabulary,Mütze,close-fitting brimless knitted head covering,beanie / cap,Haben Sie rote Mützen?,Do you have red caps?,A2,noun,3,common,Clothing and cold-weather attire noun,lexicographer,2026-09-10,2250,neutral,,clothing,attire,die,Mützen,Mütze,,,,,,,,warme Mütze|Mütze aufsetzen,Kappe|Haube,Hut,,Goethe-Zertifikat A2 Wortliste,,reviewed
1355,phrase,nach Hause,in the direction of one's domestic residence,home / homewards,Ich gehe jetzt nach Hause.,I am going home now.,A2,phrase,5,essential,Core domestic directional phrase,lexicographer,2026-09-10,95,neutral,,housing,directions,,,,,,,,,,,Direktionalphrase,nach Hause gehen|nach Hause fahren|zurück nach Hause,heim|heimwärts,von zu Hause,Goethe-Zertifikat A2 Wortliste,,reviewed
1356,vocabulary,Nachbar,person living next door or nearby,neighbour,Mein Nachbar kommt aus Brasilien.,My neighbour comes from Brazil.,A2,noun,4,very_common,Housing;community;and social noun,lexicographer,2026-09-10,750,neutral,,housing,people,der,Nachbarn,Nachbarn,,,,,,,,die neuen Nachbarn|mit den Nachbarn sprechen,Anwohner|Nebenmann,,,Goethe-Zertifikat A2 Wortliste,,reviewed
1357,vocabulary,Nachbarin,female person living adjacent or nearby,neighbour (female),Meine Nachbarin ist Italienerin.,My female neighbour is Italian.,A2,noun,4,very_common,Housing;community;and social noun,lexicographer,2026-09-10,1180,neutral,,housing,people,die,Nachbarinnen,Nachbarin,,,,,,,,die Nachbarin grüßen|nette Nachbarin,Anwohnerin,,,Goethe-Zertifikat A2 Wortliste,,reviewed
1358,vocabulary,nachmittags,during afternoons as a recurring habit,in the afternoon / afternoons,Nachmittags spiele ich oft Tennis.,In the afternoon I often play tennis.,A2,adverb,4,very_common,Temporal recurring leisure/work adverb,lexicographer,2026-09-10,610,neutral,,time,frequency,,,,,,,,,,,temporales Adverb,nachmittags frei|jeden Nachmittag,am Nachmittag,vormittags,Goethe-Zertifikat A2 Wortliste,,reviewed
1359,vocabulary,Nachricht,piece of information or broadcast report,message / news,Ich schreibe dir später eine Nachricht.,I will write you a message later.,A2,noun,5,essential,Media broadcast and personal texting noun,lexicographer,2026-09-10,480,neutral,,communication|media,news,die,Nachrichten,Nachricht,,,,,,,,Nachrichten im Fernsehen|eine Nachricht schreiben,Mitteilung|Neuigkeit|Info,,,Goethe-Zertifikat A2 Wortliste,,reviewed
1360,vocabulary,nächste-,coming immediately after in order or time,next,Sehen wir uns nächste Woche?,Will we see each other next week?,A2,adjective,5,essential,Sequence and temporal future adjective,lexicographer,2026-09-10,85,neutral,,time,sequence,,,,,,,,,,,nur attributiv,nächste Woche|nächster Termin|bis nächstes Mal,folgende|kommende,vorherige|letzte,Goethe-Zertifikat A2 Wortliste,,reviewed
1361,vocabulary,nachts,during the night as a regular occurrence,at night / by night,Nachts ist es hier sehr ruhig.,At night it is very quiet here.,A2,adverb,4,very_common,Temporal recurring nocturnal adverb,lexicographer,2026-09-10,510,neutral,,time,frequency,,,,,,,,,,,temporales Adverb,mitten in der Nacht|nachts schlafen,in der Nacht|nächtlich,tagsüber,Goethe-Zertifikat A2 Wortliste,,reviewed
1362,vocabulary,Nähe,short spatial or emotional distance,proximity / vicinity,Die Post ist in der Nähe vom Bahnhof.,The post office is near the train station.,A2,noun,4,very_common,Spatial orientation noun,lexicographer,2026-09-10,480,neutral,,directions,space,die,-,Nähe,,,,,,,,in der Nähe von|ganz in der Nähe,Nachbarschaft|Umkreis,Ferne|Weite,Ferne|Weite,Goethe-Zertifikat A2 Wortliste,,reviewed
1363,vocabulary,nass,covered or soaked with water or moisture,wet,Du bist ja ganz nass.,You are completely wet.,A2,adjective,4,very_common,Moisture and weather adjective,lexicographer,2026-09-10,920,neutral,,nature|weather,condition,,,,,,,,,,,predicative/attributive|nasse Schuhe|nass werden,feucht|durchnässt,trocken,trocken,Goethe-Zertifikat A2 Wortliste,,reviewed
1364,vocabulary,Natur,physical world collectively including plants and animals,nature,Ich bin gern draußen in der Natur.,I like being outside in nature.,A2,noun,4,very_common,Environment and outdoors noun,lexicographer,2026-09-10,480,neutral,,nature,environment,die,-,Natur,,,,,,,,in die Natur gehen|Schutz der Natur,Umwelt|freie Natur,Kultur|Zivilisation,Kultur|Kunstwelt,Goethe-Zertifikat A2 Wortliste,,reviewed
1365,vocabulary,natürlich,as expected / unaffected / of nature,naturally / of course / natural,Natürlich helfen wir dir.,Of course we will help you.,A2,adverb,5,essential,Discourse affirmation and naturalness adverb/adjective,lexicographer,2026-09-10,180,neutral,,communication,affirmation,,,,,,,,,,,Satzadverb / Adjektiv,aber natürlich|ganz natürlich,selbstverständlich|gewiss,keineswegs|künstlich,Goethe-Zertifikat A2 Wortliste,,reviewed
1366,vocabulary,neben,immediately adjacent to,next to / beside,Die Apotheke ist neben der Post.,The pharmacy is next to the post office.,A2,preposition,5,essential,Core two-way spatial proximity preposition,lexicographer,2026-09-10,95,neutral,,directions,preposition,,,,,,,,,,neben + Dat. | neben + Akk.,neben mir|neben das Haus stellen,nebenan|an der Seite von,weit von,,Goethe-Zertifikat A2 Wortliste,,reviewed
1367,vocabulary,nebenan,in the neighboring room or adjacent house,next door,Das ist José. Er wohnt nebenan.,That is José. He lives next door.,A2,adverb,4,very_common,Housing and spatial neighborliness adverb,lexicographer,2026-09-10,1350,neutral,,housing,location,,,,,,,,,,,lokales Adverb|gleich nebenan|von nebenan,im Nebenzimmer|tür an tür,im Nachbarhaus|anliegend,weit weg,Goethe-Zertifikat A2 Wortliste,,reviewed
1368,vocabulary,neblig,filled with or obscured by atmospheric fog,foggy / misty,Fahr vorsichtig! Es ist neblig.,Drive carefully! It is foggy.,A2,adjective,3,common,Weather and driving conditions adjective,lexicographer,2026-09-10,2450,neutral,,weather,nature,,,,,,,,,,,predicative/attributive|nebliges Wetter|es ist neblig,dunstig|diesig,klar|sonnig,klar|sonnig,Goethe-Zertifikat A2 Wortliste,,reviewed
1369,vocabulary,nennen,to give a name to or address as,to call / name,Alle nennen ihn Alex.,Everyone calls him Alex.,A2,verb,5,essential,Appellation and naming verb,lexicographer,2026-09-10,280,neutral,,communication,naming,,,,false,false,haben,nennt,nannte,genannt,Akk,beim Namen nennen|Gründe nennen,rufen|bezeichnen,,,,,reviewed
1370,vocabulary,nervös,easily agitated,anxious,"or tense, nervous / anxious, Bei Prüfungen bin ich immer sehr nervös.",During exams I am always very nervous.,A2,adjective,4,very_common,Emotional and psychological tension adjective,lexicographer,2026-09-10,1180,neutral,,psychology,feelings,,,,,,,,,,,predicative/attributive|nervös werden|nervös sein,unruhig|angespannt|zappelig,ruhig|gelassen,ruhig|gelassen,Goethe-Zertifikat A2 Wortliste,,reviewed
1371,vocabulary,nett,pleasant,kind,"and agreeable, nice / kind, Vielen Dank! Das ist sehr nett von dir.",Thank you very much! That is very kind of you.,A2,adjective,5,essential,Interpersonal character and social adjective,lexicographer,2026-09-10,290,neutral,,social|character,politeness,,,,,,,,,,,predicative/attributive|sehr nett|nette Kollegen|nett von dir,freundlich|liebenswürdig|sympathisch,unfreundlich|gemein,gemein|unfreundlich,Goethe-Zertifikat A2 Wortliste,,reviewed
1372,vocabulary,Neujahr,first calendar day of a new year,New Year's Day,Ein glückliches neues Jahr!,A happy New Year!,A2,noun,4,very_common,Calendar celebration and greetings noun,lexicographer,2026-09-10,810,neutral,,calendar|social,holidays,das,-,Neujahrs;Neujahres,,,,,,,,an Neujahr|Frohes neues Jahr|Neujahrstag,Jahresanfang|Neujahrstag,Silvester,,Goethe-Zertifikat A2 Wortliste,,reviewed
1374,vocabulary,niemand,no person / not anyone,nobody / no one,Hier ist niemand.,Nobody is here.,A2,,5,essential,Core negative personal indefinite pronoun,lexicographer,2026-09-10,190,neutral,,people,negation,,,,,,,,,,,Indefinitpronomen,niemand zu Hause|fast niemand,keiner|kein Mensch,jemand|alle,Goethe-Zertifikat A2 Wortliste,,reviewed
1375,vocabulary,nirgends,in or at no place,nowhere,Hier kann man nirgends parken.,One can park nowhere here.,A2,adverb,3,common,Core negative spatial location adverb,lexicographer,2026-09-10,1650,neutral,,location,space,,,,,,,,,,,lokales Adverb|nirgends sehen|nirgends finden,nirgendwo,überall,überall,Goethe-Zertifikat A2 Wortliste,,reviewed
1376,vocabulary,Note,academic evaluation grade or musical tone mark,grade / mark / musical note,Eva hat immer sehr gute Noten in Deutsch.,Eva always gets very good grades in German.,A2,noun,4,very_common,School evaluation and music noun,lexicographer,2026-09-10,880,neutral,,school|music,evaluation,die,Noten,Note,,,,,,,,gute Noten bekommen|Noten in der Schule,Zensur|Bewertung,,,Goethe-Zertifikat A2 Wortliste,,reviewed
1377,vocabulary,notieren,to record written data or take down words,to note down / write down,Notieren Sie bitte alle wichtigen Informationen.,Please note down all important information.,A2,verb,4,very_common,Written notes and exam instructions verb,lexicographer,2026-09-10,1350,neutral,,communication|writing,action,,,,false,false,haben,notiert,notierte,notiert,auf + Akk. | Akk,eine Telefonnummer notieren|Stichpunkte notieren,aufschreiben|vermerken,streichen|löschen,,,,reviewed
1378,vocabulary,Notiz,short written record to assist memory,note / memo,Schreib mir bitte eine Notiz.,Please write me a note.,A2,noun,4,very_common,Brief message and memory record noun,lexicographer,2026-09-10,1250,neutral,,communication,writing,die,Notizen,Notiz,,,,,,,,Notiz schreiben|Notizzettel,Aufzeichnung|Vermerk,,,Goethe-Zertifikat A2 Wortliste,,reviewed
1379,vocabulary,notwendig,essential to achieve a certain purpose,necessary,"Muss ich noch einmal kommen? - Nein, das ist nicht notwendig., Do I have to come once more? - No",that is not necessary.,A2,adjective,4,very_common,Essential requirement and logical adjective,lexicographer,2026-09-10,680,neutral,,general,necessity,,,,,,,,,,,predicative/attributive|dringend notwendig|nicht notwendig sein,erforderlich|unumgänglich,überflüssig|unnötig,überflüssig|unnötig,Goethe-Zertifikat A2 Wortliste,,reviewed
1380,vocabulary,Nudel,pasta product formed of unleavened dough,noodle / pasta,Möchten Sie lieber Reis oder Nudeln?,Would you prefer rice or noodles?,A2,noun,4,very_common,Food;dining;and pasta groceries noun,lexicographer,2026-09-10,1450,neutral,,food,groceries,die,Nudeln,Nudel,,,,,,,,Nudeln kochen|Nudeln mit Soße,Pasta|Teigware,,,Goethe-Zertifikat A2 Wortliste,,reviewed
1381,vocabulary,nützlich,producing beneficial,advantageous,"or practical results, useful / helpful, Danke für den Tipp. Er war sehr nützlich.",Thanks for the tip. It was very useful.,A2,adjective,4,very_common,Functional utility and advice evaluation adjective,lexicographer,2026-09-10,1320,neutral,,general,utility,,,,,,,,,,,predicative/attributive|sehr nützlich|nützliche Informationen,hilfreich|praktisch|zweckmäßig,nutzlos|unbrauchbar,nutzlos|überflüssig,Goethe-Zertifikat A2 Wortliste,,reviewed
1382,vocabulary,offen,not closed,shut,"or locked / frank, open, Ist das Fenster im Bad noch offen?",Is the window in the bathroom still open?,A2,adjective,5,essential,Physical access and opening state adjective,lexicographer,2026-09-10,240,neutral,,housing,state,,,,,,,,,,,predicative/attributive|offene Tür|offen sein bis 16 Uhr,auf|geöffnet|zugänglich,geschlossen|zu,geschlossen|zu,Goethe-Zertifikat A2 Wortliste,,reviewed
1383,vocabulary,Ohr,organ of hearing in human beings,ear,Ich habe Ohrenschmerzen.,I have an earache.,A2,noun,4,very_common,Core human anatomy and health noun,lexicographer,2026-09-10,950,neutral,,body,health,das,Ohren,Ohres;Ohrs,,,,,,,,Ohrenschmerzen|auf beiden Ohren gut hören,Gehörorgan,,,Goethe-Zertifikat A2 Wortliste,,reviewed
1384,vocabulary,Onkel,brother of one's parent or uncle by marriage,uncle,Mein Onkel arbeitet nicht mehr.,My uncle does not work anymore.,A2,noun,4,very_common,Extended family kinship noun,lexicographer,2026-09-10,850,neutral,,family,relationships,der,Onkel,Onkels,,,,,,,,lieber Onkel|Onkel und Tante,Verwandter,Tante|Nichte|Neffe,Tante,Goethe-Zertifikat A2 Wortliste,,reviewed
1385,vocabulary,online,connected to or available on the internet,online,Wann bist du wieder online?,When will you be online again?,A2,adverb,5,essential,Digital connectivity modifier and predicate,lexicographer,2026-09-10,480,neutral,,internet,technology,,,,,,,,,,,predicative/adverbial,online bestellen|Geld online überweisen|wieder online sein,im Internet|vernetzt,offline,Goethe-Zertifikat A2 Wortliste,,reviewed
1386,vocabulary,Orange,round citrus fruit with reddish-yellow skin,orange,Ich esse gern Orangen.,I like eating oranges.,A2,noun,4,very_common,Food;grocery;and market fruit noun,lexicographer,2026-09-10,1950,neutral,,food,fruit,die,Orangen,Orange,,,,,,,,frische Orangen|Orangen kaufen,Apfelsine|Zitrusfrucht,,,Goethe-Zertifikat A2 Wortliste,,reviewed
1388,vocabulary,organisieren,to plan,arrange,"or coordinate an event, to organize / arrange, Frau Gomez organisiert unseren Ausflug.",Ms. Gomez is organizing our excursion.,A2,verb,4,very_common,Planning and coordination action verb,lexicographer,2026-09-10,680,neutral,,work|leisure,management,,,,false,false,haben,organisiert,organisierte,organisiert,Akk | für + Akk.,eine Party organisieren|den Urlaub organisieren,planen|arrangieren,durcheinanderbringen,,,,reviewed
1389,vocabulary,Ostern,Christian spring festival celebrating Resurrection,Easter,Frohe Ostern!,Happy Easter!,A2,noun,4,very_common,Spring religious holiday and festive calendar noun,lexicographer,2026-09-10,850,neutral,,culture|religion,holidays,das,-,Ostern,,,,,,,,zu Ostern reisen|Ostereier suchen,Osterfest|Frühlingsfest,,,Goethe-Zertifikat A2 Wortliste,,reviewed
1390,vocabulary,Paar,set of two matching things or items used together,pair,Ich brauche ein Paar Schuhe.,I need a pair of shoes.,A2,noun,4,very_common,Apparel and counting noun,lexicographer,2026-09-10,480,neutral,,general|shopping,quantity,das,Paare,Paares;Paars,,,,,,,,ein Paar Schuhe|ein Paar Socken,Zweiergespann,,,Goethe-Zertifikat A2 Wortliste,,reviewed
1391,vocabulary,Paar,two people linked in a romantic relationship,couple / pair,Romeo und Julia sind ein Paar.,Romeo and Juliet are a couple.,A2,noun,4,very_common,Social relationships noun,lexicographer,2026-09-10,480,neutral,,family|social,people,das,Paare,Paares;Paars,,,,,,,,ein glückliches Paar|als Paar leben,Liebespaar|Ehepaar,,,Goethe-Zertifikat A2 Wortliste,,reviewed
1392,vocabulary,packen,to fill a suitcase or container with belongings,to pack,Ich muss noch meinen Koffer packen.,I still have to pack my suitcase.,A2,verb,4,very_common,Travel and departure preparation verb,lexicographer,2026-09-10,750,neutral,,travel|household,action,,,,false,false,haben,packt,packte,gepackt,Akk | in + Akk.,den Koffer packen|Sachen packen,einpacken|verstauen,auspacken,,,,reviewed
1393,vocabulary,Paket,wrapped parcel or package for transit,parcel / package,Bringst du bitte das Paket zur Post?,Will you please take the parcel to the post office?,A2,noun,4,very_common,Postal and delivery service noun,lexicographer,2026-09-10,950,neutral,,post,logistics,das,Pakete,Pakets;Paketes,,,,,,,,ein Paket schicken|Paket abholen|schweres Paket,Päckchen|Postsendung,,,Goethe-Zertifikat A2 Wortliste,,reviewed
1394,vocabulary,Papa,familiar affectionate term for father,dad / papa,Papa kommt gleich nach Hause.,Dad is coming home shortly.,A2,noun,5,essential,Informal family nuclear kinship noun,lexicographer,2026-09-10,480,informal,,family,relationships,der,Papas,Papas,,,,,,,,lieber Papa|Papa fragen,Vater|Papi,Mama|Kind,,Goethe-Zertifikat A2 Wortliste,,reviewed
1395,vocabulary,Parfüm,fragrant liquid typically made from essential oils,perfume,Ich suche ein Parfüm als Geschenk für meine Frau.,I am looking for a perfume as a gift for my wife.,A2,noun,3,common,Cosmetics;beauty;and gift retail noun,lexicographer,2026-09-10,2100,neutral,,shopping|beauty,cosmetics,das,Parfüms,Parfüms,,,,,,,,Parfüm kaufen|nach Parfüm riechen,Duftstoff|Duftwasser,,,Goethe-Zertifikat A2 Wortliste,,reviewed
1396,vocabulary,Park,public enclosed area of land with grass and trees,park,Ich gehe gern im Park spazieren.,I like going for a walk in the park.,A2,noun,4,very_common,Urban nature and recreation space noun,lexicographer,2026-09-10,750,neutral,,city,nature,der,Parks,Parks,,,,,,,,im Park joggen|durch den Park laufen,Grünanlage|Stadtpark,,,Goethe-Zertifikat A2 Wortliste,,reviewed
1397,vocabulary,parken,to bring a vehicle to a halt and leave it,to park,Darf ich hier parken?,Am I allowed to park here?,A2,verb,4,very_common,Driving and road traffic action verb,lexicographer,2026-09-10,1180,neutral,,transport,traffic,,,,false,false,haben,parkt,parkte,geparkt,in + Dat.,das Auto parken | Parken verboten | hier parken,abstellen|parkieren,,,,,reviewed
1398,vocabulary,passen,to be of the correct size or suitable,to fit / suit,Die Bluse passt mir nicht.,The blouse does not fit me.,A2,verb,5,essential,Clothing fit and contextual suitability verb,lexicographer,2026-09-10,380,neutral,,clothing|general,suitability,,,,false,false,haben,passt,passte,gepasst,zu + Dat. | Dat,gut passen|welches Wort passt,sitzen|harmonieren|übereinstimmen,drücken|missfallen,,,,reviewed
1399,vocabulary,passieren,to happen,occur,"or take place, to happen / occur, Wie ist der Unfall passiert?",How did the accident happen?,A2,verb,5,essential,Core event occurrence verb,lexicographer,2026-09-10,240,neutral,,general,events,,,,false,false,sein,passiert,passierte,ist passiert,Dat,was ist passiert|nichts passiert,geschehen|sich ereignen,,,,,reviewed
1400,vocabulary,Passwort,secret word or string used for digital authentication,password,Bitte schreiben Sie Ihr Passwort.,Please write your password.,A2,noun,4,very_common,Digital security and computing noun,lexicographer,2026-09-10,1450,neutral,,internet,technology,das,Passwörter,Passworts;Passwortes,,,,,,,,Passwort eingeben|Passwort vergessen|neues Passwort,Kennwort|Code,,,Goethe-Zertifikat A2 Wortliste,,reviewed
1401,vocabulary,PC,abbreviation for personal computer,PC / personal computer,Wann bekommst du deinen PC?,When are you getting your PC?,A2,noun,4,very_common,Computing hardware noun,lexicographer,2026-09-10,650,neutral,,technology,devices,der,PCs,PCs,,,,,,,,am PC sitzen|PC einschalten,Computer|Rechner,,,Goethe-Zertifikat A2 Wortliste,,reviewed
1402,vocabulary,Pferd,large domesticated solid-hoofed herbivorous mammal,horse,Amira liebt Pferde. Sie reitet seit zehn Jahren.,Amira loves horses. She has been riding for ten years.,A2,noun,4,very_common,Animals;equestrian sports;and leisure noun,lexicographer,2026-09-10,880,neutral,,nature|sports,animals,das,Pferde,Pferdes;Pferds,,,,,,,,Pferde reiten|auf dem Pferd sitzen,Ross|Gaul,,,Goethe-Zertifikat A2 Wortliste,,reviewed
1403,vocabulary,Physik,branch of science studying matter,energy,"and motion, physics, Physik fällt mir nicht leicht.",Physics isn't easy for me.,A2,noun,4,very_common,Natural sciences and school subjects noun,lexicographer,2026-09-10,850,neutral,,school|science,education,die,-,Physik,,,,,,,,Physik und Chemie|Experiment in Physik,Naturlehre,,,Goethe-Zertifikat A2 Wortliste,,reviewed
1404,vocabulary,Pizza,baked flat round dough topped with tomato and cheese,pizza,Mein Lieblingsessen ist Pizza.,My favorite food is pizza.,A2,noun,4,very_common,Gastronomy;fast food;and dining noun,lexicographer,2026-09-10,1150,neutral,,food,gastronomy,die,Pizzas,Pizza,,,,,,,,Pizza essen|Pizza bestellen|Stück Pizza,italienisches Gericht,,,Goethe-Zertifikat A2 Wortliste,,reviewed
1405,vocabulary,Plakat,large printed sign or poster displayed publicly,poster / placard,Wir machen im Unterricht ein Plakat zum Thema Essen.,We are making a poster on food in class.,A2,noun,4,very_common,Public display;advertising;and school project noun,lexicographer,2026-09-10,1650,neutral,,media|school,arts,das,Plakate,Plakats;Plakates,,,,,,,,ein Plakat machen|Plakat aufhängen,Poster|Anschlagzettel,,,Goethe-Zertifikat A2 Wortliste,,reviewed
1406,vocabulary,planen,to arrange parts of an intention in advance,to plan,Wir sollen zusammen eine Klassenparty planen.,We are supposed to plan a class party together.,A2,verb,5,essential,Future intention;organization;and design verb,lexicographer,2026-09-10,480,neutral,,general|work,organization,,,,false,false,haben,plant,plante,geplant,,,etwas planen|planen zu + Inf.,eine Reise planen|Zukunft planen,organisieren|vorhaben|entwerfen,,,reviewed
1407,vocabulary,plötzlich,occurring unexpectedly and rapidly,suddenly,Plötzlich war das Licht aus.,Suddenly the light was off.,A2,adverb,5,essential,Narrative and temporal transition adverb,lexicographer,2026-09-10,310,neutral,,general,time,,,,,,,,,,,temporales Adverb|ganz plötzlich|plötzlich aufhören,auf einmal|unverhofft,allmählich|langsam,allmählich|langsam,Goethe-Zertifikat A2 Wortliste,,reviewed
1408,vocabulary,Polizist,sworn officer of the civilian police force,police officer (male),Mein Mann ist Polizist.,My husband is a police officer.,A2,noun,4,very_common,Law enforcement and public safety professions noun,lexicographer,2026-09-10,780,neutral,,safety|work,professions,der,Polizisten,Polizisten,,,,,,,,Polizist um Hilfe bitten|im Dienst sein,Beamter|Ordnungshüter,Verbrecher,,Goethe-Zertifikat A2 Wortliste,,reviewed
1409,vocabulary,Polizistin,female sworn officer of the police force,police officer (female),Die Polizistin kontrolliert den Verkehr.,The female police officer checks the traffic.,A2,noun,4,very_common,Law enforcement and public safety professions noun,lexicographer,2026-09-10,1280,neutral,,safety|work,professions,die,Polizistinnen,Polizistin,,,,,,,,Polizistin auf der Wache,Beamtin|Ordnungshüterin,Verbrecherin,,Goethe-Zertifikat A2 Wortliste,,reviewed
1410,vocabulary,Portion,single serving of food or drink for one person,portion / serving,Ich nehme eine kleine Portion Eis.,I'll take a small portion of ice cream.,A2,noun,4,very_common,Gastronomy and dining measure noun,lexicographer,2026-09-10,1650,neutral,,food,gastronomy,die,Portionen,Portion,,,,,,,,eine Portion bestellen|große Portion|extra Portion,Ration|Portionierung|Teller voll,,,Goethe-Zertifikat A2 Wortliste,,reviewed
1411,vocabulary,Poster,large printed picture used for room decoration,poster,Das Poster hängt über dem Bett.,The poster hangs above the bed.,A2,noun,3,common,Interior room decoration and youth culture noun,lexicographer,2026-09-10,1950,neutral,,housing|culture,media,das,Poster,Posters,,,,,,,,Poster aufhängen|Poster von der Band,Wandbild|Plakat,,,Goethe-Zertifikat A2 Wortliste,,reviewed
1412,vocabulary,praktisch,concerned with actual practice / convenient,practical / convenient / useful,Das finde ich sehr praktisch.,I find that very practical.,A2,adjective,4,very_common,Everyday utility and feasibility adjective,lexicographer,2026-09-10,680,neutral,,general,utility,,,,,,,,,,,predicative/attributive/adverbial|sehr praktisch|praktisch veranlagt,nützlich|zweckmäßig|handlich,unpraktisch|umständlich,theoretisch|unpraktisch,Goethe-Zertifikat A2 Wortliste,,reviewed
1413,vocabulary,preiswert,offering good value for monetary expenditure,inexpensive / good value,Die Jacke ist sehr preiswert.,The jacket is very good value.,A2,adjective,4,very_common,Shopping;evaluation;and pricing adjective,lexicographer,2026-09-10,1280,neutral,,shopping,price,,,,,,,,,,,predicative/attributive,sehr preiswert|preiswerte Wohnung,günstig|bezahlbar|billig,teuer|überteuert,,,reviewed
1414,vocabulary,pro,for each unit,person,"or interval, per / each, Das Zimmer kostet 100 Euro pro Nacht.",The room costs 100 euros per night.,A2,preposition,5,essential,Distribution and pricing rate preposition,lexicographer,2026-09-10,340,neutral,,shopping|general,rate,,,,,,,,,,pro + Akk./Dat.,pro Person|pro Nacht|15 Euro pro Stunde,je|für jeden,,,Goethe-Zertifikat A2 Wortliste,,reviewed
1415,vocabulary,probieren,to taste food or test an action to see result,to try / taste / sample,Möchten Sie den Käse probieren?,Would you like to sample the cheese?,A2,verb,4,very_common,Culinary tasting and action attempt verb,lexicographer,2026-09-10,880,neutral,,food|general,action,,,,false,false,haben,probiert,probierte,probiert,Akk,den Kuchen probieren | mal probieren | probieren zu + Inf.,versuchen|kosten|testen,,,,,reviewed
1416,vocabulary,Produkt,article or substance that is manufactured or refined,product,Unsere Produkte haben eine sehr hohe Qualität.,Our products have a very high quality.,A2,noun,4,very_common,Commerce and industrial manufacturing noun,lexicographer,2026-09-10,420,neutral,,commerce|work,goods,das,Produkte,Produkts;Produktes,,,,,,,,Produkte herstellen|Bio-Produkt,Erzeugnis|Ware,,,Goethe-Zertifikat A2 Wortliste,,reviewed
1417,vocabulary,Programm,broadcast schedule or series of planned activities,program,Was kommt heute im Kino? Hast du das Programm hier?,What is showing at the cinema today? Do you have the program here?,A2,noun,5,essential,Media and entertainment schedule noun,lexicographer,2026-09-10,310,neutral,,media|leisure,entertainment,das,Programme,Programms;Programmes,,,,,,,,Kinoprogramm|Programm im Radio|Computerprogramm,Ablauf|Sendeplan,,,Goethe-Zertifikat A2 Wortliste,,reviewed
1418,vocabulary,Projekt,collaborative enterprise planned to achieve an aim,project,Wir machen ein Projekt über Sehenswürdigkeiten.,We are doing a project on sights.,A2,noun,5,essential,Work and educational assignment noun,lexicographer,2026-09-10,380,neutral,,work|education,organization,das,Projekte,Projekts;Projektes,,,,,,,,ein Projekt leiten|Projekt abschließen,Vorhaben|Plan,,,Goethe-Zertifikat A2 Wortliste,,reviewed
1419,vocabulary,prüfen,to assess knowledge or inspect accuracy,to examine / test / check,Bitte prüfen Sie die Rechnung sofort.,Please check the invoice immediately.,A2,verb,4,very_common,Inspection and examination action verb,lexicographer,2026-09-10,610,neutral,,education|work,verification,,,,false,false,haben,prüft,prüfte,geprüft,Akk | auf + Akk.,eine Rechnung prüfen|Wissen prüfen,kontrollieren|begutachten|testen,,,,,reviewed
1420,vocabulary,Prüfer,official assessing candidate performance in exams,examiner,Der Prüfer stellt eine Frage.,The examiner asks a question.,A2,noun,3,common,Exam administration and certification noun,lexicographer,2026-09-10,2100,neutral,,education,exams,der,Prüfer,Prüfers,,,,,,,,mit dem Prüfer sprechen|strenger Prüfer,Examinator|Gutachter,,,Goethe-Zertifikat A2 Wortliste,,reviewed
1421,vocabulary,Prüferin,female official assessing candidates in exams,examiner (female),Die Prüferin erklärt den Ablauf.,The female examiner explains the procedure.,A2,noun,3,common,Exam administration and certification noun,lexicographer,2026-09-10,2650,neutral,,education,exams,die,Prüferinnen,Prüferin,,,,,,,,die Prüferin bewertet das Gespräch,Examinatorin,,,Goethe-Zertifikat A2 Wortliste,,reviewed
1422,vocabulary,Pullover,knitted garment worn over upper body,pullover / sweater,Ich muss mir einen Pullover kaufen.,I have to buy myself a sweater.,A2,noun,4,very_common,Clothing and winter apparel noun,lexicographer,2026-09-10,1450,neutral,,clothing,attire,der,Pullover,Pullovers,,,,,,,,warmer Pullover|Wollpullover,Pulli|Strickpullover,,,Goethe-Zertifikat A2 Wortliste,,reviewed
1423,vocabulary,Punkt,scored unit awarded in exam or punctuation full stop,point / mark / dot,Wie viele Punkte haben Sie erreicht?,How many points did you achieve?,A2,noun,5,essential,Exam scoring and typography noun,lexicographer,2026-09-10,180,neutral,,education|math,score,der,Punkte,Punktes;Punkts,,,,,,,,Punkte zählen|volle Punktzahl|Punkt am Satzende,Score|Zählerstand,,,Goethe-Zertifikat A2 Wortliste,,reviewed
1424,vocabulary,putzen,to clean or polish household surfaces/teeth,to clean / polish / brush,Ich muss heute noch das Bad putzen.,I still have to clean the bathroom today.,A2,verb,4,very_common,Domestic cleaning and dental hygiene verb,lexicographer,2026-09-10,1180,neutral,,household|daily_routine,hygiene,,,,false,false,haben,putzt,putzte,geputzt,Akk,Zähne putzen|Fenster putzen|Bad putzen,reinigen|säubern,beschmutzen,,,,reviewed
1425,vocabulary,Qualität,standard of something measured against other things,quality,Dieser Fernseher hat eine gute Qualität.,This television has good quality.,A2,noun,4,very_common,Standards of goods and evaluation noun,lexicographer,2026-09-10,480,neutral,,commerce,standards,die,Qualitäten,Qualität,,,,,,,,gute Qualität|hohe Qualität|Qualität vor Preis,Güte|Güteklasse,Minderwertigkeit,Minderwertigkeit,Goethe-Zertifikat A2 Wortliste,,reviewed
1426,vocabulary,Quiz,entertainment game or competition testing knowledge,quiz,Er schaut gern Quizsendungen an.,He likes watching quiz shows.,A2,noun,3,common,Entertainment and broadcasting games noun,lexicographer,2026-09-10,2100,neutral,,entertainment,games,das,Quiz,Quiz,,,,,,,,beim Quiz gewinnen|Quizsendung,Ratespiel|Frage-Antwort-Spiel,,,Goethe-Zertifikat A2 Wortliste,,reviewed
1427,vocabulary,Rappen,monetary fractional unit in Switzerland (centime),rappen,1 Franke hat 100 Rappen.,One franc has 100 rappen.,A2,noun,3,common,Swiss monetary fractional unit noun,lexicographer,2026-09-10,2400,neutral,,finances|shopping,currency,der,Rappen,Rappens,,,,,,,,fünfzig Rappen|Rappenmünzen,Centime,,,Goethe-Zertifikat A2 Wortliste,,reviewed
1428,vocabulary,raten,to give advice to someone or make a guess,to advise / guess,Was raten Sie mir?,What do you advise me?,A2,verb,4,very_common,Consultation and guessing game verb,lexicographer,2026-09-10,720,neutral,,communication,advice,,,,false,false,haben,rät,riet,geraten,zu + Dat. | Dat,gut raten | rate mal | raten wer/was,empfehlen|vermuten,abraten,,,,reviewed
1429,vocabulary,Rathaus,building housing the municipal government,town hall / city hall,Das Formular bekommen Sie im Rathaus.,You can get the form at the town hall.,A2,noun,4,very_common,Civic administration and municipal buildings noun,lexicographer,2026-09-10,1180,neutral,,administration,city,das,Rathäuser,Rathauses;Rathauss,,,,,,,,im Rathaus anmelden|zum Rathaus gehen,Stadthaus|Gemeindezentrum,,,Goethe-Zertifikat A2 Wortliste,,reviewed
1430,vocabulary,Rätsel,puzzle or mysterious problem designed to test ingenuity,riddle / puzzle,Das Rätsel ist schwierig! Ich weiß die Antwort nicht.,The riddle is difficult! I don't know the answer.,A2,noun,4,very_common,Games;intellect;and leisure noun,lexicographer,2026-09-10,1450,neutral,,leisure|games,intellect,das,Rätsel,Rätsels,,,,,,,,ein Rätsel lösen|Kreuzworträtsel,Denkaufgabe|Mysterium,,,Goethe-Zertifikat A2 Wortliste,,reviewed
1431,vocabulary,rechnen,to determine mathematical values or calculate,to calculate / do sums,Sarah kann gut rechnen.,Sarah can do calculations well.,A2,verb,4,very_common,Mathematics;finances;and calculation verb,lexicographer,2026-09-10,650,neutral,,math,action,,,,false,false,haben,rechnet,rechnete,gerechnet,,,mit + Dat. rechnen|etwas rechnen,Zahlen rechnen|schnell rechnen,kalkulieren|zählen,,,reviewed
1432,phrase,recht haben,to be correct or justified in opinion/judgment,to be right,Du hast recht.,You are right.,A2,phrase,5,essential,Core conversational validation phrase,lexicographer,2026-09-10,380,neutral,,communication,opinion,,,,,,,,,,,Prädikatsausdruck,Recht haben mit|absolut recht haben,richtig liegen,unrecht haben|sich irren,Goethe-Zertifikat A2 Wortliste,,reviewed
1433,vocabulary,reden,to speak words or converse with someone,to talk / speak,Mit meiner Freundin kann ich über alles reden.,With my friend I can talk about everything.,A2,verb,5,essential,Core spoken communication verb,lexicographer,2026-09-10,210,neutral,,communication,speech,,,,false,false,haben,redet,redete,geredet,mit + Dat.,miteinander reden|viel reden,sprechen|plauschen,schweigen,,,,reviewed
1434,vocabulary,reich,possessing great material wealth and monetary assets,rich / wealthy,Lotte ist reich. Sie hat sehr viel Geld.,Lotte is rich. She has a lot of money.,A2,adjective,4,very_common,Socio-economic wealth descriptor,lexicographer,2026-09-10,480,neutral,,finances,society,,,,,,,,,,,predicative/attributive|sehr reich sein|reiche Familie,wohlhabend|begütert,arm|mittellos,arm|mittellos,Goethe-Zertifikat A2 Wortliste,,reviewed
1435,vocabulary,Reifen,pneumatic rubber covering fitted around wheel,tire,Ich brauche neue Reifen für mein Auto.,I need new tires for my car.,A2,noun,4,very_common,Automotive components and road transport noun,lexicographer,2026-09-10,1320,neutral,,transport,vehicles,der,Reifen,Reifens,,,,,,,,Reifen wechseln|Winterreifen|Sommerreifen,Pneu|Autoreifen,,,Goethe-Zertifikat A2 Wortliste,,reviewed
1436,vocabulary,Reihe,line of people or items arranged sequentially,row / turn,Wir sitzen in der dritten Reihe.,We are sitting in the third row.,A2,noun,5,essential,Spatial arrangement and sequential turn noun,lexicographer,2026-09-10,380,neutral,,general|leisure,order,die,Reihen,Reihe,,,,,,,,an der Reihe sein|in der Reihe stehen|Reihe drei,Schlange|Abfolge,,,Goethe-Zertifikat A2 Wortliste,,reviewed
1437,vocabulary,Reinigung,business dry-cleaning clothes or process of cleaning,dry cleaners / cleaning,Bringst du bitte die Bluse in die Reinigung?,Will you please take the blouse to the dry cleaners?,A2,noun,3,common,Apparel care services noun,lexicographer,2026-09-10,1850,neutral,,clothing|services,hygiene,die,Reinigungen,Reinigung,,,,,,,,in die Reinigung bringen|chemische Reinigung,Textilreinigung|Säuberung,Verschmutzung,Verschmutzung,Goethe-Zertifikat A2 Wortliste,,reviewed
1438,vocabulary,reiten,to sit on and control the movement of a horse,to ride (horses),Möchtest du reiten lernen?,Would you like to learn horse riding?,A2,verb,4,very_common,Equestrian sport and leisure verb,lexicographer,2026-09-10,1350,neutral,,sports|leisure,animals|auxiliary:sein/haben,,,,false,false,sein,reitet,ritt,geritten,auf + Dat.,reiten lernen | über die Felder reiten | Pferd reiten,zu Pferde gehen,,,,,reviewed
1439,vocabulary,Religion,instruction in religious doctrine and faith,religious education,Donnerstags haben wir Religion.,On Thursdays we have religious education.,A2,noun,4,very_common,School subjects and world faiths noun,lexicographer,2026-09-10,610,neutral,,school|religion,education,die,-,Religion,,,,,,,,Religionsunterricht|über Religion sprechen,Glaubenslehre,,Atheismus,Goethe-Zertifikat A2 Wortliste,,reviewed
1440,vocabulary,renovieren,to restore housing or decor to good condition,to renovate / redecorate,Wir renovieren das ganze Haus.,We are renovating the whole house.,A2,verb,4,very_common,Housing refurbishment and maintenance verb,lexicographer,2026-09-10,1650,neutral,,housing,construction,,,,false,false,haben,renoviert,renovierte,renoviert,Akk,die Wohnung renovieren|das Zimmer streichen,modernisieren|sanieren,verfallen lassen,,,,reviewed
1441,vocabulary,Rentner,person receiving a pension retired from work,pensioner / retiree,Mein Onkel arbeitet nicht mehr. Er ist Rentner.,My uncle doesn't work anymore. He is a pensioner.,A2,noun,4,very_common,Demographics and retirement noun,lexicographer,2026-09-10,1180,neutral,,work|society,people,der,Rentner,Rentners,,,,,,,,Ermäßigung für Rentner|im Ruhestand sein,Ruheständler|Pensionär,Erwerbstätiger,,Goethe-Zertifikat A2 Wortliste,,reviewed
1442,vocabulary,Rentnerin,female person receiving a pension retired from work,pensioner (female) / retiree,Sie arbeitet nicht mehr. Sie ist Rentnerin.,She doesn't work anymore. She is a female retiree.,A2,noun,4,very_common,Demographics and retirement noun,lexicographer,2026-09-10,1450,neutral,,work|society,people,die,Rentnerinnen,Rentnerin,,,,,,,,Rentnerin werden|als Rentnerin leben,Ruheständlerin|Pensionärin,Erwerbstätige,,Goethe-Zertifikat A2 Wortliste,,reviewed
1443,vocabulary,reservieren,to retain for a person's future use,to reserve / book,Reservieren Sie bitte ein Doppelzimmer.,Please reserve a double room.,A2,verb,4,very_common,Hospitality;travel;and restaurant booking verb,lexicographer,2026-09-10,890,neutral,,gastronomy|travel,transactions,,,,false,false,haben,reserviert,reservierte,reserviert,,,etwas für + Akk. reservieren,einen Tisch reservieren|Plätze reservieren,buchen|vorbestellen,,,reviewed
1444,vocabulary,Rest,quantity or piece remaining over,rest / remainder / leftovers,Hier sind 50 Euro. Den Rest gebe ich dir später.,Here is 50 euros. The rest I will give you later.,A2,noun,4,very_common,Financial change and remaining quantity noun,lexicographer,2026-09-10,680,neutral,,general,quantity,der,Reste,Restes;Rests,,,,,,,,den Rest behalten|ein Rest Suppe,Überbleibsel|Restbetrag,Ganzes,,Goethe-Zertifikat A2 Wortliste,,reviewed
1445,vocabulary,Rezept,culinary formula or doctor's medical prescription,recipe / prescription,Kannst du mir bitte das Rezept geben?,Can you please give me the recipe?,A2,noun,4,very_common,Cooking instructions and pharmacy prescription noun,lexicographer,2026-09-10,810,neutral,,cooking|health,instructions,das,Rezepte,Rezepts;Rezeptes,,,,,,,,Rezept backen|Medikament auf Rezept bekommen,Kochanleitung|Verordnung,,,Goethe-Zertifikat A2 Wortliste,,reviewed
1446,vocabulary,Rind,bovine animal or cattle meat/beef,beef / cattle,Ich esse nur Fleisch vom Rind.,I only eat meat from beef.,A2,noun,4,very_common,Food;meat;and cattle noun,lexicographer,2026-09-10,1850,neutral,,food|nature,groceries,das,Rinder,Rindes;Rinds,,,,,,,,Rindfleisch|Fleisch vom Rind,Rindvieh|Hausrind,,,Goethe-Zertifikat A2 Wortliste,,reviewed
1447,vocabulary,Ring,circular band of precious metal worn on finger,ring,Ich habe meinen Ring verloren.,I lost my ring.,A2,noun,4,very_common,Jewelry;personal adornment;and shape noun,lexicographer,2026-09-10,850,neutral,,clothing|general,jewelry,der,Ringe,Rings;Ringes,,,,,,,,den Ring tragen|goldener Ring|Ehering,Fingerring|Reif,,,Goethe-Zertifikat A2 Wortliste,,reviewed
1448,vocabulary,Rock,garment hanging from the waist downward,skirt,Der Rock ist zu eng.,The skirt is too tight.,A2,noun,4,very_common,Clothing and women's fashion noun,lexicographer,2026-09-10,1150,neutral,,clothing,attire,der,Röcke,Rocks;Rockes,,,,,,,,Rock anziehen|kurzer Rock|langer Rock,Faltenrock,,,Goethe-Zertifikat A2 Wortliste,,reviewed
1449,vocabulary,romantisch,characteristic of romance,love,"or idealism, romantic, Dieser Film ist sehr romantisch.",This movie is very romantic.,A2,adjective,4,very_common,Emotional sentiment;atmosphere;and media adjective,lexicographer,2026-09-10,1450,neutral,,social|media,feelings,,,,,,,,,,,predicative/attributive,total romantisch|romantisches Abendessen,gefühlvoll|schwärmerisch,unromantisch|nüchtern,,,reviewed
1450,vocabulary,rosa,having a pale reddish or pink hue,pink / rose,Meine Tochter liebt rosa Schuhe.,My daughter loves pink shoes.,A2,adjective,4,very_common,Color spectrum and fashion appearance adjective,lexicographer,2026-09-10,1650,neutral,,general,colors,,,,,,,,,,,predicative/attributive,rosa Bluse|zartes Rosa,pink|rosenfarben,,Goethe-Zertifikat A2 Wortliste,,reviewed
1451,vocabulary,Rose,prickly shrub bearing fragrant colorful flowers,rose,Er schenkt seiner Freundin rote Rosen zum Geburtstag.,He gifts his girlfriend red roses for her birthday.,A2,noun,4,very_common,Flowers;gifts;and nature noun,lexicographer,2026-09-10,1350,neutral,,nature|social,plants,die,Rosen,Rose,,,,,,,,rote Rosen|Rosen schenken|Rosenstrauß,Blume|Edelrose,,,Goethe-Zertifikat A2 Wortliste,,reviewed
1452,vocabulary,Rücken,posterior part of the human torso from neck to pelvis,back,Mein Rücken tut mir weh.,My back hurts.,A2,noun,4,very_common,Human anatomy and health noun,lexicographer,2026-09-10,750,neutral,,body,health,der,Rücken,Rückens,,,,,,,,Rückenschmerzen haben|auf dem Rücken liegen,Kreuz|Dorsum,Brust|Bauch,Brust|Bauch,Goethe-Zertifikat A2 Wortliste,,reviewed
1453,vocabulary,Rucksack,bag with shoulder straps carried on the back,backpack / rucksack,Ich nehme lieber einen Rucksack als einen Koffer mit.,I prefer taking a backpack rather than a suitcase with me.,A2,noun,4,very_common,Luggage;travel;and school gear noun,lexicographer,2026-09-10,1450,neutral,,travel,luggage,der,Rucksäcke,Rucksacks;Rucksackes,,,,,,,,den Rucksack packen|Rucksack tragen,Tornister|Ranzen,,,Goethe-Zertifikat A2 Wortliste,,reviewed
1454,vocabulary,rufen,to call out loudly to attract someone's attention,to call / shout,Wir müssen einen Arzt rufen.,We have to call a doctor.,A2,verb,5,essential,Vocal call and emergency summoning verb,lexicographer,2026-09-10,280,neutral,,communication,speech,,,,false,false,haben,ruft,rief,gerufen,Akk | nach + Dat.,die Kinder rufen|Hilfe rufen|Taxi rufen,schreien|herbeirufen,flüstern,,,,reviewed
1455,vocabulary,Ruhe,state of silence,stillness,"or tranquility, peace / quiet / rest, Ruhe bitte! Hier in der Bibliothek darf man nicht laut sprechen.",Quiet please! Here in the library one is not allowed to speak loudly.,A2,noun,4,very_common,Silence;rest;and wellness noun,lexicographer,2026-09-10,480,neutral,,health|general,state,die,-,Ruhe,,,,,,,,in Ruhe lassen|Ruhe brauchen|zur Ruhe kommen,Stille|Rast|Gelassenheit,Unruhe|Lärm,,Goethe-Zertifikat A2 Wortliste,,reviewed
1456,vocabulary,rund,having a curved circular shape or approximately,round / circular / around,Unser Wohnzimmertisch ist rund.,Our living room table is round.,A2,adjective,5,essential,Geometric form and numerical approximation adjective/adverb,lexicographer,2026-09-10,210,neutral,,general,shape,,,,,,,,,,,predicative/attributive/adverbial|runder Tisch|rund 80 Kilometer,kreisförmig|zirka|etwa,eckig|kantig,eckig|exakt,Goethe-Zertifikat A2 Wortliste,,reviewed
1457,vocabulary,Rundgang,tour on foot around a building or town,circuit / walking tour,Der Rundgang durch das Schloss beginnt in wenigen Minuten.,The tour through the palace begins in a few minutes.,A2,noun,3,common,Tourism;sightseeing;and architecture noun,lexicographer,2026-09-10,2100,neutral,,travel,sightseeing,der,Rundgänge,Rundgangs;Rundganges,,,,,,,,einen Rundgang machen|Rundgang durch das Museum,Besichtigungstour|Rundgang,,,Goethe-Zertifikat A2 Wortliste,,reviewed
1458,vocabulary,Sache,material object,affair,"personal matter, or belonging, thing / affair / belonging, Nimm deine Sachen und komm!",Take your things and come!,A2,noun,5,essential,Universal entity;personal affair;and luggage noun,lexicographer,2026-09-10,120,neutral,,general,objects,die,Sachen,Sache,,,,,,,,das ist meine Sache|seine Sachen packen,Ding|Angelegenheit|Gegenstand,,,Goethe-Zertifikat A2 Wortliste,,reviewed
1459,vocabulary,sammeln,to gather things together from various places,to collect / gather,Peter sammelt Briefmarken.,Peter collects stamps.,A2,verb,4,very_common,Hobbies;nature;and organizing verb,lexicographer,2026-09-10,650,neutral,,hobbies|nature,action,,,,false,false,haben,sammelt,sammelte,gesammelt,,,etwas sammeln,Briefmarken sammeln|Blätter im Wald sammeln,zusammentragen|anhäufen,,,reviewed
1460,vocabulary,samstags,on Saturdays as a recurring occurrence,on Saturdays,Samstags ist hier Markt.,On Saturdays there is a market here.,A2,adverb,4,very_common,Weekly recurring weekend adverb,lexicographer,2026-09-10,850,neutral,,time,frequency,,,,,,,,,,,temporales Adverb,jeden Samstag|samstags einkaufen,am Samstag,,Goethe-Zertifikat A2 Wortliste,,reviewed
1461,vocabulary,Sänger,male vocalist performing songs,singer (male),Er ist ein berühmter Opernsänger.,He is a famous opera singer.,A2,noun,4,very_common,Music and vocal performance professions noun,lexicographer,2026-09-10,810,neutral,,music|art,professions,der,Sänger,Sängers,,,,,,,,Lieblingssänger|Leadsänger der Band,Vokalist|Interpret,Sängerin,,Goethe-Zertifikat A2 Wortliste,,reviewed
1462,vocabulary,Sängerin,female vocalist performing songs,singer (female),Diese Sängerin ist ein Star in Deutschland.,This singer is a star in Germany.,A2,noun,4,very_common,Music and vocal performance professions noun,lexicographer,2026-09-10,750,neutral,,music|art,professions,die,Sängerinnen,Sängerin,,,,,,,,bekannte Sängerin|Popsängerin,Vokalistin|Interpretin,Sänger,,Goethe-Zertifikat A2 Wortliste,,reviewed
1463,vocabulary,sauber,free from dirt,marks,"or stains, clean, Bringen Sie mir bitte ein sauberes Glas!",Please bring me a clean glass!,A2,adjective,4,very_common,Hygiene;household;and clarity adjective,lexicographer,2026-09-10,680,neutral,,household|hygiene,state,,,,,,,,,,,predicative/attributive,sauberes Zimmer|sauber machen,gereinigt|rein|fleckenlos,schmutzig|dreckig,,,reviewed
1464,vocabulary,sauer,acidic in taste or angry/annoyed,sour / annoyed / pissed off,Ich bin sauer.,I am annoyed.,A2,adjective,4,very_common,Food flavor and emotional irritation adjective,lexicographer,2026-09-10,810,neutral,,food|psychology,feelings,,,,,,,,,,,predicative/attributive|sauer sein auf + Akk.|saure Zitrone,wütend|säuerlich|erbost,süß|fröhlich,süß|erfreut,Goethe-Zertifikat A2 Wortliste,,reviewed
1465,vocabulary,schade,used to express regret,disappointment,"or pity, pity / shame / too bad, Schade, dass du nicht kommen kannst.",It's a pity that you cannot come.,A2,interjection,5,essential,Emotional empathy and regret particle,lexicographer,2026-09-10,610,neutral,,communication,emotion,,,,,,,,,,,prädikativ / Ausruf,wie schade|zu schade,bedauerlich|traurig,ein Glück,Goethe-Zertifikat A2 Wortliste,,reviewed
1466,vocabulary,schädlich,causing harm,damage,"or injury, harmful / damaging, Rauchen ist schädlich für die Gesundheit.",Smoking is harmful to health.,A2,adjective,4,very_common,Health risks and environmental adjective,lexicographer,2026-09-10,1350,neutral,,health,safety,,,,,,,,,,,predicative/attributive|schädlich für + Akk.,gesundheitsschädlich|giftig,gesund|nützlich,nützlich|gesund,Goethe-Zertifikat A2 Wortliste,,reviewed
1467,vocabulary,schaffen,to successfully manage,achieve,"or accomplish, to manage / accomplish / make it, Geschafft! Das Projekt ist endlich fertig.",Done! The project is finally finished.,A2,verb,5,essential,Effort;completion;and success verb,lexicographer,2026-09-10,240,neutral,,work|general,success,,,,false,false,haben,schafft,schaffte,geschafft,,,etwas schaffen|es schaffen zu + Inf.,das schaffe ich allein|die Prüfung schaffen,bewältigen|hinkriegen|vollenden,,,reviewed
1468,vocabulary,scharf,having a keen cutting edge or spicy pungent taste,sharp / spicy / hot,Pass auf! Das Messer ist sehr scharf.,Watch out! The knife is very sharp.,A2,adjective,4,very_common,Blades and spicy culinary flavor adjective,lexicographer,2026-09-10,750,neutral,,food|tools,taste,,,,,,,,,,,predicative/attributive|scharfe Suppe|scharfes Messer|scharfes Essen,spitz|pikant|feurig,stumpf|mild,mild|stumpf,Goethe-Zertifikat A2 Wortliste,,reviewed
1469,vocabulary,Schauspieler,male artist performing dramatic roles,actor,Er ist ein berühmter Schauspieler.,He is a famous actor.,A2,noun,4,very_common,Theatre;film;and performing arts professions noun,lexicographer,2026-09-10,650,neutral,,culture|media,professions,der,Schauspieler,Schauspielers,,,,,,,,als Schauspieler im Film mitspielen|Theaterschauspieler,Darsteller|Mime,Schauspielerin,,Goethe-Zertifikat A2 Wortliste,,reviewed
1470,vocabulary,Schauspielerin,female artist performing dramatic roles,actress,Sie ist eine bekannte Schauspielerin.,She is a famous actress.,A2,noun,4,very_common,Theatre;cinema;and performing arts professions noun,lexicographer,2026-09-10,780,neutral,,culture|media,professions,die,Schauspielerinnen,Schauspielerin,,,,,,,,die Rolle der Schauspielerin|Filmschauspielerin,Darstellerin|Mimin,Schauspieler,,Goethe-Zertifikat A2 Wortliste,,reviewed
1471,vocabulary,schenken,to give something willingly as a present,to give (as a present) / gift,Was schenken wir Michael zum Geburtstag?,What are we giving Michael for his birthday?,A2,verb,4,very_common,Social gifts and celebrations verb,lexicographer,2026-09-10,650,neutral,,social,celebration,,,,false,false,haben,schenkt,schenkte,geschenkt,Dat | Akk,Geschenke schenken|Blumen schenken,überreichen|beschenken,wegnehmen|kaufen,,,,reviewed
1472,vocabulary,Schere,cutting tool consisting of two pivoted blades,scissors,Die Schere schneidet nicht gut.,The scissors do not cut well.,A2,noun,4,very_common,Stationery;household;and craft tools noun,lexicographer,2026-09-10,1950,neutral,,office|household,tools,die,Scheren,Schere,,,,,,,,mit der Schere schneiden|scharfe Schere,Schneidewerkzeug,,,Goethe-Zertifikat A2 Wortliste,,reviewed
1473,vocabulary,Schiff,large watercraft navigating oceans or rivers,ship / boat,Wir fahren mit dem Schiff von Basel nach Köln.,We are traveling by ship from Basel to Cologne.,A2,noun,4,very_common,Maritime transport and travel noun,lexicographer,2026-09-10,750,neutral,,travel,transport,das,Schiffe,Schiffes;Schiffs,,,,,,,,mit dem Schiff fahren|Schiff auf dem Rhein,Dampfer|Kahn|Boot,,,Goethe-Zertifikat A2 Wortliste,,reviewed
1474,vocabulary,schimpfen,to utter angry reproach or scold,to scold / rant / complain,Alle schimpfen über das Wetter.,Everyone is complaining about the weather.,A2,verb,4,very_common,Verbal anger and social reaction verb,lexicographer,2026-09-10,1320,neutral,,communication,feelings,,,,false,false,haben,schimpft,schimpfte,geschimpft,auf + Akk. | mit + Dat.,laut schimpfen|über das Auto schimpfen,meckern|tadeln|fluchen,loben,,,,reviewed
1475,vocabulary,Schirm,portable folding canopy protecting against rain,umbrella,"Nimm den Schirm mit, es regnet., Take the umbrella with you",it is raining.,A2,noun,4,very_common,Weather protection and accessories noun,lexicographer,2026-09-10,1450,neutral,,weather,accessories,der,Schirme,Schirmes;Schirms,,,,,,,,den Schirm aufspannen|Regenschirm mitnehmen,Regenschirm|Parapluie,,,Goethe-Zertifikat A2 Wortliste,,reviewed
1476,vocabulary,schlimm,causing severe distress,bad,"or serious, bad / serious / terrible, Kein Problem, das ist nicht so schlimm., No problem",that's not so bad.,A2,adjective,4,very_common,Evaluation of severity and regret adjective,lexicographer,2026-09-10,480,neutral,,general,evaluation,,,,,,,,,,,predicative/attributive|nicht so schlimm|schlimme Schmerzen,ärgerlich|furchtbar|gravierend,harmlos|erfreulich,harmlos|gut,Goethe-Zertifikat A2 Wortliste,,reviewed
1477,vocabulary,Schloss,fortified historic building or door fastener,castle / palace / lock,An unserer Tür ist das Schloss kaputt.,On our door the lock is broken.,A2,noun,4,very_common,Architecture tourism and security door locks noun,lexicographer,2026-09-10,810,neutral,,travel|housing,buildings,das,Schlösser,Schlosses,,,,,,,,Schloss besichtigen|Türschloss,Burg|Palast|Riegelschloss,,,Goethe-Zertifikat A2 Wortliste,,reviewed
1478,vocabulary,Schmerz,physical suffering caused by illness or injury,pain / ache,Haben Sie Schmerzen?,Do you have pain?,A2,noun,4,very_common,Healthcare;bodily symptoms;and illness noun,lexicographer,2026-09-10,680,neutral,,health,illness,der,Schmerzen,Schmerzes,,,,,,,,furchtbare Schmerzen|Bauchschmerzen|Halsschmerzen,Leiden|Weh|Pein,Wohlbefinden,,Goethe-Zertifikat A2 Wortliste,,reviewed
1479,vocabulary,schmutzig,covered with grime,dust,"or unwanted matter, dirty / soiled, Das Handtuch ist schmutzig.",The towel is dirty.,A2,adjective,4,very_common,Cleanliness and hygiene adjective,lexicographer,2026-09-10,1180,neutral,,household|hygiene,state,,,,,,,,,,,predicative/attributive|schmutzige Kleidung|schmutziges Geschirr,dreckig|unsauber,sauber|rein,sauber|rein,Goethe-Zertifikat A2 Wortliste,,reviewed
1480,vocabulary,Schnee,precipitation in the form of white ice crystals,snow,In den Bergen liegt viel Schnee.,In the mountains there is a lot of snow.,A2,noun,4,very_common,Winter weather and meteorology noun,lexicographer,2026-09-10,950,neutral,,weather,nature,der,-,Schnees,,,,,,,,im Schnee spielen|Schnee liegt,Kristallniederschlag,,,Goethe-Zertifikat A2 Wortliste,,reviewed
1481,vocabulary,schneiden,to sever or divide using an edged blade (reflexive),to cut / slice,Das Messer schneidet nicht gut.,The knife does not cut well.,A2,verb,4,very_common,Culinary;grooming;and injury action verb,lexicographer,2026-09-10,680,neutral,,household|health,action|reflexive_optional,,,,false,false,haben,schneidet,schnitt,geschnitten,,,etwas schneiden|sich (Akk.) schneiden,Brot schneiden|Haare schneiden|sich schneiden,zerteilen|stutzen,,,reviewed
1482,vocabulary,schneien,to precipitate snowflakes from clouds (impersonal),to snow,Morgen schneit es.,Tomorrow it will snow.,A2,verb,4,very_common,Winter weather meteorological verb,lexicographer,2026-09-10,1650,neutral,,weather,nature,,,,false,false,haben,schneit,schneite,geschneit,,es schneit|stark schneien,Schnee fallen,regnen,,Goethe-Zertifikat A2 Wortliste,,reviewed
1483,vocabulary,Schokolade,sweet brown food confection prepared from cacao,chocolate,Julia liebt Schokolade.,Julia loves chocolate.,A2,noun,4,very_common,Sweets;confection;and snacks noun,lexicographer,2026-09-10,1280,neutral,,food,groceries,die,-,Schokolade,,,,,,,,eine Tafel Schokolade|mit viel Schokolade,Süßigkeit|Kakaoerzeugnis,,,Goethe-Zertifikat A2 Wortliste,,reviewed
1484,vocabulary,schrecklich,inspiring extreme horror,unpleasantness,"or awful, terrible / dreadful / awful, Ich finde ihren Rock schrecklich.",I find her skirt terrible.,A2,adjective,4,very_common,Strong negative evaluative adjective/adverb,lexicographer,2026-09-10,850,neutral,,general,evaluation,,,,,,,,,,,predicative/attributive/adverbial|schrecklicher Film|schrecklich aussehen,furchtbar|entsetzlich|grausig,wunderbar|herrlich,wunderbar|herrlich,Goethe-Zertifikat A2 Wortliste,,reviewed
1485,vocabulary,schriftlich,expressed or documented in written letters,written / in writing,Sie müssen sich schriftlich anmelden.,You must register in writing.,A2,adjective,4,very_common,Administrative procedures and exam format adjective/adverb,lexicographer,2026-09-10,1180,neutral,,administration|education,formats,,,,,,,,,,,predicative/attributive/adverbial|schriftliche Prüfung|schriftlich einreichen,in Textform|geschrieben,mündlich,mündlich,Goethe-Zertifikat A2 Wortliste,,reviewed
1486,vocabulary,schwach,lacking physical strength,intensity,"or effect, weak / faint, Er ist krank und schwach.",He is ill and weak.,A2,adjective,4,very_common,Physical strength and medicinal effect adjective,lexicographer,2026-09-10,480,neutral,,health|body,power,,,,,,,,,,,predicative/attributive|sich schwach fühlen|zu schwache Tabletten,kraftlos|matt|wirkungslos,stark|kräftig,stark|kräftig,Goethe-Zertifikat A2 Wortliste,,reviewed
1487,vocabulary,schwanger,carrying a developing fetus within the womb,pregnant,Lena ist schwanger. Sie bekommt im Juli ein Kind.,Lena is pregnant. She is having a child in July.,A2,adjective,4,very_common,Reproduction;family;and health adjective,lexicographer,2026-09-10,1450,neutral,,family|health,life,,,,,,,,,,,nur prädikativ,schwanger sein|schwanger werden,in froher Erwartung,,,,reviewed
1488,vocabulary,Schwein,domesticated cloven-hoofed mammal reared for pork,pig / swine,Ich esse kein Schweinefleisch.,I do not eat pork.,A2,noun,4,very_common,Domestic livestock;meat;and fauna noun,lexicographer,2026-09-10,1180,neutral,,nature|food,animals,das,Schweine,Schweines;Schweins,,,,,,,,Schweinefleisch|Schwein haben,Sau|Borstentier,,,Goethe-Zertifikat A2 Wortliste,,reviewed
1489,vocabulary,schwierig,presenting difficulties / hard to resolve,difficult / hard,Die Prüfung war nicht schwierig.,The exam was not difficult.,A2,adjective,5,essential,Problem complexity and task difficulty adjective,lexicographer,2026-09-10,240,neutral,,general|education,difficulty,,,,,,,,,,,predicative/attributive|schwierige Situation|schwierige Aufgabe,kompliziert|heikel|anstrengend,einfach|leicht,einfach|leicht,Goethe-Zertifikat A2 Wortliste,,reviewed
1490,vocabulary,Seife,cleansing agent soluble in water used for washing,soap,Hier gibt es keine Seife.,There is no soap here.,A2,noun,4,very_common,Personal hygiene and bathroom supplies noun,lexicographer,2026-09-10,1950,neutral,,hygiene,bathroom,die,Seifen,Seife,,,,,,,,sich mit Seife waschen|Stück Seife|Flüssigseife,Waschmittel,,,Goethe-Zertifikat A2 Wortliste,,reviewed
1491,vocabulary,Seite,one face of a leaf of paper or lateral flank,page / side,Öffnen Sie das Kursbuch auf Seite 20.,Open the coursebook to page 20.,A2,noun,5,essential,Books;orientation;and directions noun,lexicographer,2026-09-10,180,neutral,,books|directions,space,die,Seiten,Seite,,,,,,,,auf der linken Seite|auf Seite 20|Webseite,Blattseite|Flanke,,,Goethe-Zertifikat A2 Wortliste,,reviewed
1492,vocabulary,Sekretariat,office handling clerical administration/records,administrative office / front office,Gehen Sie bitte ins Sekretariat.,Please go to the front office.,A2,noun,4,very_common,School and corporate office administration noun,lexicographer,2026-09-10,1350,neutral,,work|education,office,das,Sekretariate,Sekretariats;Sekretariates,,,,,,,,im Sekretariat melden|Unterlagen im Sekretariat abholen,Geschäftszimmer|Kanzlei,,,Goethe-Zertifikat A2 Wortliste,,reviewed
1493,vocabulary,selbst,used to emphasize identity of actor / by oneself,oneself / personally,"Du musst mir nicht helfen, ich mache das selbst., You don't have to help me",I will do that myself.,A2,pronoun,5,essential,Emphatic personal particle/pronoun,lexicographer,2026-09-10,110,neutral,,general,emphasis,,,,,,,,,,,Reflexiv- und Fokuspartikel,selbst kochen|selbst machen|ich selbst,eigenhändig|persönlich,fremd,Goethe-Zertifikat A2 Wortliste,,reviewed
1494,vocabulary,Sendung,radio/television broadcast program or postal dispatch,broadcast / TV show / consignment,Welche Sendungen schaust du gern an?,Which television shows do you like watching?,A2,noun,4,very_common,Media broadcasts and mail logistics noun,lexicographer,2026-09-10,680,neutral,,media|post,entertainment,die,Sendungen,Sendung,,,,,,,,Sportsendung|Sendung im Fernsehen|Postsendung,Ausstrahlung|TV-Programm|Paket,,,Goethe-Zertifikat A2 Wortliste,,reviewed
1495,vocabulary,Service,assistance provided to customers by business,service / customer service,Ich bin mit dem Service sehr zufrieden.,I am very satisfied with the customer service.,A2,noun,4,very_common,Customer assistance and hospitality noun,lexicographer,2026-09-10,480,neutral,,commerce|services,work,der,Services,Services,,,,,,,,guter Service|Pizza-Service|Service in der Werkstatt,Kundendienst|Bedienung,,,Goethe-Zertifikat A2 Wortliste,,reviewed
1496,vocabulary,setzen,to cause to sit down or place in seated position,to sit down (reflexive) / seat,Setz dich doch!,Do sit down!,A2,verb,5,essential,Core posture placement verb,lexicographer,2026-09-10,280,neutral,,daily_routine,action|reflexive_optional,,,,false,false,haben,setzt,setzte,gesetzt,in + Akk. | auf + Akk. | Akk,sich auf die Bank setzen|bitte setzen Sie sich,hinsetzen|platzieren,aufstehen,,,,reviewed
1497,vocabulary,sich umziehen,to change clothes into different garments (reflexive),to change (clothes),"Warte bitte, ich muss mich noch umziehen., Please wait",I still have to change my clothes.,A2,verb,4,very_common,Daily dressing routines and clothing verb,lexicographer,2026-09-10,1180,neutral,,clothing|daily_routine,action,,,,true,true,haben,zieht sich um,zog sich um,sich umgezogen,,sich schnell umziehen,andere Kleidung anziehen,ausziehen|anziehen,,Goethe-Zertifikat A2 Wortliste,,reviewed
1498,vocabulary,sicher,free from danger or firmly convinced,safe / secure / certain / surely,Er ist sicher gleich da.,He is surely here right away.,A2,adjective,5,essential,Safety;certainty;and epistemic adverb,lexicographer,2026-09-10,120,neutral,,safety|cognition,certainty,,,,,,,,,,,predicative/attributive/adverbial,ganz sicher sein|sicheres Auto,gewiss|geschützt|unbedenklich,unsicher|gefährlich,,,reviewed
1499,vocabulary,Silvester,the last day of the year on December 31,New Year's Eve,Was machst du an Silvester?,What are you doing on New Year's Eve?,A2,noun,4,very_common,Calendar celebrations and year-end party noun,lexicographer,2026-09-10,890,neutral,calendar|social,holidays,neuter/masculine,,-,Silvesters,,,,,,,,an Silvester feiern|Silvesterparty,Jahresabschluss|Altjahresabend,Neujahr,,Goethe-Zertifikat A2 Wortliste,,reviewed
1500,vocabulary,singen,to produce musical tones with the vocal cords,to sing,Er singt gern.,He likes singing.,A2,verb,4,very_common,Music;performance;and vocal arts verb,lexicographer,2026-09-10,610,neutral,,music,arts,,,,false,false,haben,singt,sang,gesungen,,,ein Lied singen|im Chor singen,schön singen|laut singen,trällern|musizieren,,,reviewed
1501,vocabulary,Situation,set of circumstances in which one finds oneself,situation / state of affairs,Ich bin in einer schwierigen Situation.,I am in a difficult situation.,A2,noun,4,very_common,Life conditions and exam context noun,lexicographer,2026-09-10,380,neutral,,general,state,die,Situationen,Situation,,,,,,,,schwierige Situation|welche Situation passt,Lage|Umstände|Zustand,,,Goethe-Zertifikat A2 Wortliste,,reviewed
1502,vocabulary,Ski,pair of long narrow runners fastened to boots,ski / skis,Gehen wir am Wochenende Ski fahren?,Shall we go skiing at the weekend?,A2,noun,4,very_common,Winter alpine sports gear noun,lexicographer,2026-09-10,1350,neutral,,sports,winter,der,Ski,Skis,,,,,,,,Ski fahren|neue Ski kaufen,Schier|Wintersportgerät,,,Goethe-Zertifikat A2 Wortliste,,reviewed
1503,vocabulary,SMS,short message service mobile text,text message / SMS,Schreib mir eine SMS!,Send me a text message!,A2,noun,4,very_common,Mobile phone telecommunication noun,lexicographer,2026-09-10,1450,neutral,,communication,technology,die,SMS,SMS,,,,,,,,eine SMS schicken|per SMS,Kurznachricht|Textnachricht,,,Goethe-Zertifikat A2 Wortliste,,reviewed
1504,vocabulary,sogar,used to emphasize surprising inclusion,even,In den Bergen schneit es sogar.,In the mountains it is even snowing.,A2,adverb,4,very_common,Emphatic additive focus particle,lexicographer,2026-09-10,210,neutral,,general,emphasis,,,,,,,,,,,Fokuspartikel,sogar meine Tante|sogar heute,selbst|überdies,,Goethe-Zertifikat A2 Wortliste,,reviewed
1505,vocabulary,sonnig,bright with sunlight,sunny,Morgen ist das Wetter wieder warm und sonnig.,Tomorrow the weather is warm and sunny again.,A2,adjective,4,very_common,Weather forecast and climate adjective,lexicographer,2026-09-10,1320,neutral,,weather,nature,,,,,,,,,,,predicative/attributive,sonniges Wetter|sonniger Tag,strahlend|heiter,wolkig|bewölkt|regnerisch,Goethe-Zertifikat A2 Wortliste,,reviewed
1506,vocabulary,sonntags,on Sundays as a recurring routine,on Sundays,Er isst sonntags ein Stück Kuchen.,He eats a piece of cake on Sundays.,A2,adverb,4,very_common,Weekly recurring Sunday adverb,lexicographer,2026-09-10,850,neutral,,time,frequency,,,,,,,,,,,temporales Adverb,jeden Sonntag|sonntags frei,am Sonntag,,Goethe-Zertifikat A2 Wortliste,,reviewed
1507,vocabulary,sonst,apart from that,or under other conditions,"otherwise / else, Beeil dich, sonst kommen wir zu spät!, Hurry up",otherwise we'll arrive too late!,A2,adverb,5,essential,Conditional consequence and addition adverb,lexicographer,2026-09-10,280,neutral,,general,consequence,,,,,,,,,,,Satzadverb / Konnektor,sonst noch etwas|sonst nichts|beeil dich sonst,andernfalls|ansonsten,,Goethe-Zertifikat A2 Wortliste,,reviewed
1508,vocabulary,Sozialkunde,school subject teaching civics and social systems,social studies / civics,In Sozialkunde besprechen wir Gesetze.,In social studies we discuss laws.,A2,noun,3,common,School curriculum and civic studies noun,lexicographer,2026-09-10,2100,neutral,,school|society,education,die,-,Sozialkunde,,,,,,,,Fach Sozialkunde|Stunde in Sozialkunde,Gemeinschaftskunde|Bürgerkunde,,,Goethe-Zertifikat A2 Wortliste,,reviewed
1509,vocabulary,spannend,arousing excitement,suspense,"or keen interest, exciting / gripping / thrilling, Ich finde den Film sehr spannend.",I find the movie very suspenseful.,A2,adjective,4,very_common,Books;cinema;and narrative evaluation adjective,lexicographer,2026-09-10,920,neutral,,media,entertainment,,,,,,,,,,,predicative/attributive,spannender Krimi|spannende Geschichte,aufregend|mitreißend|packend,langweilig|öde,,,reviewed
1510,vocabulary,sparen,to set aside money or conserve resources,to save (money/resources),Ein neues Auto ist sehr teuer. Ich muss sparen.,A new car is very expensive. I have to save.,A2,verb,4,very_common,Finances;economy;and thriftiness verb,lexicographer,2026-09-10,650,neutral,,finances,economy,,,,false,false,haben,spart,sparte,gespart,,,für + Akk. sparen|etwas sparen,Geld sparen|Energie sparen,zurücklegen|ansparen,,,reviewed
1511,vocabulary,Spaß,amusement,enjoyment,"or pleasurable activity, fun / pleasure, Meine Arbeit macht mir Spaß.",My work is fun for me.,A2,noun,5,essential,Recreation;humor;and daily leisure noun,lexicographer,2026-09-10,340,neutral,,leisure|social,emotion,der,Späße,Spaßes,,,,,,,,viel Spaß|Spaß machen|keinen Spaß verstehen,Freude|Vergnügen|Gaudi,Ernst|Langeweile,,Goethe-Zertifikat A2 Wortliste,,reviewed
1512,phrase,spazieren gehen,to take an outdoor stroll for leisure,to go for a walk / stroll,Wir gehen sonntags immer spazieren.,We always go for a walk on Sundays.,A2,phrase,4,very_common,Outdoor recreation and wellness phrase,lexicographer,2026-09-10,610,neutral,,leisure|health,movement,,,,false,false,sein,geht spazieren,ging spazieren,spazieren gegangen,,im Park spazieren gehen|sonntags spazieren gehen,einen Spaziergang machen|flanieren,zu Hause hocken,,Goethe-Zertifikat A2 Wortliste,,reviewed
1513,vocabulary,Spaziergang,leisurely walk taken outdoors for recreation,walk / stroll,Abends mache ich immer einen Spaziergang.,In the evening I always take a walk.,A2,noun,4,very_common,Outdoor recreation and health noun,lexicographer,2026-09-10,1180,neutral,,leisure,movement,der,Spaziergänge,Spaziergangs;Spazierganges,,,,,,,,einen Spaziergang machen|kleiner Spaziergang,Promenade|Ausflug zu Fuß,,,Goethe-Zertifikat A2 Wortliste,,reviewed
1514,vocabulary,speichern,to record digital information in a storage medium,to save / store (data),Sie müssen die Datei speichern.,You must save the file.,A2,verb,4,very_common,Computing;IT;and office verb,lexicographer,2026-09-10,950,neutral,,technology,data,,,,false,false,haben,speichert,speicherte,gespeichert,,,etwas speichern,Datei speichern|Daten speichern,sichern|abspeichern,,,reviewed
1515,vocabulary,Spiel,activity engaged in for enjoyment or sporting match,game / match,Monopoly ist ein sehr bekanntes Spiel.,Monopoly is a very famous game.,A2,noun,5,essential,Sports;board games;and recreation noun,lexicographer,2026-09-10,240,neutral,,games|sports,entertainment,das,Spiele,Spiels;Spieles,,,,,,,,Kartenspiel|Spiel gewinnen|das Spiel beginnt,Match|Partie|Wettkampf,,,Goethe-Zertifikat A2 Wortliste,,reviewed
1516,vocabulary,sportlich,fond of sports,athletic,"or related to athletics, athletic / sporty, Tom ist sehr sportlich.",Tom is very athletic.,A2,adjective,4,very_common,Physical fitness;appearance;and lifestyle adjective,lexicographer,2026-09-10,980,neutral,,sports|character,fitness,,,,,,,,,,,predicative/attributive,sportlicher Typ|sportliche Kleidung,durchtrainiert|fit|dynamisch,unsportlich|träge,,,reviewed
1517,vocabulary,Sportplatz,outdoor area designated for sports matches,sports ground / playing field,Das Training ist auf dem Sportplatz.,The practice is on the sports ground.,A2,noun,4,very_common,Sports facilities and outdoor venues noun,lexicographer,2026-09-10,1650,neutral,,sports,buildings,der,Sportplätze,Sportplatzes,,,,,,,,auf dem Sportplatz trainieren|zum Sportplatz gehen,Sportgelände|Spielfeld,,,Goethe-Zertifikat A2 Wortliste,,reviewed
1518,vocabulary,Sprechstunde,scheduled time when a doctor or teacher is available,consulting hours / office hours,Frau Doktor Weiß hat ab neun Uhr Sprechstunde.,Doctor Weiß has consulting hours starting at nine o'clock.,A2,noun,3,common,Medical care and educational appointments noun,lexicographer,2026-09-10,2100,neutral,,health|education,time,die,Sprechstunden,Sprechstunde,,,,,,,,in die Sprechstunde gehen|Sprechstunde haben,Konsultationszeit|Arztsprechstunde,,,Goethe-Zertifikat A2 Wortliste,,reviewed
1519,vocabulary,Star,famous actor,singer,"or celebrity, star / celebrity, Diese Sängerin ist ein Star in Deutschland.",This singer is a star in Germany.,A2,noun,4,very_common,Entertainment;music;and fame noun,lexicographer,2026-09-10,780,neutral,,media|music,people,der,Stars,Stars,,,,,,,,berühmter Star|Filmstar|Popstar,Berühmtheit|Prominenter,,,Goethe-Zertifikat A2 Wortliste,,reviewed
1520,vocabulary,stark,having great physical power,force,"or intensity, strong / heavy (rain) / severe, Ich habe starke Kopfschmerzen.",I have a severe headache.,A2,adjective,5,essential,Power;weather intensity;and beverage strength adjective,lexicographer,2026-09-10,110,neutral,,general,power,,,,,,,,,,,predicative/attributive/adverbial,starker Regen|starker Kaffee|sehr stark,kräftig|intensiv|mächtig,schwach|leicht,,,reviewed
1521,vocabulary,stattfinden,to take place or occur as planned,to take place / happen,Das Spiel findet auch bei Regen statt.,The match takes place even in the rain.,A2,verb,5,essential,Scheduled events and appointments verb,lexicographer,2026-09-10,240,neutral,,general,events,,,,false,true,haben,findet statt,fand statt,stattgefunden,an + Dat.,die Konferenz findet statt|morgen stattfinden,ablaufen|über die Bühne gehen,ausfallen|abgesagt werden,,,,reviewed
1522,vocabulary,sterben,to cease living and undergo demise,to die,Sein Vater ist gestern gestorben.,His father died yesterday.,A2,verb,5,essential,Biological decease and mortality verb,lexicographer,2026-09-10,280,neutral,,life|health,demise,,,,false,false,sein,stirbt,starb,gestorben,an + Dat.,im Krankenhaus sterben|friedlich sterben,verscheiden|umkommen,leben|geboren werden,,,,reviewed
1523,vocabulary,Stiefel,protective sturdy footwear covering foot and ankle,boot,Wie viel kosten die roten Stiefel?,How much do the red boots cost?,A2,noun,4,very_common,Footwear and winter clothing noun,lexicographer,2026-09-10,1650,neutral,,clothing,attire,der,Stiefel,Stiefels,,,,,,,,Stiefel anziehen|Winterstiefel|Lederstiefel,Schaftstiefel,,,Goethe-Zertifikat A2 Wortliste,,reviewed
1524,vocabulary,Stift,slender cylindrical writing or drawing implement,pen / pencil / marker,Kannst du mir bitte einen Stift geben?,Can you please give me a pen?,A2,noun,4,very_common,Writing instruments and stationery noun,lexicographer,2026-09-10,1280,neutral,,office|school,stationery,der,Stifte,Stiftes;Stifts,,,,,,,,mit dem Stift schreiben|Bleistift oder Kugelschreiber,Schreibstift|Zeichenstift,,,Goethe-Zertifikat A2 Wortliste,,reviewed
1525,vocabulary,Stipendium,financial grant awarded to support a student's study,scholarship / grant,"Wenn ich ein gutes Zeugnis habe, bekomme ich ein Stipendium., If I have a good report card",I get a scholarship.,A2,noun,3,common,Higher education;funding;and study noun,lexicographer,2026-09-10,1950,neutral,,education,finances,das,Stipendien,Stipendiums,,,,,,,,ein Stipendium bekommen|sich um ein Stipendium bewerben,Fördergeld|Studienbeihilfe,,,Goethe-Zertifikat A2 Wortliste,,reviewed
1526,vocabulary,Stockwerk,horizontal division or level of a building,storey / floor,Das Gebäude hat zwanzig Stockwerke.,The building has twenty storeys.,A2,noun,3,common,Architecture and multi-story buildings noun,lexicographer,2026-09-10,1850,neutral,,housing,buildings,das,Stockwerke,Stockwerks;Stockwerkes,,,,,,,,mehrere Stockwerke|oberstes Stockwerk,Etage|Geschoss,,,Goethe-Zertifikat A2 Wortliste,,reviewed
1527,vocabulary,stören,to disrupt the peace,progress,"or attention of, to disturb / bother / interrupt, Mach die Musik leiser! Sie stört mich.",Turn the music down! It is disturbing me.,A2,verb,4,very_common,Social consideration and noise verb,lexicographer,2026-09-10,680,neutral,,social|communication,disruption,,,,false,false,haben,stört,störte,gestört,bei + Dat. | Akk,beim Essen stören | darf ich kurz stören | stören,belästigen|unterbrechen,unterstützen,,,,reviewed
1528,vocabulary,Strand,shore of a body of water covered with sand/pebbles,beach,Im Urlaub bin ich am liebsten am Strand.,On vacation I prefer being on the beach.,A2,noun,4,very_common,Travel;vacation;and coastal geography noun,lexicographer,2026-09-10,890,neutral,,travel,nature,der,Strände,Strands;Strandes,,,,,,,,am Strand liegen|schöner Sandstrand,Küste|Ufer,,,Goethe-Zertifikat A2 Wortliste,,reviewed
1529,vocabulary,streiten,to engage in an angry argument or conflict (reflexive),to argue / quarrel,Die Kinder streiten sich oft.,The children often argue.,A2,verb,4,very_common,Interpersonal conflict and dispute verb,lexicographer,2026-09-10,650,neutral,,social,conflict,,,,true,false,haben,streitet,stritt,gestritten,mit + Dat.,sich ständig streiten|um Geld streiten,zanken|hadern,vertragen|versöhnen,,,,reviewed
1530,vocabulary,streng,demanding strict adherence to rules or rigid,strict / stern,Der Lehrer von meiner Tochter ist sehr streng.,My daughter's teacher is very strict.,A2,adjective,4,very_common,Education discipline and character adjective,lexicographer,2026-09-10,810,neutral,,character|school,rules,,,,,,,,,,,predicative/attributive,sehr streng sein|strenge Regeln,hart|unnachgiebig|rigide,nachsichtig|milde,Goethe-Zertifikat A2 Wortliste,,reviewed
1531,vocabulary,Stress,state of mental or physical tension from demanding tasks,stress,Ich habe bei der Arbeit viel Stress.,I have a lot of stress at work.,A2,noun,4,very_common,Workplace pressure and mental wellness noun,lexicographer,2026-09-10,680,neutral,,health|work,state,der,-,Stress;Stresses,,,,,,,,Stress haben|im Stress sein|Stress abbauen,Belastung|Anspannung|Druck,Entspannung|Ruhe,,Goethe-Zertifikat A2 Wortliste,,reviewed
1532,vocabulary,stressig,causing mental tension or physical exhaustion,stressful,Meine Arbeit ist stressig.,My work is stressful.,A2,adjective,4,very_common,Workplace and daily routine evaluation adjective,lexicographer,2026-09-10,1150,neutral,,work|daily_routine,state,,,,,,,,,,,predicative/attributive,ein stressiger Tag|sehr stressig,anstrengend|belastend|nervenaufreibend,entspannt|geruhsam,Goethe-Zertifikat A2 Wortliste,,reviewed
1533,vocabulary,Stück,single detached part,portion,"or theatrical play, piece / slice / play, Möchten Sie noch ein Stück Kuchen?",Would you like another piece of cake?,A2,noun,5,essential,Portion measure;detachment;and theater play noun,lexicographer,2026-09-10,210,neutral,,food|culture,quantity,das,Stücke,Stücks;Stückes,,,,,,,,ein Stück Kuchen|Theaterstück,Portion|Teil|Happen,,,Goethe-Zertifikat A2 Wortliste,,reviewed
1534,vocabulary,Stuhl,separate seat for one person typically with four legs,chair,Ist der Stuhl frei?,Is the chair free?,A2,noun,5,essential,Furniture and interior seating noun,lexicographer,2026-09-10,750,neutral,,housing,furniture,der,Stühle,Stuhls;Stuhles,,,,,,,,auf den Stuhl setzen|freier Stuhl,Sitzgelegenheit|Sessel,Tisch,,Goethe-Zertifikat A2 Wortliste,,reviewed
1535,vocabulary,Stundenplan,timetable of weekly lessons for pupils/teachers,class timetable / schedule,Unser neuer Stundenplan ist sehr voll.,Our new class timetable is very full.,A2,noun,4,very_common,School subjects and time organization noun,lexicographer,2026-09-10,1650,neutral,,education,school,der,Stundenpläne,Stundenplans;Stundenplanes,,,,,,,,auf den Stundenplan schauen|Stundenplan für Montag,Schulzeitplan|Lehrplan,,,Goethe-Zertifikat A2 Wortliste,,reviewed
1536,vocabulary,super,exceptionally good,marvelous,"or remarkably well, super / great / fantastic, Der Film ist super.",The movie is great.,A2,adjective,5,essential,Colloquial enthusiasm and evaluative praise adjective/adverb,lexicographer,2026-09-10,310,informal,,general,evaluation,,,,,,,,,,,predicative/adverbial,super tanzen|schmeckt super|super geklappt,toll|klasse|spitze,furchtbar|schlecht,Goethe-Zertifikat A2 Wortliste,,reviewed
1537,vocabulary,Supermarkt,large self-service retail store selling groceries,supermarket,Ich kaufe oft im Supermarkt ein.,I often shop at the supermarket.,A2,noun,4,very_common,Retail grocery shopping venue noun,lexicographer,2026-09-10,1180,neutral,,shopping,groceries,der,Supermärkte,Supermarkts;Supermarktes,,,,,,,,im Supermarkt einkaufen|zum Supermarkt gehen,Lebensmittelladen|Einkaufsmarkt,,,Goethe-Zertifikat A2 Wortliste,,reviewed
1538,vocabulary,Suppe,liquid food made by boiling meat,fish,"or vegetables, soup, Schmeckt dir die Suppe?",Do you like the soup?,A2,noun,4,very_common,Culinary meals and dining noun,lexicographer,2026-09-10,1180,neutral,,food,meals,die,Suppen,Suppe,,,,,,,,heiße Suppe|Suppe kochen|einen Teller Suppe,Brühe|Eintopf,,,Goethe-Zertifikat A2 Wortliste,,reviewed
1539,vocabulary,surfen,to ride waves on a board or browse the internet,to surf (waves / internet),Surfst du oft im Internet?,Do you surf the internet often?,A2,verb,4,very_common,Water sports and digital internet browsing verb,lexicographer,2026-09-10,1450,neutral,,internet|sports,action|auxiliary:haben/sein,,,,false,false,haben,surft,surfte,gesurft,,im Internet surfen|surfen lernen,im Netz browsen|Wellenreiten,,,Goethe-Zertifikat A2 Wortliste,,reviewed
1540,vocabulary,süß,tasting of sugar or charming and cute,sweet / cute,Ich finde die Torte zu süß.,I find the cake too sweet.,A2,adjective,4,very_common,Gustatory sugar flavor and affectionate appearance adjective,lexicographer,2026-09-10,750,neutral,,food|people,taste,,,,,,,,,,,predicative/attributive,süßes Kind|süße Früchte|süß schmecken,zuckrig|niedlich|drollig,bitter|sauer|hässlich,Goethe-Zertifikat A2 Wortliste,,reviewed
1541,vocabulary,Süßigkeit,sweet confectionery item containing sugar,sweet / candy / confectionery,Welche Süßigkeiten isst du am liebsten?,Which sweets do you like eating best?,A2,noun,4,very_common,Snacks and sugary confection noun,lexicographer,2026-09-10,1650,neutral,,food,groceries,die,Süßigkeiten,Süßigkeit,,,,,,,,keine Süßigkeiten mögen|Schokolade und Süßigkeiten,Nascherei|Bonbons|Konfekt,Salziges,,Goethe-Zertifikat A2 Wortliste,,reviewed
1542,vocabulary,sympathisch,pleasant,likeable,"and appealing in personality, likeable / congenial / pleasant, Der neue Chef ist sehr sympathisch.",The new boss is very likeable.,A2,adjective,4,very_common,Interpersonal character perception adjective,lexicographer,2026-09-10,1180,neutral,,character,social,,,,,,,,,,,predicative/attributive,sehr sympathisch sein|sympathischer Mensch,angenehm|gewinnend|nett,unsympathisch|abstoßend,Goethe-Zertifikat A2 Wortliste,,reviewed
1543,vocabulary,T-Shirt,short-sleeved collarless casual cotton top,T-shirt,Haben Sie dieses T-Shirt auch in M?,Do you have this T-shirt in M as well?,A2,noun,4,very_common,Casual attire and clothing retail noun,lexicographer,2026-09-10,1180,neutral,,clothing,attire,das,T-Shirts,T-Shirts,,,,,,,,ein T-Shirt tragen|weißes T-Shirt,Freizeitshirt,,,Goethe-Zertifikat A2 Wortliste,,reviewed
1544,vocabulary,Tablet,wireless portable personal computer with touch screen,tablet / tablet computer,Hast du ein Tablet?,Do you have a tablet?,A2,noun,4,very_common,Mobile computer hardware noun,lexicographer,2026-09-10,1450,neutral,,technology,devices,das,Tablets,Tablets,,,,,,,,auf dem Tablet lesen|Tablet und Handy,Tablet-PC|Flachrechner,,,Goethe-Zertifikat A2 Wortliste,,reviewed
1545,vocabulary,Tablette,small compressed disk of medicinal substance,tablet / pill,Du sollst am Abend zwei Tabletten nehmen.,You should take two tablets in the evening.,A2,noun,4,very_common,Pharmaceutical medicine noun,lexicographer,2026-09-10,1320,neutral,,health,medicine,die,Tabletten,Tablette,,,,,,,,Tabletten nehmen|Kopfschmerztablette,Pille|Dragee,,,Goethe-Zertifikat A2 Wortliste,,reviewed
1546,vocabulary,Tafel,large smooth board in classroom for writing,chalkboard / board / notice board,Der Lehrer schreibt das neue Wort an die Tafel.,The teacher writes the new word on the chalkboard.,A2,noun,4,very_common,Classroom equipment and public notices noun,lexicographer,2026-09-10,950,neutral,,school|public_space,equipment,die,Tafeln,Tafel,,,,,,,,an die Tafel schreiben|Infotafel am Eingang,Schultafel|Anschlagtafel,,,Goethe-Zertifikat A2 Wortliste,,reviewed
1547,vocabulary,täglich,occurring or done every single day,daily,Ich schwimme täglich einen Kilometer.,I swim one kilometer daily.,A2,adjective,4,very_common,Temporal frequency routine adjective/adverb,lexicographer,2026-09-10,480,neutral,,time,frequency,,,,,,,,,,,predicative/attributive/adverbial,täglich geöffnet|tägliche Arbeit,jeden Tag|alltagtäglich,selten|monatlich,Goethe-Zertifikat A2 Wortliste,,reviewed
1548,vocabulary,tagsüber,during the daytime hours,during the day,Tagsüber bin ich im Büro.,During the day I am in the office.,A2,adverb,4,very_common,Temporal diurnal duration adverb,lexicographer,2026-09-10,950,neutral,,time,schedule,,,,,,,,,,,temporales Adverb,tagsüber geöffnet|meistens tagsüber,während des Tages,nachts,Goethe-Zertifikat A2 Wortliste,,reviewed
1549,vocabulary,Tante,sister of one's parent or aunt by marriage,aunt,Meine Tante ist im Krankenhaus.,My aunt is in the hospital.,A2,noun,4,very_common,Extended family kinship noun,lexicographer,2026-09-10,850,neutral,,family,relationships,die,Tanten,Tante,,,,,,,,meine Lieblingstante|Tante aus Kanada,Verwandte,Onkel|Neffe|Nichte,,Goethe-Zertifikat A2 Wortliste,,reviewed
1550,vocabulary,Taschengeld,allowance of money given periodically to children,pocket money / allowance,Wie viel Taschengeld bekommen deine Kinder?,How much pocket money do your children get?,A2,noun,3,common,Family finances and childhood noun,lexicographer,2026-09-10,2400,neutral,,family|finances,money,das,-,Taschengelds;Taschengeldes,,,,,,,,Taschengeld bekommen|mehr Taschengeld verlangen,Wochengeld|Handgeld,,,Goethe-Zertifikat A2 Wortliste,,reviewed
1551,vocabulary,Tasse,cup-shaped vessel with a handle used for drinks,cup / mug,Möchten Sie eine Tasse Kaffee?,Would you like a cup of coffee?,A2,noun,5,essential,Tableware;breakfast;and beverages noun,lexicographer,2026-09-10,650,neutral,,food,dining,die,Tassen,Tasse,,,,,,,,eine Tasse Tee trinken|Kaffeetasse,Häferl|Schale,,,Goethe-Zertifikat A2 Wortliste,,reviewed
1552,vocabulary,tauschen,to give one thing and take another in return,to swap / exchange,Können wir bitte die Plätze tauschen?,Can we please swap places?,A2,verb,4,very_common,Mutual exchange and barter verb,lexicographer,2026-09-10,890,neutral,,social|general,transactions,,,,false,false,haben,tauscht,tauschte,getauscht,mit + Dat.,Gegenstände tauschen | Telefonnummern tauschen | Plätze tauschen,umtauschen|wechseln|austauschen,,,,,reviewed
1553,vocabulary,Team,group of people linked in a common purpose,team,Ich arbeite gern in einem Team.,I like working in a team.,A2,noun,4,very_common,Workplace collaboration and sports noun,lexicographer,2026-09-10,510,neutral,,work|sports,social,das,Teams,Teams,,,,,,,,im Team arbeiten|Fußballteam|starkes Team,Mannschaft|Arbeitsgruppe|Kollektiv,,,Goethe-Zertifikat A2 Wortliste,,reviewed
1554,vocabulary,Techniker,person skilled in the technical details of a craft,technician (male),Der Techniker schließt den Computer an.,The technician is connecting the computer.,A2,noun,4,very_common,Technical engineering and maintenance professions noun,lexicographer,2026-09-10,950,neutral,,technology|work,professions,der,Techniker,Technikers,,,,,,,,IT-Techniker|Servicetechniker,Fachmann|Ingenieurassistent,Technikerin,,Goethe-Zertifikat A2 Wortliste,,reviewed
1555,vocabulary,Technikerin,female person skilled in technology,technician (female),Sie arbeitet als Technikerin im Labor.,She works as a technician in the laboratory.,A2,noun,3,common,Technical engineering and maintenance professions noun,lexicographer,2026-09-10,1950,neutral,,technology|work,professions,die,Technikerinnen,Technikerin,,,,,,,,ausgebildete Technikerin,Fachfrau,Techniker,,Goethe-Zertifikat A2 Wortliste,,reviewed
1556,vocabulary,teilen,to divide into parts or share with someone,to divide / share / split,Wollen wir die Pizza teilen?,Shall we split the pizza?,A2,verb,5,essential,Distribution;dining;and sharing verb,lexicographer,2026-09-10,340,neutral,,social|general,action,,,,false,false,haben,teilt,teilte,geteilt,,,etwas mit + Dat. teilen|durch + Akk. teilen,sich die Arbeit teilen|Zimmer teilen,aufteilen|splitten,,,reviewed
1557,vocabulary,teilnehmen,to take part in or be present at an activity,to participate / take part,Ich möchte an dem Tanzkurs teilnehmen.,I would like to participate in the dance class.,A2,verb,5,essential,Course and event participation verb,lexicographer,2026-09-10,540,neutral,,education|social,action,,,,false,true,haben,nimmt teil,nahm teil,teilgenommen,an + Dat.,an der Prüfung teilnehmen|an einer Konferenz teilnehmen,mitmachen|mitwirken,fernbleiben,,,,reviewed
1558,vocabulary,Teller,shallow flat circular vessel from which food is eaten,plate,Stell die Teller bitte auf den Tisch!,Please put the plates on the table!,A2,noun,4,very_common,Dining tableware and meal kitchenware noun,lexicographer,2026-09-10,1180,neutral,,food,cutlery,der,Teller,Tellers,,,,,,,,einen Teller Suppe|flacher Teller|tiefer Teller,Essteller,,,Goethe-Zertifikat A2 Wortliste,,reviewed
1559,vocabulary,Tennis,game played with rackets and a ball across a net,tennis,Steffi spielt sehr gut Tennis.,Steffi plays tennis very well.,A2,noun,4,very_common,Racket sports and leisure activity noun,lexicographer,2026-09-10,1210,neutral,,sports,games,das,-,Tennis,,,,,,,,Tennis spielen|Tennisplatz|Tennis-Club,Racketsport,,,Goethe-Zertifikat A2 Wortliste,,reviewed
1560,vocabulary,Theater,building or stage where plays are performed,theatre,Ich gehe nicht gern ins Theater.,I don't like going to the theatre.,A2,noun,4,very_common,Cultural performing arts and venues noun,lexicographer,2026-09-10,650,neutral,,culture|art,entertainment,das,Theater,Theaters,,,,,,,,ins Theater gehen|ein Stück im Theater sehen,Schauspielhaus|Bühne,,,Goethe-Zertifikat A2 Wortliste,,reviewed
1561,vocabulary,tief,extending far down from top or surface,deep / low,"Vorsicht, das Wasser ist tief!, Careful",the water is deep!,A2,adjective,4,very_common,Spatial vertical depth and physical depth adjective,lexicographer,2026-09-10,340,neutral,,nature|housing,dimension,,,,,,,,,,,predicative/attributive,tiefes Wasser|tiefer Teller|tief unten,abgründig|bodenlos,flach|seicht|hoch,Goethe-Zertifikat A2 Wortliste,,reviewed
1562,vocabulary,Tipp,useful piece of practical advice or information,tip / piece of advice,Kannst du mir einen guten Tipp geben?,Can you give me a good tip?,A2,noun,4,very_common,Informal advice and helpful suggestions noun,lexicographer,2026-09-10,750,neutral,,communication,advice,der,Tipps,Tipps,,,,,,,,einen Tipp geben|nützlicher Tipp|danke für den Tipp,Ratschlag|Empfehlung|Hinweis,,,Goethe-Zertifikat A2 Wortliste,,reviewed
1563,vocabulary,Titel,name of a book,composition,"or film, title, Wie heißt der Film? - Ich weiß den Titel nicht mehr.",What's the movie called? - I don't remember the title anymore.,A2,noun,4,very_common,Media;art nomenclature;and headlines noun,lexicographer,2026-09-10,610,neutral,,media|books,naming,der,Titel,Titels,,,,,,,,den Titel vergessen|Filmtitel|Buchtitel,Bezeichnung|Name|Überschrift,,,Goethe-Zertifikat A2 Wortliste,,reviewed
1564,vocabulary,toll,splendid,excellent,"or causing enthusiasm, great / wonderful / fantastic, Der Urlaub war toll.",The vacation was great.,A2,adjective,5,essential,General informal praise and enthusiasm adjective,lexicographer,2026-09-10,480,informal,,general,evaluation,,,,,,,,,,,predicative/attributive/adverbial,das ist ja toll|toller Tag|ein tolles Fest,großartig|spitze|super|herrlich,schlecht|furchtbar,Goethe-Zertifikat A2 Wortliste,,reviewed
1565,vocabulary,Topf,deep rounded culinary vessel for cooking,pot / saucepan,Hast du keinen größeren Topf?,Don't you have a larger pot?,A2,noun,4,very_common,Kitchen cookware and domestic utensils noun,lexicographer,2026-09-10,1180,neutral,,food,kitchenware,der,Töpfe,Topfes;Topfs,,,,,,,,Kartoffeln im Topf kochen|heißer Topf,Kochtopf|Kasserolle,,,Goethe-Zertifikat A2 Wortliste,,reviewed
1566,vocabulary,Torte,rich sweet layered cake typically frosted,tart / fancy cake / gateau,Zum Geburtstag backe ich dir eine Torte.,For your birthday I'll bake you a cake.,A2,noun,4,very_common,Pastry;confectionery;and celebrations noun,lexicographer,2026-09-10,1650,neutral,,food,baking,die,Torten,Torte,,,,,,,,eine Torte backen|Geburtstagstorte|Stück Torte,Kuchen|Festtagskuchen,,,Goethe-Zertifikat A2 Wortliste,,reviewed
1567,vocabulary,total,complete,absolute,"or utterly, totally / utterly / complete, Der Film ist total langweilig.",The movie is totally boring.,A2,adverb,4,very_common,Colloquial intensifying degree modifier and adjective,lexicographer,2026-09-10,410,informal,,general,intensity,,,,,,,,,,,Gradadverb / Adjektiv,total müde|total verliebt sein|total nett,völlig|absolut|komplett,teilweise|kaum,Goethe-Zertifikat A2 Wortliste,,reviewed
1568,vocabulary,Tour,pleasure journey or organized circuit excursion,tour / route,Wo kann ich eine Stadttour buchen?,Where can I book a city tour?,A2,noun,4,very_common,Tourism;hiking routes;and leisure noun,lexicographer,2026-09-10,850,neutral,,travel,sightseeing,die,Touren,Tour,,,,,,,,eine Tour durch die Berge|Stadttour machen,Rundfahrt|Exkursion|Wanderung,,,Goethe-Zertifikat A2 Wortliste,,reviewed
1569,vocabulary,Tourist,person who travels for pleasure and sightseeing,tourist,Im Sommer kommen viele Touristen in diese Stadt.,In summer many tourists come to this city.,A2,noun,4,very_common,Tourism demographics and travel noun,lexicographer,2026-09-10,890,neutral,,travel,people,der,Touristen,Touristen,,,,,,,,Touristen in der Stadt|Touristenführer,Urlauber|Reisender|Feriengast,Einheimischer,,Goethe-Zertifikat A2 Wortliste,,reviewed
1570,vocabulary,Touristin,female person who travels for sightseeing,tourist (female),Im Sommer kommen viele Touristinnen in diese Stadt.,In summer many female tourists come to this city.,A2,noun,3,common,Tourism demographics and travel noun,lexicographer,2026-09-10,1450,neutral,,travel,people,die,Touristinnen,Touristin,,,,,,,,Touristinnen aus aller Welt|als Touristin reisen,Urlauberin|Reisende,Einheimische,,Goethe-Zertifikat A2 Wortliste,,reviewed
1571,vocabulary,tragen,to support the weight of or wear garments,to carry / wear,"Ich kann den Koffer nicht tragen, er ist zu schwer., I cannot carry the suitcase",it is too heavy.,A2,verb,5,essential,Core physical conveyance and clothing verb,lexicographer,2026-09-10,140,neutral,,clothing|travel,action,,,,false,false,haben,trägt,trug,getragen,etwas tragen | Kleidung tragen,einen Anzug tragen|Tasche tragen|Brille tragen,schleppen|anhaben,ablegen|ausziehen,,,,reviewed
1572,vocabulary,trainieren,to practice a sport or physical skill,to practice / train / work out,Wir trainieren einmal pro Woche im Sportverein.,We train once a week in the sports club.,A2,verb,4,very_common,Sports preparation and fitness verb,lexicographer,2026-09-10,750,neutral,,sports,fitness,,,,false,false,haben,trainiert,trainierte,trainiert,für + Akk.,im Fitnessstudio trainieren | Muskeln trainieren | regelmäßig trainieren,üben|proben,,,,,reviewed
1573,vocabulary,Training,action of undertaking systematic physical exercise,training / practice session / workout,Das Training ist immer dienstags.,The practice session is always on Tuesdays.,A2,noun,4,very_common,Sports schedules and physical exercise noun,lexicographer,2026-09-10,680,neutral,,sports,fitness,das,Trainings,Trainings,,,,,,,,zum Training gehen|hartes Training|Fußballtraining,Übung|Work-out,,,Goethe-Zertifikat A2 Wortliste,,reviewed
1574,vocabulary,Traum,series of visions during sleep or cherished hope,dream,Ich habe schlecht geträumt. Das ist mein Traum.,I had a bad dream. That is my dream.,A2,noun,4,very_common,Sleep imagery and life aspirations noun,lexicographer,2026-09-10,480,neutral,,psychology,aspirations,der,Träume,Traumes;Traums,,,,,,,,einen Traum haben|Traum von der eigenen Firma,Wunschtraum|Schäfchenzählen,Wirklichkeit|Realität,,Goethe-Zertifikat A2 Wortliste,,reviewed
1575,vocabulary,träumen,to experience visions while sleeping or fantasize,to dream,Ich träume von einem großen Haus mit Garten.,I dream of a big house with a garden.,A2,verb,4,very_common,Nocturnal sleep and waking ambition verb,lexicographer,2026-09-10,580,neutral,,psychology,aspirations,,,,false,false,haben,träumt,träumte,geträumt,von + Dat.,süß träumen | vom Urlaub träumen | schlecht träumen,phantasieren|schwelgen,,,,,reviewed
1576,vocabulary,traurig,affected by or expressing grief and unhappiness,sad / sorrowful,Ich bin sehr traurig. Meine Katze ist weggelaufen.,I am very sad. My cat ran away.,A2,adjective,4,very_common,Emotional sorrow and grief adjective,lexicographer,2026-09-10,540,neutral,,psychology,feelings,,,,,,,,,,,predicative/attributive,traurig sein über|traurige Nachricht,betrübt|unglücklich|melancholisch,froh|fröhlich|glücklich,Goethe-Zertifikat A2 Wortliste,,reviewed
1577,vocabulary,trocken,free from moisture or wetness,dry,Die Wäsche ist bald trocken.,The laundry is dry soon.,A2,adjective,4,very_common,Humidity;weather;and laundry adjective,lexicographer,2026-09-10,480,neutral,,household|nature,condition,,,,,,,,,,,predicative/attributive,trockene Luft|trockenes Brot|trocken werden,dürr|ausgetrocknet,nass|feucht,,,reviewed
1578,vocabulary,tschüs,informal parting word addressed to friends,bye / goodbye,"Tschüs, bis morgen!, Bye",see you tomorrow!,A2,interjection,5,essential,Universal colloquial farewell particle,lexicographer,2026-09-10,190,informal,,social,greeting,,,,,,,,,,,Abschiedsformel,tschüs sagen|tschüs zusammen,auf Wiedersehen|servus,hallo|guten Tag,Goethe-Zertifikat A2 Wortliste,,reviewed
1579,vocabulary,Tür,movable hinged barrier closing an entrance,door,Mach bitte die Tür zu!,Please close the door!,A2,noun,5,essential,Household interior and entrance barrier noun,lexicographer,2026-09-10,210,neutral,,housing,architecture,die,Türen,Tür,,,,,,,,die Tür aufmachen|Haustür|vor der Tür,Pforte|Eingangstür,Fenster,,Goethe-Zertifikat A2 Wortliste,,reviewed
1580,vocabulary,typisch,characteristic of a particular person or group,typical / characteristic,Diese Musik ist typisch für dieses Land.,This music is typical of this country.,A2,adjective,4,very_common,Cultural traits;behavior;and character adjective,lexicographer,2026-09-10,650,neutral,,general|culture,character,,,,,,,,,,,predicative/attributive,typisch für|typisches Verhalten,charakteristisch|bezeichnend,untypisch|ungewöhnlich,,,reviewed
1581,vocabulary,üben,to perform exercises repeatedly to acquire skill,to practice / exercise,Ich übe jeden Tag zwei Stunden Gitarre.,I practice guitar two hours every day.,A2,verb,4,very_common,Music;academic skills;and sports verb,lexicographer,2026-09-10,890,neutral,,education|music,study,,,,false,false,haben,übt,übte,geübt,,,etwas üben|für + Akk. üben,Grammatik üben|Klavier üben,trainieren|einstudieren,,,reviewed
1582,vocabulary,überall,in or to every existing place,everywhere,"Ich habe überall gesucht, aber finde die Brille nicht., I searched everywhere",but cannot find the glasses.,A2,adverb,5,essential,Universal spatial ubiquity adverb,lexicographer,2026-09-10,290,neutral,,location,space,,,,,,,,,,,lokales Adverb,überall auf der Welt|fast überall,allerorten|allerorts,nirgends|nirgendwo,Goethe-Zertifikat A2 Wortliste,,reviewed
1583,vocabulary,übermorgen,on the day immediately following tomorrow,the day after tomorrow,Morgen habe ich frei. Ich komme übermorgen wieder ins Büro.,Tomorrow I am off. I'll come back to the office the day after tomorrow.,A2,adverb,4,very_common,Calendar and scheduling future temporal adverb,lexicographer,2026-09-10,1350,neutral,,time,future,,,,,,,,,,,temporales Adverb,übermorgen früh|erst übermorgen,am Tage nach morgen,vorgestern,Goethe-Zertifikat A2 Wortliste,,reviewed
1584,vocabulary,übersetzen,to express text or speech in another language,to translate,Können Sie mir den Brief bitte übersetzen?,Could you please translate the letter for me?,A2,verb,4,very_common,Linguistics;documents;and comprehension verb,lexicographer,2026-09-10,950,neutral,,linguistics,writing,,,,false,false,haben,übersetzt,übersetzte,übersetzt,,,aus + Dat. in + Akk. übersetzen|etwas übersetzen,ins Deutsche übersetzen|Wörter übersetzen,übertragen|dolmetschen,,,reviewed
1585,vocabulary,Übersetzung,written translation of text into another language,translation,Ich brauche eine Übersetzung von meinem Zeugnis.,I need a translation of my certificate.,A2,noun,4,very_common,Linguistics;official documents;and certified texts noun,lexicographer,2026-09-10,1450,neutral,,linguistics|administration,documents,die,Übersetzungen,Übersetzung,,,,,,,,Übersetzung anfertigen|deutsche Übersetzung,Übertragung|Translation,,,Goethe-Zertifikat A2 Wortliste,,reviewed
1586,phrase,um Mitternacht,at precisely twelve o'clock at night,at midnight,Der Zug kommt um Mitternacht.,The train arrives at midnight.,A2,phrase,4,very_common,Clock time point phrase,lexicographer,2026-09-10,650,neutral,,time,clock,,,,,,,,,,,temporale Phrase,um Mitternacht schlafen|kurz vor Mitternacht,um 24:00 Uhr,am Mittag,Goethe-Zertifikat A2 Wortliste,,reviewed
1587,vocabulary,umsteigen,to transfer from one train/bus/line to another,to transfer / change (trains/buses),Sie müssen in Mannheim umsteigen.,You have to transfer in Mannheim.,A2,verb,4,very_common,Public transit connections and routing verb,lexicographer,2026-09-10,1450,neutral,,travel,transport,,,,false,true,sein,steigt um,stieg um,umgestiegen,in + Akk. umsteigen | in + Dat. umsteigen,in den Bus umsteigen|Anschluss zum Umsteigen,die Verbindung wechseln,durchfahren,,,,reviewed
1588,vocabulary,Umzug,process of moving domestic residence,move / relocation,Der Umzug ist nächste Woche.,The move is next week.,A2,noun,4,very_common,Housing change and transport logistics noun,lexicographer,2026-09-10,1350,neutral,,housing,relocation,der,Umzüge,Umzuges;Umzugs,,,,,,,,den Umzug planen|Umzugswagen,Wohnungswechsel|Wohnsitzwechsel,,,Goethe-Zertifikat A2 Wortliste,,reviewed
1589,vocabulary,unbedingt,not modified by conditions / without fail,absolutely / definitely,Ich muss unbedingt mit dir sprechen.,I absolutely have to speak with you.,A2,adverb,4,very_common,Modal conviction and emphatic necessity adverb,lexicographer,2026-09-10,340,neutral,,general,conviction,,,,,,,,,,,Gradadverb / Modaladverb,unbedingt machen|unbedingt ansehen,auf jeden Fall|zwingend,keineswegs|auf keinen Fall,Goethe-Zertifikat A2 Wortliste,,reviewed
1590,vocabulary,Unfall,unforeseen disastrous event causing injury/damage,accident,Wie ist der Unfall passiert?,How did the accident happen?,A2,noun,4,very_common,Traffic collisions;emergency;and injury noun,lexicographer,2026-09-10,680,neutral,,transport|health,emergency,der,Unfälle,Unfalles;Unfalls,,,,,,,,einen Unfall haben|schwerer Unfall|Autounfall,Kollision|Unglück|Havarie,,,Goethe-Zertifikat A2 Wortliste,,reviewed
1591,vocabulary,Universität,institution of higher education and research,university,Er studiert an der Universität Freiburg.,He studies at the University of Freiburg.,A2,noun,5,essential,Higher education and academic campus noun,lexicographer,2026-09-10,480,neutral,,education,institutions,die,Universitäten,Universität,,,,,,,,an der Universität studieren|Mensa der Universität,Uni|Hochschule,,,Goethe-Zertifikat A2 Wortliste,,reviewed
1592,vocabulary,unterhalten,to converse with someone informally (reflexive),to chat / talk / converse,Wir haben uns über das Fußballspiel unterhalten.,We talked about the football game.,A2,verb,4,very_common,Informal verbal conversation verb,lexicographer,2026-09-10,480,neutral,,communication,speech,,,,true,false,haben,unterhält,unterhielt,unterhalten,mit + Dat.,sich lange unterhalten|sich nett unterhalten,plaudern|sprechen|reden,schweigen,,,,reviewed
1593,vocabulary,unternehmen,to engage in or set about an activity or excursion,to do / undertake,Wollen wir heute Abend etwas unternehmen?,Shall we do something fun this evening?,A2,verb,4,very_common,Leisure activities;excursions;and initiative verb,lexicographer,2026-09-10,680,neutral,,leisure|social,action,,,,false,false,haben,unternimmt,unternahm,unternommen,,,etwas unternehmen|zusammen etwas unternehmen,einen Ausflug unternehmen|etwas Schönes unternehmen,in die Tat umsetzen|anpacken,,,reviewed
1594,vocabulary,Unterschied,point or way in which people/things are not the same,difference,Was ist der Unterschied zwischen den beiden Kursen?,What is the difference between the two courses?,A2,noun,4,very_common,Analytical comparison and differentiation noun,lexicographer,2026-09-10,480,neutral,,general,comparison,der,Unterschiede,Unterschiedes;Unterschieds,,,,,,,,kein Unterschied|großer Unterschied,Differenz|Diskrepanz,Gleichheit|Ähnlichkeit,,Goethe-Zertifikat A2 Wortliste,,reviewed
1595,vocabulary,untersuchen,to inspect closely or conduct medical examination,to examine / investigate,Der Arzt hat mich untersucht.,The doctor examined me.,A2,verb,4,very_common,Medical checkups and inspection verb,lexicographer,2026-09-10,610,neutral,,health|science,verification,,,,false,false,haben,untersucht,untersuchte,untersucht,Akk,das Bein untersuchen|Patienten untersuchen,begutachten|durchchecken,,,,,reviewed
1596,phrase,unterwegs sein,to be in the course of traveling or en route,to be on the way / out and about,Ich bin unterwegs und komme gleich.,I am on the way and will arrive shortly.,A2,phrase,4,very_common,Transit status and mobility predicate,lexicographer,2026-09-10,510,neutral,,travel,movement,,,,,,,,,,,Prädikatsausdruck,schon unterwegs sein|den ganzen Tag unterwegs sein,auf Achse|auf der Reise,zu Hause sein,Goethe-Zertifikat A2 Wortliste,,reviewed
1597,vocabulary,usw.,abbreviation for und so weiter / et cetera,etc. / and so on,"Wir kaufen Äpfel, Birnen usw., We buy apples, pears",etc.,A2,abbreviation,5,essential,Formula for listing further entities,lexicographer,2026-09-10,380,neutral,,general,writing,,,,,,,,,,,Abkürzung (und so weiter),und so fort|etc.,,,Goethe-Zertifikat A2 Wortliste,,reviewed
1598,phrase,verabredet sein,to have a prearranged meeting or social date,to have an appointment / be meeting,Ich bin mit meiner Freundin verabredet.,I am meeting up with my girlfriend.,A2,phrase,4,very_common,Social scheduling and dating predicate,lexicographer,2026-09-10,950,neutral,,social,appointments,,,,,,,,,,,Prädikatsausdruck,mit jemandem verabredet sein,eine Verabredung haben,,Goethe-Zertifikat A2 Wortliste,,reviewed
1599,vocabulary,Veranstaltung,organized public gathering or performance event,event / function,Am Samstag haben wir eine Veranstaltung.,On Saturday we have an event.,A2,noun,4,very_common,Public cultural events;celebrations;and gatherings noun,lexicographer,2026-09-10,580,neutral,,culture|social,events,die,Veranstaltungen,Veranstaltung,,,,,,,,an einer Veranstaltung teilnehmen|kulturelle Veranstaltung,Event|Festivität|Treffen,,,Goethe-Zertifikat A2 Wortliste,,reviewed
1600,vocabulary,verbieten,to order someone not to do something by rule,to forbid / prohibit,Hier ist Rauchen verboten.,Smoking is prohibited here.,A2,verb,4,very_common,Official prohibitions and regulations verb,lexicographer,2026-09-10,650,neutral,,society|administration,rules,,,,false,false,haben,verbietet,verbot,verboten,Dat | Akk,streng verboten | Parken verboten | verboten sein,untersagen|sperren,erlauben|gestatten,,,,reviewed
1601,vocabulary,vereinbaren,to agree upon an appointment,contract,"or term, to agree on / arrange, Können wir einen Termin vereinbaren?",Can we arrange an appointment?,A2,verb,4,very_common,Administrative scheduling and business arrangements verb,lexicographer,2026-09-10,680,neutral,,work|social,organization,,,,false,false,haben,vereinbart,vereinbarte,vereinbart,Akk,gemeinsam vereinbaren | Treffen vereinbaren | einen Termin vereinbaren,ausmachen|absprechen,,,,,reviewed
1602,vocabulary,vergessen,to fail to remember or leave something behind,to forget,Ich habe meine Hausaufgaben vergessen.,I forgot my homework.,A2,verb,5,essential,Cognitive memory lapse and negligence verb,lexicographer,2026-09-10,210,neutral,,cognition,memory,,,,false,false,haben,vergisst,vergaß,vergessen,Akk,den Schlüssel vergessen | Termin nicht vergessen | vergessen zu + Inf.,nicht daran denken|versäumen,erinnern|merken,,,,reviewed
1603,vocabulary,vergleichen,to estimate or note similarities and differences,to compare,Vergleichen Sie die Angebote!,Compare the offers!,A2,verb,4,very_common,Evaluation;exam instructions;and prices verb,lexicographer,2026-09-10,540,neutral,,general,comparison,,,,false,false,haben,vergleicht,verglich,verglichen,,,etwas mit + Dat. vergleichen,Antworten vergleichen|Preise vergleichen,gegenüberstellen|abgleichen,,,reviewed
1604,vocabulary,Verkehrsmittel,vehicle or transit infrastructure for transporting people,means of transport / transport,Welche Verkehrsmittel benutzen Sie oft?,Which means of transport do you use often?,A2,noun,4,very_common,Public transit categorization and vehicles noun,lexicographer,2026-09-10,1450,neutral,,travel,transport,das,Verkehrsmittel,Verkehrsmittels,,,,,,,,öffentliche Verkehrsmittel benutzen,Transportmittel|Beförderungsmittel,,,Goethe-Zertifikat A2 Wortliste,,reviewed
1605,vocabulary,verletzen,to inflict physical bodily damage upon (reflexive),to injure / hurt oneself,Haben Sie sich verletzt?,Did you injure yourself?,A2,verb,4,very_common,Physical injury and trauma verb,lexicographer,2026-09-10,650,neutral,,health,injury,,,,true,false,haben,verletzt,verletzte,verletzt,-,schwer verletzt sein | leicht verletzt | sich am Bein verletzen,verwunden|wehtun,heilen,,,,reviewed
1606,vocabulary,verlieben,to begin to feel romantic love for (reflexive),to fall in love,Ich bin total verliebt.,I am totally in love.,A2,verb,4,very_common,Romantic affection and attachment verb,lexicographer,2026-09-10,810,neutral,,social|psychology,feelings,,,,true,false,haben,verliebt,verliebte,verliebt,in + Akk.,unsterblich verliebt sein|sich Hals über Kopf verlieben,Liebe empfinden,,,,,reviewed
1607,vocabulary,verlieren,to become deprived of,misplace,"or fail to win, to lose, Ich habe meinen Schlüssel verloren.",I lost my key.,A2,verb,5,essential,Loss of items;employment;and sports defeat verb,lexicographer,2026-09-10,210,neutral,,general|sports,loss,,,,false,false,haben,verliert,verlor,verloren,,,etwas verlieren|gegen + Akk. verlieren,die Arbeit verlieren|das Spiel verlieren,einbüßen|verlegen,,,reviewed
1608,vocabulary,Vermieterin,female person who rents out property to tenant,landlady,Unsere Vermieterin ist nett.,Our landlady is nice.,A2,noun,4,very_common,Housing tenancy and contracts noun,lexicographer,2026-09-10,1650,neutral,,housing,people,die,Vermieterinnen,Vermieterin,,,,,,,,die Vermieterin anrufen|nette Vermieterin,Hauswirtin|Wohnungsgeberin,Mieterin,,Goethe-Zertifikat A2 Wortliste,,reviewed
1609,vocabulary,verpassen,to fail to catch transit or seize an occasion,to miss (train/chance),Ich habe den Zug verpasst.,I missed the train.,A2,verb,4,very_common,Transit schedules and opportunities verb,lexicographer,2026-09-10,880,neutral,,travel,transport,,,,false,false,haben,verpasst,verpasste,verpasst,Akk,den Bus verpassen|einen Termin verpassen,versäumen|verfehlen,erreichen|erwischen,,,,reviewed
1610,vocabulary,verreisen,to depart on a trip or go away from home,to go away on a trip / travel away,Verreist ihr in den Ferien?,Are you going away on a trip during the holidays?,A2,verb,4,very_common,Vacation;departures;and holiday travel verb,lexicographer,2026-09-10,1450,neutral,,travel,vacation,,,,false,false,sein,verreist,verreiste,verreist,,,in den Ferien verreisen|zur Zeit verreist sein,wegfahren|Urlaub machen,daheimbleiben|zu Hause bleiben,,,reviewed
1611,vocabulary,verschieben,to postpone an arrangement to a later time,to postpone / reschedule,Leider muss ich den Termin verschieben.,Unfortunately I have to reschedule the appointment.,A2,verb,4,very_common,Time organization and rescheduling verb,lexicographer,2026-09-10,950,neutral,,time|work,organization,,,,false,false,haben,verschiebt,verschob,verschoben,auf + Akk. | Akk,einen Termin auf Montag verschieben|Sitzung verschieben,vertagen|verlegen,,,,,reviewed
1612,vocabulary,verschieden,not of the same kind / multiple distinct types,different / various,Unsere beiden Kinder sind sehr verschieden.,Our two children are very different.,A2,adjective,5,essential,Comparative divergence and multiplicity adjective,lexicographer,2026-09-10,160,neutral,,general,diversity,,,,,,,,,,,predicative/attributive,verschiedene Farben|sehr verschieden sein,unterschiedlich|divers,gleich|identisch,Goethe-Zertifikat A2 Wortliste,,reviewed
1613,vocabulary,Verspätung,delay causing transit arrival past schedule,delay,Unser Zug hat leider 15 Minuten Verspätung.,Our train unfortunately has a 15-minute delay.,A2,noun,4,very_common,Public transport scheduling noun,lexicographer,2026-09-10,1180,neutral,,travel,transport,die,Verspätungen,Verspätung,,,,,,,,Verspätung haben|Verspätung melden,Verzögerung,Pünktlichkeit,,Goethe-Zertifikat A2 Wortliste,,reviewed
1614,vocabulary,versuchen,to make an effort to do or test something,to try / attempt,Kann ich es auch einmal versuchen?,Can I also try it once?,A2,verb,5,essential,Core effort;experimentation;and trial verb,lexicographer,2026-09-10,210,neutral,,general,action,,,,false,false,haben,versucht,versuchte,versucht,,,etwas zu + Inf. versuchen|etwas versuchen,noch einmal versuchen|es versuchen mit,probieren|anstreben|testen,,,reviewed
1615,vocabulary,Vertrag,binding formal legal or commercial agreement,contract,Ich muss den Vertrag noch unterschreiben.,I still have to sign the contract.,A2,noun,4,very_common,housing;and employment agreements noun,lexicographer,2026-09-10,480,neutral,,work|administration,law,der,Verträge,Vertrages;Vertrags,,,,,,,,einen Vertrag unterschreiben|Mietvertrag|Arbeitsvertrag,Vereinbarung|Kontrakt,,,Goethe-Zertifikat A2 Wortliste,,needs_review
1616,vocabulary,viel,constituting a large quantity,extent,"or degree, much / many / a lot, Ich habe leider nicht viel Zeit.",Unfortunately I do not have much time.,A2,,5,essential,Universal large quantity quantifier/adverb,lexicographer,2026-09-10,25,neutral,,general,quantity,,,,,,,,,,,Indefinitpronomen / Gradadverb,viel Spaß|viele Grüße|viel Geld,eine Menge|haufenweise,wenig|kaum,Goethe-Zertifikat A2 Wortliste,,reviewed
1617,vocabulary,viermal,on four separate instances or occasions,four times,Wir haben viermal gewonnen.,We won four times.,A2,adverb,3,common,Numerical frequency multiplication adverb,lexicographer,2026-09-10,1180,neutral,,time,frequency,,,,,,,,,,,Frequenzadverb,viermal im Jahr|viermal hintereinander,vier Mal,dreimal|fünfmal,Goethe-Zertifikat A2 Wortliste,,reviewed
1618,vocabulary,vierte,constituting number four in a sequence,fourth,Wir wohnen im vierten Stock.,We live on the fourth floor.,A2,adjective,4,very_common,Ordinal number adjective,lexicographer,2026-09-10,180,neutral,,general,order,,,,,,,,,,,Ordinalzahl,der vierte Teil|vierte Klasse,an vierter Stelle,dritte|fünfte,Goethe-Zertifikat A2 Wortliste,,reviewed
1619,vocabulary,viertens,in the fourth place / introducing fourth point,fourthly,4. viertens: Die Sache ist erledigt.,4. fourthly: the matter is done.,A2,adverb,3,common,Enumeration and structuring discourse adverb,lexicographer,2026-09-10,2400,neutral,,communication,sequence,,,,,,,,,,,Aufzählungsadverb,viertens und letztens,an vierter Stelle,drittens,Goethe-Zertifikat A2 Wortliste,,reviewed
1620,vocabulary,Vogel,warm-blooded egg-laying feathered vertebrate,bird,Morgens singen die Vögel immer laut.,In the morning the birds always sing loudly.,A2,noun,4,very_common,Nature;wildlife;and animals noun,lexicographer,2026-09-10,950,neutral,,nature,animals,der,Vögel,Vogels,,,,,,,,Vögel singen|Zugvögel|kleiner Vogel,Federvieh,,,Goethe-Zertifikat A2 Wortliste,,reviewed
1621,vocabulary,voll,filled to capacity / having no empty space,full / crowded,Morgens sind die Züge immer sehr voll.,In the morning the trains are always very full.,A2,adjective,5,essential,Capacity;crowding;and fullness adjective,lexicographer,2026-09-10,210,neutral,,transport|general,capacity,,,,,,,,,,,predicative/attributive,ganz voll|voller Bus|vollgetankt,gefüllt|überfüllt,leer,,,reviewed
1622,vocabulary,Volleyball,team game hitting ball over a high net,volleyball,Ich spiele gern Volleyball.,I like playing volleyball.,A2,noun,3,common,Sports and leisure games noun,lexicographer,2026-09-10,2100,neutral,,sports,games,der,-,Volleyballs,,,,,,,,Volleyball spielen|Beachvolleyball,Ballspiel,,,Goethe-Zertifikat A2 Wortliste,,reviewed
1623,phrase,von zu Hause,originating from one's own residence,from home,Er kommt gerade von zu Hause.,He is just coming from home.,A2,phrase,4,very_common,Origin domestic phrase,lexicographer,2026-09-10,340,neutral,,housing,origin,,,,,,,,,,,Herkunftsphrase,von zu Hause weggehen|von zu Hause aus arbeiten,von daheim,nach Hause,Goethe-Zertifikat A2 Wortliste,,reviewed
1624,vocabulary,vorbei,passing past a spatial point or having ended,past / by / over,Kommst du morgen bei mir vorbei?,Will you drop by my place tomorrow?,A2,adverb,4,very_common,Spatial transit by a point and temporal conclusion adverb,lexicographer,2026-09-10,480,neutral,,directions|time,movement,,,,,,,,,,,lokales Adverb / Prädikat,am Krankenhaus vorbei fahren|bei jemandem vorbeikommen|die Zeit ist vorbei,vorüber|passee,anstehend,Goethe-Zertifikat A2 Wortliste,,reviewed
1625,vocabulary,vorbereiten,to make ready or prepare in advance (reflexive),to prepare / get ready,Ich muss mich auf meine Prüfung vorbereiten.,I have to prepare for my exam.,A2,verb,4,very_common,Task preparation and organization verb,lexicographer,2026-09-10,580,neutral,,education|work,action,,,,true,true,haben,bereitet vor,bereitete vor,vorbereitet,auf + Akk. | Akk,die Party vorbereiten|auf die Prüfung vorbereiten,präparieren|rüsten,,,,,reviewed
1626,vocabulary,vorgestern,on the day before yesterday,the day before yesterday,Er hat mich vorgestern angerufen.,He called me the day before yesterday.,A2,adverb,4,very_common,Retrospective past calendar day adverb,lexicographer,2026-09-10,1450,neutral,,time,past,,,,,,,,,,,temporales Adverb,vorgestern Abend|schon vorgestern,zwei Tage zuvor,übermorgen,Goethe-Zertifikat A2 Wortliste,,reviewed
1627,vocabulary,vorher,at a time preceding another event,beforehand / earlier / before,"Vorher muss ich aber noch zur Bank., Before that, however",I still have to go to the bank.,A2,adverb,4,very_common,Chronological sequence and priority adverb,lexicographer,2026-09-10,380,neutral,,time,sequence,,,,,,,,,,,temporales Adverb,gleich vorher|kurz vorher,zuvor|früher|im Vorfeld,nachher|hinterher,Goethe-Zertifikat A2 Wortliste,,reviewed
1628,vocabulary,vormittags,on forenoons as a recurring habit,in the mornings / forenoons,Vormittags haben wir Schule.,In the mornings we have school.,A2,adverb,4,very_common,Temporal recurring schedule adverb,lexicographer,2026-09-10,850,neutral,,time,frequency,,,,,,,,,,,temporales Adverb,vormittags erreichbar|jeden Tag vormittags,am Vormittag,nachmittags,Goethe-Zertifikat A2 Wortliste,,reviewed
1629,vocabulary,vorn,at or toward the anterior front part,in front / at the front,Bitte vorn einsteigen!,Please board at the front!,A2,adverb,4,very_common,Spatial orientation and transit boarding adverb,lexicographer,2026-09-10,480,neutral,,directions|transport,space,,,,,,,,,,,lokales Adverb (auch vorne),ganz vorn|vorne sitzen|vorn im Bus,an der Spitze|im Vorderbereich,hinten,Goethe-Zertifikat A2 Wortliste,,reviewed
1630,vocabulary,Vorschlag,idea or scheme put forward for consideration,suggestion / proposal,Hast du einen guten Vorschlag?,Do you have a good suggestion?,A2,noun,4,very_common,Social coordination;ideas;and advice noun,lexicographer,2026-09-10,680,neutral,,communication,ideas,der,Vorschläge,Vorschlags;Vorschlages,,,,,,,,einen Vorschlag machen|guter Vorschlag,Anregung|Offerte|Plan,,,Goethe-Zertifikat A2 Wortliste,,reviewed
1631,vocabulary,vorsichtig,taking care to avoid danger or mishaps,careful / cautious / gently,Sei vorsichtig! Du musst vorsichtig fahren.,Be careful! You must drive carefully.,A2,adjective,4,very_common,Safety;conduct;and traffic alertness adjective/adverb,lexicographer,2026-09-10,650,neutral,,safety|transport,character,,,,,,,,,,,predicative/attributive/adverbial,vorsichtig sein|vorsichtig fahren,behutsam|wachsam|achtsam,unvorsichtig|leichtsinnig,,,reviewed
1632,vocabulary,vorwärts,in the direction that one is facing or ahead,forwards / ahead,Fahren Sie bitte noch ein Stück vorwärts.,Please drive forward a little bit further.,A2,adverb,4,very_common,Spatial direction and vehicle navigation adverb,lexicographer,2026-09-10,1180,neutral,,directions|transport,movement,,,,,,,,,,,Direktionaladverb,vorwärts fahren|Schritt vorwärts,nach vorne,rückwärts,Goethe-Zertifikat A2 Wortliste,,reviewed
1633,vocabulary,wach,not asleep or completely alert,awake,Bist du schon lange wach?,Have you been awake for long?,A2,adjective,4,very_common,Sleep state;vigilance;and morning alertness adjective,lexicographer,2026-09-10,750,neutral,,daily_routine|health,state,,,,,,,,,,,predicative/attributive,ganz wach sein|wach werden,munter|aufgeweckt,schlafend|müde,,,reviewed
1634,vocabulary,Wagen,wheeled road vehicle or railway passenger carriage,car / railway carriage,Wo steht Ihr Wagen? Im zweiten Wagen ist das Zugrestaurant.,Where is your car? In the second carriage is the train restaurant.,A2,noun,4,very_common,Automobile and train carriage noun,lexicographer,2026-09-10,480,neutral,,transport,vehicles,der,Wagen,Wagens,,,,,,,,mit dem Wagen fahren|Speisewagen|Wagenklasse,Auto|Eisenbahnwagen|PKW,,,Goethe-Zertifikat A2 Wortliste,,reviewed
1635,vocabulary,wählen,to select from options or dial a phone number,to choose / select / dial,Wählen Sie bitte ein Getränk!,Please choose a beverage!,A2,verb,5,essential,Selection decisions and phone dialling verb,lexicographer,2026-09-10,380,neutral,,general|communication,action,,,,false,false,haben,wählt,wählte,gewählt,Akk | zwischen + Dat.,die falsche Nummer wählen|Menü wählen,aussuchen|selektieren,,,,,reviewed
1636,vocabulary,wahr,in accordance with fact or truth,true / real,Das ist nicht wahr!,That is not true!,A2,adjective,5,essential,Factuality;veracity;and agreement adjective,lexicographer,2026-09-10,280,neutral,,general,correctness,,,,,,,,,,,predicative/attributive,nicht wahr|wahre Begebenheit,zutreffend|richtig|wahrheitsgemäß,falsch|gelogen,,,reviewed
1637,vocabulary,wahrscheinlich,reasonably to be expected / probable,probable / likely / probably,Er kommt wahrscheinlich nicht.,He probably won't come.,A2,adjective,4,very_common,Probability assessment and epistemic adverb/adjective,lexicographer,2026-09-10,340,neutral,,general,probability,,,,,,,,,,,predicative/adverbial,sehr wahrscheinlich|wahrscheinlich kommen,vermutlich|wohl,unwahrscheinlich,Goethe-Zertifikat A2 Wortliste,,reviewed
1638,vocabulary,Wald,large area covered chiefly with trees,forest / woods,Ich gehe gern im Wald spazieren.,I like going for a walk in the forest.,A2,noun,4,very_common,Nature;environment;and outdoor recreation noun,lexicographer,2026-09-10,610,neutral,,nature,environment,der,Wälder,Waldes;Walds,,,,,,,,im Wald spazieren|durch den Wald fahren,Forst|Gehölz,,,Goethe-Zertifikat A2 Wortliste,,reviewed
1640,vocabulary,warm,having or giving out moderate heat,warm,Hier ist es sehr warm.,It is very warm here.,A2,adjective,5,essential,Core temperature;weather;and food adjective,lexicographer,2026-09-10,280,neutral,,weather|food,temperature,,,,,,,,,,,predicative/attributive,warmes Essen|warmer Pullover|warmes Wetter,aufgeheizt|mild,kalt|kühl,,,reviewed
1642,vocabulary,Wäsche,garments,sheets,"and towels to be/being washed, laundry / washing, Ich muss noch Wäsche waschen.",I still have to do the laundry.,A2,noun,4,very_common,Domestic chores and textiles noun,lexicographer,2026-09-10,1150,neutral,,household,clothing,die,-,Wäsche,,,,,,,,Wäsche waschen|schmutzige Wäsche|die Wäsche ist trocken,Schmutzwäsche|Unterwäsche,,,Goethe-Zertifikat A2 Wortliste,,reviewed
1643,vocabulary,WC,abbreviation for water closet / restroom,toilet / WC,Wo ist das WC?,Where is the WC/restroom?,A2,noun,4,very_common,Public sanitation facilities noun,lexicographer,2026-09-10,1150,neutral,,hygiene,facilities,das,WCs,WCs,,,,,,,,Damen-WC|Herren-WC|aufs WC gehen,Toilette|Klosett,,,Goethe-Zertifikat A2 Wortliste,,reviewed
1644,vocabulary,Webseite,location connected to internet containing hyperlinked files,webpage / website,Es gibt viele Webseiten mit Grammatikübungen.,There are many websites with grammar exercises.,A2,noun,4,very_common,Internet;computing;and online media noun,lexicographer,2026-09-10,850,neutral,,internet,technology,die,Webseiten,Webseite,,,,,,,,Webseite besuchen|auf der Webseite finden,Website|Internetauftritt|Homepage,,,Goethe-Zertifikat A2 Wortliste,,reviewed
1645,vocabulary,wechseln,to substitute or exchange one thing for another,to change / exchange,Wir müssen den Reifen wechseln.,We have to change the tire.,A2,verb,4,very_common,Substitution;tire maintenance;and currency verb,lexicographer,2026-09-10,580,neutral,,finances|transport,action,,,,false,false,haben,wechselt,wechselte,gewechselt,,,etwas wechseln|Geld wechseln,Geld wechseln|Reifen wechseln|Kleidung wechseln,austauschen|umtauschen,,,reviewed
1646,vocabulary,wecken,to cause to cease sleeping or awaken someone,to wake up / awaken,Bitte wecken Sie mich morgen früh um fünf.,Please wake me tomorrow morning at five.,A2,verb,4,very_common,Daily waking routine and hotel calls verb,lexicographer,2026-09-10,1180,neutral,,daily_routine,action,,,,false,false,haben,weckt,weckte,geweckt,Akk,den Wecker stellen | rechtzeitig wecken | durch Lärm geweckt werden,aufwecken|wachmachen,einschlafen lassen,,,,reviewed
1647,vocabulary,weg,absent,removed,"or no longer present, away / gone, Meine Brille ist weg. Ich finde sie nicht mehr.",My glasses are gone. I can't find them anymore.,A2,adverb,5,essential,Absence and disappearance spatial adverb,lexicographer,2026-09-10,180,neutral,,general,absence,,,,,,,,,,,lokales Adverb / Prädikat,schon weg|ganz weg|weg sein,verschwunden|fort,da|anwesend,Goethe-Zertifikat A2 Wortliste,,reviewed
1648,vocabulary,Weg,track,route,"or course followed to destination, way / path / route, Das ist der kürzeste Weg.",This is the shortest way.,A2,noun,5,essential,Wayfinding;routes;and walking paths noun,lexicographer,2026-09-10,140,neutral,,directions,navigation,der,Wege,Weges;Wegs,,,,,,,,den Weg beschreiben|auf dem Weg sein|kürzester Weg,Pfad|Route|Strecke,,,Goethe-Zertifikat A2 Wortliste,,reviewed
1649,vocabulary,wegbringen,to transport something away from a place,to take away,Bringst du bitte den Müll weg?,Will you please take away the trash?,A2,verb,4,very_common,Domestic disposal and transport verb,lexicographer,2026-09-10,1350,neutral,,household,action,,,,false,true,haben,bringt weg,brachte weg,weggebracht,etwas wegbringen,den Müll wegbringen|Sachen wegbringen,fortschaffen|abtransportieren,herbringen,,,,reviewed
1650,vocabulary,wegen,on account of / because of,because of / on account of,Wegen seiner Arbeit kann er leider nicht kommen.,Because of his work he unfortunately cannot come.,A2,preposition,5,essential,Core causal preposition with genitive/dative,lexicographer,2026-09-10,140,neutral,,general,reason,,,,,,,,,,wegen + Gen./Dat.,wegen des Wetters|wegen meiner Tochter|weswegen,aufgrund|infolge,,,Goethe-Zertifikat A2 Wortliste,,reviewed
1651,vocabulary,wegfahren,to drive away or depart in a vehicle,to drive away,Können Sie Ihr Auto bitte wegfahren?,Could you please drive your car away?,A2,verb,4,very_common,Vehicle repositioning and departure verb,lexicographer,2026-09-10,1280,neutral,,transport,movement,,,,false,true,sein,fährt weg,fuhr weg,weggefahren,,mit dem Auto wegfahren|das Auto wegfahren,fortfahren|abfahren,herfahren|ankommen,,Goethe-Zertifikat A2 Wortliste,,reviewed
1652,vocabulary,weggehen,to walk away or depart from a location,to walk away / leave,Ich gehe jetzt weg.,I am leaving now.,A2,verb,4,very_common,Locomotion departure and social exit verb,lexicographer,2026-09-10,720,neutral,,social,movement,,,,false,true,sein,geht weg,ging weg,weggegangen,,von + Dat. weggehen|jetzt weggehen,fortgehen|aufbrechen,kommen|dableiben,,Goethe-Zertifikat A2 Wortliste,,reviewed
1653,vocabulary,weglaufen,to run away or escape,to run away / flee,Unser Hund ist weggelaufen.,Our dog ran away.,A2,verb,4,very_common,Rapid animal or human escape verb,lexicographer,2026-09-10,1180,neutral,,movement|animals,escape,,,,false,true,sein,läuft weg,lief weg,weggelaufen,,von zu Hause weglaufen|Katze ist weggelaufen,davonlaufen|fliehen,zurückkommen,,Goethe-Zertifikat A2 Wortliste,,reviewed
1654,vocabulary,wegmachen,to clear away,remove,"or clean off, to remove / clean off, Kannst du das bitte wegmachen?",Can you please clean that off?,A2,verb,3,common,Domestic cleaning and informal removal verb,lexicographer,2026-09-10,1850,informal,,household,cleaning,,,,false,true,haben,macht weg,machte weg,weggemacht,,den Fleck wegmachen|Schmutz wegmachen,beseitigen|entfernen|wegwischen,,,Goethe-Zertifikat A2 Wortliste,,reviewed
1655,vocabulary,wegnehmen,to deprive someone of or confiscate,to take away,Warum hast du dem Kind den Ball weggenommen?,Why did you take the ball away from the child?,A2,verb,4,very_common,Confiscation and deprivation verb,lexicographer,2026-09-10,950,neutral,,social,action,,,,false,true,haben,nimmt weg,nahm weg,weggenommen,Dat | Akk,Spielzeug wegnehmen|Platz wegnehmen,entwenden|abnehmen,geben|schenken,,,,reviewed
1656,vocabulary,wegwerfen,to discard something into trash,to throw away / discard,Sie können diese Papiere wegwerfen.,You can throw away these papers.,A2,verb,4,very_common,Waste disposal and discarding verb,lexicographer,2026-09-10,1210,neutral,,household,waste,,,,false,true,haben,wirft weg,warf weg,weggeworfen,Akk,alte Zeitungen wegwerfen|nicht wegwerfen,entsorgen|wegschmeißen,behalten|aufbewahren,,,,reviewed
1657,vocabulary,wehtun,to cause physical pain or hurt,to hurt / ache,Wo tut es weh?,Where does it hurt?,A2,verb,5,essential,Core bodily pain symptom verb,lexicographer,2026-09-10,680,neutral,,health,symptoms,,,,false,true,haben,tut weh,tat weh,wehgetan,Dat,der Bauch tut weh | will dir nicht wehtun | am Körper wehtun,schmerzen|peinigen,lindern|heilen,,,,reviewed
1658,vocabulary,weich,yielding readily to touch or pressure,soft,Ich möchte zum Frühstück ein weiches Ei.,I would like a soft-boiled egg for breakfast.,A2,adjective,4,very_common,Texture and physical sensation adjective,lexicographer,2026-09-10,610,neutral,,general|food,texture,,,,,,,,,,,predicative/attributive,weiches Ei|weiches Bett|weich anfassen,nachgiebig|zart,hart|fest,Goethe-Zertifikat A2 Wortliste,,reviewed
1659,vocabulary,Weihnachten,Christian winter festival celebrating Christ's nativity,Christmas,Frohe Weihnachten!,Merry Christmas!,A2,noun,5,essential,Winter festive holiday and celebrations noun,lexicographer,2026-09-10,420,neutral,,culture|religion,holidays,das,-,Weihnachten,,,,,,,,zu Weihnachten|Weihnachtsgeschenke|Heiligabend,Christfest|Weihnachtsfest,,,Goethe-Zertifikat A2 Wortliste,,reviewed
1660,vocabulary,weil,for the reason that,because,"Ich kann nicht kommen, weil ich arbeiten muss.",I cannot come because I have to work.,A2,conjunction,5,essential,Core causal subordinating conjunction,lexicographer,2026-09-10,25,neutral,,grammar,reason,,,,,,,,,,,Nebensatz einleitend,weil ich krank bin|weil es regnet,da|denn,,Goethe-Zertifikat A2 Wortliste,,reviewed
1661,vocabulary,weinen,to shed tears as an expression of sorrow,to cry / weep,Warum weint das Baby?,Why is the baby crying?,A2,verb,4,very_common,Emotional and physiological response verb,lexicographer,2026-09-10,510,neutral,,social|psychology,feelings,,,,false,false,haben,weint,weinte,geweint,vor + Dat.,bitte nicht weinen | Tränen vergießen | bitterlich weinen,schluchzen|heulen,lachen,,,,reviewed
1662,vocabulary,weiterhelfen,to assist someone in overcoming a difficulty,to help out / assist further,"Entschuldigung, können Sie mir bitte weiterhelfen?, Excuse me",can you please help me out?,A2,verb,4,very_common,Support and service verb,lexicographer,2026-09-10,950,neutral,,social,support,,,,false,true,haben,hilft weiter,half weiter,weitergeholfen,bei + Dat. | Dat,bitte weiterhelfen|jemandem weiterhelfen können,beistehen|unterstützen,im Stich lassen,,,,reviewed
1663,vocabulary,weitermachen,to proceed with an ongoing activity,to carry on / continue,Können wir jetzt weitermachen?,Can we continue now?,A2,verb,4,very_common,Activity continuation verb,lexicographer,2026-09-10,850,neutral,,work|general,action,,,,false,true,haben,macht weiter,machte weiter,weitergemacht,mit + Dat.,jetzt weitermachen|mit der Arbeit weitermachen,fortfahren|fortsetzen,aufhören|abbrechen,,,,reviewed
1664,vocabulary,welcher,asking for choice among alternatives,which / which one,Welcher Tag ist heute?,Which day is today?,A2,pronoun,5,essential,Core interrogative determiner,lexicographer,2026-09-10,25,neutral,,grammar,questions,,,,,,,,,,,Interrogativpronomen,welchen Kurs möchtest du|welches Buch,was für ein,,Goethe-Zertifikat A2 Wortliste,,reviewed
1665,vocabulary,wenig,small in quantity,amount,"or frequency, little / few, Ich habe leider nur wenig verstanden.",Unfortunately I understood only little.,A2,,5,essential,Core small quantity quantifier/adverb,lexicographer,2026-09-10,95,neutral,,general,quantity,,,,,,,,,,,Indefinitpronomen / Gradadverb,wenig Zeit|wenig verdienen|nur wenig,spärlich|gering,viel|reichlich,Goethe-Zertifikat A2 Wortliste,,reviewed
1666,vocabulary,wenigstens,at the very lowest estimate or at least,at least,Essen Sie wenigstens ein Stück Kuchen!,At least eat a piece of cake!,A2,adverb,4,very_common,Concessive minimum limit adverb,lexicographer,2026-09-10,480,neutral,,general,degree,,,,,,,,,,,Gradadverb,wenigstens etwas|wenn schon,mindestens|zumindest,höchstens,Goethe-Zertifikat A2 Wortliste,,reviewed
1667,vocabulary,wenn,in the event that / whenever,if / whenever,"Wenn ich nicht arbeiten muss, komme ich., If I don't have to work",I'll come.,A2,conjunction,5,essential,Core conditional and temporal subordinating conjunction,lexicographer,2026-09-10,12,neutral,,grammar,condition,,,,,,,,,,,Nebensatz einleitend,wenn es regnet|immer wenn|wenn möglich,falls|sofern,,Goethe-Zertifikat A2 Wortliste,,reviewed
1668,vocabulary,Werkstatt,room or building where repairs/crafts are done,workshop / repair garage,Mein Auto ist in der Werkstatt.,My car is in the repair shop.,A2,noun,4,very_common,Crafts;automotive service;and repair venue noun,lexicographer,2026-09-10,950,neutral,,work|transport,buildings,die,Werkstätten,Werkstatt,,,,,,,,Auto in die Werkstatt bringen|Kfz-Werkstatt,Reparaturwerkstatt|Atelier,,,Goethe-Zertifikat A2 Wortliste,,reviewed
1669,vocabulary,Werktag,any day of the week except Sundays and holidays,working day / business day,Geschäfte haben an Werktagen geöffnet.,Shops are open on working days.,A2,noun,4,very_common,Business trading hours and legal calendar noun,lexicographer,2026-09-10,1350,neutral,,commerce|time,calendar,der,Werktage,Werktags;Werktages,,,,,,,,nur an Werktagen|werktags geöffnet,Arbeitstag|Wochentag,Sonn- und Feiertag,,Goethe-Zertifikat A2 Wortliste,,reviewed
1670,vocabulary,Wettbewerb,event in which people compete against each other,competition / contest,Mein Sohn hat bei einem Wettbewerb gewonnen.,My son won in a competition.,A2,noun,4,very_common,Sports;school;and public contests noun,lexicographer,2026-09-10,750,neutral,,sports|social,events,der,Wettbewerbe,Wettbewerbs;Wettbewerbes,,,,,,,,beim Wettbewerb gewinnen|an einem Wettbewerb teilnehmen,Wettstreit|Kontest|Ausscheidung,,,Goethe-Zertifikat A2 Wortliste,,reviewed
1671,vocabulary,wie,in what way or manner / as / like,how / as / like,Wie heißt du?,What is your name?,A2,pronoun,5,essential,Core manner question;comparative;and discourse marker,lexicographer,2026-09-10,10,neutral,,communication,manner,,,,,,,,,,,Interrogativadverb / Vergleichspartikel,wie bitte|wie groß|so groß wie|wie lange,auf welche Weise|in welcher Art,,,,reviewed
1672,phrase,wie viel,asking for quantity or monetary amount,how much / how many,Wie viel kostet diese Hose?,How much do these trousers cost?,A2,phrase,5,essential,Core inquiry for price and numerical quantity,lexicographer,2026-09-10,65,neutral,,shopping|general,quantity,,,,,,,,,,,Interrogativphrase,wie viele Kinder|wie viel Uhr ist es,welche Menge,,Goethe-Zertifikat A2 Wortliste,,reviewed
1673,vocabulary,wieder,once more or back to an earlier condition,again / back,Stefan kann wieder zum Fußballtraining kommen.,Stefan can come to football practice again.,A2,adverb,5,essential,Core repetition and restorative temporal adverb,lexicographer,2026-09-10,50,neutral,,time,repetition,,,,,,,,,,,temporales Adverb,schon wieder|wieder da|wiederholen,erneut|nochmals,nie mehr,Goethe-Zertifikat A2 Wortliste,,reviewed
1674,vocabulary,windig,exposed to or characterized by prevailing wind,windy,Heute ist es sehr windig.,Today it is very windy.,A2,adjective,4,very_common,Weather forecast and meteorological adjective,lexicographer,2026-09-10,1650,neutral,,weather,nature,,,,,,,,,,,predicative/attributive,windiges Wetter|sehr windig sein,stürmisch|luftig,windstill,Goethe-Zertifikat A2 Wortliste,,reviewed
1675,vocabulary,wirklich,in actual fact or truth / truly,really / truly / actual,"Es ist aber wirklich so., It really is like that",though.,A2,adjective,5,essential,Factual truth;confirmation;and modal adverb,lexicographer,2026-09-10,85,neutral,,general,truth,,,,,,,,,,,predicative/adverbial,wirklich wahr|nicht wirklich,tatsächlich|wahrhaftig|echt,scheinbar|unwirklich,,,reviewed
1676,vocabulary,Witz,short humorous oral narrative causing laughter,joke,Wir haben Witze erzählt und viel gelacht.,We told jokes and laughed a lot.,A2,noun,4,very_common,Humor;social amusement;and storytelling noun,lexicographer,2026-09-10,850,neutral,,social|leisure,humor,der,Witze,Witzes,,,,,,,,einen Witz erzählen|über einen Witz lachen,Scherz|Gag|Pointe,,,Goethe-Zertifikat A2 Wortliste,,reviewed
1677,vocabulary,witzig,humorous,amusing,"or full of wit, funny / witty, Ich finde das nicht witzig.",I don't find that funny.,A2,adjective,4,very_common,Humor assessment and amusement adjective,lexicographer,2026-09-10,1180,neutral,,general,humor,,,,,,,,,,,predicative/attributive,sehr witzig|witzige Bemerkung,lustig|komisch|humorvoll,ernst|langweilig,Goethe-Zertifikat A2 Wortliste,,reviewed
1679,vocabulary,woher,from what place or source / interrogative origin,where from,Woher kommen Sie?,Where do you come from?,A2,pronoun,5,essential,Core origin and derivation interrogative adverb,lexicographer,2026-09-10,210,neutral,,origin,questions,,,,,,,,,,,Interrogativadverb,woher wissen Sie das|woher kommst du,von welchem Ort,wohin,Goethe-Zertifikat A2 Wortliste,,reviewed
1680,vocabulary,wohin,to what place or destination / interrogative target,where to,Wohin fährt dieser Bus?,Where is this bus going?,A2,pronoun,5,essential,Core destination and target interrogative adverb,lexicographer,2026-09-10,240,neutral,,directions|travel,questions,,,,,,,,,,,Interrogativadverb,wohin gehst du|wohin reisen,zu welchem Ort,woher,Goethe-Zertifikat A2 Wortliste,,reviewed
1681,vocabulary,Wohnzimmer,main domestic room used for general living/leisure,living room,Die Kinder sitzen im Wohnzimmer und sehen fern.,The children are sitting in the living room watching TV.,A2,noun,4,very_common,Domestic residential interior architecture noun,lexicographer,2026-09-10,1180,neutral,,housing,room,das,Wohnzimmer,Wohnzimmers,,,,,,,,im Wohnzimmer sitzen|gemütliches Wohnzimmer,Stube|Salon|Wohnbereich,,,Goethe-Zertifikat A2 Wortliste,,reviewed
1682,vocabulary,Wolke,visible mass of condensed vapor in the sky,cloud,Es gibt viele Wolken am Himmel.,There are many clouds in the sky.,A2,noun,4,very_common,Weather and nature noun,lexicographer,2026-09-10,1380,neutral,,weather,nature,die,Wolken,Wolke,,,,,,,,Wolken am Himmel|dunkle Wolken,keine Wolken|schwere Wolken,Gewölk,,Goethe-Zertifikat A2 Wortliste,,reviewed
1683,vocabulary,Workshop,brief intensive educational seminar for practical work,workshop,Das war ein toller Workshop.,That was a great workshop.,A2,noun,4,very_common,Vocational training;seminars;and education noun,lexicographer,2026-09-10,980,neutral,,education|work,learning,der,Workshops,Workshops,,,,,,,,an einem Workshop teilnehmen|Computer-Workshop,Seminar|Arbeitskreis|Fortbildung,,,Goethe-Zertifikat A2 Wortliste,,reviewed
1684,vocabulary,Wörterbuch,reference book of alphabetized lexical words,dictionary,Das Wort muss ich im Wörterbuch suchen.,I need to look up the word in the dictionary.,A2,noun,4,very_common,Language learning reference tool noun,lexicographer,2026-09-10,1450,neutral,,linguistics|school,books,das,Wörterbücher,Wörterbuchs;Wörterbuches,,,,,,,,im Wörterbuch nachschlagen|zweisprachiges Wörterbuch,Lexikon|Diktionär,,,Goethe-Zertifikat A2 Wortliste,,reviewed
1685,vocabulary,Wunsch,craving,aspiration,"or desire for something, wish / desire / request, Was ist dein größter Wunsch?",What is your greatest wish?,A2,noun,4,very_common,Personal aspirations;shopping;and greetings noun,lexicographer,2026-09-10,480,neutral,,social|general,aspirations,der,Wünsche,Wunsches;Wunschs,,,,,,,,einen Wunsch haben|haben Sie noch einen Wunsch,Begehren|Anliegen|Traum,,,Goethe-Zertifikat A2 Wortliste,,reviewed
1686,vocabulary,wünschen,to express hopes for someone or desire (reflexive),to wish / desire,Ich wünsche Ihnen alles Gute!,I wish you all the best!,A2,verb,5,essential,Social courtesy formulas and desire verb,lexicographer,2026-09-10,280,neutral,,social,courtesy|reflexive_optional,,,,false,false,haben,wünscht,wünschte,gewünscht,Dat | Akk,Gute Besserung wünschen|sich eine Kamera wünschen,erhoffen|ersehnen,,,,,reviewed
1687,vocabulary,Wurst,seasoned minced meat enclosed in a casing,sausage,"Eine Wurst mit Pommes, bitte., A sausage with fries",please.,A2,noun,4,very_common,Meat delicacies and dining groceries noun,lexicographer,2026-09-10,1280,neutral,,food,groceries,die,Würste,Wurst,,,,,,,,Bratwurst|eine Scheibe Wurst|Wurstbrot,Würstchen|Fleischware,,,Goethe-Zertifikat A2 Wortliste,,reviewed
1688,vocabulary,z. B.,abbreviation for zum Beispiel / for example,e.g. / for example,"Obst, z. B. Äpfel, Fruit",e.g. apples,A2,abbreviation,5,essential,Everyday explanatory abbreviation,lexicographer,2026-09-10,75,neutral,,communication,writing,,,,,,,,,,,Abkürzung (zum Beispiel),wie z. B.,beispielsweise,,Goethe-Zertifikat A2 Wortliste,,reviewed
1689,vocabulary,Zahl,mathematical symbol or figure representing quantity,number / figure,Können Sie die Zahl bitte wiederholen?,Could you please repeat the number?,A2,noun,5,essential,Mathematics;counting;and data noun,lexicographer,2026-09-10,280,neutral,,math,quantity,die,Zahlen,Zahl,,,,,,,,Zahlen merken|eine Zahl aufschreiben,Ziffer|Nummer|Menge,,,Goethe-Zertifikat A2 Wortliste,,reviewed
1690,vocabulary,Zahn,hard bone-like structure rooted in the jaw,tooth,Der Zahn tut mir schon seit einer Woche weh.,The tooth has been hurting me for a week already.,A2,noun,4,very_common,Dentistry;anatomy;and healthcare noun,lexicographer,2026-09-10,1180,neutral,,body|health,dentistry,der,Zähne,Zahnes;Zahns,,,,,,,,Zähne putzen|zum Zahnarzt gehen|Zahnschmerzen,Beißer|Kauwerkzeug,,,Goethe-Zertifikat A2 Wortliste,,reviewed
1691,vocabulary,zeichnen,to produce pictures by drawing with pencils/chalk,to draw,Caterina kann gut zeichnen.,Caterina can draw well.,A2,verb,4,very_common,Creative arts;sketching;and graphics verb,lexicographer,2026-09-10,880,neutral,,art,action,,,,false,false,haben,zeichnet,zeichnete,gezeichnet,,,etwas zeichnen|mit Bleistift zeichnen,ein Bild zeichnen|einen Plan zeichnen,skizzieren|malen,,,reviewed
1692,vocabulary,zeigen,to indicate,point out,"or display for viewing, to show, Können Sie mir bitte den Weg zum Bahnhof zeigen?",Could you please show me the way to the station?,A2,verb,5,essential,Demonstration;directions;and exhibition verb,lexicographer,2026-09-10,65,neutral,,directions|communication,action,,,,false,false,haben,zeigt,zeigte,gezeigt,,,jemandem etwas zeigen|auf + Akk. zeigen,den Ausweis zeigen|ein Foto zeigen,vorführen|weisen|präsentieren,,,reviewed
1693,vocabulary,Zeitschrift,regularly published illustrated periodical magazine,magazine / periodical,Diese Zeitschrift kauft Andrea jede Woche.,Andrea buys this magazine every week.,A2,noun,4,very_common,Print media and journalism noun,lexicographer,2026-09-10,1210,neutral,,media,press,die,Zeitschriften,Zeitschrift,,,,,,,,Zeitschrift lesen|Mode-Zeitschrift,Magazin|Journal|Illustrierte,,,Goethe-Zertifikat A2 Wortliste,,reviewed
1694,vocabulary,Zelt,portable fabric shelter pitched outdoors,tent,Im Sommer schlafen wir manchmal im Zelt.,In summer we sometimes sleep in a tent.,A2,noun,4,very_common,Camping;outdoor recreation;and lodging noun,lexicographer,2026-09-10,1350,neutral,,leisure,equipment,das,Zelte,Zeltes;Zelts,,,,,,,,das Zelt aufbauen|im Zelt übernachten,Campingzelt|Schutzdach,,,Goethe-Zertifikat A2 Wortliste,,reviewed
1695,vocabulary,Zentrum,middle point or commercial heart of a town,center / downtown,Der Bahnhof ist im Stadtzentrum.,The train station is in the city center.,A2,noun,4,very_common,Urban geography and downtown core noun,lexicographer,2026-09-10,480,neutral,,city,location,das,Zentren,Zentrums,,,,,,,,im Zentrum wohnen|Einkaufszentrum|Stadtzentrum,Mitte|Innenstadt|Kern,Stadtrand|Peripherie,,Goethe-Zertifikat A2 Wortliste,,reviewed
1696,vocabulary,Zettel,small loose slip of paper used for notes,slip of paper / note,Hast du einen Zettel für mich?,Do you have a slip of paper for me?,A2,noun,4,very_common,Stationery;messages;and memos noun,lexicographer,2026-09-10,1280,neutral,,office|communication,stationery,der,Zettel,Zettels,,,,,,,,auf den Zettel schreiben|Notizzettel,Wisch|Papierstreifen,,,Goethe-Zertifikat A2 Wortliste,,reviewed
1697,vocabulary,Zeugnis,official certificate of grades or report card,certificate / report card,Morgen bekommen die Kinder ihr Zeugnis.,Tomorrow the children get their report cards.,A2,noun,4,very_common,School evaluation and qualifications noun,lexicographer,2026-09-10,1180,neutral,,education,documents,das,Zeugnisse,Zeugnisses,,,,,,,,gutes Zeugnis|Schulzeugnis|Arbeitszeugnis,Zertifikat|Urkunde|Diplom,,,Goethe-Zertifikat A2 Wortliste,,reviewed
1698,vocabulary,Ziel,aim,objective,"or finish line of a route, goal / objective / finish line, John lief sehr schnell. Er war als erster am Ziel.",John ran very fast. He was first at the finish line.,A2,noun,5,essential,Sports finish line;aspirations;and travel noun,lexicographer,2026-09-10,210,neutral,,travel|sports,aspirations,das,Ziele,Zieles;Ziels,,,,,,,,am Ziel ankommen|Reiseziel|Ziel im Leben,Destination|Endpunkt|Zweck,Start|Ausgangspunkt,,Goethe-Zertifikat A2 Wortliste,,reviewed
1699,vocabulary,Zirkus,traveling company of acrobats,clowns,"and animals, circus, Heute gehen wir mit den Kindern in den Zirkus.",Today we are going to the circus with the children.,A2,noun,3,common,Entertainment;leisure;and performance venue noun,lexicographer,2026-09-10,1850,neutral,,leisure,entertainment,der,Zirkusse,Zirkusses,,,,,,,,in den Zirkus gehen|Zirkusvorstellung,Manege|Wanderbühne,,,Goethe-Zertifikat A2 Wortliste,,reviewed
1700,vocabulary,Zitrone,oval yellow citrus fruit with acidic juice,lemon,Ich trinke den Tee mit Zitrone.,I drink tea with lemon.,A2,noun,4,very_common,Citrus fruits;groceries;and dining noun,lexicographer,2026-09-10,1650,neutral,,food,fruit,die,Zitronen,Zitrone,,,,,,,,Zitroneneis|frische Zitrone|Scheibe Zitrone,Zitrusfrucht,,,Goethe-Zertifikat A2 Wortliste,,reviewed
1701,vocabulary,Zoo,establishment maintaining a collection of wild animals,zoo,Am Sonntag gehen wir in den Zoo.,On Sunday we are going to the zoo.,A2,noun,4,very_common,Recreation;animals;and family outings noun,lexicographer,2026-09-10,1450,neutral,,leisure|nature,animals,der,Zoos,Zoos,,,,,,,,in den Zoo gehen|Tiere im Zoo anschauen,Tierpark|Zoologischer Garten,,,Goethe-Zertifikat A2 Wortliste,,reviewed
1702,phrase,zu Fuß,moving by walking on one's own feet,on foot,Ich gehe zu Fuß zur Arbeit.,I go to work on foot.,A2,phrase,5,essential,Locomotion manner phrase,lexicographer,2026-09-10,180,neutral,,transport,movement,,,,,,,,,,,Modalphrase,zu Fuß gehen|lieber zu Fuß,per pedes,mit dem Auto|mit dem Bus,Goethe-Zertifikat A2 Wortliste,,reviewed
1703,phrase,zu Hause,at one's own domestic residence,at home,Ich bleibe heute zu Hause.,I am staying at home today.,A2,phrase,5,essential,Core domestic locational phrase,lexicographer,2026-09-10,95,neutral,,housing,location,,,,,,,,,,,lokale Phrase,zu Hause sein|zu Hause bleiben|niemanden zu Hause,daheim,unterwegs|draußen,Goethe-Zertifikat A2 Wortliste,,reviewed
1704,vocabulary,Zucker,sweet crystalline substance derived from sugar beet/cane,sugar,Trinken Sie den Tee mit oder ohne Zucker?,Do you drink tea with or without sugar?,A2,noun,4,very_common,Daily food seasoning and sweet grocery noun,lexicographer,2026-09-10,1180,neutral,,food,groceries,der,-,Zuckers,,,,,,,,Kaffee ohne Zucker|ein Löffel Zucker,Süßungsmittel|Kristallzucker,Salz,,Goethe-Zertifikat A2 Wortliste,,reviewed
1705,vocabulary,zuerst,before all others in time,order,"or priority, first / at first, Zuerst müsst ihr die Hausaufgaben machen.",First you must do your homework.,A2,adverb,5,essential,Temporal chronological sequence adverb,lexicographer,2026-09-10,180,neutral,,time,sequence,,,,,,,,,,,temporales Adverb,zuerst nicht gefallen|gleich zuerst,anfangs|zunächst,zuletzt|danach,Goethe-Zertifikat A2 Wortliste,,reviewed
1706,vocabulary,zuhören,to give one's attention to sound or a speaker,to listen (attentively),Hör mir doch mal zu!,Do listen to me!,A2,verb,4,very_common,Communication;auditory attention;and dialogue verb,lexicographer,2026-09-10,680,neutral,,communication,senses,,,,false,true,haben,hört zu,hörte zu,zugehört,,,jemandem zuhören|aufmerksam zuhören,dem Lehrer zuhören|gut zuhören,lauschen|hinhören,,,reviewed
1707,vocabulary,zuletzt,at the final point in time or sequence,last / finally,Wir haben uns vor drei Jahren zuletzt gesehen.,We saw each other last three years ago.,A2,adverb,4,very_common,Chronological finality and sequence adverb,lexicographer,2026-09-10,310,neutral,,time,sequence,,,,,,,,,,,temporales Adverb,zuletzt machen|als Letztes,schließlich|am Ende,zuerst|anfangs,Goethe-Zertifikat A2 Wortliste,,reviewed
1708,vocabulary,zumachen,to close,shut,"or lock a barrier/window, to close / shut, Machst du bitte das Fenster zu?",Will you please close the window?,A2,verb,5,essential,Domestic interior and barrier closure verb,lexicographer,2026-09-10,610,informal,,housing,action,,,,false,true,haben,macht zu,machte zu,zugemacht,Akk,die Tür zumachen|das Buch zumachen,schließen|versperren,aufmachen|öffnen,,,,reviewed
1709,vocabulary,zurückfahren,to travel back to the starting point in vehicle,to drive back / travel back,Fahrt ihr nach der Party zurück nach Hause?,Are you driving back home after the party?,A2,verb,4,very_common,Return travel and driving verb,lexicographer,2026-09-10,890,neutral,,travel,movement,,,,false,true,sein,fährt zurück,fuhr zurück,zurückgefahren,,nach Hause zurückfahren|mit dem Zug zurückfahren,heimfahren|umkehren,hinreisen|hinfahren,,Goethe-Zertifikat A2 Wortliste,,reviewed
1710,vocabulary,zurückgeben,to return a borrowed or purchased object,to return / give back,Wann muss ich das Buch zurückgeben?,When do I have to return the book?,A2,verb,4,very_common,Library loans and commercial returns verb,lexicographer,2026-09-10,950,neutral,,social|commerce,action,,,,false,true,haben,gibt zurück,gab zurück,zurückgegeben,Dat | Akk,ein Buch in die Bibliothek zurückgeben|Geld zurückgeben,erstatten|wiedergeben,behalten|leihen,,,,reviewed
1711,vocabulary,zurückgehen,to walk back to a prior point on foot,to go back / walk back,Wir gehen wieder zurück.,We are walking back again.,A2,verb,4,very_common,Return locomotion on foot verb,lexicographer,2026-09-10,650,neutral,,directions,movement,,,,false,true,sein,geht zurück,ging zurück,zurückgegangen,,nach Hause zurückgehen|zu Fuß zurückgehen,umkehren|heimkehren,fortgehen|weitergehen,,Goethe-Zertifikat A2 Wortliste,,reviewed
1712,vocabulary,zurückkommen,to arrive back at one's point of departure,to come back / return,Wann kommst du zurück?,When are you coming back?,A2,verb,5,essential,Return arrival and homecoming verb,lexicographer,2026-09-10,310,neutral,,social|travel,movement,,,,false,true,sein,kommt zurück,kam zurück,zurückgekommen,,aus dem Urlaub zurückkommen|spät zurückkommen,wiederkommen|heimkommen,weggehen|abreisen,,Goethe-Zertifikat A2 Wortliste,,reviewed
1713,vocabulary,zurücklaufen,to run or walk back hurriedly to retrieve something,to run back / walk back,Ich laufe schnell nach Hause zurück.,I am running back home quickly.,A2,verb,3,common,Urgent return locomotion verb,lexicographer,2026-09-10,1450,neutral,,movement,action,,,,false,true,sein,läuft zurück,lief zurück,zurückgelaufen,,schnell zurücklaufen|ins Zimmer zurücklaufen,zurückeilen,weglaufen,,Goethe-Zertifikat A2 Wortliste,,reviewed
1714,vocabulary,zweimal,on two separate instances or occasions,twice / two times,Ich habe dich zweimal angerufen.,I called you twice.,A2,adverb,4,very_common,Numerical frequency multiplication adverb,lexicographer,2026-09-10,510,neutral,,time,frequency,,,,,,,,,,,Frequenzadverb,zweimal pro Woche|zweimal täglich,doppelt,einmal|dreimal,Goethe-Zertifikat A2 Wortliste,,reviewed
1715,vocabulary,zweite,constituting number two in a sequence,second,Im zweiten Wagen ist das Restaurant.,In the second carriage is the restaurant.,A2,adjective,5,essential,Core ordinal number adjective,lexicographer,2026-09-10,65,neutral,,general,order,,,,,,,,,,,Ordinalzahl,der zweite Teil|im zweiten Stock,folgend|nachfolgend,erste|dritte,Goethe-Zertifikat A2 Wortliste,,reviewed
1716,vocabulary,zweitens,in the second place / introducing second point,secondly,2. zweitens: Das kostet zu viel.,2. secondly: that costs too much.,A2,adverb,4,very_common,Enumeration and structuring discourse adverb,lexicographer,2026-09-10,810,neutral,,communication,sequence,,,,,,,,,,,Aufzählungsadverb,zweitens haben wir keine Zeit,an zweiter Stelle,erstens|drittens,Goethe-Zertifikat A2 Wortliste,,reviewed
