id,type,term,sense,translation,example_de,example_en,levels,part_of_speech,native_frequency_rating,native_frequency_label,native_frequency_notes,rated_by,rated_at,corpus_rank,register,regional_labels,contexts,tags,gender,plural,genitive_singular,is_reflexive,is_separable,auxiliary,present_er_sie_es,praeteritum,partizip_ii,valency,collocations,synonyms,antonyms,false_friends,source_name,source_url,review_status
2989,word,der Arbeitgeber / die Arbeitgeberin,person or organisation that employs someone,employer,Ein guter Arbeitgeber fördert die Weiterbildung seiner Angestellten.,A good employer encourages the further training of his employees.,B2,noun,4,high,Very common in employment and workplace contexts.,native-speaker rating,,,standard,DACH,work;employment,work;employment;people,der,Arbeitgeber;Arbeitgeberinnen,des Arbeitgebers,,,,,,,,,Arbeitgeber;Arbeitnehmer,employee;worker,,German B2 Vocabulary Dataset,,draft
2990,word,der Architekt / die Architektin,person who designs buildings,architect,Die Architektin hat den Plan für das neue Bürogebäude entworfen.,The architect designed the plan for the new office building.,B2,noun,3,medium,Common profession word; frequent in education and construction contexts.,native-speaker rating,,,standard,DACH,professions;construction,profession;construction;education,der,Architekten;Architektinnen,des Architekten,,,,,,,,,Architekturbüro;Gebäude entwerfen,Bauingenieur;Planer,,German B2 Vocabulary Dataset,,draft
2991,word,der Automechaniker / die Automechanikerin,person who repairs motor vehicles,car mechanic,Der Automechaniker reparierte die Bremsen meines Wagens.,The car mechanic repaired my car's brakes.,B2,noun,3,medium,Common occupation term.,native-speaker rating,,,standard,DACH,professions;cars,profession;automotive,der,Automechaniker;Automechanikerinnen,des Automechanikers,,,,,,,,,Bremsen reparieren;Auto reparieren,Kfz-Mechatroniker,,German B2 Vocabulary Dataset,,draft
2992,word,der Autoproduzent,company or person producing cars,car manufacturer,Deutschland ist bekannt für seine großen Autoproduzenten.,Germany is known for its large car manufacturers.,B2,noun,3,medium,Common in business and automotive contexts.,native-speaker rating,,,standard,DACH,business;automotive,business;industry;cars,der,Autoproduzenten,des Autoproduzenten,,,,,,,,,großer Autoproduzent;Autos produzieren,Automobilhersteller,,German B2 Vocabulary Dataset,,draft
2993,word,die Beratung,professional advice or consultation,consultation,Die Beratung durch die Agentur für Arbeit war sehr hilfreich.,The consultation by the employment agency was very helpful.,B2,noun,5,high,Very common abstract noun used across professional contexts.,native-speaker rating,,,standard,DACH,work;services,work;services;advice,die,Beratungen,der Beratung,,,,,,,,,Beratung anbieten;individuelle Beratung;Beratungsgespräch,Betreuung;Unterstützung,,German B2 Vocabulary Dataset,,draft
2994,word,die Betreuung,care support or supervision,care / support,Die Betreuung der Kunden steht bei uns an erster Stelle.,Customer care is our top priority.,B2,noun,5,high,Very common across customer service education and care contexts.,native-speaker rating,,,standard,DACH,work;services;care,customer service;care;support,die,Betreuungen,der Betreuung,,,,,,,,,Kundenbetreuung;persönliche Betreuung;Betreuung anbieten,Unterstützung;Versorgung,,German B2 Vocabulary Dataset,,draft
2995,word,die Branche,economic sector or industry,industry / sector,In welcher Branche möchten Sie später arbeiten?,In which industry would you like to work later?,B2,noun,5,high,Very common business and employment vocabulary.,native-speaker rating,,,standard,DACH,business;employment,business;career;industry,die,Branchen,der Branche,,,,,,,,,in einer Branche arbeiten;eine Branche wechseln,Wirtschaftszweig;Sektor,,German B2 Vocabulary Dataset,,draft
2996,word,der Betrieb,company business or operating establishment,business / company,Der Betrieb hat über 50 Mitarbeiter.,The business has over 50 employees.,B2,noun,5,high,Very common German word with business and workplace meanings.,native-speaker rating,,,standard,DACH,work;business,business;workplace;company,der,Betriebe,des Betriebs,,,,,,,,,einen Betrieb führen;im Betrieb arbeiten;Betriebsgröße,Unternehmen;Firma,,German B2 Vocabulary Dataset,,draft
2997,word,der Familienbetrieb,family-run business,family business,Sie führt den Familienbetrieb bereits in der dritten Generation.,She is managing the family business in the third generation already.,B2,noun,3,medium,Common compound in business contexts.,native-speaker rating,,,standard,DACH,business;family,business;family;company,der,Familienbetriebe,des Familienbetriebs,,,,,,,,,einen Familienbetrieb führen;Familienbetrieb übernehmen,Familienunternehmen,,German B2 Vocabulary Dataset,,draft
2998,word,die Hilfsorganisation,organisation providing humanitarian or social assistance,aid agency,Er arbeitet ehrenamtlich für eine internationale Hilfsorganisation.,He works voluntarily for an international aid agency.,B2,noun,3,medium,Common in social and humanitarian contexts.,native-speaker rating,,,standard,DACH,society;volunteering,society;charity;volunteering,die,Hilfsorganisationen,der Hilfsorganisation,,,,,,,,,internationale Hilfsorganisation;für eine Hilfsorganisation arbeiten,Hilfswerk;Organisation,,German B2 Vocabulary Dataset,,draft
2999,word,das internationale Unternehmen,company operating internationally,international company,Ein internationales Unternehmen bietet oft Möglichkeiten im Ausland zu arbeiten.,An international company often offers opportunities to work abroad.,B2,noun,4,high,Common business expression.,native-speaker rating,,,standard,DACH,business;career,business;employment;international,das,internationalen Unternehmen,des internationalen Unternehmens,,,,,,,,,internationales Unternehmen;in einem Unternehmen arbeiten,Konzern;multinationales Unternehmen,,German B2 Vocabulary Dataset,,draft
3000,word,die Lebensmittelbranche,food industry,food industry,Die Lebensmittelbranche muss strenge Hygienevorschriften beachten.,The food industry must observe strict hygiene regulations.,B2,noun,3,medium,Specific but familiar industry term.,native-speaker rating,,,standard,DACH,business;food,industry;food;regulation,die,Lebensmittelbranchen,der Lebensmittelbranche,,,,,,,,,in der Lebensmittelbranche;Lebensmittelbranche beachten,Lebensmittelindustrie,,German B2 Vocabulary Dataset,,draft
3001,word,der Malerbetrieb,painting and decorating company,painting and decorating company,"Wir haben einen Malerbetrieb beauftragt, die Fassade zu streichen.",We hired a painting company to paint the facade.,B2,noun,2,low,Specialised occupational term.,native-speaker rating,,,standard,DACH,construction;services,construction;services,der,Malerbetriebe,des Malerbetriebs,,,,,,,,,einen Malerbetrieb beauftragen;Fassade streichen,Malerfirma,,German B2 Vocabulary Dataset,,draft
3002,word,der soziale Bereich,sector involving social services,social field,Berufe im sozialen Bereich erfordern viel Empathie.,Professions in the social field require a lot of empathy.,B2,noun,4,high,Common expression in career and education contexts.,native-speaker rating,,,standard,DACH,society;employment,career;social work,der,sozialen Bereiche,des sozialen Bereichs,,,,,,,,,im sozialen Bereich arbeiten;Berufe im sozialen Bereich,Sozialwesen,,German B2 Vocabulary Dataset,,draft
3003,word,beschäftigen,to employ or have someone working,to employ,Die Firma beschäftigt momentan 200 Angestellte.,The company currently employs 200 staff members.,B2,verb,5,high,Very common verb with several meanings.,native-speaker rating,,,standard,DACH,employment;business,employment;business;people,,,,,false,false,haben,beschäftigt,beschäftigte,beschäftigt,jmdn. beschäftigen,Mitarbeiter beschäftigen;Menschen beschäftigen;mit etwas beschäftigen,anstellen;einstellen,entlassen,besuchen,arbeiten,an etwas beteiligt sein,German B2 Vocabulary Dataset,,draft
3004,word,produzieren,to manufacture or create something,to produce,Wir produzieren Ersatzteile für die Automobilindustrie.,We produce spare parts for the automotive industry.,B2,verb,5,high,Very common in industrial and business contexts.,native-speaker rating,,,standard,DACH,industry;business,production;industry;business,,,,,false,false,haben,produziert,produzierte,produziert,etwas produzieren,Waren produzieren;Ersatzteile produzieren;Massenproduktion,herstellen,vernichten,provozieren,veröffentlichen,German B2 Vocabulary Dataset,,draft
3005,word,geistig,relating to the mind or intellect,intellectual / mental,"Der Job ist körperlich leicht, aber geistig sehr anstrengend.",The job is physically easy but mentally very demanding.,B2,adjective,4,high,Common adjective especially in contrast with körperlich.,native-speaker rating,,,standard,DACH,work;health,mental;work;description,,,, ,,,,,,,,geistige Arbeit;geistige Anstrengung;geistig anstrengend,mental;intellektuell,körperlich,,German B2 Vocabulary Dataset,,draft
3006,word,handwerklich,relating to practical manual work,technical / manual / craft-related,Für diesen Beruf brauchen Sie handwerkliches Geschick.,You need manual skills for this profession.,B2,adjective,3,medium,Common in vocational and professional contexts.,native-speaker rating,,,standard,DACH,work;skills,vocational;skills;craft,,,,,,,,,,,,,handwerkliches Geschick;handwerkliche Fähigkeiten,praktisch;handwerklich begabt,theoretisch,,German B2 Vocabulary Dataset,,draft
3007,word,sozial,relating to society or interaction with others,social,Er engagiert sich sehr für soziale Projekte in der Stadt.,He is very committed to social projects in the city.,B2,adjective,5,high,Extremely common adjective with several meanings.,native-speaker rating,,,standard,DACH,society;work,society;community;work,,,,,,,,,,,,,soziales Engagement;soziale Projekte;soziale Verantwortung,gesellschaftlich;gemeinschaftlich,asozial,,German B2 Vocabulary Dataset,,draft
3008,word,die Grundschule,primary school,primary school,In Deutschland besuchen Kinder vier Jahre lang die Grundschule.,"In Germany, children attend primary school for four years.",B2,noun,5,high,Very common education term.,native-speaker rating,,,standard,DACH,education,school;education,die,Grundschulen,der Grundschule,,,,,,,,,die Grundschule besuchen;in die Grundschule gehen,Primarschule,,German B2 Vocabulary Dataset,,draft
3009,word,die weiterführende Schule,secondary school after primary education,secondary school,Nach der Grundschule wechseln die Schüler auf eine weiterführende Schule.,"After primary school, students move to a secondary school.",B2,noun,4,high,Common German education term.,native-speaker rating,,,standard,DACH,education,school;education,die,weiterführenden Schulen,der weiterführenden Schule,,,,,,,,,auf eine weiterführende Schule gehen;weiterführende Schule besuchen,Sekundarschule,Grundschule,,German B2 Vocabulary Dataset,,draft
3010,word,die Hauptschule,type of German secondary school,general secondary school,Der Abschluss der Hauptschule ermöglicht eine Berufsausbildung.,The general secondary school certificate enables vocational training.,B2,noun,4,high,Important German education-system term.,native-speaker rating,,,standard,DACH,education,school;education;Germany,die,Hauptschulen,der Hauptschule,,,,,,,,,Hauptschule besuchen;Hauptschulabschluss,Mittelschule,Gymnasium,,German B2 Vocabulary Dataset,,draft
3011,word,die Mittelschule,type of secondary school,secondary school,Die Mittelschule bietet verschiedene Bildungswege an.,The middle school offers various educational paths.,B2,noun,3,medium,Regionally variable education term.,native-speaker rating,,,standard,DACH,education,school;education,die,Mittelschulen,der Mittelschule,,,,,,,,,Mittelschule besuchen;Mittelschulabschluss,Sekundarschule,Gymnasium,,German B2 Vocabulary Dataset,,draft
3012,word,die Realschule,type of German secondary school,secondary school (intermediate),Mit einem Abschluss der Realschule kann man viele kaufmännische Berufe lernen.,"With a Realschule certificate, one can learn many commercial professions.",B2,noun,4,high,Common German education-system term.,native-speaker rating,,,standard,DACH,education,school;education;Germany,die,Realschulen,der Realschule,,,,,,,,,Realschule besuchen;Realschulabschluss,Mittelschule,Gymnasium,,German B2 Vocabulary Dataset,,draft
3013,word,die Gesamtschule,comprehensive secondary school,comprehensive school,Auf der Gesamtschule lernen Kinder mit unterschiedlichen Begabungen gemeinsam.,Children with different talents learn together at the comprehensive school.,B2,noun,4,high,Common education term.,native-speaker rating,,,standard,DACH,education,school;education,die,Gesamtschulen,der Gesamtschule,,,,,,,,,eine Gesamtschule besuchen;Gesamtschule besuchen,Gemeinschaftsschule,,German B2 Vocabulary Dataset,,draft
3014,word,das Gymnasium,type of German secondary school leading toward university,grammar school,Das Gymnasium bereitet die Schüler auf das Universitätsstudium vor.,The grammar school prepares students for university studies.,B2,noun,5,high,Very common German education term.,native-speaker rating,,,standard,DACH,education,school;education;Germany,das,Gymnasien,des Gymnasiums,,,,,,,,,auf dem Gymnasium;Gymnasium besuchen,Oberschule,Hauptschule,,German B2 Vocabulary Dataset,,draft
3015,word,der Haupt-/Realschulabschluss,school-leaving certificate from Hauptschule or Realschule,general/lower secondary school-leaving certificate,Für diese Ausbildung reicht ein guter Hauptschulabschluss.,A good general school-leaving certificate is sufficient for this training.,B2,noun,3,medium,Common in vocational education contexts.,native-speaker rating,,,standard,DACH,education;employment,education;vocational training,der,Haupt-/Realschulabschlüsse,des Haupt-/Realschulabschlusses,,,,,,,,,Hauptschulabschluss haben;Realschulabschluss haben,Schulabschluss,,German B2 Vocabulary Dataset,,draft
3016,word,das Abitur,qualification allowing university admission,school-leaving exam for university admission,Nach dem Abitur möchte sie Medizin studieren.,"After the Abitur, she wants to study medicine.",B2,noun,5,high,Very common German education term.,native-speaker rating,,,standard,DACH,education,school;university;Germany,das,Abiture,des Abiturs,,,,,,,,,Abitur machen;Abitur haben;nach dem Abitur,Hochschulreife;Matura,,German B2 Vocabulary Dataset,,draft
3017,word,die Mittlere Reife,intermediate school-leaving qualification,secondary school-leaving certificate,Die Mittlere Reife ist Voraussetzung für viele Ausbildungsberufe.,The secondary school-leaving certificate is a requirement for many training professions.,B2,noun,4,high,Common education term in Germany.,native-speaker rating,,,standard,DACH,education,school;vocational training,die,Mittleren Reifen,der Mittleren Reife,,,,,,,,,Mittlere Reife haben;Mittlere Reife erwerben,Realschulabschluss,Abitur,,German B2 Vocabulary Dataset,,draft
3018,word,die Berufsausbildung,vocational education or training,vocational training,Eine duale Berufsausbildung dauert meist drei Jahre.,Dual vocational training usually lasts three years.,B2,noun,5,high,Very common in German employment and education contexts.,native-speaker rating,,,standard,DACH,education;employment,vocational training;career,die,Berufsausbildungen,der Berufsausbildung,,,,,,,,,eine Berufsausbildung machen;Berufsausbildung absolvieren,Ausbildung,Studium,,German B2 Vocabulary Dataset,,draft
3019,word,der Berufsabschluss,completed vocational qualification,vocational qualification,Ein anerkannter Berufsabschluss verbessert die Gehaltschancen.,A recognised vocational qualification improves salary prospects.,B2,noun,4,high,Common in vocational and immigration contexts.,native-speaker rating,,,standard,DACH,education;employment,qualification;career,der,Berufsabschlüsse,des Berufsabschlusses,,,,,,,,,Berufsabschluss erwerben;anerkannten Berufsabschluss haben,Qualifikation,,German B2 Vocabulary Dataset,,draft
3020,word,der Bachelor,first university degree,bachelor’s degree,Er hat seinen Bachelor in Ingenieurwesen gemacht.,He completed his bachelor's degree in engineering.,B2,noun,5,high,Very common university term.,native-speaker rating,,,standard,DACH,education;university,university;degree,der,Bachelor,des Bachelors,,,,,,,,,Bachelor machen;Bachelorabschluss;Bachelor in etwas,Bachelorabschluss,Master,,German B2 Vocabulary Dataset,,draft
3021,word,der Master,advanced university degree,master’s degree,Für diese Führungsposition wird ein Master erwartet.,A master's degree is expected for this management position.,B2,noun,5,high,Very common university and employment term.,native-speaker rating,,,standard,DACH,education;employment,university;degree;career,der,Master,des Masters,,,,,,,,,Master machen;Masterabschluss;Master in etwas,Masterabschluss,Bachelor,,German B2 Vocabulary Dataset,,draft
3022,word,das Zertifikat,official document proving completion or qualification,certificate,Sie erhielt ein Zertifikat für ihre Teilnahme am Sprachkurs.,She received a certificate for her participation in the language course.,B2,noun,5,high,Very common across education and professional contexts.,native-speaker rating,,,standard,DACH,education;documents,education;certification,das,Zertifikate,des Zertifikats,,,,,,,,,ein Zertifikat erhalten;Zertifikat ausstellen;Zertifikat erwerben,Bescheinigung;Nachweis,,German B2 Vocabulary Dataset,,draft
3023,word,mehr als,more than,more than,Mehr als die Hälfte der Befragten ist zufrieden.,More than half of the respondents are satisfied.,B2,phrase,5,high,Extremely common quantity expression.,native-speaker rating,,,standard,DACH,quantities;statistics,quantity;comparison,,,,,,,,,,,,,mehr als die Hälfte;mehr als erwartet,über,weniger als,,German B2 Vocabulary Dataset,,draft
3024,word,weniger als,less than,fewer than,Weniger als zehn Prozent der Bewerber wurden eingeladen.,Fewer than ten percent of the applicants were invited.,B2,phrase,5,high,Extremely common quantity expression.,native-speaker rating,,,standard,DACH,quantities;statistics,quantity;comparison,,,,,,,,,,,,,weniger als zehn;weniger als erwartet,unter,mehr als,,German B2 Vocabulary Dataset,,draft
3025,word,(fast) alle,all or almost all,(almost) all,Fast alle Mitarbeiter kamen zur Weihnachtsfeier.,Almost all employees came to the Christmas party.,B2,phrase,5,high,Very common quantifier expression.,native-speaker rating,,,standard,DACH,quantities,quantity;generalization,,,,,,,,,,,,,fast alle;fast alle Mitarbeiter,die meisten,fast niemand,,German B2 Vocabulary Dataset,,draft
3026,word,die Hälfte,one of two equal parts,half,Die Hälfte der Arbeit ist schon erledigt.,Half of the work is already done.,B2,noun,5,high,Very common quantity noun.,native-speaker rating,,,standard,DACH,quantities;statistics,quantity;measurement,die,Hälften,der Hälfte,,,,,,,,,die Hälfte von;die Hälfte der,50 Prozent;Halbteil,,German B2 Vocabulary Dataset,,draft
3027,word,ein Viertel,one of four equal parts,one quarter,Ein Viertel der Studenten wohnt noch bei den Eltern.,One quarter of the students still live with their parents.,B2,noun,5,high,Very common quantity expression.,native-speaker rating,,,standard,DACH,quantities;statistics,quantity;measurement,das,Viertel,des Viertels,,,,,,,,,ein Viertel der;ein Viertel von,25 Prozent,,German B2 Vocabulary Dataset,,draft
3028,word,ein Drittel,one of three equal parts,one third,Ein Drittel des Budgets wurde für Marketing ausgegeben.,One third of the budget was spent on marketing.,B2,noun,5,high,Very common quantity expression.,native-speaker rating,,,standard,DACH,quantities;statistics,quantity;measurement,das,Drittel,des Drittels,,,,,,,,,ein Drittel der;ein Drittel von,33 Prozent,,German B2 Vocabulary Dataset,,draft
3029,word,jeder Zehnte,one person out of ten,one in ten,Jeder Zehnte arbeitet heutzutage im Homeoffice.,One in ten works from home nowadays.,B2,phrase,4,high,Common statistical expression.,native-speaker rating,,,standard,DACH,statistics;quantities,statistics;quantity,,,,,,,,,,,,,jeder Zehnte;jede Zehnte;etwa jeder Zehnte,zehn Prozent,,German B2 Vocabulary Dataset,,draft
3030,word,der/die Ansprechpartner/-in,person responsible for answering questions or handling a matter,contact person,Herr Müller ist Ihr Ansprechpartner für alle technischen Fragen.,Mr. Müller is your contact person for all technical questions.,B2,noun,5,high,Very common in professional and administrative communication.,native-speaker rating,,,standard,DACH,work;administration,work;communication;services,der/die,Ansprechpartner;Ansprechpartnerinnen,des Ansprechpartners,,,,,,,,,Ansprechpartner sein;richtiger Ansprechpartner;Ansprechpartner für,Kontaktperson;zuständige Person,,German B2 Vocabulary Dataset,,draft
3031,word,die Beratungsstelle,institution providing advice,advice centre,Die Beratungsstelle hilft Jugendlichen bei der Berufswahl.,The advice centre helps young people with their career choice.,B2,noun,4,high,Common institutional term.,native-speaker rating,,,standard,DACH,services;society,advice;institution,die,Beratungsstellen,der Beratungsstelle,,,,,,,,,eine Beratungsstelle aufsuchen;Beratungsstelle für,Beratungszentrum,,German B2 Vocabulary Dataset,,draft
3032,word,das Berufspraktikum,internship related to one's profession,internship,Während des Studiums muss ich ein sechsmonatiges Berufspraktikum machen.,"During my studies, I have to do a six-month internship.",B2,noun,3,medium,Common in education and career contexts.,native-speaker rating,,,standard,DACH,education;employment,internship;career,das,Berufspraktika,des Berufspraktikums,,,,,,,,,Berufspraktikum machen;sechsmonatiges Berufspraktikum,Praktikum,,German B2 Vocabulary Dataset,,draft
3033,word,die duale Ausbildung,vocational training combining school and workplace,dual training,Die duale Ausbildung verbindet Theorie in der Schule mit Praxis im Betrieb.,Dual training combines theory at school with practice in the company.,B2,noun,5,high,Central German education and employment term.,native-speaker rating,,,standard,DACH,education;employment,vocational training;Germany,die,dualen Ausbildungen,der dualen Ausbildung,,,,,,,,,duale Ausbildung machen;duale Ausbildung absolvieren,Berufsausbildung,Studium,,German B2 Vocabulary Dataset,,draft
3034,word,die Fachschule,school providing specialised professional training,technical college,An der Fachschule kann man sich zum Techniker weiterbilden.,You can train to become a technician at the technical college.,B2,noun,3,medium,Specific education term.,native-speaker rating,,,standard,DACH,education,vocational education,die,Fachschulen,der Fachschule,,,,,,,,,Fachschule besuchen;an einer Fachschule lernen,Fachakademie,,German B2 Vocabulary Dataset,,draft
3035,word,die Fortbildung,further professional education,continuing education,Unsere Firma bietet regelmäßige Fortbildungen an.,Our company offers regular continuing education.,B2,noun,5,high,Very common workplace education term.,native-speaker rating,,,standard,DACH,education;employment,professional development;work,die,Fortbildungen,der Fortbildung,,,,,,,,,Fortbildung machen;Fortbildung anbieten;berufliche Fortbildung,Weiterbildung,,German B2 Vocabulary Dataset,,draft
3036,word,die Meisterprüfung,examination for master craftsman qualification,master craftsman’s examination,Er hat gestern seine Meisterprüfung erfolgreich bestanden.,He successfully passed his master craftsman's examination yesterday.,B2,noun,3,medium,Important vocational education term.,native-speaker rating,,,standard,DACH,education;crafts,vocational training;crafts,die,Meisterprüfungen,der Meisterprüfung,,,,,,,,,Meisterprüfung bestehen;Meisterprüfung ablegen,Meisterexamen,,German B2 Vocabulary Dataset,,draft
3037,word,der Schichtdienst,work organised into shifts,shift work,Im Krankenhaus ist Schichtdienst völlig normal.,Shift work is normal in a hospital.,B2,noun,4,high,Common workplace term.,native-speaker rating,,,standard,DACH,employment;work,work;healthcare;shifts,der,Schichtdienste,des Schichtdienstes,,,,,,,,,im Schichtdienst arbeiten;Schichtdienst haben,Schichtarbeit,,German B2 Vocabulary Dataset,,draft
3038,word,die staatliche Ausbildung,training provided through the public education system,state-funded training,"Erzieher machen oft eine rein schulische, staatliche Ausbildung.","Educators often undergo purely school-based, state-funded training.",B2,noun,3,medium,Context-specific education expression.,native-speaker rating,,,standard,DACH,education,vocational education,die,staatlichen Ausbildungen,der staatlichen Ausbildung,,,,,,,,,staatliche Ausbildung absolvieren;schulische Ausbildung,schulische Ausbildung,duale Ausbildung,,German B2 Vocabulary Dataset,,draft
3039,word,die Weiterbildung,additional education after initial training,further training course,Eine Weiterbildung verbessert Ihre Chancen auf dem Arbeitsmarkt.,Further training improves your chances on the job market.,B2,noun,5,high,Very common in employment and adult education.,native-speaker rating,,,standard,DACH,education;employment,professional development;career,die,Weiterbildungen,der Weiterbildung,,,,,,,,,Weiterbildung machen;berufliche Weiterbildung;Weiterbildung anbieten,Fortbildung,,German B2 Vocabulary Dataset,,draft
3040,word,der Wunschberuf,profession someone particularly wants to pursue,profession of choice,Tierarzt war schon immer mein Wunschberuf.,Veterinarian has always been my profession of choice.,B2,noun,3,medium,Common in career guidance contexts.,native-speaker rating,,,standard,DACH,career;education,career;aspiration,der,Wunschberufe,des Wunschberufs,,,,,,,,,Wunschberuf haben;Wunschberuf finden,Traumberuf,,German B2 Vocabulary Dataset,,draft
3041,word,die Zugangsvoraussetzungen,requirements for admission or access,admission requirements,"Bitte prüfen Sie, ob Sie alle Zugangsvoraussetzungen erfüllen.",Please check if you meet all admission requirements.,B2,noun,4,high,Common formal administrative and education term.,native-speaker rating,,,formal,DACH,education;administration,admission;requirements,die,Zugangsvoraussetzungen,der Zugangsvoraussetzungen,,,,,,,,,Zugangsvoraussetzungen erfüllen;Zugangsvoraussetzungen prüfen,Voraussetzungen;Aufnahmekriterien,,German B2 Vocabulary Dataset,,draft
3042,word,einen Beruf ausüben,to practise or perform a profession,to practise a profession,Sie übt ihren Beruf als Anwältin seit zehn Jahren aus.,She has been practising her profession as a lawyer for ten years.,B2,verb_phrase,4,high,Common formal phrase in employment contexts.,native-speaker rating,,,formal,DACH,employment,career;profession,,,,,false,true,haben,übt aus,übte aus,ausgeübt,etwas ausüben,einen Beruf ausüben;eine Tätigkeit ausüben;ein Amt ausüben,arbeiten;praktizieren,aufgeben,ausüben,exercise,German B2 Vocabulary Dataset,,draft
3043,word,anerkennen lassen,to have something officially recognised,to have recognised,Migranten müssen oft ihren Berufsabschluss anerkennen lassen.,Migrants often have to have their vocational qualification recognised.,B2,verb_phrase,4,high,Common in qualification and administrative contexts.,native-speaker rating,,,formal,DACH,administration;education,recognition;qualification,,,,,true,false,haben,lässt anerkennen,ließ anerkennen,anerkennen lassen,etwas anerkennen lassen,Berufsabschluss anerkennen lassen;Qualifikation anerkennen lassen,anerkennen;bestätigen,ablehnen,anrechnen,recognise,German B2 Vocabulary Dataset,,draft
3044,word,finanzielle Unterstützung beantragen,to formally request financial assistance,to apply for financial support,Studierende können finanzielle Unterstützung vom Staat beantragen.,Students can apply for financial support from the state.,B2,verb_phrase,4,high,Common administrative and student vocabulary.,native-speaker rating,,,formal,DACH,education;finance;administration,finance;applications;students,,,,,false,false,haben,beantragt,beantragte,beantragt,etwas beantragen,finanzielle Unterstützung beantragen;Förderung beantragen;Antrag stellen,Unterstützung beantragen,Unterstützung ablehnen,beantragen,request,German B2 Vocabulary Dataset,,draft
3045,word,jobben,to work temporarily or part-time,to work on the side,Viele Studenten jobben in Cafés oder Bars.,Many students work on the side in cafes or bars.,B2,verb,4,high,Very common informal word among students.,native-speaker rating,,,informal,DACH,students;employment,student life;part-time work,,,,,false,false,haben,jobbt,jobbte,gejobbt,jobben,nebenbei jobben;im Café jobben;neben dem Studium jobben,nebenbei arbeiten,Vollzeit arbeiten,job,have a job,German B2 Vocabulary Dataset,,draft
3046,word,Pflicht sein,to be mandatory,to be mandatory,Der Sicherheitskurs ist für alle neuen Mitarbeiter Pflicht.,The safety course is mandatory for all new employees.,B2,phrase,4,high,Common formal expression indicating obligation.,native-speaker rating,,,formal,DACH,work;rules,obligation;workplace,,,,,,,,,,,,,Pflicht sein;zur Pflicht machen;Pflichtveranstaltung,obligatorisch sein;vorgeschrieben sein,freiwillig sein,,German B2 Vocabulary Dataset,,draft
3047,word,in der Verwaltung arbeiten,to work in administration,to work in administration,Er arbeitet in der Verwaltung der Universität.,He works in the administration of the university.,B2,verb_phrase,4,high,Common professional expression.,native-speaker rating,,,standard,DACH,employment;administration,work;administration,,,,,false,false,haben,arbeitet,arbeitete,gearbeitet,in der Verwaltung arbeiten,in der Verwaltung arbeiten;Verwaltungsarbeit;öffentliche Verwaltung,administrativ tätig sein,,Arbeit,work,German B2 Vocabulary Dataset,,draft
3048,word,sich selbstständig machen,to become self-employed,to become self-employed,Nach der Ausbildung möchte er sich selbstständig machen.,"After the training, he wants to become self-employed.",B2,verb_phrase,5,high,Very common German expression in career and business contexts.,native-speaker rating,,,standard,DACH,business;employment,self-employment;entrepreneurship,,,,,true,false,haben,macht sich selbstständig,machte sich selbstständig,sich selbstständig gemacht,sich selbstständig machen,sich selbstständig machen;selbstständig tätig sein;ein Unternehmen gründen,ein Unternehmen gründen,angestellt sein,selbstständig,self-employed,German B2 Vocabulary Dataset,,draft
3049,word,zuständig sein,to be responsible for something,to be responsible,Frau Klein ist für die Buchhaltung zuständig.,Ms. Klein is responsible for the bookkeeping.,B2,verb_phrase,5,high,Very common workplace and administrative expression.,native-speaker rating,,,standard,DACH,work;administration,responsibility;work,,,,,,,,,,,,,für etwas zuständig sein;zuständige Stelle;zuständige Person,verantwortlich sein,unzuständig sein,,zuständig,responsible,German B2 Vocabulary Dataset,,draft
3050,word,die Schwäche,weakness or area of poor performance,weakness,Ungeduld ist manchmal meine größte Schwäche.,Impatience is sometimes my greatest weakness.,B2,noun,5,high,Very common especially in interviews and self-description.,native-speaker rating,,,standard,DACH,career;personality,personality;work;interviews,die,Schwächen,der Schwäche,,,,,,,,,Stärken und Schwächen;größte Schwäche;Schwäche zeigen,Mangel;Defizit,Stärke,,German B2 Vocabulary Dataset,,draft
3051,word,die Stärke,positive ability or quality,strength,Zu meinen Stärken gehört meine Teamfähigkeit.,My ability to work in a team is one of my strengths.,B2,noun,5,high,Very common especially in applications and interviews.,native-speaker rating,,,standard,DACH,career;personality,personality;work;interviews,die,Stärken,der Stärke,,,,,,,,,Stärken und Schwächen;persönliche Stärke;Stärken zeigen,Vorteil;Begabung,Schwäche,,German B2 Vocabulary Dataset,,draft
3052,word,belastbar,able to cope with pressure or stress,resilient,In stressigen Situationen müssen Sie sehr belastbar sein.,"In stressful situations, you must be very resilient.",B2,adjective,4,high,Common job-application and workplace adjective.,native-speaker rating,,,standard,DACH,work;personality,work;stress;personality,,,,,,,,,,,,,belastbar sein;körperlich belastbar;psychisch belastbar,widerstandsfähig;stressresistent,empfindlich,,German B2 Vocabulary Dataset,,draft
3053,word,eigeninitiativ,acting independently without being instructed,on one's own initiative,"Wir suchen Mitarbeiter, die eigeninitiativ Probleme lösen.",We are looking for employees who solve problems on their own initiative.,B2,adjective,3,medium,Common mainly in job advertisements and professional contexts.,native-speaker rating,,,formal,DACH,employment;personality,job applications;work;initiative,,,,,,,,,,,,,eigeninitiativ handeln;Probleme eigeninitiativ lösen,selbstständig;proaktiv,passiv,,German B2 Vocabulary Dataset,,draft
3054,word,flexibel,able to adapt to changing circumstances,flexible,"Sie müssen flexibel sein, was die Arbeitszeiten angeht.",You must be flexible regarding working hours.,B2,adjective,5,high,Very common adjective in everyday and professional language.,native-speaker rating,,,standard,DACH,work;personality,work;adaptability,,,,,,,,,,,,,flexibel sein;flexible Arbeitszeiten;zeitlich flexibel,anpassungsfähig,unflexibel,,German B2 Vocabulary Dataset,,draft
3055,word,hilfsbereit,willing to help others,helpful,Die Kollegen waren am ersten Tag sehr hilfsbereit.,The colleagues were very helpful on the first day.,B2,adjective,5,high,Very common everyday adjective.,native-speaker rating,,,standard,DACH,personality;work,personality;social;work,,,,,,,,,,,,,hilfsbereit sein;hilfsbereite Kollegen,zuvorkommend;unterstützend,unhilfsbereit,,German B2 Vocabulary Dataset,,draft
3056,word,kreativ,able to produce new ideas or approaches,creative,Für das Marketing brauchen wir kreative Köpfe.,We need creative minds for marketing.,B2,adjective,5,high,Very common adjective in work and everyday language.,native-speaker rating,,,standard,DACH,work;personality,creativity;work,,,,,,,,,,,,,kreative Ideen;kreativer Kopf;kreativ arbeiten,einfallsreich;schöpferisch,unkreativ,,German B2 Vocabulary Dataset,,draft
3057,word,lernbereit,willing to learn and acquire new skills,ready to learn,Er ist sehr motiviert und lernbereit.,He is very motivated and ready to learn.,B2,adjective,3,medium,Common in job applications and workplace descriptions.,native-speaker rating,,,standard,DACH,work;education,learning;career,,,,,,,,,,,,,lernbereit sein;motiviert und lernbereit,offen für Neues;aufnahmebereit,unwillig zu lernen,,German B2 Vocabulary Dataset,,draft
3058,word,(un-)organisiert,organised or disorganised, (dis)organised,Ein unorganisierter Arbeitsplatz kostet Zeit.,A disorganized workplace wastes time.,B2,adjective,5,high,Very common adjective pair in work and everyday contexts.,native-speaker rating,,,standard,DACH,work;personality,organisation;work,,,,,,,,,,,,,gut organisiert;schlecht organisiert;unorganisierter Arbeitsplatz,strukturiert;geordnet,chaotisch,,German B2 Vocabulary Dataset,,draft
3059,word,selbstbewusst,confident and assured,self-assured,Sie trat im Vorstellungsgespräch sehr selbstbewusst auf.,She appeared very self-assured in the interview.,B2,adjective,5,high,Very common personality adjective.,native-speaker rating,,,standard,DACH,personality;work,personality;interviews,,,,,,,,,,,,,selbstbewusst auftreten;selbstbewusst wirken,sicher;selbstsicher,unsicher,,German B2 Vocabulary Dataset,,draft
3060,word,teamfähig,able to work effectively with others,capable of teamwork,Sind Sie teamfähig oder arbeiten Sie lieber allein?,Are you capable of teamwork or do you prefer working alone?,B2,adjective,4,high,Very common job-application adjective.,native-speaker rating,,,standard,DACH,employment;personality,teamwork;work,,,,,,,,,,,,,teamfähig sein;teamfähige Mitarbeiter,kooperativ,einzelgängerisch,,German B2 Vocabulary Dataset,,draft
3061,word,tolerant,accepting of differences and other viewpoints,tolerant,In einem internationalen Team muss man tolerant sein.,"In an international team, one must be tolerant.",B2,adjective,5,high,Very common adjective in social contexts.,native-speaker rating,,,standard,DACH,society;personality,society;diversity;work,,,,,,,,,,,,,tolerant sein;tolerante Haltung,aufgeschlossen;respektvoll,intolerant,,German B2 Vocabulary Dataset,,draft
3062,word,verantwortungsbewusst,acting with awareness of one's responsibilities,responsible,Er geht sehr verantwortungsbewusst mit den Firmendaten um.,He handles company data very responsibly.,B2,adjective,4,high,Common professional and personality adjective.,native-speaker rating,,,standard,DACH,work;personality,responsibility;work,,,,,,,,,,,,,verantwortungsbewusst handeln;verantwortungsbewusster Umgang,pflichtbewusst,verantwortungslos,,German B2 Vocabulary Dataset,,draft
3063,word,die Anerkennung (Dokument),official recognition or approval,recognition,Die offizielle Anerkennung seines Diploms dauerte drei Monate.,The official recognition of his diploma took three months.,B2,noun,4,high,Common in professional qualification and immigration contexts.,native-speaker rating,,,formal,DACH,administration;education,recognition;documents,die,Anerkennungen,der Anerkennung,,,,,,,,,offizielle Anerkennung;Anerkennung eines Diploms;Anerkennungsverfahren,Bestätigung;Nostrifizierung,Ablehnung,,German B2 Vocabulary Dataset,,draft
3064,word,der Antrag,formal request submitted to an authority,application,Haben Sie den Antrag auf Urlaub schon ausgefüllt?,Have you filled out the application for leave yet?,B2,noun,5,high,Extremely common administrative noun.,native-speaker rating,,,formal,DACH,administration,applications;official documents,der,Anträge,des Antrags,,,,,,,,,einen Antrag stellen;Antrag ausfüllen;Antrag einreichen,Gesuch,,German B2 Vocabulary Dataset,,draft
3065,word,der Lebenslauf,document describing a person's education and work history,curriculum vitae,Der Lebenslauf sollte lückenlos sein.,The curriculum vitae should be without gaps.,B2,noun,5,high,Very common employment term.,native-speaker rating,,,standard,DACH,employment;documents,CV;job application,der,Lebensläufe,des Lebenslaufs,,,,,,,,,Lebenslauf schreiben;Lebenslauf einreichen;tabellarischer Lebenslauf,CV;Curriculum Vitae,,German B2 Vocabulary Dataset,,draft
3066,word,die Unterlagen,documents required for a procedure,documents,Bitte senden Sie uns Ihre vollständigen Unterlagen per E-Mail.,Please send us your complete documents via email.,B2,noun,5,high,Very common plural-only administrative term.,native-speaker rating,,,formal,DACH,administration;documents,documents;applications,die,Unterlagen,der Unterlagen,,,,,,,,,vollständige Unterlagen;Unterlagen einreichen;Unterlagen senden,Dokumente;Papiere,,German B2 Vocabulary Dataset,,draft
3067,word,das Zeugnis,official certificate or reference document,report / reference,Das Arbeitszeugnis war sehr positiv.,The job reference was very positive.,B2,noun,5,high,Very common German term with several meanings.,native-speaker rating,,,standard,DACH,education;employment,education;employment;documents,das,Zeugnisse,des Zeugnisses,,,,,,,,,Arbeitszeugnis;Schulzeugnis;Zeugnis erhalten,Bescheinigung;Zertifikat,,German B2 Vocabulary Dataset,,draft
3068,word,die Zulassung,official admission or permission,admission,Die Zulassung zum Studium kam letzte Woche per Post.,The admission to the university program arrived by mail last week.,B2,noun,5,high,Very common in university and administrative contexts.,native-speaker rating,,,formal,DACH,education;administration,university;admission,die,Zulassungen,der Zulassung,,,,,,,,,Zulassung zum Studium;Zulassung erhalten;Zulassung beantragen,Aufnahme;Genehmigung,Ablehnung,,German B2 Vocabulary Dataset,,draft
3069,word,der Arbeitsablauf,sequence or organisation of work tasks,workflow,Wir müssen den Arbeitsablauf in der Produktion optimieren.,We need to optimize the workflow in production.,B2,noun,4,high,Common professional and business term.,native-speaker rating,,,standard,DACH,work;business,workflow;process;production,der,Arbeitsabläufe,des Arbeitsablaufs,,,,,,,,,Arbeitsablauf optimieren;Arbeitsablauf verbessern;effizienter Arbeitsablauf,Arbeitsprozess;Workflow,,German B2 Vocabulary Dataset,,draft
3070,word,das Berufsfeld,area or sector of professional activity,professional field,In welchem Berufsfeld möchten Sie zukünftig arbeiten?,In which professional field would you like to work in the future?,B2,noun,4,high,Common career-planning term.,native-speaker rating,,,standard,DACH,career;employment,career;professions,das,Berufsfelder,des Berufsfelds,,,,,,,,,in einem Berufsfeld arbeiten;Berufsfeld wechseln,Tätigkeitsbereich;Arbeitsbereich,,German B2 Vocabulary Dataset,,draft
3071,word,das Fachdeutsch,German used for a specific professional field,technical German,Der Kurs vermittelt Fachdeutsch für Pflegekräfte.,The course teaches technical German for nursing staff.,B2,noun,3,medium,Specialised language-learning term.,native-speaker rating,,,standard,DACH,language;work,language learning;professional German,das,Fachdeutsch,des Fachdeutschs,,,,,,,,,Fachdeutsch lernen;Fachdeutsch für Pflegekräfte,Berufsdeutsch;Fachsprache,Alltagsdeutsch,,German B2 Vocabulary Dataset,,draft
3072,word,Fachleute / Fachkräfte (Pl.),people with specialised professional qualifications,professionals,Wir suchen dringend Fachkräfte für die IT-Abteilung.,We are urgently looking for professionals for the IT department.,B2,noun,5,high,Very common employment term, especially in Germany.,native-speaker rating,,,standard,DACH,employment;skills,jobs;labour market,die,Fachleute;Fachkräfte,der Fachleute,,,,,,,,,qualifizierte Fachkräfte;Fachkräfte suchen;Fachkräftemangel,Spezialisten;Experten,Laien,,German B2 Vocabulary Dataset,,draft
3073,word,der Fachwortschatz,vocabulary specific to a professional or academic field,specialist vocabulary,Der Fachwortschatz in der Medizin ist sehr umfangreich.,The specialist vocabulary in medicine is very extensive.,B2,noun,3,medium,Common in language-learning and professional contexts.,native-speaker rating,,,standard,DACH,language;education,vocabulary;professional language,der,Fachwortschätze,des Fachwortschatzes,,,,,,,,,medizinischer Fachwortschatz;Fachwortschatz lernen,Fachsprache;Terminologie,Alltagswortschatz,,German B2 Vocabulary Dataset,,draft
3074,word,der Handwerker / die Handwerkerin,person working in a skilled manual trade,craftsman / craftswoman,Der Handwerker hat das Dach schnell repariert.,The craftsman repaired the roof quickly.,B2,noun,5,high,Very common occupation term.,native-speaker rating,,,standard,DACH,work;crafts,profession;crafts;construction,der,Handwerker;Handwerkerinnen,des Handwerkers,,,,,,,,,Handwerker beauftragen;qualifizierter Handwerker;Handwerksbetrieb,Facharbeiter;Monteur,,German B2 Vocabulary Dataset,,draft
3075,word,der MINT-Beruf,profession in mathematics science technology or engineering,STEM profession,Frauen werden verstärkt für MINT-Berufe geworben.,Women are increasingly being recruited for STEM professions.,B2,noun,3,medium,Common German education and labour-market term.,native-speaker rating,,,standard,DACH,education;employment,STEM;career,der,MINT-Berufe,des MINT-Berufs,,,,,,,,,MINT-Beruf wählen;MINT-Berufe fördern,technischer Beruf,,German B2 Vocabulary Dataset,,draft
3076,word,die Teilzeit,employment for fewer than full-time hours,part-time,"Sie arbeitet momentan in Teilzeit, möchte aber aufstocken.",She is currently working part-time but wants to increase her hours.,B2,noun,5,high,Very common employment term.,native-speaker rating,,,standard,DACH,employment,work;working hours,die,Teilzeiten,der Teilzeit,,,,,,,,,in Teilzeit arbeiten;Teilzeitstelle;Teilzeitbeschäftigung,Teilzeitbeschäftigung,Vollzeit,,German B2 Vocabulary Dataset,,draft
3077,word,die Vollzeit,employment at full working hours,full time,Eine Vollzeitstelle umfasst in der Regel 40 Stunden pro Woche.,A full-time position usually comprises 40 hours per week.,B2,noun,5,high,Very common employment term.,native-speaker rating,,,standard,DACH,employment,work;working hours,die,Vollzeiten,der Vollzeit,,,,,,,,,in Vollzeit arbeiten;Vollzeitstelle;Vollzeitbeschäftigung,Vollzeitbeschäftigung,Teilzeit,,German B2 Vocabulary Dataset,,draft
3078,word,der gefragte Beruf,profession for which there is strong demand,sought-after profession,Altenpfleger ist ein sehr gefragter Beruf in Deutschland.,Geriatric nurse is a very sought-after profession in Germany.,B2,noun_phrase,3,medium,Common phrase in labour-market discussions.,native-speaker rating,,,standard,DACH,employment;career,labour market;professions,der,gefragte Berufe,des gefragten Berufs,,,,,,,,,gefragter Beruf;stark gefragter Beruf,Mangelberuf,,German B2 Vocabulary Dataset,,draft
3079,word,der Umgang mit Kunden,way of interacting with customers,dealing with customers,Freundlicher Umgang mit Kunden ist für uns selbstverständlich.,Friendly dealing with customers is a matter of course for us.,B2,noun_phrase,4,high,Common professional expression.,native-speaker rating,,,standard,DACH,work;services,customer service;communication,der,Umgänge mit Kunden,des Umgangs mit Kunden,,,,,,,,,freundlicher Umgang mit Kunden;Umgang mit Kunden,Kundenkontakt;Kundenbetreuung,,German B2 Vocabulary Dataset,,draft
3080,word,die Berechtigung,official right or permission,authorisation / eligibility,"Haben Sie die Berechtigung, diesen Stapler zu fahren?",Do you have the authorisation to drive this forklift?,B2,noun,4,high,Common administrative and legal term.,native-speaker rating,,,formal,DACH,administration;law;work,permission;eligibility,die,Berechtigungen,der Berechtigung,,,,,,,,,Berechtigung haben;Berechtigung erteilen;Berechtigung besitzen,Erlaubnis;Genehmigung,Verbot,,German B2 Vocabulary Dataset,,draft
3081,word,die Förderung,financial or institutional support,funding / promotion,Die Förderung für die Fortbildung wurde bewilligt.,The funding for the further training was approved.,B2,noun,5,high,Very common in education business and public funding contexts.,native-speaker rating,,,standard,DACH,finance;education,funding;support,die,Förderungen,der Förderung,,,,,,,,,Förderung beantragen;Förderung erhalten;staatliche Förderung,Unterstützung;Subvention,,German B2 Vocabulary Dataset,,draft
3082,word,der Lehrgang,structured professional training course,course,Der Lehrgang dauert insgesamt sechs Wochen.,The course lasts six weeks in total.,B2,noun,4,high,Common in vocational and professional education.,native-speaker rating,,,standard,DACH,education;employment,training;course,der,Lehrgänge,des Lehrgangs,,,,,,,,,Lehrgang besuchen;Lehrgang absolvieren;beruflicher Lehrgang,Kurs;Fortbildung,,German B2 Vocabulary Dataset,,draft
3083,word,der Nachweis,document or evidence proving something,proof,Bitte bringen Sie einen Nachweis über Ihre Deutschkenntnisse mit.,Please bring proof of your German language skills.,B2,noun,5,high,Very common formal administrative term.,native-speaker rating,,,formal,DACH,administration;documents,proof;documents,der,Nachweise,des Nachweises,,,,,,,,,Nachweis erbringen;Nachweis vorlegen;Nachweis über,Beleg;Beweis,,German B2 Vocabulary Dataset,,draft
3084,word,die Vorkenntnisse,knowledge already acquired before a course,prior knowledge,Für diesen Kurs sind keine Vorkenntnisse nötig.,No prior knowledge is required for this course.,B2,noun,4,high,Common education and training term, usually plural.,native-speaker rating,,,standard,DACH,education,learning;courses,die,Vorkenntnisse,der Vorkenntnisse,,,,,,,,,Vorkenntnisse haben;keine Vorkenntnisse erforderlich,Vorwissen,,German B2 Vocabulary Dataset,,draft
3085,word,der Vermittler / die Vermittlerin,person who mediates between parties,agent / intermediary,"Der Vermittler half uns, eine passende Wohnung zu finden.",The agent helped us find a suitable apartment.,B2,noun,4,high,Common across housing employment and business contexts.,native-speaker rating,,,standard,DACH,business;services,intermediary;housing;business,der,Vermittler;Vermittlerinnen,des Vermittlers,,,,,,,,,Vermittler einschalten;Vermittler zwischen zwei Parteien,Makler;Mittler,,German B2 Vocabulary Dataset,,draft
3086,word,die Meisterprüfung machen,to take the master craftsman examination,to take the master craftsman's examination,Er will nächstes Jahr seine Meisterprüfung machen.,He wants to take his master craftsman's examination next year.,B2,verb_phrase,3,medium,Specific vocational expression.,native-speaker rating,,,standard,DACH,education;crafts,vocational training;examination,,,,,false,false,haben,macht, machte,gemacht,eine Prüfung machen,Meisterprüfung machen;Meisterprüfung bestehen;Meisterprüfung ablegen,eine Meisterprüfung ablegen,,Meister,master craftsman,German B2 Vocabulary Dataset,,draft
3087,word,persönlich vorbeikommen,to come somewhere oneself,to come by in person,"Könnten Sie bitte morgen persönlich vorbeikommen, um den Vertrag zu unterschreiben?",Could you please come by in person tomorrow to sign the contract?,B2,verb_phrase,4,high,Common polite request expression.,native-speaker rating,,,standard,DACH,communication;appointments,appointments;office,,,,,false,false,sein,kommt vorbei,kam vorbei,ist vorbeigekommen,bei jmdm. vorbeikommen,persönlich vorbeikommen;kurz vorbeikommen;im Büro vorbeikommen,persönlich erscheinen,,vorbeikommen,come by,German B2 Vocabulary Dataset,,draft
3088,word,sich beruflich neu orientieren,to change one's professional direction,to set out in a new professional direction,Nach zehn Jahren im Verkauf möchte sie sich beruflich neu orientieren.,"After ten years in sales, she wants to set out in a new professional direction.",B2,verb_phrase,4,high,Common career-planning expression.,native-speaker rating,,,standard,DACH,career;employment,career change;professional development,,,,,true,false,haben,orientiert sich neu,orientierte sich neu,sich neu orientiert,sich beruflich neu orientieren,beruflich neu orientieren;berufliche Neuorientierung;neu orientieren,Karriere wechseln,,orientieren,orient,German B2 Vocabulary Dataset,,draft
3089,word,die beglaubigte Kopie,copy officially certified as authentic,certified copy,Sie müssen eine beglaubigte Kopie Ihres Zeugnisses einreichen.,You must submit a certified copy of your certificate.,B2,noun,4,high,Common formal administrative term.,native-speaker rating,,,formal,DACH,administration;documents,documents;certification,die,beglaubigten Kopien,der beglaubigten Kopie,,,,,,,,,beglaubigte Kopie einreichen;beglaubigte Kopie vorlegen,amtlich beglaubigte Kopie,Original,,German B2 Vocabulary Dataset,,draft
3090,word,die beglaubigte Übersetzung,translation officially certified as accurate,certified translation,Ausländische Urkunden benötigen oft eine beglaubigte Übersetzung.,Foreign certificates often require a certified translation.,B2,noun,3,medium,Common formal administrative term.,native-speaker rating,,,formal,DACH,administration;documents,translation;certification,die,beglaubigten Übersetzungen,der beglaubigten Übersetzung,,,,,,,,,beglaubigte Übersetzung einreichen;beglaubigte Übersetzung benötigen,zertifizierte Übersetzung,,German B2 Vocabulary Dataset,,draft
3091,word,die berufliche Anerkennung beantragen,to request official recognition of a professional qualification,to apply for professional recognition,Er hat die berufliche Anerkennung seines Diploms beantragt.,He has applied for professional recognition of his diploma.,B2,verb_phrase,4,high,Important formal phrase for qualification recognition.,native-speaker rating,,,formal,DACH,administration;employment,recognition;qualification,,,,,false,false,haben,beantragt,beantragte,beantragt,etwas beantragen,berufliche Anerkennung beantragen;Anerkennung eines Abschlusses beantragen,Anerkennung beantragen,,beantragen,apply,German B2 Vocabulary Dataset,,draft
3092,word,die Qualifikation,qualification or set of skills for a profession,qualification,Welche Qualifikation bringen Sie für diese Stelle mit?,What qualification do you bring for this position?,B2,noun,5,high,Very common professional term.,native-speaker rating,,,standard,DACH,employment;education,qualification;career,die,Qualifikationen,der Qualifikation,,,,,,,,,berufliche Qualifikation;Qualifikation mitbringen;Qualifikation erwerben,Fähigkeit;Kompetenz,,German B2 Vocabulary Dataset,,draft
3093,word,das Übersetzungsbüro,office or agency providing translation services,translation agency,Wir haben ein Übersetzungsbüro mit den Dokumenten beauftragt.,We commissioned a translation agency with the documents.,B2,noun,3,medium,Specific but common service term.,native-speaker rating,,,standard,DACH,services;language,translation;services,das,Übersetzungsbüros,des Übersetzungsbüros,,,,,,,,,Übersetzungsbüro beauftragen;in einem Übersetzungsbüro arbeiten,Sprachdienstleister,,German B2 Vocabulary Dataset,,draft
3094,word,der Einzelunternehmer,person running a business as a sole proprietor,sole proprietor,Als Einzelunternehmer trägt er das volle Risiko.,"As a sole proprietor, he bears the full risk.",B2,noun,3,medium,Common business and legal term.,native-speaker rating,,,formal,DACH,business;law,self-employment;business,der,Einzelunternehmer,des Einzelunternehmers,,,,,,,,,als Einzelunternehmer arbeiten;Einzelunternehmer sein,Selbstständiger;Ein-Personen-Unternehmer,,German B2 Vocabulary Dataset,,draft
3095,word,der Geschäftspartner,person or company with whom one conducts business,business partner,Mein Geschäftspartner kümmert sich um die Finanzen.,My business partner takes care of the finances.,B2,noun,4,high,Common business term.,native-speaker rating,,,standard,DACH,business,business;partnership,der,Geschäftspartner,des Geschäftspartners,,,,,,,,,Geschäftspartner sein;Geschäftspartner finden;mit Geschäftspartnern arbeiten,Partner;Kooperationspartner,Konkurrent,,German B2 Vocabulary Dataset,,draft
3096,word,gut/schlecht anlaufen,to begin successfully or unsuccessfully,to start well/badly,Das neue Projekt ist sehr gut angelaufen.,The new project started very well.,B2,verb_phrase,4,high,Common expression for projects businesses events or processes.,native-speaker rating,,,standard,DACH,business;projects,projects;processes,,,,,false,true,sein,l läuft an,lief an,ist angelaufen,etwas läuft an,gut anlaufen;schlecht anlaufen;Projekt läuft gut an,gut starten,,anlaufen,start up,German B2 Vocabulary Dataset,,draft
3097,word,die freiberufliche Tätigkeit,professional activity performed as a freelancer,freelance work,Er meldete seine freiberufliche Tätigkeit beim Finanzamt an.,He registered his freelance work with the tax office.,B2,noun,4,high,Important business and tax term.,native-speaker rating,,,formal,DACH,business;tax,freelancing;self-employment,die,freiberuflichen Tätigkeiten,der freiberuflichen Tätigkeit,,,,,,,,,freiberufliche Tätigkeit ausüben;freiberufliche Tätigkeit anmelden,Freiberuflichkeit;selbstständige Tätigkeit,Angestelltenverhältnis,,German B2 Vocabulary Dataset,,draft
3098,word,ein Unternehmen gründen,to establish a business,to start a company,Sie wollen gemeinsam ein Unternehmen gründen.,They want to start a company together.,B2,verb_phrase,5,high,Very common entrepreneurship expression.,native-speaker rating,,,standard,DACH,business;entrepreneurship,startup;business,,,,,false,false,haben,gründet,gründete,gegründet,ein Unternehmen gründen,Unternehmen gründen;Firma gründen;Unternehmensgründung,ein Unternehmen aufbauen,Unternehmen schließen,gründen,found,German B2 Vocabulary Dataset,,draft
3099,word,die Berufserfahrung,experience gained through professional work,professional experience,Viel Berufserfahrung ist für diese Position von Vorteil.,A lot of professional experience is an advantage for this position.,B2,noun,5,high,Extremely common employment and application term.,native-speaker rating,,,standard,DACH,employment;career,career;experience;applications,die,Berufserfahrungen,der Berufserfahrung,,,,,,,,,Berufserfahrung sammeln;Berufserfahrung haben;mehrjährige Berufserfahrung,Berufspraxis;Praxiserfahrung,,German B2 Vocabulary Dataset,,draft
3100,word,das Bewerbungstraining,training for applying for jobs,application training,Das Jobcenter bietet ein kostenloses Bewerbungstraining an.,The job center offers free application training.,B2,noun,3,medium,Common in employment-support contexts.,native-speaker rating,,,standard,DACH,employment;education,job applications;training,das,Bewerbungstrainings,des Bewerbungstrainings,,,,,,,,,Bewerbungstraining anbieten;Bewerbungstraining besuchen,Bewerbungscoaching,,German B2 Vocabulary Dataset,,draft
3101,word,die Spezialisierung,process of focusing on a particular field,specialisation,Seine Spezialisierung auf Steuerrecht macht ihn sehr gefragt.,His specialisation in tax law makes him very sought-after.,B2,noun,4,high,Common academic and professional term.,native-speaker rating,,,standard,DACH,education;career,specialisation;expertise,die,Spezialisierungen,der Spezialisierung,,,,,,,,,Spezialisierung auf;Spezialisierung wählen;berufliche Spezialisierung,Fachgebiet;Schwerpunkt,Generalisierung,,German B2 Vocabulary Dataset,,draft
3102,word,das Stellengesuch,advertisement from someone seeking employment,advertisement seeking employment,Er gab ein Stellengesuch in der lokalen Zeitung auf.,He placed an advertisement seeking employment in the local newspaper.,B2,noun,2,low,Less common today due to online job platforms.,native-speaker rating,,,standard,DACH,employment,job search;applications,das,Stellengesuche,des Stellengesuchs,,,,,,,,,Stellengesuch aufgeben;Stellengesuch veröffentlichen,Jobsuche;Arbeitsgesuch,Stellenanzeige,,German B2 Vocabulary Dataset,,draft
3103,word,die Anforderung,condition or requirement that must be met,requirement,Die Anforderungen an Bewerber sind in den letzten Jahren gestiegen.,The requirements for applicants have increased in recent years.,B2,noun,5,high,Very common formal and professional noun.,native-speaker rating,,,standard,DACH,work;education,requirements;applications,die,Anforderungen,der Anforderung,,,,,,,,,Anforderungen erfüllen;Anforderungen an Bewerber;hohe Anforderungen,Voraussetzung;Bedingung,,German B2 Vocabulary Dataset,,draft
3104,word,der Arbeitssuchende / die Arbeitssuchende,person looking for employment,job seeker,Die Messe bietet Arbeitssuchenden gute Kontaktmöglichkeiten.,The fair offers job seekers good networking opportunities.,B2,noun,4,high,Common employment and public-service term.,native-speaker rating,,,standard,DACH,employment,job search;labour market,der/die,Arbeitssuchende;Arbeitssuchenden,des Arbeitssuchenden,,,,,,,,,Arbeitssuchende unterstützen;arbeitssuchend sein,Jobsuchender;Stellensuchender,Arbeitgeber,,German B2 Vocabulary Dataset,,draft
3105,word,das mittelständische Unternehmen,medium-sized company,medium-sized company,Er arbeitet lieber in einem mittelständischen Unternehmen als in einem Konzern.,He prefers working in a medium-sized company rather than a corporation.,B2,noun_phrase,4,high,Very common German business expression.,native-speaker rating,,,standard,DACH,business;employment,business;SME,das,mittelständischen Unternehmen,des mittelständischen Unternehmens,,,,,,,,,mittelständisches Unternehmen;im Mittelstand arbeiten,Mittelständler;KMU,Konzern,,German B2 Vocabulary Dataset,,draft
3106,word,nach dem aktuellen Stand fragen,to ask about the current status or progress,to ask about the current progress,Ich wollte nach dem aktuellen Stand meiner Bewerbung fragen.,I wanted to ask about the current progress of my application.,B2,verb_phrase,5,high,Very common polite professional expression.,native-speaker rating,,,standard,DACH,communication;employment,follow-up;applications,,,,,false,false,haben,fragt nach,fragte nach,nachgefragt,nach etwas fragen,nach dem aktuellen Stand fragen;nach einer Bewerbung fragen;nach dem Stand fragen,sich nach etwas erkundigen,,nachfragen,ask again,German B2 Vocabulary Dataset,,draft
3107,word,sich an jmdn. wenden,to contact or approach someone for help or information,to contact someone,Bei Fragen können Sie sich jederzeit an mich wenden.,"If you have questions, you can contact me at any time.",B2,verb_phrase,5,high,Very common formal expression.,native-speaker rating,,,formal,DACH,communication;administration,contact;requests,,,,,true,false,haben,wendet sich,w ndte sich,sich gewandt,sich an jmdn. wenden,sich an jemanden wenden;an die zuständige Stelle wenden;bei Fragen wenden,kontaktieren;ansprechen,jemanden meiden,wenden,turn/contact,German B2 Vocabulary Dataset,,draft
3108,word,sich auf eine Anzeige beziehen,to refer to an advertisement,to refer to an ad,Ich beziehe mich auf Ihre Anzeige im Internet.,I am referring to your ad on the internet.,B2,verb_phrase,4,high,Common formal phrase in applications and correspondence.,native-speaker rating,,,formal,DACH,employment;communication,applications;formal writing,,,,,true,false,haben,bezieht sich,bezog sich,sich bezogen,sich auf etwas beziehen,sich auf eine Anzeige beziehen;sich auf eine E-Mail beziehen;sich auf ein Gespräch beziehen,referieren;verweisen auf,,beziehen,obtain/refer,German B2 Vocabulary Dataset,,draft
3109,word,sich um eine Stelle bewerben,to apply for a position,to apply for a job,Sie hat sich um eine Stelle als Abteilungsleiterin beworben.,She applied for a job as a department head.,B2,verb_phrase,5,high,Very common employment expression.,native-speaker rating,,,standard,DACH,employment,job application;career,,,,,true,false,haben,bewirbt sich,bewarb sich,sich beworben,sich um eine Stelle bewerben,sich um eine Stelle bewerben;sich bei einer Firma bewerben;sich erfolgreich bewerben,eine Bewerbung einreichen,,bewerben,advertise oneself,German B2 Vocabulary Dataset,,draft
3110,word,das Ehrenamt,voluntary unpaid work for a social or public purpose,volunteer work,Ein Ehrenamt macht sich gut im Lebenslauf.,Volunteer work looks good on a CV.,B2,noun,4,high,Common German social and civic term.,native-speaker rating,,,standard,DACH,society;volunteering,volunteering;community,das,Ehrenämter,des Ehrenamts,,,,,,,,,ein Ehrenamt ausüben;ehrenamtlich tätig sein;Ehrenamt übernehmen,Freiwilligenarbeit;ehrenamtliche Tätigkeit,,German B2 Vocabulary Dataset,,draft
3111,word,die Schulbildung,education received at school,school education,Bitte geben Sie Details zu Ihrer Schulbildung an.,Please provide details about your school education.,B2,noun,4,high,Common in CVs applications and administrative forms.,native-speaker rating,,,formal,DACH,education;employment,education;CV,die,Schulbildungen,der Schulbildung,,,,,,,,,Schulbildung angeben;Schulbildung abgeschlossen,schulische Ausbildung,Berufsausbildung,,German B2 Vocabulary Dataset,,draft
3112,word,die besonderen Kenntnisse,specific additional skills or knowledge,special knowledge,"Haben Sie besondere Kenntnisse, wie zum Beispiel EDV-Erfahrung?","Do you have special knowledge, such as IT experience?",B2,noun,4,high,Common CV and job-application expression.,native-speaker rating,,,standard,DACH,employment;skills,CV;skills;applications,die,besonderen Kenntnisse,der besonderen Kenntnisse,,,,,,,,,besondere Kenntnisse haben;besondere Kenntnisse angeben,Spezialkenntnisse;Fachkenntnisse,,German B2 Vocabulary Dataset,,draft
3113,word,die berufliche Station,stage or position in a person's career,career stage,Seine letzte berufliche Station war in London.,His last career stage was in London.,B2,noun,3,medium,Common CV and career expression.,native-speaker rating,,,standard,DACH,career;employment,career;CV,die,beruflichen Stationen,der beruflichen Station,,,,,,,,,berufliche Station;letzte berufliche Station;berufsstation,Karrierestation;Berufsphase,,German B2 Vocabulary Dataset,,draft
3114,word,die persönlichen Daten,information identifying or describing a person,personal information,Die persönlichen Daten stehen meist am Anfang des Lebenslaufs.,Personal information usually appears at the beginning of the CV.,B2,noun,5,high,Very common administrative expression.,native-speaker rating,,,formal,DACH,administration;privacy,personal data;documents,die,persönlichen Daten,der persönlichen Daten,,,,,,,,,persönliche Daten angeben;persönliche Daten schützen;persönliche Daten speichern,personenbezogene Daten,,German B2 Vocabulary Dataset,,draft
3115,word,verhandlungssicher,able to negotiate confidently in a language,business fluent,Für diesen Job benötigen Sie verhandlungssicheres Englisch.,"For this job, you need business fluent English.",B2,adjective,4,high,Common in job advertisements and CVs.,native-speaker rating,,,formal,DACH,employment;language,language skills;applications,,,,,,,,,,,,,verhandlungssichere Englischkenntnisse;verhandlungssicheres Deutsch,fließend;sehr gute Sprachkenntnisse,,German B2 Vocabulary Dataset,,draft
3116,word,die ausgeschriebene Stelle,job position publicly advertised,advertised position,Die ausgeschriebene Stelle passt genau zu meinem Profil.,The advertised position fits my profile exactly.,B2,noun_phrase,4,high,Common formal job-application expression.,native-speaker rating,,,formal,DACH,employment,job applications,die,ausgeschriebenen Stellen,der ausgeschriebenen Stelle,,,,,,,,,ausgeschriebene Stelle;auf eine ausgeschriebene Stelle bewerben,Stellenangebot;Jobangebot,,German B2 Vocabulary Dataset,,draft
3117,word,ein Bewerbungsschreiben verfassen,to write a formal job application letter,to write a letter of application,"Es ist nicht einfach, ein gutes Bewerbungsschreiben zu verfassen.",It is not easy to write a good letter of application.,B2,verb_phrase,4,high,Common formal application phrase.,native-speaker rating,,,formal,DACH,employment;writing,applications;formal writing,,,,,false,false,haben,verfasst,verfasste,verfasst,etwas verfassen,Bewerbungsschreiben verfassen;Anschreiben verfassen;Brief verfassen,ein Bewerbungsschreiben schreiben,,verfassen,compose,German B2 Vocabulary Dataset,,draft
3118,word,zur Verfügung stehen,to be available or at someone's disposal,to be available / on hand,Für ein Gespräch stehe ich Ihnen gerne zur Verfügung.,I am happily available for an interview.,B2,verb_phrase,5,high,Very common formal expression in professional correspondence.,native-speaker rating,,,formal,DACH,communication;work,formal communication;availability,,,,,false,false,haben,steht zur Verfügung,stand zur Verfügung,zur Verfügung gestanden,jmdm. zur Verfügung stehen,zur Verfügung stehen;zur Verfügung stellen;für Fragen zur Verfügung stehen,verfügbar sein,nicht verfügbar sein,stehen,stand,German B2 Vocabulary Dataset,,draft
3119,word,den Interessen entsprechen,to match someone's interests,to match the interests,Die Aufgaben entsprechen genau meinen Interessen.,The tasks match my interests exactly.,B2,verb_phrase,4,high,Common formal expression with entsprechen + Dativ.,native-speaker rating,,,formal,DACH,work;preferences,applications;preferences,,,,,false,false,haben,entspricht,entsprach,entsprochen,jmdm. entsprechen,den Interessen entsprechen;den Erwartungen entsprechen;den Anforderungen entsprechen,passen zu,widersprechen,entsprechen,correspond,German B2 Vocabulary Dataset,,draft
3120,word,die Gehaltsvorstellung,amount of salary expected by an applicant,salary expectation,Bitte nennen Sie uns Ihre Gehaltsvorstellung im Anschreiben.,Please state your salary expectation in the cover letter.,B2,noun,4,high,Very common job-application term.,native-speaker rating,,,standard,DACH,employment;finance,salary;job application,die,Gehaltsvorstellungen,der Gehaltsvorstellung,,,,,,,,,Gehaltsvorstellung nennen;Gehaltsvorstellung angeben;Gehaltsvorstellung im Anschreiben,Gehaltswunsch;Gehaltsforderung,,German B2 Vocabulary Dataset,,draft
3121,word,die Herausforderung,difficult task or situation requiring effort,challenge,Ich suche eine neue berufliche Herausforderung.,I am looking for a new professional challenge.,B2,noun,5,high,Extremely common abstract noun.,native-speaker rating,,,standard,DACH,work;life,challenge;career,die,Herausforderungen,der Herausforderung,,,,,,,,,eine Herausforderung meistern;neue Herausforderung;berufliche Herausforderung,Aufgabe;Schwierigkeit,,German B2 Vocabulary Dataset,,draft
3122,word,einen guten Eindruck machen,to create a positive impression,to make a good impression,"Kleiden Sie sich ordentlich, um einen guten Eindruck zu machen.",Dress neatly to make a good impression.,B2,verb_phrase,5,high,Very common fixed expression.,native-speaker rating,,,standard,DACH,social;work,impressions;interviews,,,,,false,false,haben,macht,machte,gemacht,einen Eindruck machen,einen guten Eindruck machen;ersten Eindruck machen;Eindruck hinterlassen,gut wirken,einen schlechten Eindruck machen,machen,make,German B2 Vocabulary Dataset,,draft
3123,word,eine schwierige Situation meistern,to successfully deal with a difficult situation,to master a difficult situation,Sie hat die schwierige Situation souverän gemeistert.,She mastered the difficult situation confidently.,B2,verb_phrase,4,high,Common expression meaning to handle a challenge successfully.,native-speaker rating,,,standard,DACH,work;life,problem solving;challenges,,,,,false,false,haben,meistert,meisterte,gemeistert,etwas meistern,eine Situation meistern;Herausforderung meistern;schwierige Situation meistern,bewältigen;überwinden,scheitern,meistern,master,German B2 Vocabulary Dataset,,draft
3124,word,sich erkundigen,to ask for information or find out about something,to enquire,Ich möchte mich nach den Arbeitszeiten erkundigen.,I would like to enquire about the working hours.,B2,verb,5,high,Very common reflexive verb in formal communication.,native-speaker rating,,,standard,DACH,communication;work,questions;information,,,,,true,false,haben,erkundigt sich,erkundigte sich,sich erkundigt,sich nach etwas erkundigen,sich nach den Arbeitszeiten erkundigen;sich nach dem Stand erkundigen;sich bei jemandem erkundigen,nachfragen,,erkundigen,enquire,German B2 Vocabulary Dataset,,draft
3125,word,sich für einen Bewerber entscheiden,to choose one applicant,to decide on an applicant,Wir haben uns für einen anderen Bewerber entschieden.,We decided on another applicant.,B2,verb_phrase,4,high,Common recruitment expression.,native-speaker rating,,,standard,DACH,employment,recruitment;applications,,,,,true,false,haben,entscheidet sich,entschied sich,sich entschieden,sich für jmdn. entscheiden,sich für einen Bewerber entscheiden;sich gegen einen Bewerber entscheiden;Entscheidung treffen,auswählen,ablehnen,entscheiden,decide,German B2 Vocabulary Dataset,,draft
3126,word,eine Stelle antreten,to begin working in a new position,to take up a position,Wann können Sie die Stelle antreten?,When can you take up the position?,B2,verb_phrase,4,high,Common formal employment expression.,native-speaker rating,,,formal,DACH,employment,job;career,,,,,false,false,haben,tritt an,trat an,angetreten,eine Stelle antreten,eine neue Stelle antreten;Stelle antreten;Arbeit antreten,eine Stelle beginnen,eine Stelle aufgeben,antreten,take up,German B2 Vocabulary Dataset,,draft
3127,word,das Arbeitsverhältnis,legal or contractual employment relationship,employment relationship,Das Arbeitsverhältnis ist unbefristet.,The employment relationship is permanent.,B2,noun,5,high,Very common formal employment term.,native-speaker rating,,,formal,DACH,employment;law,employment contract;labour law,das,Arbeitsverhältnisse,des Arbeitsverhältnisses,,,,,,,,,Arbeitsverhältnis beenden;unbefristetes Arbeitsverhältnis;Arbeitsverhältnis eingehen,Beschäftigungsverhältnis,,German B2 Vocabulary Dataset,,draft
3128,word,das Betriebsgeheimnis,confidential information belonging to a company,trade secret,Sie darf keine Betriebsgeheimnisse verraten.,She is not allowed to reveal trade secrets.,B2,noun,4,high,Common business and legal term.,native-speaker rating,,,formal,DACH,business;law,confidentiality;business,das,Betriebsgeheimnisse,des Betriebsgeheimnisses,,,,,,,,,Betriebsgeheimnis verraten;Betriebsgeheimnisse schützen;unter das Betriebsgeheimnis fallen,Geschäftsgeheimnis,,German B2 Vocabulary Dataset,,draft
3129,word,das Gehalt,regular payment received for employment,salary,Das Gehalt wird am Monatsende überwiesen.,The salary is transferred at the end of the month.,B2,noun,5,high,Extremely common employment and finance term.,native-speaker rating,,,standard,DACH,employment;finance,salary;pay,das,Gehälter,des Gehalts,,,,,,,,,Gehalt bekommen;Gehalt überweisen;Gehalt erhöhen,Lohn;Vergütung,,German B2 Vocabulary Dataset,,draft
3130,word,die Krankmeldung,notification or certificate of illness,sick note,Die Krankmeldung muss am ersten Tag vorliegen.,The sick note must be submitted on the first day.,B2,noun,5,high,Very common German workplace term.,native-speaker rating,,,standard,DACH,work;health,sickness;employment,die,Krankmeldungen,der Krankmeldung,,,,,,,,,Krankmeldung einreichen;Krankmeldung vorlegen;Krankmeldung erhalten,Arbeitsunfähigkeitsbescheinigung,,German B2 Vocabulary Dataset,,draft
3131,word,die Kündigungsfrist,period required before an employment contract can be terminated,period of notice,Die Kündigungsfrist beträgt drei Monate zum Monatsende.,The period of notice is three months to the end of the month.,B2,noun,5,high,Very common employment and legal term.,native-speaker rating,,,formal,DACH,employment;law,contracts;termination,die,Kündigungsfristen,der Kündigungsfrist,,,,,,,,,Kündigungsfrist einhalten;Kündigungsfrist beträgt;gesetzliche Kündigungsfrist,Frist;Kündigungszeitraum,,German B2 Vocabulary Dataset,,draft
3132,word,die Lohnfortzahlung,continued payment of wages during illness,continued wage payment / sick pay,Im Krankheitsfall erhalten Sie sechs Wochen Lohnfortzahlung.,"In case of illness, you receive six weeks of continued wage payment.",B2,noun,3,medium,Specific employment and social-insurance term.,native-speaker rating,,,formal,DACH,employment;law,sick pay;employment,die,Lohnfortzahlungen,der Lohnfortzahlung,,,,,,,,,Lohnfortzahlung im Krankheitsfall;Anspruch auf Lohnfortzahlung,Entgeltfortzahlung,,German B2 Vocabulary Dataset,,draft
3133,word,die Probezeit,initial period during which employment can be evaluated,probationary period,Die Probezeit dauert in der Regel sechs Monate.,The probationary period usually lasts six months.,B2,noun,5,high,Very common employment term.,native-speaker rating,,,standard,DACH,employment;law,employment contract;probation,die,Probezeiten,der Probezeit,,,,,,,,,Probezeit bestehen;Probezeit dauert;während der Probezeit,Einarbeitungszeit,,German B2 Vocabulary Dataset,,draft
3134,word,die Überstunde,working hour beyond regular working time,hour of overtime,Jede Überstunde wird entweder bezahlt oder durch Freizeit ausgeglichen.,Every hour of overtime is either paid or compensated with time off.,B2,noun,5,high,Very common workplace term.,native-speaker rating,,,standard,DACH,employment,working hours;overtime,die,Überstunden,der Überstunde,,,,,,,,,Überstunden machen;Überstunden bezahlen;Überstunden ausgleichen,Mehrarbeit,Arbeitszeit,,German B2 Vocabulary Dataset,,draft
3135,word,der Verdienst,income earned through work,earnings,Der Verdienst in dieser Branche ist überdurchschnittlich.,The earnings in this industry are above average.,B2,noun,4,high,Common employment and finance term.,native-speaker rating,,,standard,DACH,employment;finance,income;salary,der,Verdienste,des Verdienstes,,,,,,,,,guter Verdienst;Verdienst erzielen;Verdienst in einer Branche,Einkommen;Gehalt,Verlust,,German B2 Vocabulary Dataset,,draft
3136,word,die Vergütung,payment received for work or services,remuneration,Die Vergütung für das Praktikum ist angemessen.,The remuneration for the internship is appropriate.,B2,noun,4,high,Common formal employment and business term.,native-speaker rating,,,formal,DACH,employment;finance,payment;salary;contracts,die,Vergütungen,der Vergütung,,,,,,,,,angemessene Vergütung;Vergütung erhalten;Vergütung vereinbaren,Bezahlung;Entlohnung,,German B2 Vocabulary Dataset,,draft
3137,word,die Verschwiegenheitspflicht,legal or contractual duty not to disclose information,duty of confidentiality,Im Vertrag steht eine Klausel zur Verschwiegenheitspflicht.,There is a clause regarding the duty of confidentiality in the contract.,B2,noun,3,medium,Formal legal and employment vocabulary.,native-speaker rating,,,formal,DACH,law;employment,confidentiality;contracts,die,Verschwiegenheitspflichten,der Verschwiegenheitspflicht,,,,,,,,,Verschwiegenheitspflicht haben;Verschwiegenheitspflicht verletzen;zur Verschwiegenheit verpflichtet,Geheimhaltungspflicht,,German B2 Vocabulary Dataset,,draft
3138,word,Anweisung,instruction,instruction,Er hat die Anweisung nicht richtig verstanden.,He didn't understand the instruction correctly.,B2,noun,4,high,Common workplace and everyday noun,AI_estimate,,,standard,,workplace;safety,instruction;work;authority,die,Anweisungen,Anweisung,false,false,,,,acc,eine Anweisung geben; eine Anweisung befolgen,Vorgabe,,"Anweisung does not mean English ""answer""",Goethe-Zertifikat B2 Wortliste,https://www.goethe.de,draft
3139,word,Gefahrenstelle,danger point,dangerous spot / hazard area,Die Baustelle wurde als Gefahrenstelle markiert.,The construction site was marked as a danger point.,B2,noun,2,low,Specific safety vocabulary,AI_estimate,,,standard,,safety;workplace,safety;danger;work,die,Gefahrenstellen,Gefahrenstelle,false,false,,,,acc,eine Gefahrenstelle markieren; Gefahrenstelle absichern,Gefahrenbereich,,Goethe-Zertifikat B2 Wortliste,https://www.goethe.de,draft
3140,word,Schild,sign,sign,Das Schild warnt vor Rutschgefahr.,The sign warns of a slipping hazard.,A2,noun,5,very_high,Very common everyday noun,AI_estimate,,,standard,,signs;traffic,signs;traffic;information,das,Schild,des Schildes,false,false,,,,acc,ein Schild aufstellen; ein Schild lesen,Zeichen,,Goethe-Zertifikat B2 Wortliste,https://www.goethe.de,draft
3141,word,Verbesserungsvorschlag,suggestion for improvement,suggestion for improvement,Wir sind offen für jeden Verbesserungsvorschlag der Mitarbeiter.,We are open to any suggestion for improvement from the employees.,B2,noun,3,medium,Common in workplace and organizational contexts,AI_estimate,,,standard,,workplace;business,workplace;feedback;improvement,der,Verbesserungsvorschläge,Verbesserungsvorschlags,false,false,,,,acc,einen Verbesserungsvorschlag machen; einen Verbesserungsvorschlag einreichen,Vorschlag,,Goethe-Zertifikat B2 Wortliste,https://www.goethe.de,draft
3142,word,Zeichen,sign / signal,sign / signal,Er gab mir ein Zeichen, dass ich anfangen kann.,He gave me a sign that I could start.,A2,noun,5,very_high,Common word with several senses,AI_estimate,,,standard,,communication;signals,signal;communication;gesture,das,Zeichen,Zeichens,false,false,,,,acc,ein Zeichen geben; ein Zeichen setzen,Signal,,Goethe-Zertifikat B2 Wortliste,https://www.goethe.de,draft
3143,phrase,die Alarmanlage einschalten,activate the alarm system,to activate the alarm system,Vergessen Sie nicht, abends die Alarmanlage einzuschalten.,Don't forget to activate the alarm system in the evening.,B2,verb_phrase,2,low,Workplace and security-specific expression,AI_estimate,,,standard,,safety;security,security;workplace;alarm,die Alarmanlage,,,false,true,haben,schaltet ein,schaltete ein,eingeschaltet,tr,die Alarmanlage einschalten; die Alarmanlage ausschalten,aktivieren,,Goethe-Zertifikat B2 Wortliste,https://www.goethe.de,draft
3144,phrase,ätzende Säure,corrosive acid,corrosive acid,Tragen Sie Handschuhe beim Umgang mit ätzender Säure.,Wear gloves when handling corrosive acid.,B2,noun_phrase,2,low,Technical safety vocabulary,AI_estimate,,,technical,,safety;chemistry,safety;chemistry;workplace,die,ätzenden Säuren,ätzender Säure,false,false,,,,mit,ätzende Säure; Umgang mit ätzender Säure,,,Goethe-Zertifikat B2 Wortliste,https://www.goethe.de,draft
3145,phrase,das Berichtsheft führen,keep the record book,to keep the training record book,Auszubildende müssen regelmäßig ihr Berichtsheft führen.,Apprentices must regularly keep their record book.,B2,verb_phrase,2,low,Vocational-training-specific expression,AI_estimate,,,standard,,education;work,vocational training;documentation,das Berichtsheft,,,false,false,haben,führt,führte,geführt,acc,ein Berichtsheft führen; das Berichtsheft regelmäßig führen,dokumentieren,,Goethe-Zertifikat B2 Wortliste,https://www.goethe.de,draft
3146,phrase,brennendes Material,burning material,burning material,Löschen Sie brennendes Material sofort.,Extinguish burning material immediately.,B2,noun_phrase,2,low,Safety-specific phrase,AI_estimate,,,standard,,safety,fire;safety;emergency,das,brennende Materialien,brennenden Materials,false,false,,,,acc,brennendes Material löschen; Material brennt,,,Goethe-Zertifikat B2 Wortliste,https://www.goethe.de,draft
3147,word,auslegen,display / lay out,to display / lay out,Wir werden die Sicherheitsvorschriften im Flur auslegen.,We will display the safety regulations in the hallway.,B2,verb,3,medium,Common separable verb; meaning depends on context,AI_estimate,,,standard,,workplace;documents,documents;display;workplace,,,false,true,haben,legt aus,legte aus,ausgelegt,acc,Dokumente auslegen; Vorschriften auslegen,auflegen,,Goethe-Zertifikat B2 Wortliste,https://www.goethe.de,draft
3148,phrase,elektrische Spannung,voltage,electrical voltage,Vorsicht, hier herrscht hohe elektrische Spannung.,Caution, there is high voltage here.,B2,noun_phrase,3,medium,Common technical safety expression,AI_estimate,,,technical,,safety;electricity,electricity;safety;technical,die,elektrischen Spannungen,elektrischer Spannung,false,false,,,,nom,unter Spannung stehen; elektrische Spannung messen,Spannung,,Goethe-Zertifikat B2 Wortliste,https://www.goethe.de,draft
3149,phrase,explosives Material,explosive material,explosive material,Explosives Material muss sicher gelagert werden.,Explosive material must be stored securely.,B2,noun_phrase,2,low,Technical safety vocabulary,AI_estimate,,,technical,,safety;chemistry,safety;hazard;storage,das,explosive Materialien,explosiven Materials,false,false,,,,acc,explosives Material lagern; Material ist explosiv,,,Goethe-Zertifikat B2 Wortliste,https://www.goethe.de,draft
3150,phrase,giftiges Material,toxic material,toxic material,Dieser Behälter enthält giftiges Material.,This container contains toxic material.,B2,noun_phrase,2,low,Technical safety vocabulary,AI_estimate,,,technical,,safety;chemistry,safety;hazard;storage,das,giftige Materialien,giftigen Materials,false,false,,,,acc,giftiges Material; giftige Stoffe,,,Goethe-Zertifikat B2 Wortliste,https://www.goethe.de,draft
3151,phrase,auf Hygiene achten,pay attention to hygiene,to pay attention to hygiene,In der Küche müssen wir streng auf Hygiene achten.,In the kitchen, we must strictly pay attention to hygiene.,B2,verb_phrase,4,high,Common health and workplace expression,AI_estimate,,,standard,,health;workplace,hygiene;health;work,die Hygiene,,,false,false,haben,achtet,achtete,geachtet,auf + acc,auf Hygiene achten; auf Sauberkeit achten,beachten,,Goethe-Zertifikat B2 Wortliste,https://www.goethe.de,draft
3152,phrase,zur Kasse begleiten,accompany to the checkout,to accompany someone to the checkout,Könnten Sie den Kunden bitte zur Kasse begleiten?,Could you please accompany the customer to the checkout?,B2,verb_phrase,2,low,Service and retail expression,AI_estimate,,,standard,,retail;customer_service,retail;customers;service,die Kasse,,,false,false,haben,begleitet,begleitete,begleitet,acc,einen Kunden zur Kasse begleiten; jemanden begleiten,führen,,Goethe-Zertifikat B2 Wortliste,https://www.goethe.de,draft
3153,phrase,keine Zeit verlieren,lose no time,to lose no time,Wir dürfen keine Zeit verlieren, die Frist endet bald.,We must lose no time; the deadline ends soon.,B2,idiom,4,high,Common fixed expression,AI_estimate,,,standard,,time;urgency,urgency;deadlines;time,,,,,false,false,haben,verliert,verlor,verloren,acc,keine Zeit verlieren; Zeit verlieren,sich beeilen,,Goethe-Zertifikat B2 Wortliste,https://www.goethe.de,draft
3154,phrase,Papiere dabeihaben,have papers with you,to have documents with you,Haben Sie alle notwendigen Papiere dabei?,Do you have all the necessary papers with you?,A2,verb_phrase,3,medium,Common practical expression,AI_estimate,,,standard,,documents;travel,documents;administration;travel,die Papiere,,,false,false,haben,hat dabei,hatte dabei,dabeigehabt,acc,Papiere dabeihaben; wichtige Unterlagen dabeihaben,mitführen,,Goethe-Zertifikat B2 Wortliste,https://www.goethe.de,draft
3155,phrase,Quittungen aufheben,keep receipts,to keep receipts,Sie sollten die Quittungen für die Reisekostenabrechnung aufheben.,You should keep the receipts for the travel expense report.,B2,verb_phrase,3,medium,Common administrative expression,AI_estimate,,,standard,,finance;documents,receipts;finance;administration,die Quittung,Quittungen,Quittung,false,true,haben,hebt auf,hob auf,aufgehoben,acc,Quittungen aufheben; Belege aufheben,aufbewahren,,Goethe-Zertifikat B2 Wortliste,https://www.goethe.de,draft
3156,phrase,Bescheid geben,inform,to let someone know / inform,Bitte geben Sie mir Bescheid, wenn Sie fertig sind.,Please inform me when you are finished.,A2,verb_phrase,5,very_high,Very common fixed expression,AI_estimate,,,standard,,communication,communication;information;everyday,,,,,false,false,haben,gibt,gab,gegeben,dat,"jemandem Bescheid geben; Bescheid geben, wenn ...",informieren,,Goethe-Zertifikat B2 Wortliste,https://www.goethe.de,draft
3157,word,absagen,cancel,to cancel,Ich muss den Termin leider kurzfristig absagen.,Unfortunately, I have to cancel the appointment at short notice.,A2,verb,5,very_high,Very common separable verb,AI_estimate,,,standard,,appointments;communication,appointments;plans;communication,,,false,true,haben,sagt ab,sagte ab,abgesagt,acc,einen Termin absagen; eine Reise absagen,stornieren,bestätigen,,Goethe-Zertifikat B2 Wortliste,https://www.goethe.de,draft
3158,word,verlegen,reschedule,to reschedule,Können wir das Meeting auf morgen verlegen?,Can we reschedule the meeting to tomorrow?,B2,verb,4,high,Common verb with multiple meanings,AI_estimate,,,standard,,appointments;business,appointments;business;time,,,false,false,haben,verlegt,verlegte,verlegt,acc + auf,einen Termin verlegen; ein Meeting verlegen,verschieben,,Goethe-Zertifikat B2 Wortliste,https://www.goethe.de,draft
3159,word,übernehmen,take over,to take over / handle,Kannst du den Termin für mich übernehmen?,Can you take over the appointment for me?,B2,verb,5,very_high,Very common verb with several senses,AI_estimate,,,standard,,workplace;responsibility,work;responsibility;appointments,,,false,false,haben,übernimmt,übernahm,übernommen,acc,eine Aufgabe übernehmen; einen Termin übernehmen,übertragen,ablehnen,"Do not confuse with English ""overcome""",Goethe-Zertifikat B2 Wortliste,https://www.goethe.de,draft
3160,word,berechnen,calculate,to calculate,Wie werden die Überstunden berechnet?,How is the overtime calculated?,B2,verb,4,high,Common business and mathematics verb,AI_estimate,,,standard,,business;finance,calculation;finance;work,,,false,false,haben,berechnet,berechnete,berechnet,acc,Kosten berechnen; Überstunden berechnen,kalkulieren,,Goethe-Zertifikat B2 Wortliste,https://www.goethe.de,draft
3161,word,Krankenschein,health insurance certificate / sick slip,sick note / certificate,Bitte schicken Sie den Krankenschein an die Personalabteilung.,Please send the health insurance certificate to the HR department.,B2,noun,2,low,Administrative term; usage overlaps with Krankmeldung,AI_estimate,,,standard,,health;workplace,health;work;administration,der,Krankenscheine,Krankenscheins,false,false,,,,acc,einen Krankenschein einreichen; Krankenschein vorlegen,Arbeitsunfähigkeitsbescheinigung,,Goethe-Zertifikat B2 Wortliste,https://www.goethe.de,draft
3162,word,Krankmeldung,sick note,sick note,Ohne Krankmeldung bekommen Sie kein Geld.,Without a sick note, you won't get any money.,B2,noun,4,high,Common workplace term,AI_estimate,,,standard,,health;workplace,illness;work;HR,die,Krankmeldungen,Krankmeldung,false,false,,,,acc,eine Krankmeldung einreichen; Krankmeldung abgeben,Arbeitsunfähigkeitsmeldung,,Goethe-Zertifikat B2 Wortliste,https://www.goethe.de,draft
3163,word,Schwindel,dizziness,dizziness,Er klagte über starken Schwindel am Morgen.,He complained of severe dizziness in the morning.,B2,noun,3,medium,Common health-related noun,AI_estimate,,,standard,,health,health;symptoms,der,Schwindel,Schwindels,false,false,,,,über + acc,unter Schwindel leiden; starken Schwindel haben,Benommenheit,,Goethe-Zertifikat B2 Wortliste,https://www.goethe.de,draft
3164,word,Stromschlag,electric shock,electric shock,Er bekam einen leichten Stromschlag am kaputten Kabel.,He got a mild electric shock from the broken cable.,B2,noun,3,medium,Common safety vocabulary,AI_estimate,,,standard,,safety;electricity,electricity;safety;accident,der,Stromschläge,Stromschlags,false,false,,,,acc,einen Stromschlag bekommen; einen Stromschlag erleiden,Elektroschock,,Goethe-Zertifikat B2 Wortliste,https://www.goethe.de,draft
3165,word,Übelkeit,nausea,nausea,Bei Übelkeit sollten Sie an die frische Luft gehen.,If you feel nausea, you should go out into the fresh air.,B2,noun,3,medium,Common health-related noun,AI_estimate,,,standard,,health,health;symptoms,die,Übelkeiten,Übelkeit,false,false,,,,bei + dat,Übelkeit haben; unter Übelkeit leiden,Unwohlsein,,Goethe-Zertifikat B2 Wortliste,https://www.goethe.de,draft
3166,phrase,einen Arzt rufen,call a doctor,to call a doctor,Wir mussten sofort einen Arzt rufen.,We had to call a doctor immediately.,A2,verb_phrase,4,high,Common emergency expression,AI_estimate,,,standard,,health;emergency,health;emergency;doctor,der Arzt,Ärzte,Arztes,false,false,haben,ruft,rief,gerufen,acc,einen Arzt rufen; den Arzt rufen,einen Arzt holen,,Goethe-Zertifikat B2 Wortliste,https://www.goethe.de,draft
3167,phrase,gesundheitliche Probleme haben,have health problems,to have health problems,Wenn Sie gesundheitliche Probleme haben, melden Sie sich bitte.,If you have health problems, please report them.,B2,verb_phrase,4,high,Common health expression,AI_estimate,,,standard,,health,health;problems,,,,,false,false,haben,hat,hatte,gehabt,acc,gesundheitliche Probleme haben; gesundheitliche Probleme bekommen,gesundheitlich angeschlagen sein,,Goethe-Zertifikat B2 Wortliste,https://www.goethe.de,draft
3168,phrase,die Haut kühlen,cool the skin,to cool the skin,Nach der Verbrennung müssen Sie die Haut kühlen.,After the burn, you must cool the skin.,B2,verb_phrase,2,low,First-aid-specific expression,AI_estimate,,,standard,,health;first_aid,first aid;burns;health,die Haut,Häute,Haut,false,false,haben,kühlt,kühlte,gekühlt,acc,die Haut kühlen; eine Verbrennung kühlen,,,Goethe-Zertifikat B2 Wortliste,https://www.goethe.de,draft
3169,phrase,den Rettungsdienst anrufen,call an ambulance,to call emergency medical services,Zögern Sie nicht, den Rettungsdienst anzurufen.,Do not hesitate to call the emergency medical service.,B2,verb_phrase,3,medium,Common emergency expression,AI_estimate,,,standard,,health;emergency,emergency;ambulance;health,der Rettungsdienst,Rettungsdienste,Rettungsdienstes,false,false,haben,ruft an,rief an,angerufen,acc,den Rettungsdienst anrufen; den Notruf anrufen,,,Goethe-Zertifikat B2 Wortliste,https://www.goethe.de,draft
3170,phrase,sich krankmelden,call in sick,to call in sick,Er musste sich heute Morgen krankmelden.,He had to call in sick this morning.,B2,verb_phrase,4,high,Common workplace expression,AI_estimate,,,standard,,workplace;health,work;illness;HR,,,,,true,false,haben,meldet sich krank,meldete sich krank,krankgemeldet,bei + dat,sich beim Arbeitgeber krankmelden; sich krankmelden,,,Goethe-Zertifikat B2 Wortliste,https://www.goethe.de,draft
3171,phrase,die Stromquelle abschalten,turn off the power source,to switch off the power source,Vor der Reparatur unbedingt die Stromquelle abschalten.,Turn off the power source before repairing.,B2,verb_phrase,2,low,Technical safety expression,AI_estimate,,,technical,,safety;electricity,electricity;safety;repair,die Stromquelle,Stromquellen,Stromquelle,false,true,haben,schaltet ab,schaltete ab,abgeschaltet,acc,die Stromquelle abschalten; den Strom abschalten,ausschalten,,Goethe-Zertifikat B2 Wortliste,https://www.goethe.de,draft
3172,phrase,die Vertretung organisieren,organise a stand-in,to arrange cover,Wer organisiert die Vertretung, wenn du im Urlaub bist?,Who organises the stand-in when you are on vacation?,B2,verb_phrase,3,medium,Common workplace expression,AI_estimate,,,standard,,workplace;organization,work;substitution;planning,die Vertretung,Vertretungen,Vertretung,false,false,haben,organisiert,organisierte,organisiert,acc,eine Vertretung organisieren; eine Vertretung finden,Ersatz organisieren,,Goethe-Zertifikat B2 Wortliste,https://www.goethe.de,draft
3173,phrase,den Unfallbericht schreiben,write the accident report,to write an accident report,Der Sicherheitsbeauftragte muss den Unfallbericht schreiben.,The safety officer must write the accident report.,B2,verb_phrase,2,low,Workplace safety expression,AI_estimate,,,standard,,safety;workplace,accident;safety;documentation,der Unfallbericht,Unfallberichte,Unfallberichts,false,false,haben,schreibt,schrieb,geschrieben,acc,einen Unfallbericht schreiben; Unfallbericht ausfüllen,dokumentieren,,Goethe-Zertifikat B2 Wortliste,https://www.goethe.de,draft
3174,word,antibakterielle Seife,antibacterial soap,antibacterial soap,Benutzen Sie bitte die antibakterielle Seife im Spender.,Please use the antibacterial soap in the dispenser.,B2,noun_phrase,2,low,Specific hygiene vocabulary,AI_estimate,,,standard,,health;hygiene,hygiene;health;cleaning,die,antibakteriellen Seifen,antibakterieller Seife,false,false,,,,acc,antibakterielle Seife benutzen; Hände mit Seife waschen,,,Goethe-Zertifikat B2 Wortliste,https://www.goethe.de,draft
3175,word,Ordnung,tidiness / order,order / tidiness,Ordnung am Arbeitsplatz ist sehr wichtig.,Tidiness at the workplace is very important.,A2,noun,5,very_high,Very common everyday noun,AI_estimate,,,standard,,workplace;household,order;tidiness;work,die,Ordnungen,Ordnung,false,false,,,,acc,Ordnung halten; Ordnung schaffen,Unordnung,,Goethe-Zertifikat B2 Wortliste,https://www.goethe.de,draft
3176,word,Putzlappen,cleaning rag,cleaning cloth,Der Putzlappen liegt im Eimer unter der Spüle.,The cleaning rag is in the bucket under the sink.,B2,noun,2,low,Household-specific vocabulary,AI_estimate,,,standard,,household;cleaning,cleaning;household,der,Putzlappen,Putzlappens,false,false,,,,nom,einen Putzlappen benutzen; mit einem Putzlappen putzen,Lappen,,Goethe-Zertifikat B2 Wortliste,https://www.goethe.de,draft
3177,word,Staubsauger,vacuum cleaner,vacuum cleaner,Der Staubsauger ist leider kaputt.,The vacuum cleaner is unfortunately broken.,A2,noun,4,high,Common household noun,AI_estimate,,,standard,,household;cleaning,household;cleaning,der,Staubsauger,Staubsaugers,false,false,,,,nom,mit dem Staubsauger saugen; Staubsauger benutzen,,,Goethe-Zertifikat B2 Wortliste,https://www.goethe.de,draft
3178,word,Waschbecken,washbasin,washbasin,Das Waschbecken muss gereinigt werden.,The washbasin needs to be cleaned.,A2,noun,4,high,Common household noun,AI_estimate,,,standard,,household;hygiene,bathroom;cleaning;household,das,Waschbecken,Waschbeckens,false,false,,,,acc,das Waschbecken reinigen; am Waschbecken,Waschtisch,,Goethe-Zertifikat B2 Wortliste,https://www.goethe.de,draft
3179,word,Mengenrabatt,bulk discount,bulk discount,Bei einer Abnahme von über 100 Stück gewähren wir Mengenrabatt.,We grant a bulk discount for purchases of over 100 pieces.,B2,noun,3,medium,Common commercial term,AI_estimate,,,standard,,business;shopping,business;pricing;shopping,der,Mengenrabatte,Mengenrabatts,false,false,,,,acc,Mengenrabatt gewähren; Mengenrabatt erhalten,Großkundenrabatt,,Goethe-Zertifikat B2 Wortliste,https://www.goethe.de,draft
3180,word,Preisangabe,price indication,price information,Alle Preisangaben sind ohne Gewähr.,All price indications are subject to change.,B2,noun,3,medium,Common commercial term,AI_estimate,,,standard,,business;shopping,pricing;business;shopping,die,Preisangaben,Preisangabe,false,false,,,,acc,eine Preisangabe machen; Preisangaben vergleichen,Preisnennung,,Goethe-Zertifikat B2 Wortliste,https://www.goethe.de,draft
3181,word,Preisnachlass,price reduction,discount / price reduction,Wegen des kleinen Fehlers gab er mir einen Preisnachlass.,Because of the small defect, he gave me a price reduction.,B2,noun,3,medium,Common shopping and business term,AI_estimate,,,standard,,shopping;business,pricing;discount;shopping,der,Preisnachlässe,Preisnachlasses,false,false,,,,acc,einen Preisnachlass gewähren; einen Preisnachlass bekommen,Rabatt,,Goethe-Zertifikat B2 Wortliste,https://www.goethe.de,draft
3182,phrase,eine Bestellung aufgeben,place an order,to place an order,Ich möchte gerne eine Bestellung aufgeben.,I would like to place an order.,A2,verb_phrase,5,very_high,Very common shopping and business expression,AI_estimate,,,standard,,shopping;business,shopping;orders;business,die Bestellung,Bestellungen,Bestellung,false,false,haben,gibt auf,gab auf,aufgegeben,acc,eine Bestellung aufgeben; eine Bestellung stornieren,bestellen,,Goethe-Zertifikat B2 Wortliste,https://www.goethe.de,draft
3183,phrase,eine Bestellung durchgeben,transmit an order,to transmit an order,Können Sie die Bestellung bitte telefonisch durchgeben?,Can you please transmit the order by phone?,B2,verb_phrase,2,low,Commercial communication expression,AI_estimate,,,standard,,business;communication,orders;business;telephone,die Bestellung,Bestellungen,Bestellung,false,true,haben,gibt durch,gab durch,durchgegeben,acc,eine Bestellung durchgeben; Daten durchgeben,übermitteln,,Goethe-Zertifikat B2 Wortliste,https://www.goethe.de,draft
3184,phrase,die Buchung bestätigen,confirm the booking,to confirm a booking,Wir haben Ihre Buchung hiermit bestätigt.,We have hereby confirmed your booking.,A2,verb_phrase,4,high,Common travel and business expression,AI_estimate,,,standard,,travel;business,booking;travel;business,die Buchung,Buchungen,Buchung,false,false,haben,bestätigt,bestätigte,bestätigt,acc,eine Buchung bestätigen; Buchungsbestätigung,bestätigen,,Goethe-Zertifikat B2 Wortliste,https://www.goethe.de,draft
3185,phrase,einen Liefertermin abklären,clarify a delivery date,to clarify a delivery date,Ich muss erst den Liefertermin mit der Spedition abklären.,I first have to clarify the delivery date with the shipping company.,B2,verb_phrase,3,medium,Common logistics expression,AI_estimate,,,standard,,business;logistics,delivery;logistics;business,der Liefertermin,Lieferttermine,Liefertermins,false,true,haben,klärt ab,klärte ab,abgeklärt,acc + mit,einen Liefertermin abklären; einen Termin abklären,klären,,Goethe-Zertifikat B2 Wortliste,https://www.goethe.de,draft
3186,phrase,eine offene Frage klären,clarify an open question,to clarify an open question,Lassen Sie uns noch diese eine offene Frage klären.,Let us clarify this one open question.,B2,verb_phrase,4,high,Common discussion and workplace expression,AI_estimate,,,standard,,communication;workplace,discussion;clarification;work,die Frage,Fragen,Frage,false,false,haben,klärt,klärte,geklärt,acc,eine Frage klären; eine offene Frage klären,beantworten,,Goethe-Zertifikat B2 Wortliste,https://www.goethe.de,draft
3187,phrase,vereinbarter Termin,agreed date,agreed appointment,Bitte halten Sie den vereinbarten Termin ein.,Please keep the agreed date.,B2,noun_phrase,4,high,Common appointment expression,AI_estimate,,,standard,,appointments;business,appointments;planning;business,der,vereinbarte Termine,vereinbarten Termins,false,false,,,,acc,einen vereinbarten Termin einhalten; vereinbarter Termin,abgemachter Termin,,Goethe-Zertifikat B2 Wortliste,https://www.goethe.de,draft
3188,word,nachfragen,enquire,to enquire / ask again,Ich wollte nur kurz nachfragen, ob das Paket angekommen ist.,I just wanted to briefly enquire if the package has arrived.,A2,verb,5,very_high,Very common separable verb,AI_estimate,,,standard,,communication,communication;questions;follow-up,,,false,true,haben,fragt nach,fragte nach,nachgefragt,ob/bei + dat,kurz nachfragen; bei jemandem nachfragen,fragen,,Goethe-Zertifikat B2 Wortliste,https://www.goethe.de,draft
3189,word,vorbeikommen,come over,to come by,Können Sie heute Nachmittag kurz im Büro vorbeikommen?,Can you come over to the office briefly this afternoon?,A2,verb,5,very_high,Very common separable verb,AI_estimate,,,standard,,communication;movement,visiting;movement;appointments,,,false,true,sein,kommt vorbei,kam vorbei,vorbeigekommen,bei + dat,kurz vorbeikommen; im Büro vorbeikommen,vorbeischauen,,Goethe-Zertifikat B2 Wortliste,https://www.goethe.de,draft
3190,phrase,am Apparat,speaking on the phone,speaking on the phone,Müller am Apparat, was kann ich für Sie tun?,Müller speaking, what can I do for you?,B2,phrase,2,low,Telephone expression; somewhat formal,AI_estimate,,,formal,,telephone;business,telephone;business;formal,,,,,false,false,,,,,,telefonieren,,Goethe-Zertifikat B2 Wortliste,https://www.goethe.de,draft
3191,phrase,auf den Anrufbeantworter sprechen,leave a message on the answering machine,to leave a message on the answering machine,Bitte sprechen Sie nach dem Signalton auf den Anrufbeantworter.,Please leave a message on the answering machine after the beep.,B2,verb_phrase,3,medium,Common telephone expression,AI_estimate,,,standard,,telephone;communication,telephone;messages;communication,der Anrufbeantworter,Anrufbeantworter,Anrufbeantworters,false,false,haben,spricht,spricht,gesprochen,auf + acc,auf den Anrufbeantworter sprechen; eine Nachricht hinterlassen,hinterlassen,,Goethe-Zertifikat B2 Wortliste,https://www.goethe.de,draft
3192,phrase,Auskunft geben,provide information,to provide information,Können Sie mir Auskunft über die Preise geben?,Can you provide me with information about the prices?,B2,verb_phrase,5,very_high,Common formal expression,AI_estimate,,,standard,,communication;service,information;service;formal,die Auskunft,Auskünfte,Auskunft,false,false,haben,gibt,gab,gegeben,dat + über + acc,Auskunft geben; Auskunft über etwas geben,informieren,,Goethe-Zertifikat B2 Wortliste,https://www.goethe.de,draft
3193,phrase,außerhalb der Sprechzeit anrufen,call outside office hours,to call outside consultation hours,Sie rufen leider außerhalb unserer Sprechzeiten an.,Unfortunately, you are calling outside our office hours.,B2,verb_phrase,2,low,Formal service expression,AI_estimate,,,formal,,telephone;service,telephone;office hours;service,,,,,false,false,haben,ruft an,rief an,angerufen,bei + dat,außerhalb der Sprechzeit anrufen; außerhalb der Sprechzeiten erreichbar sein,,,Goethe-Zertifikat B2 Wortliste,https://www.goethe.de,draft
3194,phrase,Bezug nehmen auf,refer to,to refer to,Ich nehme Bezug auf unser Telefonat von gestern.,I am referring to our phone call yesterday.,B2,verb_phrase,3,medium,Formal written/business expression,AI_estimate,,,formal,,business;correspondence,formal writing;business;communication,,,,,false,false,haben,nimmt Bezug,nahm Bezug,Bezug genommen,auf + acc,Bezug nehmen auf; auf ein Gespräch Bezug nehmen,sich beziehen auf,,Goethe-Zertifikat B2 Wortliste,https://www.goethe.de,draft
3195,phrase,in dringenden Fällen,in urgent cases,in urgent cases,In dringenden Fällen erreichen Sie mich auf dem Handy.,In urgent cases, you can reach me on my mobile.,B2,phrase,4,high,Common formal notice expression,AI_estimate,,,formal,,emergency;communication,emergency;contact;formal,der Fall,Fälle,Falles,false,false,,,,,,,Notfall,,Goethe-Zertifikat B2 Wortliste,https://www.goethe.de,draft
3196,phrase,eine kurze Rückmeldung geben,give brief feedback,to give brief feedback,Könnten Sie mir bitte bis morgen eine kurze Rückmeldung geben?,Could you please give me brief feedback by tomorrow?,B2,verb_phrase,4,high,Very common workplace expression,AI_estimate,,,standard,,workplace;communication,feedback;workplace;communication,die Rückmeldung,Rückmeldungen,Rückmeldung,false,false,haben,gibt,gab,gegeben,dat,eine Rückmeldung geben; kurze Rückmeldung geben,antworten,,Goethe-Zertifikat B2 Wortliste,https://www.goethe.de,draft
3197,phrase,ohne Voranmeldung,without prior registration,without prior appointment,Sie können ohne Voranmeldung in unsere Praxis kommen.,You can come to our practice without prior registration.,B2,phrase,3,medium,Common service and medical expression,AI_estimate,,,standard,,appointments;service,appointments;service;health,die Voranmeldung,Voranmeldungen,Voranmeldung,false,false,,,,,,,ohne Anmeldung,,Goethe-Zertifikat B2 Wortliste,https://www.goethe.de,draft
3198,phrase,sich wenden an,contact,to contact,B Bei Problemen wenden Sie sich bitte an den Support.,In case of problems, please contact support.,B2,verb_phrase,5,very_high,Very common formal expression,AI_estimate,,,standard,,communication;service,communication;support;formal,,,,,true,false,haben,wendet sich,wandte sich,sich gewandt,an + acc,sich an jemanden wenden; sich an den Support wenden,kontaktieren,,Goethe-Zertifikat B2 Wortliste,https://www.goethe.de,draft
3199,word,Missverständnis,misunderstanding,misunderstanding,Es gab ein kleines Missverständnis bezüglich des Termins.,There was a small misunderstanding regarding the appointment.,B2,noun,4,high,Common communication noun,AI_estimate,,,standard,,communication,communication;problems;appointments,das,Missverständnisse,Missverständnisses,false,false,,,,acc,ein Missverständnis klären; ein Missverständnis vermeiden,Fehlverständnis,,Goethe-Zertifikat B2 Wortliste,https://www.goethe.de,draft
3200,phrase,auf Beschwerden reagieren,respond to complaints,to respond to complaints,Wir müssen professionell auf Beschwerden reagieren.,We must respond professionally to complaints.,B2,verb_phrase,3,medium,Workplace/customer-service expression,AI_estimate,,,standard,,customer_service;workplace,complaints;customer service;work,die Beschwerde,Beschwerden,Beschwerde,false,false,haben,reagiert,reagierte,reagiert,auf + acc,auf Beschwerden reagieren; professionell reagieren,antworten,,Goethe-Zertifikat B2 Wortliste,https://www.goethe.de,draft
3201,phrase,auf Nachfrage,on request,on request,Auf Nachfrage senden wir Ihnen gerne weitere Informationen.,On request, we will happily send you further information.,B2,phrase,4,high,Common formal expression,AI_estimate,,,formal,,communication;service,requests;formal;service,die Nachfrage,Nachfragen,Nachfrage,false,false,,,,,,,auf Wunsch,,Goethe-Zertifikat B2 Wortliste,https://www.goethe.de,draft
3202,phrase,Bescheid geben,inform,to let someone know,Geben Sie mir bitte Bescheid, wenn Sie ankommen.,Please let me know when you arrive.,A2,verb_phrase,5,very_high,Duplicate of previous entry; retain as separate source occurrence only if desired,AI_estimate,,,standard,,communication,communication;information;everyday,,,,,false,false,haben,gibt,gab,gegeben,dat,jemandem Bescheid geben; Bescheid sagen,informieren,,Goethe-Zertifikat B2 Wortliste,https://www.goethe.de,draft
3203,phrase,Einweisung bekommen,be inducted,to receive an induction,Neue Mitarbeiter bekommen eine Einweisung in das Sicherheitssystem.,New employees receive an induction into the safety system.,B2,verb_phrase,3,medium,Common workplace training expression,AI_estimate,,,standard,,workplace;safety,training;safety;workplace,die Einweisung,Einweisungen,Einweisung,false,false,haben,bekommt,bekam,bekommen,acc,eine Einweisung bekommen; eine Einweisung erhalten,Schulung erhalten,,Goethe-Zertifikat B2 Wortliste,https://www.goethe.de,draft
3204,phrase,einen Konflikt lösen,resolve a conflict,to resolve a conflict,Wir sollten versuchen, den Konflikt friedlich zu lösen.,We should try to resolve the conflict peacefully.,B2,verb_phrase,4,high,Common interpersonal and workplace expression,AI_estimate,,,standard,,communication;workplace,conflict;communication;work,der Konflikt,Konflikte,Konflikts,false,false,haben,löst,löste,gelöst,acc,einen Konflikt lösen; Konflikte friedlich lösen,beilegen,verschärfen,,Goethe-Zertifikat B2 Wortliste,https://www.goethe.de,draft
3205,phrase,sich beschweren,complain,to complain,Der Kunde hat sich über den schlechten Service beschwert.,The customer complained about the poor service.,A2,verb_phrase,5,very_high,Very common reflexive verb,AI_estimate,,,standard,,communication;service,complaints;service;communication,,,,,true,false,haben,beschwert,beschwerte,beschwert,über + acc,sich über etwas beschweren; sich beim Kundenservice beschweren,reklamieren,,Goethe-Zertifikat B2 Wortliste,https://www.goethe.de,draft
3206,phrase,zufrieden sein mit,be satisfied with,to be satisfied with,Sind Sie mit der Qualität unserer Arbeit zufrieden?,Are you satisfied with the quality of our work?,A2,verb_phrase,5,very_high,Very common adjective-valency pattern,AI_estimate,,,standard,,communication;evaluation,satisfaction;evaluation;work,,,,,false,false,sein,ist,war,gewesen,mit + dat,mit etwas zufrieden sein; sehr zufrieden sein,zufriedengestellt sein,unzufrieden sein,,Goethe-Zertifikat B2 Wortliste,https://www.goethe.de,draft
3207,word,Abdruck,impression,impression,Der Zahnarzt macht einen Abdruck für die Krone.,The dentist is making an impression for the crown.,B2,noun,3,medium,Dental-specific noun,AI_estimate,,,standard,,health;dentistry,dentistry;medical;impression,der,Abdrücke,Abdrucks,false,false,,,,acc,einen Abdruck machen; einen Abdruck nehmen,Impression,,Goethe-Zertifikat B2 Wortliste,https://www.goethe.de,draft
3208,word,Betäubungsspritze,anaesthetic injection,local anaesthetic injection,Haben Sie Angst vor der Betäubungsspritze?,Are you afraid of the anaesthetic injection?,B2,noun,2,low,Dental and medical-specific noun,AI_estimate,,,standard,,health;dentistry,dentistry;medical;treatment,die,Betäubungsspritzen,Betäubungsspritze,false,false,,,,vor + dat,eine Betäubungsspritze bekommen; Angst vor der Betäubungsspritze haben,Lokalanästhesie,,Goethe-Zertifikat B2 Wortliste,https://www.goethe.de,draft
3209,word,provisorische Füllung,temporary filling,temporary filling,Die provisorische Füllung hält nur ein paar Wochen.,The temporary filling only lasts a few weeks.,B2,noun_phrase,2,low,Dental-specific term,AI_estimate,,,standard,,health;dentistry,dentistry;medical;treatment,die,provisorischen Füllungen,provisorischer Füllung,false,false,,,,nom,eine provisorische Füllung einsetzen; provisorische Füllung,Zahnfüllung,,Goethe-Zertifikat B2 Wortliste,https://www.goethe.de,draft
3210,word,Haltbarkeit,durability,durability / shelf life,Die Haltbarkeit dieses Materials ist sehr hoch.,The durability of this material is very high.,B2,noun,4,high,Common noun with material and food senses,AI_estimate,,,standard,,products;food,durability;shelf life;products,die,Haltbarkeiten,Haltbarkeit,false,false,,,,von + dat,lange Haltbarkeit; Haltbarkeit eines Produkts,Lebensdauer,,Goethe-Zertifikat B2 Wortliste,https://www.goethe.de,draft
3211,word,Inlay,inlay,dental inlay,Ein Gold-Inlay ist sehr langlebig.,A gold inlay is very durable.,B2,noun,2,low,Dental-specific loanword,AI_estimate,,,standard,,health;dentistry,dentistry;dental;treatment,das,Inlays,Inlays,false,false,,,,nom,ein Inlay einsetzen; Gold-Inlay,,,Goethe-Zertifikat B2 Wortliste,https://www.goethe.de,draft
3212,word,Karies,caries,tooth decay,Regelmäßiges Putzen beugt Karies vor.,Regular brushing prevents caries.,B2,noun,3,medium,Common dental-health term,AI_estimate,,,standard,,health;dentistry,dentistry;health;prevention,die,Karies,,false,false,,,,acc,Karies haben; Karies vorbeugen,Zahnfäule,,Goethe-Zertifikat B2 Wortliste,https://www.goethe.de,draft
3213,word,Keramik,ceramics,ceramic material,Zahnfüllungen aus Keramik sehen sehr natürlich aus.,Ceramic tooth fillings look very natural.,B2,noun,4,high,Common material noun,AI_estimate,,,standard,,materials;dentistry,material;dentistry;products,die,Keramiken,Keramik,false,false,,,,aus + dat,aus Keramik; Keramikfüllung,,,Goethe-Zertifikat B2 Wortliste,https://www.goethe.de,draft
3214,word,Labor,laboratory,laboratory,Das Labor stellt den Zahnersatz her.,The laboratory manufactures the dentures.,A2,noun,5,very_high,Very common noun with several contexts,AI_estimate,,,standard,,health;science,laboratory;science;dentistry,das,Laboratorien,Laboratoriums,false,false,,,,acc,im Labor arbeiten; ins Labor schicken,Laboratorium,,Goethe-Zertifikat B2 Wortliste,https://www.goethe.de,draft
3215,word,Notdienst,emergency service,emergency service,Am Wochenende müssen Sie den zahnärztlichen Notdienst rufen.,On weekends you have to call the dental emergency service.,B2,noun,3,medium,Common service term especially in medical context,AI_estimate,,,standard,,health;emergency,emergency;health;service,der,Notdienste,Notdienstes,false,false,,,,acc,den Notdienst rufen; zahnärztlicher Notdienst,Bereitschaftsdienst,,Goethe-Zertifikat B2 Wortliste,https://www.goethe.de,draft
3216,phrase,gründlich Zähne putzen,brush teeth thoroughly,to brush one's teeth thoroughly,Man sollte zweimal täglich gründlich Zähne putzen.,One should brush one's teeth thoroughly twice a day.,A2,verb_phrase,4,high,Common health and hygiene expression,AI_estimate,,,standard,,health;hygiene,dentistry;hygiene;health,die Zähne,Zähne,Zahnes,false,false,haben,putzt,putzte,geputzt,acc,gründlich Zähne putzen; zweimal täglich Zähne putzen,,,Goethe-Zertifikat B2 Wortliste,https://www.goethe.de,draft
3217,phrase,Schmerzen aushalten,endure pain,to endure pain,Ich kann die Schmerzen kaum aushalten.,I can hardly endure the pain.,B2,verb_phrase,4,high,Common health expression,AI_estimate,,,standard,,health,pain;health;endurance,der Schmerz,Schmerzen,Schmerzes,false,false,haben,hält aus,hielt aus,ausgehalten,acc,Schmerzen aushalten; starke Schmerzen aushalten,ertragen,,Goethe-Zertifikat B2 Wortliste,https://www.goethe.de,draft
3218,word,Gastronomie,hotel and catering,hospitality / catering industry,In der Gastronomie wird oft am Wochenende gearbeitet.,In the hotel and catering industry, work is often done on weekends.,B2,noun,4,high,Common industry term,AI_estimate,,,standard,,business;hospitality,hospitality;restaurants;work,die,,,false,false,,,,in + dat,in der Gastronomie arbeiten; Gastronomiebranche,Gastgewerbe,,Goethe-Zertifikat B2 Wortliste,https://www.goethe.de,draft
3219,word,Großhandel,wholesale,wholesale,Der Großhandel beliefert die Einzelhändler.,Wholesale supplies the retailers.,B2,noun,3,medium,Common business term,AI_estimate,,,standard,,business;retail,wholesale;business;retail,der,Großhändler,Großhandels,false,false,,,,acc,im Großhandel arbeiten; Großhandel betreiben,Wholesale,,Goethe-Zertifikat B2 Wortliste,https://www.goethe.de,draft
3220,word,Einzelhandel,retail,retail,Der Einzelhandel sucht dringend Personal.,Retail is urgently looking for staff.,B2,noun,4,high,Common business term,AI_estimate,,,standard,,business;retail,retail;business;shopping,der,,,false,false,,,,acc,im Einzelhandel arbeiten; Einzelhandel betreiben,,,Goethe-Zertifikat B2 Wortliste,https://www.goethe.de,draft
3221,word,Immobilienbranche,real estate sector,real estate sector,Die Preise in der Immobilienbranche steigen weiter.,Prices in the real estate sector continue to rise.,B2,noun,3,medium,Common business and economic term,AI_estimate,,,standard,,business;real_estate,real estate;business;economy,die,Immobilienbranchen,Immobilienbranche,false,false,,,,in + dat,in der Immobilienbranche arbeiten; Immobilienbranche,Immobiliensektor,,Goethe-Zertifikat B2 Wortliste,https://www.goethe.de,draft
3222,word,IT-Branche,IT industry,IT industry,Die IT-Branche wächst sehr schnell.,The IT industry is growing very fast.,B2,noun,4,high,Common modern business term,AI_estimate,,,standard,,business;technology,IT;technology;business,die,IT-Branchen,IT-Branche,false,false,,,,in + dat,in der IT-Branche arbeiten; IT-Branche wächst,IT-Sektor,,Goethe-Zertifikat B2 Wortliste,https://www.goethe.de,draft
3223,word,Maschinenbau,mechanical engineering,mechanical engineering,Deutschland ist führend im Maschinenbau.,Germany is a leader in mechanical engineering.,B2,noun,4,high,Important German industrial sector term,AI_estimate,,,standard,,business;industry,engineering;industry;business,der,Maschinenbau,,false,false,,,,in + dat,im Maschinenbau arbeiten; Maschinenbau studieren,,,Goethe-Zertifikat B2 Wortliste,https://www.goethe.de,draft
3224,word,Medien,media,media,Er arbeitet in den Medien als Journalist.,He works in the media as a journalist.,A2,noun,5,very_high,Very common plural-only usage in this sense,AI_estimate,,,standard,,business;media,media;journalism;communication,die Medien,Medien,,false,false,,,,in + dat,in den Medien arbeiten; soziale Medien,Presse,,Goethe-Zertifikat B2 Wortliste,https://www.goethe.de,draft
3225,word,Metallindustrie,metal industry,metal industry,Die Metallindustrie ist ein wichtiger Arbeitgeber in der Region.,The metal industry is an important employer in the region.,B2,noun,3,medium,Industrial sector term,AI_estimate,,,standard,,business;industry,industry;manufacturing;business,die,Metallindustrien,Metallindustrie,false,false,,,,in + dat,in der Metallindustrie arbeiten; Metallindustrie,,,Goethe-Zertifikat B2 Wortliste,https://www.goethe.de,draft
3226,word,öffentlicher Dienst,public service,public service,Viele Menschen streben eine Karriere im Öffentlichen Dienst an.,Many people strive for a career in the public service.,B2,noun_phrase,5,very_high,Very common German employment term,AI_estimate,,,standard,,work;government,public sector;employment;government,der,öffentliche Dienste,öffentlichen Dienstes,false,false,,,,in + dat,im öffentlichen Dienst arbeiten; öffentlicher Dienst,Staatsdienst,,Goethe-Zertifikat B2 Wortliste,https://www.goethe.de,draft
3227,word,Pharmaindustrie,pharmaceutical industry,pharmaceutical industry,Die Pharmaindustrie entwickelt neue Medikamente.,The pharmaceutical industry develops new medicines.,B2,noun,3,medium,Common industry term,AI_estimate,,,standard,,business;health,pharmaceuticals;industry;health,die,Pharmaindustrien,Pharmaindustrie,false,false,,,,in + dat,in der Pharmaindustrie arbeiten; Pharmaindustrie,,,Goethe-Zertifikat B2 Wortliste,https://www.goethe.de,draft
3228,word,Transport und Logistik,transport and logistics,transport and logistics,Der Bereich Transport und Logistik sucht LKW-Fahrer.,The transport and logistics sector is looking for truck drivers.,B2,noun_phrase,4,high,Common business sector expression,AI_estimate,,,standard,,business;logistics,transport;logistics;business,,,,false,false,,,,in + dat,Transport und Logistik; Logistikbranche,,,Goethe-Zertifikat B2 Wortliste,https://www.goethe.de,draft
3229,word,Einkauf,purchase department,purchasing / procurement,Der Einkauf verhandelt mit den Lieferanten.,The purchasing department negotiates with the suppliers.,B2,noun,4,high,Common business department term,AI_estimate,,,standard,,business;procurement,procurement;business;suppliers,der,Einkäufe,Einkaufs,false,false,,,,mit + dat,im Einkauf arbeiten; Einkauf und Beschaffung,Beschaffung,,Goethe-Zertifikat B2 Wortliste,https://www.goethe.de,draft
3230,word,Finanzabteilung,finance department,finance department,Die Finanzabteilung erstellt den Jahresabschluss.,The finance department prepares the annual financial statements.,B2,noun,3,medium,Common company department term,AI_estimate,,,standard,,business;finance,finance;accounting;business,die,Finanzabteilungen,Finanzabteilung,false,false,,,,acc,in der Finanzabteilung arbeiten; Finanzabteilung leiten,Finanzbereich,,Goethe-Zertifikat B2 Wortliste,https://www.goethe.de,draft
3231,word,Geschäftsleitung,management / executive board,management / executive management,Die Geschäftsleitung hat neue Ziele gesetzt.,The management has set new goals.,B2,noun,4,high,Common business term,AI_estimate,,,standard,,business;management,management;leadership;business,die,Geschäftsleitungen,Geschäftsleitung,false,false,,,,acc,die Geschäftsleitung informiert; Geschäftsleitung beschließt,Management,,Goethe-Zertifikat B2 Wortliste,https://www.goethe.de,draft
3232,word,Kundenbetreuung,customer service department,customer support / customer service,Unsere Kundenbetreuung ist rund um die Uhr erreichbar.,Our customer service department is available around the clock.,B2,noun,4,high,Common business and service term,AI_estimate,,,standard,,business;customer_service,customers;service;business,die,Kundenbetreuungen,Kundenbetreuung,false,false,,,,acc,Kundenbetreuung übernehmen; in der Kundenbetreuung arbeiten,Kundenservice,,Goethe-Zertifikat B2 Wortliste,https://www.goethe.de,draft
3233,word,Lager,warehouse,warehouse,Die Ware wird im Lager geprüft.,The goods are checked in the warehouse.,A2,noun,5,very_high,Very common everyday and business noun,AI_estimate,,,standard,,business;logistics,warehouse;logistics;work,das,Lager,Lagers,false,false,,,,in + dat,im Lager arbeiten; Ware ins Lager bringen,Warenlager,,Goethe-Zertifikat B2 Wortliste,https://www.goethe.de,draft
3234,word,Marketingabteilung,marketing department,marketing department,Die Marketingabteilung plant eine neue Kampagne.,The marketing department is planning a new campaign.,B2,noun,3,medium,Common company department term,AI_estimate,,,standard,,business;marketing,marketing;business;company,die,Marketingabteilungen,Marketingabteilung,false,false,,,,acc,in der Marketingabteilung arbeiten; Marketingabteilung leiten,Marketingbereich,,Goethe-Zertifikat B2 Wortliste,https://www.goethe.de,draft
3235,word,Personalabteilung,HR department,human resources department,Bewerbungen bitte an die Personalabteilung senden.,Please send applications to the HR department.,B2,noun,5,very_high,Very common workplace term,AI_estimate,,,standard,,work;HR,human resources;work;recruitment,die,Personalabteilungen,Personalabteilung,false,false,,,,an + acc,in der Personalabteilung arbeiten; Personalabteilung kontaktieren,HR-Abteilung,,Goethe-Zertifikat B2 Wortliste,https://www.goethe.de,draft
3236,word,Produktion,production,production,Die Produktion läuft auf Hochtouren.,Production is running at full speed.,B2,noun,5,very_high,Very common business and industrial noun,AI_estimate,,,standard,,business;industry,production;industry;manufacturing,die,Produktionen,Produktion,false,false,,,,acc,in der Produktion arbeiten; Produktion steigern,Herstellung,,Goethe-Zertifikat B2 Wortliste,https://www.goethe.de,draft
3237,word,Berufschancen,career opportunities,career prospects,Gute Englischkenntnisse verbessern Ihre Berufschancen.,Good English skills improve your career opportunities.,B2,noun,4,high,Common career-related plural noun,AI_estimate,,,standard,,work;career,career;employment;skills,die Berufschance,Berufschancen,Berufschance,false,false,,,,acc,gute Berufschancen haben; Berufschancen verbessern,Karrierechancen,,Goethe-Zertifikat B2 Wortliste,https://www.goethe.de,draft
3238,word,Einsatzplan,shift plan,work schedule / deployment plan,Der Einsatzplan für nächste Woche hängt aus.,The shift plan for next week is posted.,B2,noun,3,medium,Workplace scheduling term,AI_estimate,,,standard,,work;planning,work schedule;shifts;planning,der,Einsatzpläne,Einsatzplans,false,false,,,,nom,Einsatzplan erstellen; Einsatzplan aushängen,Dienstplan,,Goethe-Zertifikat B2 Wortliste,https://www.goethe.de,draft
3239,word,Konkurrenz,competition,competition,Wir müssen uns gegen die Konkurrenz durchsetzen.,We have to assert ourselves against the competition.,B2,noun,5,very_high,Very common business noun,AI_estimate,,,standard,,business;competition,business;competition;market,die,Konkurrenzen,Konkurrenz,false,false,,,,gegen + acc,gegen die Konkurrenz bestehen; Konkurrenz haben,Wettbewerb,,Goethe-Zertifikat B2 Wortliste,https://www.goethe.de,draft
3240,word,Vorgesetzte,superior,supervisor / superior,Mein Vorgesetzter ist sehr verständnisvoll.,My superior is very understanding.,B2,noun,4,high,Common workplace noun; gendered form depends on person,AI_estimate,,,standard,,workplace,work;management;hierarchy,der/die,Vorgesetzten,Vorgesetzten,false,false,,,,dat,der direkte Vorgesetzte; mit dem Vorgesetzten sprechen,Chef,,Goethe-Zertifikat B2 Wortliste,https://www.goethe.de,draft
3241,word,Ware,merchandise,goods / merchandise,Die Ware wurde gestern geliefert.,The merchandise was delivered yesterday.,A2,noun,5,very_high,Very common commercial noun,AI_estimate,,,standard,,business;shopping,goods;shopping;business,die,Waren,Ware,false,false,,,,acc,Ware liefern; Ware bestellen; Ware verkaufen,Artikel,,Goethe-Zertifikat B2 Wortliste,https://www.goethe.de,draft
3242,word,Anredeform,form of address,form of address,Welche Anredeform ist in Ihrer Firma üblich?,Which form of address is common in your company?,B2,noun,3,medium,Specific communication vocabulary,AI_estimate,,,standard,,communication;workplace,address;communication;formality,die,Anredeformen,Anredeform,false,false,,,,nom,eine Anredeform wählen; formelle Anredeform,Anrede,,Goethe-Zertifikat B2 Wortliste,https://www.goethe.de,draft
3243,word,Firmenphilosophie,corporate philosophy,corporate philosophy,Nachhaltigkeit ist Teil unserer Firmenphilosophie.,Sustainability is part of our corporate philosophy.,B2,noun,3,medium,Common business expression,AI_estimate,,,standard,,business;company,corporate culture;business;values,die,Firmenphilosophien,Firmenphilosophie,false,false,,,,von + dat,Teil der Firmenphilosophie sein; Firmenphilosophie entwickeln,Unternehmensphilosophie,,Goethe-Zertifikat B2 Wortliste,https://www.goethe.de,draft
3244,word,Image,image,image / public image,Das Unternehmen pflegt ein modernes Image.,The company cultivates a modern image.,B2,noun,5,very_high,Common loanword in business and everyday German,AI_estimate,,,standard,,business;media,image;reputation;business,das,Images,Images,false,false,,,,acc,ein gutes Image haben; Image pflegen,Ansehen,,Goethe-Zertifikat B2 Wortliste,https://www.goethe.de,draft
3245,word,duzen,use familiar form,to address someone with du,Unter Kollegen duzen wir uns meistens.,Among colleagues, we usually use the familiar form of address.,B2,verb,4,high,Common German social-language verb,AI_estimate,,,standard,,communication;social,address;social norms;work,,,true,false,haben,duzt,dutzte,geduzt,acc,jemanden duzen; sich duzen,,,siezen,Goethe-Zertifikat B2 Wortliste,https://www.goethe.de,draft
3246,word,siezen,use formal form,to address someone with Sie,Im Kundenkontakt siezen wir grundsätzlich.,In customer contact, we use the formal form of address as a rule.,B2,verb,4,high,Common German social-language verb,AI_estimate,,,standard,,communication;social,address;social norms;work,,,false,false,haben,siezt,siezte,gesiezt,acc,jemanden siezen; sich siezen,,,duzen,Goethe-Zertifikat B2 Wortliste,https://www.goethe.de,draft
3247,word,angemessen,appropriate,appropriate,Bitte erscheinen Sie in angemessener Kleidung.,Please appear in appropriate clothing.,B2,adjective,5,very_high,Common formal adjective,AI_estimate,,,formal,,communication;workplace,appropriateness;behavior;work,,,,,false,false,,,,,,passend,unangemessen,,Goethe-Zertifikat B2 Wortliste,https://www.goethe.de,draft
3248,word,förmlich,formal,formal,Der Umgangston ist hier sehr förmlich.,The tone is very formal here.,B2,adjective,4,high,Common adjective describing style or interaction,AI_estimate,,,standard,,communication;workplace,formality;communication;social,,,,,false,false,,,,,,formal,locker,,Goethe-Zertifikat B2 Wortliste,https://www.goethe.de,draft
3249,word,konservativ,conservative,conservative,Banken haben oft einen konservativen Dresscode.,Banks often have a conservative dress code.,B2,adjective,5,very_high,Common general adjective with multiple senses,AI_estimate,,,standard,,business;social,business;style;attitudes,,,,,false,false,,,,,,traditionell,progressiv,,Goethe-Zertifikat B2 Wortliste,https://www.goethe.de,draft
3250,word,locker,casual,casual / relaxed,Die Atmosphäre im Team ist sehr locker.,The atmosphere in the team is very casual.,A2,adjective,5,very_high,Very common adjective with several senses,AI_estimate,,,standard,,social;workplace,social;workplace;style,,,,,false,false,,,,,,entspannt,förmlich,,Goethe-Zertifikat B2 Wortliste,https://www.goethe.de,draft
3251,word,respektlos,disrespectful,disrespectful,Es ist respektlos, Kollegen zu unterbrechen.,It is disrespectful to interrupt colleagues.,B2,adjective,4,high,Common social-evaluation adjective,AI_estimate,,,standard,,social;workplace,respect;behavior;work,,,,,false,false,,,,,,unhöflich,respektvoll,,Goethe-Zertifikat B2 Wortliste,https://www.goethe.de,draft
3252,word,traditionsreich,rich in tradition,rich in tradition,Wir sind ein traditionsreiches Familienunternehmen.,We are a family business rich in tradition.,B2,adjective,3,medium,Mostly used for institutions, companies and places,AI_estimate,,,standard,,business;culture,tradition;business;culture,,,,,false,false,,,,,,traditionsverbunden,modern,,Goethe-Zertifikat B2 Wortliste,https://www.goethe.de,draft
3253,phrase,das Du anbieten,offer the informal Du,to offer someone the informal form Der Chef hat mir das Du angeboten.,The boss offered me the informal 'Du'.,B2,verb_phrase,3,medium,Specific German social expression,AI_estimate,,,standard,,communication;social,address;workplace;social,das Du,,,false,false,haben,bietet an,bot an,angeboten,dat + acc,jemandem das Du anbieten; das Du anbieten,duzen,,Goethe-Zertifikat B2 Wortliste,https://www.goethe.de,draft
3254,phrase,den ersten Schritt machen,take the first step,to take the first step,Manchmal muss man den ersten Schritt machen.,Sometimes you have to take the first step.,A2,verb_phrase,5,very_high,Very common fixed expression,AI_estimate,,,standard,,social;communication,communication;relationships;action,der Schritt,Schritte,Schrittes,false,false,haben,macht,machte,gemacht,acc,den ersten Schritt machen; einen Schritt machen,beginnen,,Goethe-Zertifikat B2 Wortliste,https://www.goethe.de,draft
3255,phrase,per Du/Sie sein,be on first-name/formal terms,to be on familiar/formal terms,Wir sind alle per Du.,We are all on first-name terms.,B2,phrase,3,medium,Specific German address expression,AI_estimate,,,standard,,communication;social,address;workplace;social,,,,,false,false,sein,ist,war,gewesen,mit + dat,per Du sein; per Sie sein,sich duzen,sich siezen,,Goethe-Zertifikat B2 Wortliste,https://www.goethe.de,draft
3256,phrase,tabu sein,be taboo,to be taboo,Politische Diskussionen sind im Büro tabu.,Political discussions are taboo in the office.,B2,verb_phrase,4,high,Common fixed expression,AI_estimate,,,standard,,social;workplace,rules;social;workplace,,,,,false,false,sein,ist,war,gewesen,nom,etwas ist tabu; tabu sein,verboten,erlaubt,,Goethe-Zertifikat B2 Wortliste,https://www.goethe.de,draft
3257,word,Ausbildung,vocational training,training / vocational training,Sie hat ihre Ausbildung zur Kauffrau abgeschlossen.,She completed her training as a merchant.,A2,noun,5,very_high,Extremely common German education and career term,AI_estimate,,,standard,,education;work,education;vocational training;career,die,Ausbildungen,Ausbildung,false,false,,,,acc,eine Ausbildung machen; eine Ausbildung abschließen,Berufsausbildung,Studium,,Goethe-Zertifikat B2 Wortliste,https://www.goethe.de,draft
3258,word,Ausbildungsberuf,occupation requiring training,occupation requiring vocational training,Tischler ist ein klassischer Ausbildungsberuf.,Carpenter is a classic occupation requiring training.,B2,noun,3,medium,German vocational-education term,AI_estimate,,,standard,,education;work,vocational training;career,der,Ausbildungsberufe,Ausbildungsberufs,false,false,,,,nom,einen Ausbildungsberuf erlernen; Ausbildungsberuf wählen,Lehrberuf,,Goethe-Zertifikat B2 Wortliste,https://www.goethe.de,draft
3259,word,Berufsfachschule,vocational school,vocational school,Er besucht zweimal pro Woche die Berufsfachschule.,He attends vocational school twice a week.,B2,noun,2,low,Specific German education term,AI_estimate,,,standard,,education,vocational education;school,die,Berufsfachschulen,Berufsfachschule,false,false,,,,acc,eine Berufsfachschule besuchen; an der Berufsfachschule lernen,Berufsschule,,Goethe-Zertifikat B2 Wortliste,https://www.goethe.de,draft
3260,word,Berufsinformationszentrum,career information centre,vocational information centre,Im BIZ können Sie sich über alle Berufe informieren.,You can find out about all professions at the BIZ.,B2,noun,2,low,German institutional abbreviation BIZ,AI_estimate,,,standard,,education;career,career;education;employment,das,Berufsinformationszentren,Berufsinformationszentrums,false,false,,,,in + dat,im Berufsinformationszentrum; das BIZ besuchen,BIZ,,Goethe-Zertifikat B2 Wortliste,https://www.goethe.de,draft
3261,word,Berufskolleg,vocational college,vocational college,Das Berufskolleg bietet verschiedene Abschlüsse an.,The vocational college offers various qualifications.,B2,noun,3,medium,German education term; regional usage can vary,AI_estimate,,,standard,Germany,education;vocational training,das,Berufskollegs,Berufskollegs,false,false,,,,acc,ein Berufskolleg besuchen; am Berufskolleg lernen,Berufsschule,,Goethe-Zertifikat B2 Wortliste,https://www.goethe.de,draft
3262,word,Berufsvorbereitungsjahr,vocational preparation year,vocational preparation year,Das Berufsvorbereitungsjahr hilft bei der Orientierung.,The vocational preparation year helps with career orientation.,B2,noun,2,low,Specific education term,AI_estimate,,,standard,Germany,education;career,das,Berufsvorbereitungsjahre,Berufsvorbereitungsjahres,false,false,,,,acc,ein Berufsvorbereitungsjahr machen; im Berufsvorbereitungsjahr sein,BVJ,,Goethe-Zertifikat B2 Wortliste,https://www.goethe.de,draft
3263,word,Fortbildungsakademie,advanced training academy,professional development academy,Die Fortbildungsakademie bietet Kurse für Führungskräfte.,The advanced training academy offers courses for executives.,B2,noun,2,low,Institutional education vocabulary,AI_estimate,,,standard,,education;work,professional development;education,die,Fortbildungsakademien,Fortbildungsakademie,false,false,,,,acc,eine Fortbildungsakademie besuchen; Kurse an der Fortbildungsakademie,Weiterbildungsakademie,,Goethe-Zertifikat B2 Wortliste,https://www.goethe.de,draft
3264,word,Handelssprache,commercial language,language of commerce,Englisch ist die wichtigste Handelssprache.,English is the most important commercial language.,B2,noun,2,low,Specific business vocabulary,AI_estimate,,,standard,,business;language,business;language;commerce,die,Handelssprachen,Handelssprache,false,false,,,,nom,eine Handelssprache sprechen; wichtigste Handelssprache,Geschäftssprache,,Goethe-Zertifikat B2 Wortliste,https://www.goethe.de,draft
3265,word,Sprachkenntnisse,language skills,language skills,Gute Sprachkenntnisse sind in diesem Job unerlässlich.,Good language skills are essential in this job.,A2,noun,5,very_high,Very common education and employment term,AI_estimate,,,standard,,education;work,languages;skills;career,die Sprachkenntnis,Sprachkenntnisse,Sprachkenntnis,false,false,,,,nom,gute Sprachkenntnisse haben; Sprachkenntnisse verbessern,Sprachkompetenz,,Goethe-Zertifikat B2 Wortliste,https://www.goethe.de,draft
3266,word,absolvieren,complete,to complete / undertake,Sie absolviert gerade ein Praktikum.,She is currently completing an internship.,B2,verb,4,high,Common formal education and career verb,AI_estimate,,,standard,,education;work,education;training;career,,,false,false,haben,absolviert,absolvierte,absolviert,acc,ein Praktikum absolvieren; eine Ausbildung absolvieren,durchführen,,Goethe-Zertifikat B2 Wortliste,https://www.goethe.de,draft
3267,phrase,Erfahrungen sammeln,gain experience,to gain experience,Im Ausland konnte er wertvolle Erfahrungen sammeln.,He was able to gain valuable experience abroad.,A2,verb_phrase,5,very_high,Very common fixed expression,AI_estimate,,,standard,,education;work,experience;career;learning,die Erfahrung,Erfahrungen,Erfahrung,false,false,haben,sammelt,sammelte,gesammelt,acc,Erfahrungen sammeln; wertvolle Erfahrungen sammeln,Erfahrung gewinnen,,Goethe-Zertifikat B2 Wortliste,https://www.goethe.de,draft
3268,phrase,der erlernte Beruf,learned profession,profession one was trained in,Er arbeitet nicht mehr in seinem erlernten Beruf.,He no longer works in the profession he trained for.,B2,noun_phrase,3,medium,Employment and vocational-training expression,AI_estimate,,,standard,,work;education,career;training;profession,der,erlernte Berufe,erlernten Berufs,false,false,,,,in + dat,im erlernten Beruf arbeiten; erlernter Beruf,Ausbildungsberuf,,Goethe-Zertifikat B2 Wortliste,https://www.goethe.de,draft
3269,phrase,fundierte Ausbildung,sound training,solid / thorough training,Eine fundierte Ausbildung ist die Basis für den Erfolg.,Sound training is the basis for success.,B2,noun_phrase,3,medium,Formal career and education expression,AI_estimate,,,formal,,education;career,education;qualification;career,die,Ausbildungen,Ausbildung,false,false,,,,acc,eine fundierte Ausbildung haben; fundierte Ausbildung erhalten,solide Ausbildung,,Goethe-Zertifikat B2 Wortliste,https://www.goethe.de,draft
3270,word,Altersbegrenzung,age limit,age limit,Für diese Stelle gibt es keine Altersbegrenzung.,There is no age limit for this position.,B2,noun,3,medium,Common administrative and employment term,AI_estimate,,,standard,,work;administration,age;employment;requirements,die,Altersbegrenzungen,Altersbegrenzung,false,false,,,,für + acc,eine Altersbegrenzung haben; ohne Altersbegrenzung,Alterslimit,,Goethe-Zertifikat B2 Wortliste,https://www.goethe.de,draft
3271,word,Anliegen,concern,concern / request,Was ist Ihr Anliegen?,What is your concern?,B2,noun,5,very_high,Very common formal service noun,AI_estimate,,,formal,,communication;service,request;service;communication,das,Anliegen,Anliegens,false,false,,,,nom,ein Anliegen haben; ein Anliegen vorbringen,Bitte,,Goethe-Zertifikat B2 Wortliste,https://www.goethe.de,draft
3272,word,Aushilfsjob,temporary job,temporary / casual job,Er sucht einen Aushilfsjob für die Ferien.,He is looking for a temporary job for the holidays.,B2,noun,3,medium,Common employment term,AI_estimate,,,informal,,work;students,employment;students;part-time,der,Aushilfsjobs,Aushilfsjobs,false,false,,,,acc,einen Aushilfsjob suchen; einen Aushilfsjob machen,Nebenjob,,Goethe-Zertifikat B2 Wortliste,https://www.goethe.de,draft
3273,word,Ausschreibung,job advertisement,advertisement / tender,Die Ausschreibung klang sehr interessant.,The job advertisement sounded very interesting.,B2,noun,4,high,Common formal employment/business noun with multiple senses,AI_estimate,,,standard,,work;business,job advertisement;tender;recruitment,die,Ausschreibungen,Ausschreibung,false,false,,,,nom,eine Stelle ausschreiben; eine Ausschreibung veröffentlichen,Stellenausschreibung,,Goethe-Zertifikat B2 Wortliste,https://www.goethe.de,draft
3274,word,Bewerbungsunterlagen,application documents,application documents,Senden Sie Ihre Bewerbungsunterlagen bitte als PDF.,Please send your application documents as a PDF.,B2,noun,5,very_high,Very common job-application term,AI_estimate,,,standard,,work;recruitment,job application;documents;career,die Bewerbungsunterlage,Bewerbungsunterlagen,Bewerbungsunterlage,false,false,,,,acc,Bewerbungsunterlagen senden; vollständige Bewerbungsunterlagen,Unterlagen,,Goethe-Zertifikat B2 Wortliste,https://www.goethe.de,draft
3275,word,Jobbörse,job exchange,job portal / job exchange,In der Online-Jobbörse finden Sie viele Angebote.,You will find many offers in the online job exchange.,B2,noun,4,high,Common modern employment term,AI_estimate,,,standard,,work;internet,jobs;internet;recruitment,die,Jobbörsen,Jobbörse,false,false,,,,in + dat,eine Jobbörse nutzen; Online-Jobbörse,Stellenbörse,,Goethe-Zertifikat B2 Wortliste,https://www.goethe.de,draft
3276,word,Personalchef,head of Human Resources,head of HR,Das Gespräch führt der Personalchef persönlich.,The interview is conducted by the head of Human Resources personally.,B2,noun,4,high,Common workplace term; gendered form also Personalchefin,AI_estimate,,,standard,,work;HR,HR;management;recruitment,der/die,Personalchefs,Personalchefs,false,false,,,,nom,der Personalchef führt ein Gespräch; Personalchef kontaktieren,HR-Leiter,,Goethe-Zertifikat B2 Wortliste,https://www.goethe.de,draft
3277,word,beeindrucken,impress,to impress,Er hat uns mit seinem Fachwissen beeindruckt.,He impressed us with his expertise.,B2,verb,5,very_high,Very common verb,AI_estimate,,,standard,,communication;work,impression;evaluation;work,,,false,false,haben,beeindruckt,beeindruckte,beeindruckt,acc + mit,jemanden beeindrucken; mit etwas beeindrucken,überzeugen,,Goethe-Zertifikat B2 Wortliste,https://www.goethe.de,draft
3278,word,jobben,work on the side,to work part-time / on the side,Viele Studenten müssen nebenbei jobben.,Many students have to work on the side.,B2,verb,4,high,Common informal employment verb,AI_estimate,,,informal,,work;students,students;part-time;employment,,,false,false,haben,jobbt,jobbte,gejobbt,intr,nebenbei jobben; in einem Café jobben,arbeiten,,Goethe-Zertifikat B2 Wortliste,https://www.goethe.de,draft
3279,word,derzeitig,current,current,Wer ist Ihr derzeitiger Arbeitgeber?,Who is your current employer?,B2,adjective,4,high,Common formal adjective,AI_estimate,,,standard,,work;time,current;employment;formal,,,,,false,false,,,,,,aktuell,ehemalig,,Goethe-Zertifikat B2 Wortliste,https://www.goethe.de,draft
3280,word,gelegentlich,occasional,occasionally,Gelegentlich muss ich auch am Wochenende arbeiten.,Occasionally I also have to work on weekends.,B2,adverb,5,very_high,Common frequency adverb,AI_estimate,,,standard,,time;work,frequency;time;work,,,,,false,false,,,,,,manchmal,ständig,,Goethe-Zertifikat B2 Wortliste,https://www.goethe.de,draft
3281,word,gewissenhaft,conscientious,conscientious,Sie erledigt ihre Aufgaben sehr gewissenhaft.,She performs her tasks very conscientiously.,B2,adjective,4,high,Common workplace personality adjective,AI_estimate,,,standard,,work;personality,work;personality;reliability,,,,,false,false,,,,,,sorgfältig,nachlässig,,Goethe-Zertifikat B2 Wortliste,https://www.goethe.de,draft
3282,word,reibungslos,smooth,smoothly / without problems,Der Ablauf war absolut reibungslos.,The process was absolutely smooth.,B2,adjective,4,high,Common workplace and process adjective,AI_estimate,,,standard,,work;process,process;work;success,,,,,false,false,,,,,,problemlos,holprig,,Goethe-Zertifikat B2 Wortliste,https://www.goethe.de,draft
3283,word,zuverlässig,reliable,reliable,Wir brauchen einen zuverlässigen Mitarbeiter.,We need a reliable employee.,A2,adjective,5,very_high,Very common everyday and workplace adjective,AI_estimate,,,standard,,work;personality,reliability;work;personality,,,,,false,false,,,,,,verlässlich,unzuverlässig,,Goethe-Zertifikat B2 Wortliste,https://www.goethe.de,draft
3284,phrase,ab und zu,from time to time,from time to time,Ab und zu machen wir Überstunden.,From time to time we work overtime.,A2,adverb_phrase,5,very_high,Very common frequency expression,AI_estimate,,,standard,,time;work,frequency;time;work,,,,,false,false,,,,,,gelegentlich,ständig,,Goethe-Zertifikat B2 Wortliste,https://www.goethe.de,draft
3285,phrase,die Ausbildung verkürzen,shorten the training,to shorten vocational training,Bei guten Noten kann man die Ausbildung verkürzen.,With good grades, you can shorten the training.,B2,verb_phrase,3,medium,Common vocational-training expression,AI_estimate,,,standard,,education;work,vocational training;education;career,die Ausbildung,Ausbildungen,Ausbildung,false,false,haben,verkürzt,verkürzte,verkürzt,acc,die Ausbildung verkürzen; Ausbildungszeit verkürzen,verkürzen,,Goethe-Zertifikat B2 Wortliste,https://www.goethe.de,draft
3286,phrase,beruflich vorwärtskommen,advance professionally,to advance professionally,Er wechselte die Firma, um beruflich vorwärtszukommen.,He changed companies to advance professionally.,B2,verb_phrase,3,medium,Common career-development expression,AI_estimate,,,standard,,work;career,career;professional development;work,,,,,false,false,sein,kommt vorwärts,kam vorwärts,vorwärtsgekommen,intr,beruflich vorwärtskommen; im Beruf vorwärtskommen,Karriere machen,,Goethe-Zertifikat B2 Wortliste,https://www.goethe.de,draft
3287,phrase,beruflich vorwärtskommen,to advance professionally,to advance professionally,"Er wechselte die Firma, um beruflich vorwärtszukommen.",He changed companies to advance professionally.,B2,verb phrase,4,high,Common expression in professional contexts,,,,standard,,work;career,career;professional_development,,,,,,,,,beruflich vorankommen; im Beruf vorankommen,beruflich zurückfallen,,,draft
3288,phrase,die feste Arbeit,stable or permanent employment,steady job,Endlich hat er eine feste Arbeit gefunden.,"Finally, he found a steady job.",B2,noun phrase,4,high,Common employment expression,,,,standard,,work;employment,employment;job_market,die,feste Arbeiten,der festen Arbeit,,,,,,,eine feste Arbeit finden; eine feste Arbeit haben,die feste Stelle,Arbeitslosigkeit,,draft
3289,phrase,rund um die Uhr,continuously throughout the whole day,around the clock,Der Service ist rund um die Uhr verfügbar.,The service is available around the clock.,B2,adverbial phrase,5,very_high,Very common fixed expression,,,,standard,,time;availability,time;services,,,,,,,,,rund um die Uhr erreichbar; rund um die Uhr geöffnet,ständig,,,,draft
3290,word,der Anlagenmechaniker,technical worker who installs and maintains technical systems,plant mechanic,Der Anlagenmechaniker wartet die Maschinen.,The plant mechanic maintains the machines.,B2,noun,2,low,Specialized occupational term,,,,standard,,work;industry,occupation;technical,der,Anlagenmechaniker,des Anlagenmechanikers,,,,,,,,,als Anlagenmechaniker arbeiten; Anlagen warten,Techniker,,,,draft
3291,word,der Bilanzbuchhalter,accounting specialist responsible for preparing financial statements,accountant,Der Bilanzbuchhalter prüft die Finanzen.,The accountant checks the finances.,B2,noun,2,low,Specialized accounting occupation,,,,formal,,work;finance,accounting;profession,der,Bilanzbuchhalter,des Bilanzbuchhalters,,,,,,,,,als Bilanzbuchhalter arbeiten; Bilanzen erstellen,Buchhalter,,,,draft
3292,word,der Bürokaufmann,person working in commercial office administration,office worker,Als Bürokaufmann organisiert er den Büroalltag.,"As an office worker, he organizes everyday office life.",B2,noun,3,medium,Established occupational term; newer official job titles are often used today,,,,standard,,work;office,occupation;administration,der,Bürokaufmänner,des Bürokaufmanns,,,,,,,,,im Büro arbeiten; Büroalltag organisieren,Kaufmann,,,,draft
3293,word,der Gärtner,person who professionally maintains gardens and green spaces,gardener,Der Gärtner pflegt die Grünanlagen.,The gardener maintains the green areas.,B2,noun,4,high,Common occupational noun,,,,standard,,work;outdoors,occupation;gardening,der,Gärtner,des Gärtners,,,,,,,,,als Gärtner arbeiten; Grünanlagen pflegen,,,,,draft
3294,word,der Gesundheits- und Krankenpfleger,healthcare professional who cares for patients,nurse,Der Krankenpfleger kümmert sich um die Patienten.,The nurse takes care of the patients.,B2,noun,3,medium,Healthcare occupational term; current terminology often uses Pflegefachkraft,,,,standard,,work;healthcare,occupation;healthcare,der,Gesundheits- und Krankenpfleger,des Gesundheits- und Krankenpflegers,,,,,,,,,Patienten betreuen; im Krankenhaus arbeiten,Pflegefachkraft,,,,draft
3295,word,der Näher / die Näherin,person who sews garments professionally,dressmaker,Die Näherin ändert die Kleidung.,The dressmaker alters the clothes.,B2,noun,2,low,Occupational term mainly associated with textile work,,,,standard,,work;textiles,occupation;clothing,der/die,Näher/Näherinnen,des Nähers,,,,,,,,,Kleidung nähen; Kleidung ändern,Schneider/in,,,,draft
3296,word,die Servicekraft,person employed to provide service to customers,service employee,Wir suchen eine Servicekraft für unser Café.,We are looking for a service employee for our cafe.,B2,noun,4,high,Common term in hospitality and customer service,,,,standard,,work;hospitality,occupation;service,die,Servicekräfte,der Servicekraft,,,,,,,,,als Servicekraft arbeiten; Servicepersonal,Bedienung,,,,draft
3297,word,der Zimmerservice,hotel service delivering food or other items to a guest's room,room service,Der Zimmerservice bringt das Frühstück.,Room service brings breakfast.,B2,noun,4,high,Common hotel and hospitality term,,,,standard,,hotel;hospitality,hotel;service,der,Zimmerservices,des Zimmerservices,,,,,,,,,Zimmerservice bestellen; Frühstück vom Zimmerservice,Roomservice,,,,draft
3298,phrase,die Aufstiegschancen,opportunities for professional advancement,opportunities for advancement,In diesem Unternehmen gibt es gute Aufstiegschancen.,There are good opportunities for advancement in this company.,B2,noun phrase,4,high,Common employment and career term,,,,standard,,work;career,career;promotion,die,Aufstiegschancen,der Aufstiegschance,,,,,,,,,gute Aufstiegschancen haben; berufliche Aufstiegschancen,Karrierechancen,begrenzte Entwicklungsmöglichkeiten,,,draft
3299,word,der Außentermin,appointment taking place outside the usual workplace,external appointment,Ich bin heute Vormittag auf einem Außentermin.,I am at an external appointment this morning.,B2,noun,3,medium,Common in professional contexts involving customer or field visits,,,,standard,,work;appointments,business;field_work,der,Außentermine,des Außentermins,,,,,,,,,einen Außentermin haben; zu einem Außentermin fahren,Vor-Ort-Termin,,,,draft
3300,word,die Besprechung,formal discussion or meeting,meeting,Die Besprechung dauert voraussichtlich eine Stunde.,The meeting is expected to last one hour.,B2,noun,5,very_high,Very common professional noun,,,,standard,,work;communication,meeting;business,die,Besprechungen,der Besprechung,,,,,,,,,eine Besprechung abhalten; an einer Besprechung teilnehmen; Besprechung verschieben,Meeting,,,,draft
3301,word,die Kantine,place in a workplace or institution where meals are served,canteen,Das Essen in der Kantine ist preiswert.,The food in the canteen is inexpensive.,B2,noun,4,high,Common in workplaces, universities and public institutions,,,,standard,,work;food,workplace;meals,die,Kantinen,der Kantine,,,,,,,,,in der Kantine essen; Betriebskantine,Mensa,,,,draft
3302,word,die Sozialleistungen,additional benefits provided by an employer or institution,social benefits,Die Firma bietet attraktive Sozialleistungen.,The company offers attractive social benefits.,B2,noun,4,high,Common plural term in employment contexts,,,,formal,,work;employment,benefits;employment,die,Sozialleistungen,der Sozialleistung,,,,,,,,,attraktive Sozialleistungen bieten; Sozialleistungen erhalten,Arbeitgeberleistungen,,,,draft
3303,phrase,jmdm. einen Gefallen tun,to do something helpful for someone,to do someone a favour,Kannst du mir einen Gefallen tun?,Can you do me a favour?,B2,verb phrase,5,very_high,Very common fixed expression in everyday communication,,,,standard,,communication;requests,request;favor,,,,,,,,,jemandem einen großen Gefallen tun; mir einen Gefallen tun,jemandem helfen,,,draft
3304,phrase,das Gehalt verhandeln,to negotiate one's salary,to negotiate salary,Man sollte sein Gehalt geschickt verhandeln.,One should negotiate one's salary skillfully.,B2,verb phrase,4,high,Common professional expression,,,,standard,,work;salary,career;negotiation,der,Gehälter,des Gehalts,,,,,,,,,über das Gehalt verhandeln; Gehalt neu verhandeln,über das Gehalt verhandeln,,,draft
3305,phrase,Karriere machen,to become successful professionally,to make a career,Sie will unbedingt Karriere machen.,She really wants to make a career.,B2,verb phrase,5,very_high,Very common career expression,,,,standard,,work;career,career;success,,,,,,,,,schnell Karriere machen; beruflich Karriere machen,beruflich aufsteigen,,,draft
3306,phrase,Priorität haben,to be considered more important than other things,to take priority,Kundenzufriedenheit hat bei uns oberste Priorität.,Customer satisfaction takes top priority for us.,B2,verb phrase,5,very_high,Common formal and professional expression,,,,formal,,work;management,priority;business,,,,,,,,,oberste Priorität haben; höchste Priorität haben,Vorrang haben,keine Priorität haben,,,draft
3307,phrase,Sachen abarbeiten,to complete tasks one after another,to process things,Ich muss erst diese Liste abarbeiten.,I have to process this list first.,B2,verb phrase,4,high,Colloquial professional expression for completing tasks,,,,informal,,work;tasks,productivity;tasks,,,,,,,,,eine Liste abarbeiten; Aufgaben abarbeiten,erledigen,,,,draft
3308,phrase,sachlich bleiben,to remain objective and factual,to stay objective,Bitte bleiben Sie auch bei Kritik sachlich.,Please stay objective even with criticism.,B2,verb phrase,5,very_high,Common in discussions, criticism and professional communication,,,,standard,,communication;conflict,objectivity;discussion,,,,,,,,,sachlich argumentieren; sachlich bleiben,objektiv bleiben,emotional werden,,,draft
3309,phrase,angemessen bezahlt werden,to receive appropriate remuneration,to be paid appropriately,Gute Arbeit sollte angemessen bezahlt werden.,Good work should be paid appropriately.,B2,verb phrase,4,high,Common expression in employment discussions,,,,standard,,work;salary,employment;pay,,,,,,,,,angemessen bezahlt werden; fair bezahlt werden,fair bezahlt werden,unterbezahlt werden,,,draft
3310,phrase,auf Dauer unzufrieden sein,to remain dissatisfied over a longer period,to be dissatisfied in the long run,Auf Dauer bin ich in diesem Job unzufrieden.,"In the long run, I am dissatisfied in this job.",B2,adverbial phrase,4,high,Common expression emphasizing long-term dissatisfaction,,,,standard,,work;feelings,time;employment,,,,,,,,,auf Dauer unzufrieden sein; langfristig unzufrieden sein,langfristig unzufrieden sein,,,draft
3311,phrase,Bedenken äußern,to state concerns or reservations,to express concerns,Der Betriebsrat äußerte Bedenken gegen den Plan.,The works council expressed concerns about the plan.,B2,verb phrase,5,very_high,Common formal expression in professional and political discussion,,,,formal,,work;discussion,concerns;argumentation,,,,,,,,,Bedenken äußern; Bedenken gegen etwas äußern,Einwände äußern,Zustimmung äußern,,,draft
3312,phrase,die Chemie stimmt,to have a good interpersonal relationship,the chemistry is right,Zwischen uns stimmt die Chemie einfach.,The chemistry between us is simply right.,B2,idiom,4,high,Fixed idiomatic expression referring to interpersonal compatibility,,,,informal,,relationships;work,relationships;teamwork,,,,,,,,,die Chemie stimmt; zwischen Menschen stimmt die Chemie,sich gut verstehen,,,,draft
3313,phrase,fix und fertig sein,to be completely exhausted,to be run down / exhausted,Nach der Schicht war ich fix und fertig.,"After the shift, I was completely exhausted.",B2,idiom,5,very_high,Very common colloquial expression,,,,informal,,feelings;work,exhaustion;colloquial,,,,,,,,,fix und fertig sein; völlig fix und fertig sein,erschöpft sein,fit sein,,,draft
3314,phrase,die Geduld bewahren,to remain patient in a difficult situation,to keep patient,In schwierigen Situationen muss man die Geduld bewahren.,"In difficult situations, one must keep patient.",B2,verb phrase,4,high,Common formal and neutral expression,,,,standard,,communication;conflict,patience;behavior,die,Gedulden,der Geduld,,,,,,,,,Geduld bewahren; Ruhe bewahren,geduldig bleiben,die Geduld verlieren,,,draft
3315,phrase,gesellschaftlich anerkannt sein,to be accepted and respected by society,to be socially recognised,Der Beruf ist gesellschaftlich hoch anerkannt.,The profession is socially highly recognised.,B2,adjective phrase,4,high,Common in discussions about professions, status and social acceptance,,,,formal,,society;work,social_status;recognition,,,,,,,,,gesellschaftlich anerkannt; hohe gesellschaftliche Anerkennung,sozial angesehen sein,gesellschaftlich umstritten sein,,,draft
3316,phrase,ein hohes Arbeitspensum haben,to have a large amount of work,to have a high workload,Wir haben derzeit ein sehr hohes Arbeitspensum.,We currently have a very high workload.,B2,noun phrase,4,high,Professional expression referring to workload,,,,formal,,work;productivity,workload;stress,,,,,,,,,ein hohes Arbeitspensum haben; das Arbeitspensum reduzieren,eine hohe Arbeitsbelastung haben,,,,draft
3317,word,die monotone Aufgabe,task that is repetitive and lacks variety,monotonous task,Er mag keine monotonen Aufgaben.,He doesn't like monotonous tasks.,B2,noun phrase,3,medium,Common descriptive expression in work contexts,,,,standard,,work;tasks,monotony;employment,die,monotone Aufgaben,der monotonen Aufgabe,,,,,,,,,monotone Aufgaben erledigen; monotone Arbeit,Routineaufgabe,abwechslungsreiche Aufgabe,,,draft
3318,phrase,nichts Unüberlegtes tun,to avoid acting rashly or without thinking,not to do anything rash,Bitte tun Sie nichts Unüberlegtes!,Please do not do anything rash!,B2,phrase,4,high,Common warning expression,,,,standard,,communication;behavior,caution;decision_making,,,,,,,,,nichts Unüberlegtes sagen; nichts Unüberlegtes tun,überlegt handeln,,,draft
3319,phrase,nichts zu verschenken haben,to have no resources or money to give away,not to have money to burn,"Wir müssen sparen, wir haben nichts zu verschenken.","We have to save, we don't have money to burn.",B2,idiom,4,high,Fixed idiomatic expression meaning resources are limited,,,,informal,,money;resources,financial;idiom,,,,,,,,,wir haben nichts zu verschenken; nichts zu verschenken haben,sparsam sein,im Überfluss leben,,,draft
3320,phrase,schlecht gelaunt sein,to be in a bad mood,to be in a bad mood,Warum bist du heute so schlecht gelaunt?,Why are you in such a bad mood?,B2,adjective phrase,5,very_high,Very common everyday expression,,,,informal,,feelings;daily_life,mood;feelings,,,,,,,,,schlecht gelaunt sein; schlecht drauf sein,schlechte Laune haben,gut gelaunt sein,,,draft
3321,phrase,sich überfordert fühlen,to feel unable to cope with demands,to feel overchallenged,Ich fühle mich von den vielen Aufgaben überfordert.,I feel overchallenged by the many tasks.,B2,reflexive verb phrase,5,very_high,Common expression for excessive demands or workload,,,,standard,,feelings;work,stress;workload,,,,true,false,haben,fühlt sich überfordert,fühlte sich überfordert,überfordert gefühlt,mit + Dat,sich mit einer Situation überfordert fühlen; sich von etwas überfordert fühlen,sich überlastet fühlen,sich entspannt fühlen,,,draft
3322,phrase,sich zu Tode langweilen,to be extremely bored,to be bored to death,In diesem Meeting habe ich mich zu Tode gelangweilt.,I was bored to death in this meeting.,B2,reflexive verb phrase,4,high,Strong colloquial exaggeration,,,,informal,,feelings;work,boredom;idiom,,,,true,false,haben,langweilt sich zu Tode,langweilte sich zu Tode,zu Tode gelangweilt,sich + Akk,sich zu Tode langweilen; sich bei etwas zu Tode langweilen,sich furchtbar langweilen,sich amüsieren,,,draft
3323,word,die 40-Stunden-Woche,standard working week consisting of forty hours,40-hour week,Die 40-Stunden-Woche ist hier Standard.,The 40-hour week is standard here.,B2,noun phrase,4,high,Common employment and labor-market term,,,,standard,,work;employment,working_hours;employment,die,40-Stunden-Wochen,der 40-Stunden-Woche,,,,,,,,,eine 40-Stunden-Woche haben; 40-Stunden-Woche einführen,Vollzeitwoche,Teilzeit,,,,draft
3324,word,das Entgegenkommen,willingness to accommodate another person's wishes,goodwill / accommodation,Vielen Dank für Ihr Entgegenkommen.,Thank you for your accommodation.,B2,noun,4,high,Common polite and formal expression,,,,formal,,communication;negotiation,politeness;negotiation,das,Entgegenkommen,des Entgegenkommens,,,,,,,,,für Ihr Entgegenkommen danken; großes Entgegenkommen zeigen,Kulanz,Unnachgiebigkeit,,,draft
3325,word,die Gleitzeit,working-time system allowing flexible starting and ending times,flexitime,Dank Gleitzeit kann ich morgens später kommen.,"Thanks to flexitime, I can come later in the morning.",B2,noun,4,high,Common German workplace term,,,,standard,,work;time,working_hours;flexibility,die,Gleitzeiten,der Gleitzeit,,,,,,,,,Gleitzeit nutzen; flexible Gleitzeitregelung,flexible Arbeitszeit,feste Arbeitszeit,,,draft
3326,word,die Kernzeit,period during which employees are generally required to be present,core hours,Unsere Kernzeit ist von 10 bis 15 Uhr.,Our core hours are from 10 am to 3 pm.,B2,noun,3,medium,Common workplace term especially with flexitime,,,,standard,,work;time,working_hours;office,die,Kernzeiten,der Kernzeit,,,,,,,,,die Kernzeit einhalten; während der Kernzeit,Pflichtzeit,,,,draft
3327,word,die Wechselschicht,shift system in which employees regularly alternate between shifts,rotating shift,Er arbeitet in Wechselschicht.,He works in rotating shifts.,B2,noun,3,medium,Common industrial and healthcare employment term,,,,standard,,work;time,shift_work;employment,die,Wechselschichten,der Wechselschicht,,,,,,,,,in Wechselschicht arbeiten; Wechselschicht einführen,Schichtarbeit,,,,draft
3328,phrase,flexible Arbeitszeiten,working hours that can be adjusted according to needs,flexible working hours,Eltern schätzen flexible Arbeitszeiten.,Parents appreciate flexible working hours.,B2,noun phrase,5,very_high,Very common employment expression,,,,standard,,work;family,working_hours;flexibility,,,,,,,,,flexible Arbeitszeiten anbieten; flexible Arbeitszeiten ermöglichen,Gleitzeit,feste Arbeitszeiten,,,draft
3329,phrase,feste Arbeitszeiten,working hours that are fixed,fixed working hours,Ich bevorzuge feste Arbeitszeiten.,I prefer fixed working hours.,B2,noun phrase,5,very_high,Very common employment expression,,,,standard,,work;time,working_hours;employment,,,,,,,,,feste Arbeitszeiten haben; feste Arbeitszeiten bevorzugen,geregelte Arbeitszeiten,flexible Arbeitszeiten,,,draft
3330,phrase,Überstunden machen,to work beyond one's regular hours,to work overtime,Müssen wir heute Überstunden machen?,Do we have to work overtime today?,B2,verb phrase,5,very_high,Very common workplace expression,,,,standard,,work;time,overtime;employment,,,,,,,,,Überstunden machen; viele Überstunden machen,länger arbeiten,früher Feierabend machen,,,draft
3331,phrase,vertraglich vereinbaren,to formally agree something as part of a contract,to agree by contract,Der Bonus wurde vertraglich vereinbart.,The bonus was agreed by contract.,B2,verb phrase,4,high,Formal legal and business expression,,,,formal,,contracts;work,contract;agreement,,,,,,,,,vertraglich vereinbaren; vertraglich festlegen,vertraglich festhalten,,,,draft
3332,word,das Betreuungsangebot,range of childcare or care services available,childcare services,Das Betreuungsangebot für Kinder ist sehr gut.,The childcare services are very good.,B2,noun,3,medium,Common institutional and family-policy term,,,,standard,,family;services,childcare;care,das,Betreuungsangebote,des Betreuungsangebots,,,,,,,,,ein Betreuungsangebot nutzen; Betreuungsangebot ausbauen,Betreuungsmöglichkeit,,,,draft
3333,word,die Tagesmutter,woman who provides professional childcare in a private setting,childminder,Unsere Tochter geht zu einer Tagesmutter.,Our daughter goes to a childminder.,B2,noun,4,high,Common term for professional home-based childcare,,,,standard,,family;childcare,childcare;family,die,Tagesmütter,der Tagesmutter,,,,,,,,,zu einer Tagesmutter gehen; als Tagesmutter arbeiten,Kindertagespflegeperson,,,,draft
3334,word,alleinerziehend,raising a child without a partner,single parent,Als Alleinerziehende hat sie es oft schwer.,"As a single parent, she often has a hard time.",B2,adjective,5,very_high,Common social and family-related adjective,,,,standard,,family;society,family;parenting,,,,,,,,,alleinerziehend sein; alleinerziehende Mutter,allein erziehend,,,,draft
3335,word,familienfreundlich,supportive of employees or people with family responsibilities,family-friendly,Das Unternehmen gilt als sehr familienfreundlich.,The company is considered very family-friendly.,B2,adjective,4,high,Common employment and social-policy adjective,,,,standard,,work;family,workplace;family,,,,,,,,,familienfreundliches Unternehmen; familienfreundliche Arbeitszeiten,familiengerecht,,,,draft
3336,phrase,angewiesen sein auf,to depend on something or someone,to be dependent on,Ich bin auf das Auto angewiesen.,I am dependent on the car.,B2,verb phrase,5,very_high,Very common expression of dependence,,,,standard,,daily_life;work,dependence;necessity,,,,,,,,,auf Hilfe angewiesen sein; auf ein Auto angewiesen sein,abhängig sein von,unabhängig sein,,,draft
3337,word,vereinbaren,to reconcile or combine different demands,to reconcile / combine,"Es ist schwer, Beruf und Familie zu vereinbaren.",It is hard to reconcile work and family.,B2,verb,5,very_high,Very common verb with multiple meanings; this sense is especially useful in formal contexts,,,,standard,,work;family,compatibility;work_life_balance,,,,true,false,haben,vereinbart,vereinbarte,vereinbart,Akk + Akk,Beruf und Familie vereinbaren; Termine vereinbaren,verbinden,trennen,,,draft
3338,word,die An-/Abreise,journey to and from a destination,arrival/departure,Die An- und Abreise erfolgt auf eigene Kosten.,Arrival and departure are at your own expense.,B2,noun,4,high,Common travel and business expression,,,,formal,,travel;business,travel;transport,die,An-/Abreisen,der An-/Abreise,,,,,,,,,An- und Abreise; Kosten für die Anreise,Hin- und Rückreise,,,,draft
3339,word,der Besprechungsraum,room used for meetings,conference room,Ist der große Besprechungsraum für morgen reserviert?,Is the large conference room booked for tomorrow?,B2,noun,4,high,Common workplace noun,,,,standard,,work;office,meeting;office,der,Besprechungsräume,des Besprechungsraums,,,,,,,,,Besprechungsraum reservieren; im Besprechungsraum,Konferenzraum,,,,draft
3340,word,die Buchungsbestätigung,confirmation that a reservation has been made,booking confirmation,Ich habe die Buchungsbestätigung per E-Mail erhalten.,I received the booking confirmation via email.,B2,noun,4,high,Common travel and reservation term,,,,standard,,travel;booking,reservation;travel,die,Buchungsbestätigungen,der Buchungsbestätigung,,,,,,,,,Buchungsbestätigung erhalten; Buchungsbestätigung per E-Mail,Reservierungsbestätigung,,,,draft
3341,word,das Doppelzimmer,hotel room intended for two people,double room,Wir haben für die Gäste zwei Doppelzimmer gebucht.,We booked two double rooms for the guests.,B2,noun,4,high,Common hotel term,,,,standard,,travel;hotel,accommodation;travel,das,Doppelzimmer,des Doppelzimmers,,,,,,,,,ein Doppelzimmer buchen; Doppelzimmer mit Frühstück,Zweibettzimmer,Einzelzimmer,,,draft
3342,word,das Einzelzimmer,hotel room intended for one person,single room,Ich bevorzuge auf Geschäftsreisen ein Einzelzimmer.,I prefer a single room on business trips.,B2,noun,4,high,Common hotel and travel term,,,,standard,,travel;hotel,accommodation;business_travel,das,Einzelzimmer,des Einzelzimmers,,,,,,,,,ein Einzelzimmer buchen; Einzelzimmer mit Frühstück,,,,,draft
3343,word,die Fahrgemeinschaft,group of people sharing a car for regular journeys,carpool,Wir haben eine Fahrgemeinschaft zur Messe gebildet.,We formed a carpool to the trade fair.,B2,noun,4,high,Common term related to commuting and sustainable transport,,,,standard,,transport;work,commuting;carpool,die,Fahrgemeinschaften,der Fahrgemeinschaft,,,,,,,,,eine Fahrgemeinschaft bilden; in einer Fahrgemeinschaft fahren,Carsharing,,,,draft
3344,word,die Flugverbindung,available route or connection by air,flight connection,Es gibt keine direkte Flugverbindung nach Berlin.,There is no direct flight connection to Berlin.,B2,noun,4,high,Common travel term,,,,standard,,travel;transport,flight;connection,die,Flugverbindungen,der Flugverbindung,,,,,,,,,direkte Flugverbindung; gute Flugverbindung,Flugroute,,,,draft
3345,word,das Gewerbegebiet,area designated mainly for commercial businesses,industrial area,Unser neues Büro liegt in einem großen Gewerbegebiet.,Our new office is located in a large industrial area.,B2,noun,3,medium,Common German urban-planning and business term,,,,standard,,business;city,industry;urban_planning,das,Gewerbegebiete,des Gewerbegebiets,,,,,,,,,im Gewerbegebiet liegen; Gewerbegebiet erschließen,Industriegebiet,,,,draft
3346,word,das Meeting,professional or organizational meeting,meeting,Das Meeting wurde auf 14 Uhr verschoben.,The meeting was postponed to 2 p.m.,B2,noun,5,very_high,Very common Anglicism in modern German professional language,,,,informal,,work;communication,business;meeting,das,Meetings,des Meetings,,,,,,,,,ein Meeting abhalten; Meeting verschieben,Besprechung,,,,draft
3347,word,das Mietauto,car rented for temporary use,hire car / rental car,Vom Flughafen nehmen wir uns ein Mietauto.,We will take a rental car from the airport.,B2,noun,4,high,Common travel term,,,,standard,,travel;transport,rental;travel,das,Mietautos,des Mietautos,,,,,,,,,ein Mietauto mieten; Mietauto am Flughafen,Mietwagen,,,,draft
3348,word,die Parkmöglichkeit,possibility or place for parking,parking,Gibt es am Hotel eine Parkmöglichkeit?,Is there parking available at the hotel?,B2,noun,4,high,Common everyday and travel term,,,,standard,,travel;transport,parking;hotel,die,Parkmöglichkeiten,der Parkmöglichkeit,,,,,,,,,Parkmöglichkeiten bieten; gute Parkmöglichkeiten,Parkplatz,,,,draft
3349,word,das Tagungshotel,hotel equipped for conferences and business events,conference hotel,Das Tagungshotel ist leider schon ausgebucht.,The conference hotel is unfortunately already fully booked.,B2,noun,3,medium,Specialized business-travel term,,,,standard,,travel;business,conference;hotel,das,Tagungshotels,des Tagungshotels,,,,,,,,,ein Tagungshotel buchen; in einem Tagungshotel übernachten,Konferenzhotel,,,,draft
3350,word,die Tiefgarage,underground parking garage,underground car park,Sie können Ihren Wagen in der Tiefgarage abstellen.,You can park your car in the underground car park.,B2,noun,5,very_high,Very common everyday noun,,,,standard,,transport;city,parking;transport,die,Tiefgaragen,der Tiefgarage,,,,,,,,,in der Tiefgarage parken; Tiefgarage benutzen,Parkgarage,,,,draft
3351,word,die Zimmer-/Hotelkategorie,classification of a hotel room or hotel,room/hotel category,Welche Hotelkategorie darf ich für Sie buchen?,Which hotel category may I book for you?,B2,noun phrase,3,medium,Travel and booking terminology,,,,formal,,travel;hotel,booking;accommodation,die,Zimmer-/Hotelkategorien,der Zimmer-/Hotelkategorie,,,,,,,,,Hotelkategorie buchen; Zimmerkategorie auswählen,Kategorie,,,,draft
3352,phrase,auf Montage fahren,to travel temporarily for work involving installation or assembly,to go away for work / assembly work,Unsere Techniker fahren oft auf Montage ins Ausland.,Our technicians often go away on assembly work abroad.,B2,verb phrase,3,medium,Common technical and industrial expression,,,,standard,,work;travel,technical;business_travel,,,,,,,,,auf Montage fahren; auf Montage sein,Montagearbeit leisten,,,,draft
3353,word,die Arbeitsplatzbeschreibung,description of duties and requirements of a job,job description,Die Aufgaben stehen genau in der Arbeitsplatzbeschreibung.,The tasks are listed exactly in the job description.,B2,noun,4,high,Common HR and employment term,,,,formal,,work;HR,recruitment;job_description,die,Arbeitsplatzbeschreibungen,der Arbeitsplatzbeschreibung,,,,,,,,,Arbeitsplatzbeschreibung erstellen; Aufgaben laut Arbeitsplatzbeschreibung,Stellenbeschreibung,,,,draft
3354,word,die Qualitätssicherung,systematic process of ensuring that products or services meet quality requirements,quality assurance,Die Qualitätssicherung prüft jedes Produkt vor dem Versand.,Quality assurance checks every product before shipping.,B2,noun,4,high,Important technical and business term,,,,formal,,work;industry,quality;production,die,Qualitätssicherungen,der Qualitätssicherung,,,,,,,,,Qualitätssicherung durchführen; Abteilung für Qualitätssicherung,Qualitätskontrolle,,,,draft
3355,word,die Richtlinien,official rules or principles guiding actions,guidelines,Bitte halten Sie sich an die internen Richtlinien.,Please adhere to the internal guidelines.,B2,noun,5,very_high,Very common formal and organizational term,,,,formal,,work;rules,policy;compliance,die,Richtlinien,der Richtlinie,,,,,,,,,interne Richtlinien; Richtlinien einhalten; Richtlinien festlegen,Vorgaben,Verstöße,,,,draft
3356,word,der/die Vorarbeiter/-in,person supervising workers on site or in production,foreman,Der Vorarbeiter teilt die Schichten ein.,The foreman schedules the shifts.,B2,noun,3,medium,Common occupational term in production and construction,,,,standard,,work;management,supervision;industry,der/die,Vorarbeiter/Vorarbeiterinnen,des Vorarbeiters,,,,,,,,,als Vorarbeiter arbeiten; Schichten einteilen,Teamleiter,,,,draft
3357,word,das Vorgehen,way or method of proceeding,procedure,Wir müssen unser Vorgehen genau absprechen.,We need to coordinate our procedure exactly.,B2,noun,5,very_high,Very common abstract noun in professional and academic language,,,,formal,,work;problem_solving,method;procedure,das,Vorgehen,des Vorgehens,,,,,,,,,Vorgehen besprechen; weiteres Vorgehen; Vorgehen festlegen,Verfahren,,,,draft
3358,phrase,Arbeitsabläufe regeln,to organize and control work processes,to regulate workflows,Neue Software soll die Arbeitsabläufe besser regeln.,New software is supposed to regulate workflows better.,B2,verb phrase,4,high,Common professional and organizational expression,,,,formal,,work;management,workflow;organization,,,,,,,,,Arbeitsabläufe optimieren; Arbeitsabläufe regeln,Arbeitsprozesse organisieren,,,,draft
3359,phrase,Anweisungen verstehen,to understand instructions or directions,to understand instructions,Haben alle Mitarbeiter die Anweisungen verstanden?,Did all employees understand the instructions?,B2,verb phrase,5,very_high,Common workplace and everyday expression,,,,standard,,work;communication,instructions;work,,,,,,,,,klare Anweisungen verstehen; Anweisungen befolgen,Vorgaben verstehen,,,,draft
3360,phrase,kleinschrittig festhalten,to record something in detailed individual steps,to record step-by-step,Wir müssen jeden Arbeitsschritt kleinschrittig festhalten.,We have to record every work step in detail.,B2,verb phrase,3,medium,Professional expression particularly common in documentation and process management,,,,formal,,work;documentation,documentation;processes,,,,,,,,,Arbeitsschritte kleinschrittig festhalten; Vorgehen festhalten,detailliert dokumentieren,,,,draft
3361,phrase,auf einem Stick speichern,to save data on a USB storage device,to save to a USB stick,Sichern Sie die Präsentation bitte auf einem Stick.,Please save the presentation to a USB stick.,B2,verb phrase,4,high,Common everyday technology expression,,,,standard,,technology;work,IT;storage,,,,,,,,,Dateien auf einem Stick speichern; auf einem USB-Stick speichern,speichern,,,,draft
3362,phrase,einen Bericht vorlegen,to formally submit a report,to submit a report,Er muss bis Freitag einen Bericht vorlegen.,He has to submit a report by Friday.,B2,verb phrase,4,high,Formal professional expression,,,,formal,,work;documentation,reports;submission,,,,,,,,,einen Bericht vorlegen; Bericht fristgerecht vorlegen,einen Bericht einreichen,,,,draft
3363,phrase,Ergebnisse präsentieren,to present results to an audience,to present results,Morgen werden wir dem Kunden die Ergebnisse präsentieren.,Tomorrow we will present the results to the customer.,B2,verb phrase,5,very_high,Common academic and professional expression,,,,standard,,work;presentation,presentation;results,,,,,,,,,Ergebnisse präsentieren; Ergebnisse vor Kunden präsentieren,Ergebnisse vorstellen,,,,draft
3364,phrase,gemeinsam durchgehen,to examine or review something together,to go through together,Lassen Sie uns den Plan noch einmal gemeinsam durchgehen.,Let's go through the plan together one more time.,B2,verb phrase,5,very_high,Very common conversational and professional expression,,,,standard,,communication;work,review;collaboration,,,,,,,,,einen Plan gemeinsam durchgehen; Dokument gemeinsam durchgehen,gemeinsam überprüfen,,,,draft
3365,phrase,eine Grafik einpflegen,to insert a graphic into a document or system,to enter/insert a graphic,Kannst du diese Grafik noch in den Bericht einpflegen?,Can you insert this graphic into the report?,B2,verb phrase,3,medium,Professional/IT expression; usage depends on workplace context,,,,standard,,work;IT,documents;graphics,,,,,,,,,Grafik in einen Bericht einpflegen; Daten einpflegen,einfügen,,,,draft
3366,phrase,den Laptop herunterfahren,to shut down a laptop,to shut down the laptop,"Vergessen Sie nicht, den Laptop herunterzufahren.",Don't forget to shut down the laptop.,B2,verb phrase,5,very_high,Very common technology expression,,,,standard,,technology;daily_life,IT;devices,,,,true,true,haben,fährt herunter,fuhr herunter,heruntergefahren,Akk,Computer herunterfahren; Laptop herunterfahren,ausschalten,,,,draft
3367,phrase,einen Probedurchlauf machen,to perform a trial run before the actual event,to make a test run,Wir machen einen Probedurchlauf vor der Präsentation.,We are doing a test run before the presentation.,B2,verb phrase,4,high,Common in presentations, events and technical contexts,,,,standard,,work;events,testing;preparation,,,,,,,,,einen Probedurchlauf machen; Probedurchlauf durchführen,einen Testlauf machen,,,,draft
3368,phrase,eine Sicherungskopie machen,to create a duplicate copy for backup,to make a backup copy,Machen Sie täglich eine Sicherungskopie Ihrer Daten.,Make a backup copy of your data daily.,B2,verb phrase,5,very_high,Common IT and data-management expression,,,,standard,,technology;work,backup;data,,,,,,,,,eine Sicherungskopie erstellen; Sicherungskopie machen,Daten sichern,,,,draft
3369,phrase,schriftlich dokumentieren,to record something in written form,to document in writing,Jeder Fehler muss schriftlich dokumentiert werden.,Every error must be documented in writing.,B2,verb phrase,5,very_high,Common formal and professional expression,,,,formal,,work;documentation,documentation;compliance,,,,,,,,,schriftlich dokumentieren; Vorgänge schriftlich dokumentieren,schriftlich festhalten,,,,draft
3370,phrase,Unterlagen zusammenstellen,to collect and organize required documents,to compile documents,Ich muss noch die Unterlagen für das Meeting zusammenstellen.,I still have to compile the documents for the meeting.,B2,verb phrase,5,very_high,Very common administrative expression,,,,standard,,work;administration,documents;organization,,,,,,,,,Unterlagen zusammenstellen; erforderliche Unterlagen,Dokumente sammeln,,,,draft
3371,phrase,Vorbereitungen treffen,to make the necessary preparations,to make preparations,Wir haben alle Vorbereitungen für das Event getroffen.,We have made all preparations for the event.,B2,verb phrase,5,very_high,Common fixed collocation in formal and everyday language,,,,standard,,work;events,preparation;planning,,,,,,,,,Vorbereitungen treffen; notwendige Vorbereitungen treffen,sich vorbereiten,,,,draft
3372,word,absagen,to cancel an appointment or event,to cancel,Ich muss den Termin leider krankheitsbedingt absagen.,Unfortunately I have to cancel the appointment due to illness.,B2,verb,5,very_high,Very common verb with several related senses,,,,standard,,appointments;events,cancellation;communication,,,,true,true,haben,sagt ab,sagte ab,abgesagt,Akk,einen Termin absagen; Veranstaltung absagen; kurzfristig absagen,stornieren,zusagen,,,,draft
3373,phrase,um etwas bitten,to politely ask for something,to ask for something,Darf ich Sie um einen Gefallen bitten?,May I ask you for a favour?,B2,verb phrase,5,very_high,Very common polite request construction,,,,standard,,communication;requests,request;politeness,,,,,,,,,jemanden um Hilfe bitten; um einen Gefallen bitten,fragen,verweigern,,,draft
3374,phrase,einen Gegenvorschlag machen,to propose an alternative to an existing suggestion,to make a counter-proposal,"Der Termin passt nicht, darf ich einen Gegenvorschlag machen?","The date doesn't suit, may I make a counter-proposal?",B2,verb phrase,4,high,Common in negotiations and scheduling,,,,formal,,communication;negotiation,negotiation;alternative,,,,,,,,,einen Gegenvorschlag machen; einen Gegenvorschlag unterbreiten,Alternative vorschlagen,,,,draft
3375,phrase,seine Meinung ausdrücken,to state one's personal view,to express one’s opinion,Jeder darf hier offen seine Meinung ausdrücken.,Everyone is allowed to express their opinion openly here.,B2,verb phrase,5,very_high,Common communication expression,,,,standard,,communication;discussion,opinion;argumentation,,,,,,,,,seine Meinung offen ausdrücken; Meinung ausdrücken,seine Meinung äußern,,,,draft
3376,word,nachfragen,to ask again or request clarification,to ask / enquire,"Ich wollte nur kurz nachfragen, ob alles geklappt hat.",I just wanted to briefly ask if everything worked out.,B2,verb,5,very_high,Very common everyday and professional verb,,,,standard,,communication;work,follow_up;clarification,,,,true,true,haben,fragt nach,fragte nach,nachgefragt,bei + Dat / ob,bei jemandem nachfragen; noch einmal nachfragen,sich erkundigen,,,,draft
3377,word,zustimmen,to agree with or approve something,to consent / agree,Der Chef muss dem Urlaubsantrag noch zustimmen.,The boss still has to consent to the leave request.,B2,verb,5,very_high,Very common verb especially with zu + dative,,,,standard,,communication;work,agreement;approval,,,,false,false,haben,stimmt zu,stimmte zu,zugestimmt,Dat,einem Vorschlag zustimmen; einem Antrag zustimmen,einverstanden sein,ablehnen,,,,draft
3378,phrase,einverstanden sein,to agree with a proposal or situation,to agree,Sind Sie mit diesem Vorschlag einverstanden?,Do you agree with this proposal?,B2,adjective phrase,5,very_high,Very common agreement expression,,,,standard,,communication;decision,agreement;consent,,,,,,,,,mit etwas einverstanden sein; damit einverstanden sein,zustimmen,nicht einverstanden sein,,,draft
3379,word,der Aufkleber,sticker attached to a surface,sticker,Der Aufkleber „Zerbrechlich“ muss auf das Paket.,The sticker 'Fragile' must be on the package.,B2,noun,4,high,Common everyday noun,,,,standard,,objects;shipping,labels;packaging,der,Aufkleber,des Aufklebers,,,,,,,,,Aufkleber anbringen; Aufkleber entfernen,Sticker,,,,draft
3380,word,der Aussteller,person or company presenting products at an exhibition,exhibitor,Viele Aussteller präsentieren ihre Neuheiten auf der Messe.,Many exhibitors present their novelties at the trade fair.,B2,noun,4,high,Common trade-fair term,,,,standard,,business;events,trade_fair;business,der,Aussteller,des Ausstellers,,,,,,,,,Aussteller auf einer Messe; Aussteller präsentieren,Teilnehmer,,,,draft
3381,word,die Broschüre,small booklet containing information or advertising,brochure,Haben Sie eine Broschüre über Ihre Produkte?,Do you have a brochure about your products?,B2,noun,4,high,Common informational and marketing noun,,,,standard,,business;media,marketing;information,die,Broschüren,der Broschüre,,,,,,,,,eine Broschüre erstellen; Broschüre über Produkte,Prospekt,,,,draft
3382,word,das Datenblatt,document containing technical or product specifications,datasheet,Alle technischen Details finden Sie im Datenblatt.,You can find all technical details in the datasheet.,B2,noun,4,high,Common technical and product term,,,,formal,,technology;business,technical;documentation,das,Datenblätter,des Datenblatts,,,,,,,,,technisches Datenblatt; Datenblatt herunterladen,Spezifikationsblatt,,,,draft
3383,word,das Detail,specific individual piece of information,detail,Wir müssen noch über ein wichtiges Detail sprechen.,We still have to talk about an important detail.,B2,noun,5,very_high,Very common general noun,,,,standard,,communication;work,information;precision,das,Details,des Details,,,,,,,,,ein wichtiges Detail; im Detail besprechen,Einzelheit,,,,draft
3384,word,die Dienstleistung,service provided commercially rather than as a physical product,service,Wir bieten Dienstleistungen im IT-Bereich an.,We offer services in the IT sector.,B2,noun,5,very_high,Important business and economic term,,,,formal,,business;economics,services;business,die,Dienstleistungen,der Dienstleistung,,,,,,,,,Dienstleistungen anbieten; IT-Dienstleistungen,Service,Produkt,,,draft
3385,word,der Flyer,small printed advertising leaflet,flyer,Wir verteilen Flyer in der Fußgängerzone.,We are distributing flyers in the pedestrian zone.,B2,noun,5,very_high,Very common modern marketing term,,,,informal,,marketing;business,advertising;print,der,Flyer,des Flyers,,,,,,,,,Flyer verteilen; Flyer gestalten,Handzettel,,,,draft
3386,word,das Give-away,promotional item given to customers free of charge,give away,Kugelschreiber sind beliebte Give-aways auf Messen.,Ballpoint pens are popular give-aways at trade fairs.,B2,noun,3,medium,Anglicism used mainly in marketing and trade-fair contexts,,,,informal,,marketing;business,promotion;trade_fair,das,Give-aways,des Give-aways,,,,,,,,,Werbegeschenk als Give-away; Give-aways verteilen,Werbegeschenk,,,,draft
3387,word,der Großhändler,business that sells goods in large quantities to retailers,wholesaler,Wir kaufen unsere Ware direkt beim Großhändler.,We buy our goods directly from the wholesaler.,B2,noun,3,medium,Common commercial term,,,,formal,,business;trade,wholesale;commerce,der,Großhändler,des Großhändlers,,,,,,,,,direkt beim Großhändler kaufen; Großhändler beliefern,Großhandelsunternehmen,Einzelhändler,,,draft
3388,word,der Katalog,organized list or publication showing products or services,catalogue,Ich schicke Ihnen unseren aktuellen Katalog zu.,I will send you our current catalogue.,B2,noun,5,very_high,Very common business and retail term,,,,standard,,business;marketing,products;catalogue,der,Kataloge,des Katalogs,,,,,,,,,aktueller Katalog; Katalog zuschicken,Produktkatalog,,,,draft
3389,word,die Leistungsschau,public exhibition demonstrating achievements or products,exhibition / showcase,Die Messe ist eine wichtige Leistungsschau der Branche.,The trade fair is an important showcase for the industry.,B2,noun,2,low,Formal term mainly used for exhibitions and industry events,,,,formal,,business;events,exhibition;industry,die,Leistungsschauen,der Leistungsschau,,,,,,,,,Leistungsschau der Branche; große Leistungsschau,Ausstellung,,,,draft
3390,word,das Logo,graphic symbol representing a company or organization,logo,Das Firmenlogo sollte auf jeder Seite sichtbar sein.,The company logo should be visible on every page.,B2,noun,5,very_high,Very common business and design term,,,,standard,,business;design,branding;marketing,das,Logos,des Logos,,,,,,,,,Firmenlogo; Logo gestalten; Logo platzieren,Markenzeichen,,,,draft
3391,word,das Muster,small representative example or sample of a product or material,sample,Kann ich ein Muster des Stoffes bekommen?,Can I get a sample of the fabric?,B2,noun,5,very_high,Very common noun with several meanings; this is the sample sense,,,,standard,,business;products,product;sample,das,Muster,des Musters,,,,,,,,,ein Muster bestellen; Muster des Stoffes,Probe,,,,draft
3392,word,das Poster,large printed image or notice for display,poster,Das Poster wirbt für unsere neue Kampagne.,The poster advertises our new campaign.,B2,noun,5,very_high,Common media and advertising term,,,,standard,,marketing;media,advertising;print,das,Poster,des Posters,,,,,,,,,Poster aufhängen; Werbeposter,Plakat,,,,draft
3393,word,der Prospektständer,stand used for displaying brochures,brochure stand,Der Prospektständer steht direkt am Eingang.,The brochure stand is right at the entrance.,B2,noun,2,low,Specialized retail and exhibition term,,,,standard,,business;events,marketing;display,der,Prospektständer,des Prospektständers,,,,,,,,,Prospektständer aufstellen; am Prospektständer,,,,,draft
3394,word,der Stand,designated booth at an exhibition or trade fair,stand / booth,Besuchen Sie uns an unserem Stand in Halle 3.,Visit us at our stand in Hall 3.,B2,noun,5,very_high,Very common noun with many meanings; this is the trade-fair sense,,,,standard,,business;events,trade_fair;exhibition,der,Stände,des Standes,,,,,,,,,am Messestand; einen Stand betreiben,Messestand,,,,draft
3395,word,das Start-up-Unternehmen,newly established company designed for rapid growth,start-up,Das Start-up-Unternehmen sucht nach Investoren.,The start-up is looking for investors.,B2,noun,4,high,Common modern business term,,,,standard,,business;entrepreneurship,startup;investment,das,Start-up-Unternehmen,des Start-up-Unternehmens,,,,,,,,,ein Start-up-Unternehmen gründen; Start-up sucht Investoren,Start-up,,,,draft
3396,word,die To-do-Liste,list of tasks that need to be completed,to-do list,Ich habe den Punkt auf meine To-do-Liste gesetzt.,I have put the item on my to-do list.,B2,noun,5,very_high,Very common modern workplace term,,,,informal,,work;organization,productivity;tasks,die,To-do-Listen,der To-do-Liste,,,,,,,,,To-do-Liste erstellen; Punkt auf die To-do-Liste setzen,Aufgabenliste,,,,draft
3397,word,der Veranstalter,person or organization responsible for organizing an event,organiser,Der Veranstalter erwartet 5000 Besucher.,The organiser expects 5000 visitors.,B2,noun,4,high,Common event and business term,,,,standard,,events;business,organization;events,der,Veranstalter,des Veranstalters,,,,,,,,,Veranstalter einer Messe; Veranstalter informieren,Organisator,,,,draft
3398,word,die Visitenkarte,small card containing professional contact details,business card,Darf ich Ihnen meine Visitenkarte geben?,May I give you my business card?,B2,noun,4,high,Common business and networking term,,,,standard,,business;communication,networking;contact,die,Visitenkarten,der Visitenkarte,,,,,,,,,Visitenkarte überreichen; Visitenkarten austauschen,Kontaktkarte,,,,draft
3399,word,das Werbegeschenk,item given to customers for promotional purposes,freebie / promotional gift,Jeder Kunde erhält ein kleines Werbegeschenk.,Every customer receives a small promotional gift.,B2,noun,4,high,Common marketing and retail term,,,,standard,,marketing;business,promotion;gift,das,Werbegeschenke,des Werbegeschenks,,,,,,,,,Werbegeschenke verteilen; kleines Werbegeschenk,Give-away,,,,draft
3400,word,der Wettbewerber,company or person competing in the same market,competitor,Wir müssen die Preise unserer Wettbewerber beobachten.,We have to monitor our competitors' prices.,B2,noun,4,high,Common formal business term,,,,formal,,business;competition,competition;market,der,Wettbewerber,des Wettbewerbers,,,,,,,,,Preise der Wettbewerber; Wettbewerber beobachten,Konkurrent,Partner,,,draft
3401,word,innovativ,characterized by new ideas, methods or technology,innovative,Diese innovative Technik spart viel Energie.,This innovative technology saves a lot of energy.,B2,adjective,5,very_high,Very common in business, technology and marketing language,,,,standard,,business;technology,innovation;technology,,,,,,,,,innovative Technik; innovatives Unternehmen; innovative Lösung,neu,konventionell,,,draft
3402,word,einzigartig,existing as the only one of its kind,unique,Unser Service ist in dieser Region einzigartig.,Our service is unique in this region.,B2,adjective,5,very_high,Very common descriptive adjective,,,,standard,,business;description,uniqueness;marketing,,,,,,,,,einzigartig sein; einzigartiges Angebot,einmalig,gewöhnlich,,,draft
3403,word,wettbewerbsfähig,able to compete successfully in a market,competitive,Wir müssen wettbewerbsfähig bleiben.,We must remain competitive.,B2,adjective,4,high,Important business and economic adjective,,,,formal,,business;economics,competition;market,,,,,,,,,wettbewerbsfähig bleiben; wettbewerbsfähige Preise,konkurrenzfähig,nicht konkurrenzfähig,,,draft
3404,phrase,die aktuelle Situation auf dem Markt,the present state of market conditions,current situation on the market,Die aktuelle Situation auf dem Markt ist schwierig.,The current situation on the market is difficult.,B2,noun phrase,4,high,Common business and economic expression,,,,formal,,business;economics,market;economy,,,,,,,,,aktuelle Situation auf dem Markt; Marktsituation analysieren,Marktlage,,,,draft
3405,phrase,Angebote vergleichen,to compare competing offers or proposals,to compare offers,"Bevor wir kaufen, sollten wir mehrere Angebote vergleichen.","Before we buy, we should compare several offers.",B2,verb phrase,5,very_high,Very common consumer and business expression,,,,standard,,business;shopping,comparison;procurement,,,,,,,,,mehrere Angebote vergleichen; Preise und Angebote vergleichen,Angebote gegenüberstellen,,,,draft
3406,phrase,keine Zeit verschwenden,to avoid using time unnecessarily,to waste no time,Lassen Sie uns keine Zeit verschwenden und anfangen.,Let's waste no time and start.,B2,phrase,5,very_high,Very common fixed expression,,,,standard,,time;work,productivity;time_management,,,,,,,,,keine Zeit verschwenden; unnötig Zeit verschwenden,Zeit sparen,Zeit verschwenden,,,draft
3407,phrase,Präsenz zeigen,to make one's presence noticeable or demonstrate involvement,to make one’s presence felt / show presence,Auf dieser Messe müssen wir unbedingt Präsenz zeigen.,We absolutely have to show presence at this trade fair.,B2,verb phrase,4,high,Common formal expression in business, politics and public contexts,,,,formal,,business;events,visibility;networking,,,,,,,,,Präsenz zeigen; auf einer Messe Präsenz zeigen,sichtbar sein,abwesend sein,,,draft
3408,phrase,eine Preisliste beilegen,to include a price list with another document,to enclose a price list,Ich werde dem Brief eine aktuelle Preisliste beilegen.,I will enclose a current price list with the letter.,B2,verb phrase,3,medium,Formal business correspondence expression,,,,formal,,business;communication,sales;documents,,,,true,true,haben,legt bei,legte bei,beigelegt,Dat + Akk,einem Schreiben eine Preisliste beilegen; Preisliste beilegen,beifügen,entfernen,,,draft
3409,phrase,Produkte präsentieren,to present products to customers or an audience,to present products,Wir präsentieren unsere Produkte einem breiten Publikum.,We present our products to a wide audience.,B2,verb phrase,5,very_high,Common marketing and business expression,,,,standard,,business;marketing,presentation;products,,,,,,,,,Produkte präsentieren; neue Produkte präsentieren,Produkte vorstellen,,,,draft
3410,phrase,sich über Trends informieren,to learn about current developments or tendencies,to find out about trends,Auf der Messe kann man sich gut über Trends informieren.,"At the trade fair, one can find out well about trends.",B2,reflexive verb phrase,5,very_high,Common expression in business, fashion and technology contexts,,,,standard,,business;media,trends;research,,,,true,false,haben,informiert sich,informierte sich,sich informiert,über + Akk,sich über aktuelle Trends informieren; sich über Trends informieren,sich erkundigen,,,,draft
3411,phrase,Umsatz machen,to generate sales revenue,to make sales / turnover,Wir wollen dieses Jahr mehr Umsatz machen.,We want to make more turnover this year.,B2,verb phrase,5,very_high,Very common business expression,,,,standard,,business;finance,sales;revenue,,,,,,,,,mehr Umsatz machen; hohen Umsatz machen,Umsatz erzielen,,,,draft
3412,word,die Ab-/Zusage,acceptance or rejection of an application or request,cancellation / acceptance,Ich warte noch auf eine Zusage für den Job.,I am still waiting for an acceptance for the job.,B2,noun,4,high,Common employment and appointment expression; context determines acceptance or cancellation,,,,standard,,work;communication,application;response,die,Ab-/Zusagen,der Ab-/Zusage,,,,,,,,,eine Zusage erhalten; auf eine Zusage warten,Bestätigung,Absage,,,,draft
3413,word,die Filiale,branch of a company or shop,branch,Unsere neue Filiale eröffnet nächsten Monat.,Our new branch opens next month.,B2,noun,5,very_high,Very common retail and banking term,,,,standard,,business;retail,branch;company,die,Filialen,der Filiale,,,,,,,,,eine Filiale eröffnen; Filiale schließen,Niederlassung,Hauptsitz,,,draft
3414,word,die Qualität,degree to which something meets expected standards,quality,Wir legen großen Wert auf hohe Qualität.,We attach great importance to high quality.,B2,noun,5,very_high,Very common general and business noun,,,,standard,,business;products,quality;standards,die,Qualitäten,der Qualität,,,,,,,,,hohe Qualität; Qualität sichern; Wert auf Qualität legen,Güte,minderwertige Qualität,,,draft
3415,word,die Saison,period of the year associated with a particular activity or demand,season,In der Hauptsaison haben wir viel zu tun.,We are very busy in the peak season.,B2,noun,5,very_high,Very common noun in travel, retail, sport and agriculture,,,,standard,,business;travel,time;season,die,Saisons,der Saison,,,,,,,,,Hauptsaison; Nebensaison; in der Saison,Jahreszeit,,,,draft
3416,word,die Wartung,regular inspection and maintenance of equipment,maintenance,Die regelmäßige Wartung der Maschinen ist wichtig.,Regular maintenance of the machines is important.,B2,noun,4,high,Common technical and industrial term,,,,formal,,technology;industry,maintenance;machines,die,Wartungen,der Wartung,,,,,,,,,regelmäßige Wartung; Wartung durchführen; Wartungsarbeiten,Instandhaltung,Reparatur,,,draft
3417,phrase,Einzelheiten besprechen,to discuss specific details,to discuss details,Wir müssen noch die Einzelheiten des Vertrags besprechen.,We still have to discuss the details of the contract.,B2,verb phrase,5,very_high,Common formal and professional expression,,,,standard,,business;contracts,details;negotiation,,,,,,,,,Einzelheiten besprechen; weitere Einzelheiten,Details besprechen,,,,draft
3418,phrase,gezielte Fragen stellen,to ask questions aimed specifically at a particular issue,to ask specific questions,"Stellen Sie gezielte Fragen, um das Problem zu verstehen.",Ask specific questions to understand the problem.,B2,verb phrase,4,high,Common academic, professional and interview expression,,,,formal,,communication;problem_solving,questions;analysis,,,,,,,,,gezielte Fragen stellen; gezielt nachfragen,konkrete Fragen stellen,,,,draft
3419,word,die Liefer- und Zahlungsbedingungen,conditions governing delivery and payment,terms of delivery and payment,Die Liefer- und Zahlungsbedingungen finden Sie in den AGB.,You can find the terms of delivery and payment in the general terms and conditions.,B2,noun phrase,3,medium,Formal commercial term frequently used in contracts and sales,,,,formal,,business;contracts,delivery;payment;terms,die,Liefer- und Zahlungsbedingungen,der Liefer- und Zahlungsbedingung,,,,,,,,,Liefer- und Zahlungsbedingungen festlegen; Bedingungen akzeptieren,Geschäftsbedingungen,,,,draft
3420,phrase,Notizen machen,to write down important information,to take notes,Ich werde mir während des Gesprächs Notizen machen.,I will take notes during the conversation.,B2,verb phrase,5,very_high,Very common everyday and professional expression,,,,standard,,communication;work,notes;meetings,,,,,,,,,sich Notizen machen; während des Gesprächs Notizen machen,notieren,,,,draft
3421,phrase,eine praktische Lösung ausdenken,to devise a solution that can realistically be implemented,to come up with a practical solution,Wir müssen uns schnell eine praktische Lösung ausdenken.,We have to come up with a practical solution quickly.,B2,verb phrase,4,high,Common problem-solving expression,,,,standard,,problem_solving;work,solution;creativity,,,,true,true,haben,denkt sich aus,dachte sich aus,ausgedacht,Akk,sich eine Lösung ausdenken; praktische Lösung,eine Lösung entwickeln,aufgeben,,,draft
3422,phrase,Rückfragen stellen,to ask follow-up questions,to ask questions (follow-up),"Zögern Sie nicht, Rückfragen zu stellen.",Do not hesitate to ask follow-up questions.,B2,verb phrase,4,high,Common formal and professional communication term,,,,formal,,communication;work,clarification;questions,,,,,,,,,Rückfragen stellen; bei Unklarheiten Rückfragen stellen,nachfragen,,,,draft
3423,phrase,sich auf das Gespräch konzentrieren,to focus one's attention on the conversation,to focus on the conversation,Bitte konzentrieren Sie sich auf das Gespräch.,Please focus on the conversation.,B2,reflexive verb phrase,5,very_high,Very common expression with sich auf + accusative,,,,standard,,communication;work,focus;conversation,,,,true,false,haben,konzentriert sich,konzentrierte sich,sich konzentriert,auf + Akk,sich auf ein Gespräch konzentrieren; sich auf etwas konzentrieren,aufmerksam sein,abgelenkt sein,,,draft
3424,word,die Anfrage,request for information or an offer,enquiry,Wir haben eine Anfrage bezüglich unserer Preise erhalten.,We received an enquiry regarding our prices.,B2,noun,5,very_high,Very common formal business noun,,,,formal,,business;communication,customer;request,die,Anfragen,der Anfrage,,,,,,,,,eine Anfrage erhalten; eine Anfrage stellen; Anfrage bezüglich,Anfrage,Antwort,,,draft
3425,word,der Eilzuschlag,additional charge for urgent or expedited service,express surcharge,Für Lieferungen am selben Tag berechnen wir einen Eilzuschlag.,We charge an express surcharge for same-day deliveries.,B2,noun,2,low,Specialized commercial term,,,,formal,,business;shipping,delivery;pricing,der,Eilzuschläge,des Eilzuschlags,,,,,,,,,Eilzuschlag berechnen; Lieferung gegen Eilzuschlag,Expresszuschlag,,,,draft
3426,word,der Gesamtpreis,total amount to be paid,total price,Der Gesamtpreis beinhaltet alle Steuern.,The total price includes all taxes.,B2,noun,4,high,Common commercial and consumer term,,,,standard,,business;shopping,pricing;cost,der,Gesamtpreise,des Gesamtpreises,,,,,,,,,Gesamtpreis inklusive Mehrwertsteuer; Gesamtpreis berechnen,Endpreis,,,,draft
3427,word,das Mailing,large-scale promotional or informational message sent to many recipients,mailing,Wir planen ein großes Mailing an alle Bestandskunden.,We are planning a large mailing to all existing customers.,B2,noun,3,medium,Marketing term commonly used in business contexts,,,,business,,marketing;communication,email;marketing,das,Mailings,des Mailings,,,,,,,,,Mailing verschicken; großes Mailing planen,Werbemailing,,,,draft
3428,word,der Nettopreis,price before taxes or other additions,net price,Gewerbekunden zahlen den Nettopreis.,Business customers pay the net price.,B2,noun,4,high,Common commercial and accounting term,,,,formal,,business;finance,pricing;tax,der,Nettopreise,des Nettopreises,,,,,,,,,Nettopreis zuzüglich Mehrwertsteuer; Nettopreis angeben,Preis ohne Mehrwertsteuer,Bruttopreis,,,draft
3429,word,der Bruttopreis,price including applicable taxes,gross price,Der Bruttopreis enthält die Mehrwertsteuer.,The gross price includes VAT.,B2,noun,4,high,Common commercial and consumer term,,,,formal,,business;finance,pricing;tax,der,Bruttopreise,des Bruttopreises,,,,,,,,,Bruttopreis inklusive Mehrwertsteuer; Bruttopreis angeben,Preis inklusive Mehrwertsteuer,Nettopreis,,,draft
3430,word,die Neukundengewinnung,process of acquiring new customers,new customer acquisition,Die Neukundengewinnung ist dieses Jahr unser Hauptziel.,New customer acquisition is our main goal this year.,B2,noun,3,medium,Common business and marketing term,,,,formal,,business;marketing,sales;customer_acquisition,die,Neukundengewinnungen,der Neukundengewinnung,,,,,,,,,Neukundengewinnung steigern; Maßnahmen zur Neukundengewinnung,Kundengewinnung,Kundenbindung,,,draft
3431,word,der Sonderwunsch,request that goes beyond the standard offer or arrangement,special request,"Wir versuchen, jeden Sonderwunsch zu erfüllen.",We try to fulfill every special request.,B2,noun,4,high,Common in hospitality, retail and customer service,,,,standard,,business;services,customer_service;requests,der,Sonderwünsche,des Sonderwunsches,,,,,,,,,einen Sonderwunsch erfüllen; Sonderwünsche berücksichtigen,besonderer Wunsch,Standardwunsch,,,draft
3432,phrase,das Angebot ist gültig bis,the offer remains valid until a specified date,the offer is valid until,Dieses Angebot ist gültig bis Ende des Monats.,This offer is valid until the end of the month.,B2,phrase,4,high,Common formal commercial wording,,,,formal,,business;contracts,offers;validity,,,,,,,,,Angebot ist gültig bis; Angebot gültig bis zum,Angebotsfrist,,,,draft
3433,phrase,ein Angebot unterbreiten,to formally make an offer,to make / submit an offer,Dürfen wir Ihnen ein Angebot unterbreiten?,May we submit an offer to you?,B2,verb phrase,4,high,Formal business expression especially common in written communication,,,,formal,,business;negotiation,sales;offers,,,,,,,,,ein Angebot unterbreiten; ein unverbindliches Angebot unterbreiten,ein Angebot machen,,,,draft
3434,phrase,ein Angebot verhandeln,to negotiate the terms or price of an offer,to negotiate an offer,Wir können das Angebot gerne noch verhandeln.,We can certainly still negotiate the offer.,B2,verb phrase,4,high,Common business negotiation expression,,,,standard,,business;negotiation,negotiation;pricing,,,,,,,,,über ein Angebot verhandeln; Angebot nachverhandeln,ein Angebot aushandeln,,,,draft
3435,phrase,das unverbindliche Angebot,offer that does not legally bind the provider,non-binding offer,Hier ist ein unverbindliches Angebot für Sie.,Here is a non-binding offer for you.,B2,noun phrase,4,high,Common commercial and contract-related expression,,,,formal,,business;contracts,offer;negotiation,das,unverbindliche Angebote,des unverbindlichen Angebots,,,,,,,,,ein unverbindliches Angebot erstellen; unverbindliches Angebot erhalten,freibleibendes Angebot,verbindliches Angebot,,,draft
3436,phrase,zu\u00fcglich der gesetzlich geltenden Mehrwertsteuer,with statutory VAT added to the stated price,plus statutory value-added tax,Der Preis versteht sich zuzüglich der gesetzlich geltenden Mehrwertsteuer.,The price is plus statutory value-added tax.,B2,prepositional phrase,3,medium,Formal commercial wording typically found in offers and invoices,,,,formal,,business;finance,tax;pricing,,,,,,,,,zuzüglich der Mehrwertsteuer; zuzüglich gesetzlicher Mehrwertsteuer,zzgl. MwSt.,inklusive Mehrwertsteuer,,,draft
3437,phrase,inklusive der gesetzlich geltenden Mehrwertsteuer,including statutory value-added tax,including statutory VAT,Der Endpreis ist inklusive der gesetzlich geltenden Mehrwertsteuer.,The final price includes statutory VAT.,B2,prepositional phrase,4,high,Common formal commercial wording,,,,formal,,business;finance,tax;pricing,,,,,,,,,inklusive der Mehrwertsteuer; inklusive gesetzlicher Mehrwertsteuer,inkl. MwSt.,zuzüglich Mehrwertsteuer,,,draft
3438,word,die Lieferkosten,amount charged for delivery,delivery costs,Die Lieferkosten übernehmen wir.,We cover the delivery costs.,B2,noun,5,very_high,Very common commercial term,,,,standard,,business;shipping,delivery;costs,die,Lieferkosten,der Lieferkosten,,,,,,,,,Lieferkosten übernehmen; Lieferkosten berechnen,Versandkosten,,,,draft
3439,word,der Preisnachlass,reduction in the price,price reduction / discount,Bei Barzahlung gewähren wir einen Preisnachlass.,We grant a price reduction for cash payment.,B2,noun,4,high,Common commercial term,,,,standard,,business;shopping,pricing;discount,der,Preisnachlässe,des Preisnachlasses,,,,,,,,,einen Preisnachlass gewähren; Preisnachlass erhalten,Rabatt,Preiserhöhung,,,draft
3440,word,der Rabatt,reduction from the regular price,discount,Stammkunden erhalten 10% Rabatt.,Regular customers receive a 10% discount.,B2,noun,5,very_high,Very common consumer and business term,,,,standard,,shopping;business,discount;pricing,der,Rabatte,des Rabatts,,,,,,,,,Rabatt gewähren; Rabatt bekommen; zehn Prozent Rabatt,Preisnachlass,Zuschlag,,,draft
3441,word,die Ratenzahlung,payment made in several instalments,instalment payment,Ist eine Ratenzahlung möglich?,Is payment by instalment possible?,B2,noun,4,high,Common financial and commercial term,,,,formal,,finance;shopping,payment;credit,die,Ratenzahlungen,der Ratenzahlung,,,,,,,,,Ratenzahlung vereinbaren; Ratenzahlung anbieten,Teilzahlung,Einmalzahlung,,,draft
3442,word,das Skonto,discount granted for early payment,early-payment discount,Bei Zahlung innerhalb von 10 Tagen ziehen wir 2% Skonto ab.,We deduct a 2% early-payment discount for payment within 10 days.,B2,noun,3,medium,Specialized commercial accounting term,,,,formal,,finance;business,payment;discount,das,Skonti,des Skontos,,,,,,,,,Skonto abziehen; Skonto gewähren,Frühzahlungsrabatt,,,,draft
3443,word,die Vorauszahlung,payment made before delivery or service,advance payment,Wir bitten um eine Vorauszahlung von 50%.,We ask for an advance payment of 50%.,B2,noun,4,high,Common commercial and financial term,,,,formal,,finance;business,payment;contracts,die,Vorauszahlungen,der Vorauszahlung,,,,,,,,,Vorauszahlung leisten; Vorauszahlung verlangen,Anzahlung,Nachzahlung,,,draft
3444,word,der Werktag,day on which business operations normally take place,working day,Die Lieferung erfolgt innerhalb von drei Werktagen.,Delivery takes place within three working days.,B2,noun,5,very_high,Very common in delivery and legal time specifications,,,,formal,,time;business,working_days;deadlines,der,Werktage,des Werktages,,,,,,,,,innerhalb von drei Werktagen; nächster Werktag,Arbeitstag,Feiertag,,,draft
3445,phrase,ab Werk,with goods made available at the seller's premises,ex works,Die Preise gelten ab Werk.,The prices apply ex works.,B2,prepositional phrase,3,medium,Specialized commercial delivery term,,,,formal,,business;logistics,delivery;contracts,,,,,,,,,Preis ab Werk; Lieferung ab Werk,ab Fabrik,,,,draft
3446,phrase,bei Erhalt der Ware,upon receipt of the goods,upon receipt of the goods,Zahlbar sofort bei Erhalt der Ware.,Payable immediately upon receipt of the goods.,B2,prepositional phrase,4,high,Common commercial payment wording,,,,formal,,business;finance,payment;delivery,,,,,,,,,Zahlung bei Erhalt der Ware; bei Erhalt der Ware bezahlen,bei Lieferung,,,,draft
3447,phrase,die Ware umtauschen,to exchange purchased goods,to exchange the goods,Sie können die Ware innerhalb von 14 Tagen umtauschen.,You can exchange the goods within 14 days.,B2,verb phrase,5,very_high,Very common retail expression,,,,standard,,shopping;consumer_rights,exchange;returns,,,,true,true,haben,tauscht um,tauschte um,umgetauscht,Akk,Ware umtauschen; einen Artikel umtauschen,zurückgeben,behalten,,,draft
3448,phrase,frei Grenze,delivery free up to the border,free to the border,Wir liefern frei Grenze.,We deliver free to the border.,B2,prepositional phrase,2,low,Specialized logistics and commercial delivery term,,,,formal,,business;logistics,delivery;shipping,,,,,,,,,frei Grenze liefern; Lieferung frei Grenze,,,,,draft
3449,phrase,frei Haus,delivery included to the customer's premises,free delivery / carriage paid,Ab einem Bestellwert von 500 Euro liefern wir frei Haus.,We offer free delivery for orders over 500 euros.,B2,phrase,4,high,Common German commercial expression,,,,standard,,shopping;business,delivery;pricing,,,,,,,,,frei Haus liefern; Lieferung frei Haus,kostenlose Lieferung,,,,draft
3450,phrase,keine Garantie übernehmen,to refuse to provide a guarantee,to offer no guarantee,Für Verschleißteile können wir keine Garantie übernehmen.,We cannot offer a guarantee for wear parts.,B2,verb phrase,4,high,Common formal contractual expression,,,,formal,,business;contracts,warranty;liability,,,,,,,,,keine Garantie übernehmen; Garantie übernehmen,keine Gewähr übernehmen,Garantie geben,,,draft
3451,phrase,im Anhang,in the attached document,enclosed / attached,Das Angebot finden Sie im Anhang dieser E-Mail.,You will find the offer attached to this email.,B2,prepositional phrase,5,very_high,Very common email expression,,,,standard,,communication;office,email;documents,,,,,,,,,im Anhang finden; Datei im Anhang,beigefügt,,,,draft
3452,word,der Versand,process of sending goods,shipping / dispatch,Der Versand erfolgt morgen.,Shipping will take place tomorrow.,B2,noun,5,very_high,Very common commercial and logistics noun,,,,standard,,business;logistics,shipping;delivery,der,Versände,des Versands,,,,,,,,,Versand erfolgt; Versandkosten; kostenloser Versand,Lieferung,,,,draft
3453,word,frühestens,not before a specified time,at the earliest,Die Ware kommt frühestens am Montag an.,The goods will arrive on Monday at the earliest.,B2,adverb,5,very_high,Common time expression,,,,standard,,time;business,deadlines;delivery,,,,,,,,,frühestens am Montag; frühestens ab,spätestens,,,,draft
3454,word,höchstens,not more than a specified amount,at most,Die Reparatur kostet höchstens 100 Euro.,The repair will cost 100 euros at most.,B2,adverb,5,very_high,Very common quantity and limit expression,,,,standard,,money;time,limits;quantities,,,,,,,,,höchstens kosten; höchstens fünf Personen,maximal,,,,draft
3455,word,mindestens,not less than a specified amount,at least,Es dauert mindestens zwei Wochen.,It takes at least two weeks.,B2,adverb,5,very_high,Very common quantity and time expression,,,,standard,,time;quantity,minimum;limits,,,,,,,,,mindestens zwei Wochen; mindestens zehn Prozent,wenigstens,höchstens,,,draft
3456,word,spätestens,no later than a specified time,at the latest,Bitte zahlen Sie spätestens bis zum 30. April.,Please pay by April 30th at the latest.,B2,adverb,5,very_high,Very common deadline expression,,,,standard,,time;business,deadlines;payment,,,,,,,,,spätestens bis; spätestens am,frühestens,,,,draft
3457,phrase,bankrott sein,to be unable to meet financial obligations,to be bankrupt,Die Firma ist leider bankrott.,The company is unfortunately bankrupt.,B2,adjective phrase,4,high,Common economic and financial expression,,,,standard,,business;finance,bankruptcy;companies,,,,,,,,,bankrott sein; bankrottgehen,zahlungsunfähig sein,solvent sein,,,draft
3458,phrase,zahlbar innerhalb von ... Tagen,payable within a specified number of days,payable within ... days,Der Betrag ist zahlbar innerhalb von 14 Tagen.,The amount is payable within 14 days.,B2,phrase,4,high,Standard invoice and payment wording,,,,formal,,finance;business,payment;deadlines,,,,,,,,,zahlbar innerhalb von 14 Tagen; Rechnung zahlbar,fällig innerhalb von,,,draft
3459,word,die Bürokommunikation,communication conducted in an office or business setting,office communication,Moderne Bürokommunikation ist effizient.,Modern office communication is efficient.,B2,noun,3,medium,Professional administrative term,,,,formal,,work;communication,office;communication,die,Bürokommunikationen,der Bürokommunikation,,,,,,,,,moderne Bürokommunikation; digitale Bürokommunikation,Geschäftskommunikation,,,,draft
3460,word,die Vertriebskenntnisse,knowledge and skills related to sales,sales knowledge,Er hat hervorragende Vertriebskenntnisse.,He has excellent sales knowledge.,B2,noun,3,medium,Specialized professional term,,,,formal,,work;business,sales;skills,die,Vertriebskenntnisse,der Vertriebskenntnis,,,,,,,,,gute Vertriebskenntnisse; Vertriebskenntnisse besitzen,Verkaufserfahrung,,,,draft
3461,word,zukunftsorientiert,focused on future development and innovation,future-oriented,Wir sind ein zukunftsorientiertes Unternehmen.,We are a future-oriented company.,B2,adjective,4,high,Common business and organizational adjective,,,,formal,,business;strategy,future;innovation,,,,,,,,,zukunftsorientiertes Unternehmen; zukunftsorientierte Strategie,vorausschauend,rückwärtsgewandt,,,draft
3462,phrase,gängige Computerprogramme,commonly used computer software,common computer programs,Sie beherrscht alle gängigen Computerprogramme.,She is proficient in all common computer programs.,B2,noun phrase,4,high,Common workplace expression,,,,standard,,work;technology,software;digital_skills,,,,,,,,,gängige Computerprogramme beherrschen; gängige Programme,Standardprogramme,,,,draft
3463,word,die Artikelnummer,identification number assigned to a product,item number,Bitte geben Sie die Artikelnummer an.,Please state the item number.,B2,noun,4,high,Common retail and logistics term,,,,standard,,business;shopping,products;identification,die,Artikelnummern,der Artikelnummer,,,,,,,,,Artikelnummer angeben; Artikelnummer eingeben,Produktnummer,,,,draft
3464,word,die Bestellnummer,number identifying an order,order number,Haben Sie Ihre Bestellnummer parat?,Do you have your order number ready?,B2,noun,4,high,Common ordering and customer-service term,,,,standard,,business;shopping,orders;identification,die,Bestellnummern,der Bestellnummer,,,,,,,,,Bestellnummer angeben; Bestellnummer bereithalten,Auftragsnummer,,,,draft
3465,word,die Artikelbezeichnung,name or description assigned to a product,item description,Die Artikelbezeichnung steht auf der Rechnung.,The item description is on the invoice.,B2,noun,3,medium,Common commercial documentation term,,,,formal,,business;shopping,products;documentation,die,Artikelbezeichnungen,der Artikelbezeichnung,,,,,,,,,Artikelbezeichnung angeben; genaue Artikelbezeichnung,Produktbezeichnung,,,,draft
3466,word,der Bestandskunde,customer who already has an established relationship with a company,existing customer,Als Bestandskunde bekommen Sie Sonderkonditionen.,"As an existing customer, you get special conditions.",B2,noun,3,medium,Common sales and CRM term,,,,formal,,business;marketing,customers;CRM,der,Bestandskunden,des Bestandskunden,,,,,,,,,Bestandskunden betreuen; bestehende Bestandskunden,Stammkunde,Neukunde,,,draft
3467,word,die Kundennummer,number identifying a customer,customer number,Meine Kundennummer lautet 12345.,My customer number is 12345.,B2,noun,4,high,Very common administrative and customer-service term,,,,standard,,business;administration,customer;identification,die,Kundennummern,der Kundennummer,,,,,,,,,Kundennummer angeben; Kundennummer bereithalten,Kunden-ID,,,,draft
3468,word,der Neukunde,customer who has recently started doing business with a company,new customer,Wir wollen mehr Neukunden gewinnen.,We want to acquire more new customers.,B2,noun,4,high,Common business and marketing term,,,,standard,,business;marketing,customer_acquisition,der,Neukunden,des Neukunden,,,,,,,,,Neukunden gewinnen; Neukunden gewinnen,neuer Kunde,Bestandskunde,,,draft
3469,word,der Onlineshop,online retail store,online shop,Unser Onlineshop ist 24 Stunden geöffnet.,Our online shop is open 24 hours.,B2,noun,5,very_high,Very common modern commerce term,,,,standard,,shopping;technology,ecommerce;retail,der,Onlineshops,des Onlineshops,,,,,,,,,Onlineshop betreiben; im Onlineshop bestellen,Onlinegeschäft,,,,draft
3470,word,der Versandhandel,business based on selling and shipping goods by order,mail-order business,Der Versandhandel boomt zurzeit.,The mail-order business is currently booming.,B2,noun,3,medium,Established commercial term,,,,formal,,business;shopping,ecommerce;shipping,der,Versandhandel,des Versandhandels,,,,,,,,,Versandhandel betreiben; Unternehmen im Versandhandel,Distanzhandel,,,,draft
3471,phrase,erhältlich sein,to be available for purchase,to be available,Das Produkt ist ab sofort erhältlich.,The product is available immediately.,B2,verb phrase,5,very_high,Very common commercial and consumer expression,,,,standard,,shopping;business,availability;products,,,,,,,,,ab sofort erhältlich sein; online erhältlich,verfügbar sein,nicht erhältlich sein,,,draft
3472,phrase,jmdm. etw. ausrichten,to pass a message to someone,to pass something on to someone,"Ich werde ihm ausrichten, dass Sie angerufen haben.",I will pass on the message that you called.,B2,verb phrase,4,high,Common communication expression,,,,standard,,communication;work,messages;telephone,,,,true,true,haben,richtet aus,richtete aus,ausgerichtet,Dat + Akk,jemandem etwas ausrichten; Grüße ausrichten,weitergeben,,,,draft
3473,phrase,eine Nachricht hinterlassen,to leave information for someone who is unavailable,to leave a message,Möchten Sie eine Nachricht hinterlassen?,Would you like to leave a message?,B2,verb phrase,5,very_high,Very common telephone and communication expression,,,,standard,,communication;telephone,messages;calls,,,,,,,,,eine Nachricht hinterlassen; Nachricht auf dem Anrufbeantworter,eine Mitteilung hinterlassen,,,,draft
3474,phrase,verfügbar sein,to be available,to be available,Der Artikel ist momentan nicht verfügbar.,The item is currently not available.,B2,verb phrase,5,very_high,Very common general and commercial expression,,,,standard,,shopping;work,availability;resources,,,,,,,,,sofort verfügbar sein; nicht verfügbar sein,erhältlich sein,nicht verfügbar sein,,,draft
3475,word,die Barzahlung,payment using cash,cash payment,Barzahlung ist bei Abholung möglich.,Cash payment is possible upon collection.,B2,noun,4,high,Common payment term,,,,standard,,finance;shopping,payment;cash,die,Barzahlungen,der Barzahlung,,,,,,,,,Barzahlung anbieten; Barzahlung bei Abholung,Bargeldzahlung,Überweisung,,,draft
3476,word,die Mahnung,formal reminder demanding payment or action,formal reminder,Wir haben eine Mahnung wegen der offenen Rechnung geschickt.,We sent a reminder regarding the outstanding invoice.,B2,noun,4,high,Common administrative and financial term,,,,formal,,finance;business,payment;reminder,die,Mahnungen,der Mahnung,,,,,,,,,eine Mahnung schicken; Mahnung erhalten,Zahlungserinnerung,,,,draft
3477,word,das Onlinebanking,banking services carried out online,online banking,Ich erledige meine Überweisungen per Onlinebanking.,I do my transfers via online banking.,B2,noun,5,very_high,Very common modern banking term,,,,standard,,finance;technology,banking;digital,das,Onlinebankings,des Onlinebankings,,,,,,,,,Onlinebanking nutzen; per Onlinebanking überweisen,Online-Banking,,,,draft
3478,word,der Online-Bezahldienst,service enabling payments over the internet,online payment service,PayPal ist ein bekannter Online-Bezahldienst.,PayPal is a well-known online payment service.,B2,noun,4,high,Common fintech and ecommerce term,,,,standard,,finance;technology,payment;ecommerce,der,Online-Bezahldienste,des Online-Bezahldienstes,,,,,,,,,Online-Bezahldienst nutzen; über einen Online-Bezahldienst bezahlen,Zahlungsdienst,,,,draft
3479,word,die Sicherheitsbedenken,concerns about safety or security,security concerns,Es gab Sicherheitsbedenken bei der Transaktion.,There were security concerns regarding the transaction.,B2,noun,4,high,Common formal term in security and finance contexts,,,,formal,,finance;technology,security;risk,die,Sicherheitsbedenken,der Sicherheitsbedenken,,,,,,,,,Sicherheitsbedenken äußern; erhebliche Sicherheitsbedenken,Sicherheitsrisiken,Vertrauen,,,draft
3480,word,der Zahlungsempfänger,person or organization receiving a payment,payee,Der Zahlungsempfänger ist die Muster GmbH.,The payee is Muster GmbH.,B2,noun,3,medium,Specialized banking and payment term,,,,formal,,finance;banking,payments;banking,der,Zahlungsempfänger,des Zahlungsempfängers,,,,,,,,,Zahlungsempfänger angeben; Name des Zahlungsempfängers,Empfänger,Zahlungspflichtiger,,,draft
3481,phrase,der Betrag ist fällig zum ...,payment is due on a specified date,the amount is due on,Der Betrag ist fällig zum 1. Mai.,The amount is due on May 1st.,B2,phrase,4,high,Formal payment wording,,,,formal,,finance;business,payment;deadline,,,,,,,,,Betrag ist fällig zum; fällig am,zahlbar sein,,,,draft
3482,phrase,... Euro ausgeben,to spend a specified amount of money,to spend ... euros,Wir können maximal 500 Euro ausgeben.,We can spend a maximum of 500 euros.,B2,verb phrase,5,very_high,Very common spending expression,,,,standard,,money;shopping,spending;budget,,,,,,,,,Geld ausgeben; maximal 500 Euro ausgeben,bezahlen,sparen,,,draft
3483,phrase,einen Betrag in Höhe von ...,to state an amount using a formal monetary expression,an amount of ...,Wir fordern einen Betrag in Höhe von 200 Euro.,We demand an amount of 200 euros.,B2,phrase,4,high,Formal financial and administrative wording,,,,formal,,finance;administration,money;formal_language,,,,,,,,,einen Betrag in Höhe von; Betrag in Höhe von,Summe,,,,draft
3484,phrase,einen Betrag überweisen,to transfer a specified amount of money,to transfer an amount,Ich habe den Betrag gestern überwiesen.,I transferred the amount yesterday.,B2,verb phrase,5,very_high,Very common banking expression,,,,standard,,finance;banking,payment;transfer,,,,,,,,,Betrag überweisen; Geld überweisen,transferieren,,,,draft
3485,phrase,einen Betrag vom Konto abbuchen,to deduct money automatically from an account,to debit an amount from an account,Die Miete wird vom Konto abgebucht.,The rent is debited from the account.,B2,verb phrase,4,high,Common banking and payment expression,,,,standard,,finance;banking,direct_debit;payments,,,,true,true,haben,bucht ab,buchte ab,abgebucht,Akk + von + Dat,Betrag vom Konto abbuchen; automatisch abbuchen,einziehen,,,,draft
3486,phrase,in bar bezahlen,to pay using cash,to pay in cash,Können wir hier in bar bezahlen?,Can we pay in cash here?,B2,verb phrase,5,very_high,Very common payment expression,,,,standard,,finance;shopping,cash;payment,,,,,,,,,in bar bezahlen; bar bezahlen,bar zahlen,mit Karte bezahlen,,,draft
3487,phrase,per Lastschrift,using direct debit,by direct debit,Die Zahlung erfolgt bequem per Lastschrift.,Payment is made conveniently by direct debit.,B2,prepositional phrase,4,high,Common banking payment expression,,,,formal,,finance;banking,direct_debit;payments,,,,,,,,,per Lastschrift bezahlen; Zahlung per Lastschrift,Lastschriftverfahren,,,,draft
3488,phrase,per Überweisung,using a bank transfer,by bank transfer,Bitte zahlen Sie per Überweisung.,Please pay by bank transfer.,B2,prepositional phrase,5,very_high,Very common payment expression,,,,standard,,finance;banking,transfer;payment,,,,,,,,,per Überweisung bezahlen; Zahlung per Überweisung,Banküberweisung,,,,draft
3489,phrase,eine Rechnung begleichen,to pay an invoice,to settle an invoice,Sie müssen die Rechnung sofort begleichen.,You must pay the invoice immediately.,B2,verb phrase,5,very_high,Common formal financial expression,,,,formal,,finance;business,invoices;payment,,,,,,,,,Rechnung begleichen; offene Rechnung begleichen,eine Rechnung bezahlen,,,,draft
3490,phrase,die Zahlung ist eingegangen,the payment has been received,the payment has been received,Ihre Zahlung ist heute bei uns eingegangen.,Your payment was received by us today.,B2,phrase,4,high,Common administrative and banking expression,,,,formal,,finance;business,payment;confirmation,,,,,,,,,Zahlung ist eingegangen; Zahlungseingang bestätigen,Zahlung erhalten,Zahlung steht noch aus,,,draft
3491,word,die Zahlungserinnerung,friendly or formal reminder requesting payment,payment reminder,Dies ist nur eine freundliche Zahlungserinnerung.,This is just a friendly payment reminder.,B2,noun,4,high,Common business and accounting term,,,,formal,,finance;business,payment;reminder,die,Zahlungserinnerungen,der Zahlungserinnerung,,,,,,,,,Zahlungserinnerung schicken; freundliche Zahlungserinnerung,Mahnung,,,,draft
3492,phrase,etw. als gegenstandslos betrachten,to consider something no longer relevant or legally effective,to consider something void,Betrachten Sie das Schreiben als gegenstandslos.,Consider the letter as void.,B2,verb phrase,3,medium,Formal bureaucratic and legal expression,,,,formal,,administration;legal,documents;formal_language,,,,,,,,,als gegenstandslos betrachten; Schreiben als gegenstandslos betrachten,für ungültig erklären,relevant sein,,,draft
3493,word,das Budget,planned amount of money available for a purpose,budget,Unser Budget ist leider begrenzt.,Our budget is unfortunately limited.,B2,noun,5,very_high,Very common business and financial noun,,,,standard,,finance;business,budget;planning,das,Budgets,des Budgets,,,,,,,,,Budget planen; begrenztes Budget; Budget einhalten,Finanzrahmen,,,,draft
3494,word,das Komma,punctuation mark separating decimal values,comma,"Das Ergebnis ist 12 Komma 5 (12,5).",The result is 12 point 5.,B2,noun,5,very_high,Very common mathematical and written-language noun,,,,standard,,education;mathematics,decimals;punctuation,das,Kommas,des Kommas,,,,,,,,,Komma setzen; Komma fünf,Dezimalkomma,Punkt,,,draft
3495,word,das Drittel,one of three equal parts,third,Ein Drittel der Kosten übernehmen wir.,We cover one third of the costs.,B2,noun,5,very_high,Common fraction expression,,,,standard,,mathematics;quantity,fraction;quantity,das,Drittel,des Drittels,,,,,,,,,ein Drittel der Kosten; ein Drittel von,ein Drittel,zwei Drittel,,,draft
3496,word,das Achtel,one of eight equal parts,eighth,Ein Achtel ist weniger als ein Viertel.,One eighth is less than one quarter.,B2,noun,3,medium,Common mathematical fraction term,,,,standard,,mathematics;quantity,fraction;quantity,das,Achtel,des Achtels,,,,,,,,,ein Achtel von; ein Achtel der Fläche,,,,,draft
3497,word,das Viertel,one of four equal parts,quarter,Ein Viertel Stunde sind 15 Minuten.,A quarter of an hour is 15 minutes.,B2,noun,5,very_high,Very common fraction and time expression,,,,standard,,mathematics;time,fraction;time,das,Viertel,des Viertels,,,,,,,,,ein Viertel einer Stunde; ein Viertel der Kosten,Quartal,,,,draft
3498,word,durch (geteilt),mathematical operation of division,divided by,Zehn geteilt durch zwei ist fünf.,Ten divided by two is five.,B2,preposition/adverb,4,high,Common mathematical expression,,,,standard,,mathematics,division;calculation,,,,,,,,,zehn durch zwei; geteilt durch,,,,,draft
3499,word,gleich,used to indicate equality in mathematics,equal to,Zwei plus zwei ist gleich vier.,Two plus two is equal to four.,B2,adjective/adverb,5,very_high,Very common word with multiple senses; this is the mathematical sense,,,,standard,,mathematics,calculation;equality,,,,,,,,,gleich vier; ist gleich,identisch,ungleich,,,draft
3500,word,mal,used to indicate multiplication,times,Drei mal drei ist neun.,Three times three is nine.,B2,adverb,5,very_high,Very common mathematical expression,,,,standard,,mathematics,multiplication;calculation,,,,,,,,,zwei mal drei; drei mal drei,multipliziert mit,,,,draft
3501,word,minus,mathematical sign or operation indicating subtraction,minus,Zehn minus fünf ist fünf.,Ten minus five is five.,B2,preposition,5,very_high,Very common mathematical term,,,,standard,,mathematics,subtraction;calculation,,,,,,,,,zehn minus fünf; minus drei,plus,,,,draft
3502,word,plus,mathematical sign or operation indicating addition,plus,Fünf plus fünf macht zehn.,Five plus five makes ten.,B2,preposition,5,very_high,Very common mathematical term,,,,standard,,mathematics,addition;calculation,,,,,,,,,fünf plus fünf; plus drei,minus,,,,draft
3503,phrase,gut/schlecht wirtschaften,to manage financial resources successfully or poorly,to manage one's money well/badly,Die Firma hat in den letzten Jahren gut gewirtschaftet.,The company has managed its money well in recent years.,B2,verb phrase,4,high,Common economic and business expression,,,,formal,,business;finance,economy;financial_management,,,,false,false,haben,wirtschaftet,wirtschaftete,gewirtschaftet,mit + Dat,gut wirtschaften; schlecht wirtschaften; mit Geld wirtschaften,gut haushalten,verschwenden,,,draft
3504,phrase,übrig sein,to remain after the rest has been used,to be left over,Es ist kein Geld mehr übrig.,There is no money left over.,B2,verb phrase,5,very_high,Very common expression of remaining quantity,,,,standard,,daily_life;money,quantity;remaining,,,,,,,,,Geld übrig haben; nichts übrig sein,verbleiben,aufgebraucht sein,,,draft
3505,word,die Bewertung,judgement or rating of quality or performance,review / evaluation,Wir haben eine positive Bewertung vom Kunden erhalten.,We received a positive review from the customer.,B2,noun,5,very_high,Very common in business, education and online contexts,,,,standard,,business;media,evaluation;review,die,Bewertungen,der Bewertung,,,,,,,,,positive Bewertung; Bewertung abgeben; Bewertung erhalten,Beurteilung,,,,draft
3506,word,die Enttäuschung,feeling caused by an outcome being worse than expected,disappointment,Die Absage war eine große Enttäuschung für ihn.,The rejection was a big disappointment for him.,B2,noun,5,very_high,Very common emotional noun,,,,standard,,feelings;work,emotion;rejection,die,Enttäuschungen,der Enttäuschung,,,,,,,,,große Enttäuschung; Enttäuschung erleben,Ernüchterung,Freude,,,draft
3507,word,die Konsequenzen,results or effects following an action,consequences,Dieser Fehler wird personelle Konsequenzen haben.,This mistake will have personnel consequences.,B2,noun,5,very_high,Very common formal and professional term,,,,formal,,work;law,consequences;results,die,Konsequenzen,der Konsequenz,,,,,,,,,Konsequenzen haben; Konsequenzen ziehen; personelle Konsequenzen,Folgen,Ursachen,,,draft
3508,word,das Streitgespräch,conversation involving disagreement or argument,disputation / argument,Das Streitgespräch wurde sehr emotional geführt.,The argument was conducted very emotionally.,B2,noun,4,high,Common formal term for a contentious discussion,,,,standard,,communication;conflict,argument;discussion,das,Streitgespräche,des Streitgesprächs,,,,,,,,,ein Streitgespräch führen; heftiges Streitgespräch,Auseinandersetzung,Versöhnungsgespräch,,,draft
3509,word,der Vorfall,event or incident,especially an unusual or problematic one,incident,Wir müssen den Vorfall sofort der Leitung melden.,We must report the incident to management immediately.,B2,noun,5,very_high,Very common formal reporting term,,,,formal,,work;law,incident;reporting,der,Vor fälle,des Vorfalls,,,,,,,,,einen Vorfall melden; Vorfall untersuchen,Ereignis,,,,draft
3510,word,der Vorwurf,claim that someone has done something wrong,accusation / reproach,Der Vorwurf der Unpünktlichkeit ist unberechtigt.,The accusation of being unpunctual is unjustified.,B2,noun,5,very_high,Common in conflict, media and formal discussion,,,,formal,,communication;conflict,accusation;criticism,der,Vorwürfe,des Vorwurfs,,,,,,,,,einen Vorwurf machen; Vorwurf zurückweisen,Anschuldigung,Lob,,,draft
3511,word,fehlerhaft,containing errors or not functioning correctly,defective / faulty,Die gelieferte Ware war leider fehlerhaft.,The delivered merchandise was unfortunately defective.,B2,adjective,4,high,Common quality and technical term,,,,formal,,business;technology,quality;defect,,,,,,,,,fehlerhafte Ware; fehlerhaftes Produkt,mangelhaft,einwandfrei,,,draft
3512,word,ungerecht,not fair or just,unfair,Ich empfinde diese Entscheidung als ungerecht.,I feel this decision is unfair.,B2,adjective,5,very_high,Very common evaluative adjective,,,,standard,,society;work,fairness;conflict,,,,,,,,,ungerecht behandelt werden; ungerechte Entscheidung,unfair,gerecht,,,draft
3513,phrase,bis an die Grenzen arbeiten,to work to one's maximum capacity,to work to one's limits,"Das Team hat bis an die Grenzen gearbeitet, um das Projekt fertigzustellen.",The team worked to their limits to finish the project.,B2,verb phrase,4,high,Strong expression for extreme effort,,,,standard,,work;effort,workload;effort,,,,,,,,,bis an die Grenzen arbeiten; bis an die eigenen Grenzen,bis an die Belastungsgrenze arbeiten,,,,draft
3514,phrase,etw. verallgemeinern,to apply a statement about specific cases too broadly,to generalise something,Man darf Einzelfälle nicht verallgemeinern.,One must not generalise individual cases.,B2,verb,4,high,Common academic and argumentative verb,,,,formal,,communication;academic,reasoning;generalization,,,,false,false,haben,verallgemeinert,verallgemeinerte,verallgemeinert,Akk,Einzelfälle verallgemeinern; Ergebnisse verallgemeinern,pauschalisieren,spezifizieren,,,draft
3515,phrase,gezwungen sein,to have no choice but to do something,to be forced,"Wir waren gezwungen, die Produktion zu stoppen.",We were forced to stop production.,B2,verb phrase,5,very_high,Very common expression of necessity or lack of choice,,,,standard,,work;decisions,necessity;constraint,,,,,,,,,"gezwungen sein, etwas zu tun; dazu gezwungen sein",genötigt sein,freiwillig handeln,,,draft
3516,phrase,jmdn. weiterempfehlen,to recommend a person to another person,to recommend someone,Ich werde Sie gerne weiterempfehlen.,I will happily recommend you.,B2,verb,4,high,Common professional and customer-service verb,,,,standard,,work;business,recommendation;networking,,,,true,true,haben,empfiehlt weiter,empfahl weiter,weiterempfohlen,Akk,jemanden weiterempfehlen; Kunden weiterempfehlen,empfehlen,,,,draft
3517,phrase,nicht den Angaben entsprechen,to differ from the information provided,not to match the stated information,Das Produkt entspricht nicht den Angaben im Katalog.,The product does not match the information in the catalogue.,B2,verb phrase,4,high,Common formal consumer and quality expression,,,,formal,,business;shopping,accuracy;quality,,,,false,false,haben,entspricht,entsprach,entsprochen,Dat,den Angaben entsprechen; nicht den Angaben entsprechen,abweichen von,übereinstimmen,,,draft
3518,phrase,recht bekommen,to be proven right,to be proven right,Vor Gericht haben wir recht bekommen.,We were proven right in court.,B2,verb phrase,5,very_high,Common expression in disputes and arguments,,,,standard,,law;conflict,justice;argument,,,,,,,,,recht bekommen; vor Gericht recht bekommen,Recht haben,Unrecht bekommen,,,draft
3519,phrase,sich gestört fühlen,to feel disturbed or bothered,to feel disturbed,Die Mitarbeiter fühlen sich durch den Lärm gestört.,The employees feel disturbed by the noise.,B2,reflexive verb phrase,5,very_high,Common expression for disturbances and complaints,,,,standard,,work;daily_life,disturbance;feelings,,,,true,false,haben,fühlt sich gestört,fühlte sich gestört,sich gestört gefühlt,durch + Akk,sich durch Lärm gestört fühlen; sich gestört fühlen,sich belästigt fühlen,sich wohlfühlen,,,draft
3520,phrase,Beschwerden beantworten,to respond to complaints,to respond to complaints,Wir müssen alle Beschwerden zeitnah beantworten.,We must respond to all complaints promptly.,B2,verb phrase,4,high,Common customer-service expression,,,,formal,,business;communication,complaints;customer_service,,,,,,,,,Beschwerden beantworten; Kundenbeschwerden beantworten,auf Beschwerden reagieren,,,,draft
3521,phrase,das konstruktive Streitgespräch,discussion of disagreement aimed at finding solutions,constructive disputation,Ein konstruktives Streitgespräch kann Lösungen bringen.,A constructive disputation can bring solutions.,B2,noun phrase,3,medium,Formal discussion term emphasizing productive disagreement,,,,formal,,communication;conflict,discussion;problem_solving,das,konstruktive Streitgespräche,des konstruktiven Streitgesprächs,,,,,,,,,konstruktives Streitgespräch führen; konstruktive Diskussion,konstruktive Auseinandersetzung,,,,draft
3522,phrase,einen Vorfall beseitigen,to resolve a technical or operational incident,to resolve an incident,Wir konnten den technischen Vorfall schnell beseitigen.,We were able to resolve the technical incident quickly.,B2,verb phrase,3,medium,Workplace-specific expression, especially technical contexts,,,,formal,,work;technology,incident;troubleshooting,,,,,,,,,technischen Vorfall beseitigen; Störung beseitigen,beheben,,,,draft
3523,phrase,etw. bedauern,to regret something,to regret something,Wir bedauern die Unannehmlichkeiten sehr.,We regret the inconvenience very much.,B2,verb,5,very_high,Very common formal customer-service expression,,,,formal,,business;communication,apology;customer_service,,,,false,false,haben,bedauert,bedauerte,bedauert,Akk,etwas sehr bedauern; Unannehmlichkeiten bedauern,leidtun,begrüßen,,,draft
3524,phrase,etw. weitergeben,to pass information or an object to another person,to pass something on,Ich werde Ihr Feedback an die Abteilung weitergeben.,I will pass your feedback on to the department.,B2,verb,5,very_high,Very common general and professional verb,,,,standard,,work;communication,information;feedback,,,,true,true,haben,gibt weiter,gab weiter,weitergegeben,Akk,Informationen weitergeben; Feedback weitergeben,übermitteln,zurückhalten,,,draft
3525,phrase,etw. wiedergutmachen,to compensate for a mistake or harm,to make up for something,Wir möchten den Fehler gerne wiedergutmachen.,We would like to make up for the mistake.,B2,verb,4,high,Common expression for repairing damage or apologising,,,,standard,,communication;conflict,compensation;apology,,,,true,true,haben,macht wieder gut,machte wieder gut,wiedergutgemacht,Akk,einen Fehler wiedergutmachen; Schaden wiedergutmachen,kompensieren,verschlimmern,,,draft
3526,phrase,nicht wieder vorkommen,to not happen again,to not happen again,"Ich verspreche, dass das nicht wieder vorkommen wird.",I promise that this will not happen again.,B2,verb phrase,5,very_high,Common apology and assurance expression,,,,standard,,communication;conflict,assurance;mistakes,,,,,,,,,nicht wieder vorkommen; darf nicht wieder vorkommen,sich nicht wiederholen,wieder vorkommen,,,draft
3527,phrase,einen Gutschein anbieten,to offer a voucher as compensation or incentive,to offer a voucher,Als Entschädigung bieten wir Ihnen einen Gutschein an.,"As compensation, we offer you a voucher.",B2,verb phrase,4,high,Common customer-service and retail expression,,,,standard,,business;shopping,compensation;voucher,,,,,,,,,einen Gutschein anbieten; Gutschein als Entschädigung,eine Gutschrift anbieten,,,,draft
3528,phrase,eine Lösung finden,to discover a way of resolving a problem,to find a solution,Wir werden gemeinsam eine Lösung finden.,We will find a solution together.,B2,verb phrase,5,very_high,Extremely common problem-solving expression,,,,standard,,problem_solving;work,solution;collaboration,,,,,,,,,eine Lösung finden; gemeinsam eine Lösung finden,ein Problem lösen,keine Lösung finden,,,draft
3529,phrase,einen Fehler beheben,to correct a mistake or malfunction,to fix a mistake,Die IT-Abteilung hat den Fehler behoben.,The IT department has fixed the mistake.,B2,verb phrase,5,very_high,Very common technical and workplace expression,,,,standard,,work;technology,error;troubleshooting,,,,false,false,haben,behebt,behob,behoben,Akk,einen Fehler beheben; technischen Fehler beheben,korrigieren,Fehler verursachen,,,draft
3530,phrase,einen Fehler zugeben,to admit responsibility for a mistake,to admit a mistake,"Es ist wichtig, eigene Fehler zuzugeben.",It is important to admit one's own mistakes.,B2,verb phrase,5,very_high,Common expression in conflict and professional communication,,,,standard,,communication;work,mistakes;responsibility,,,,true,true,haben,gibt zu,gab zu,zugegeben,Akk,einen Fehler zugeben; Fehler offen zugeben,einen Fehler eingestehen,Fehler leugnen,,,draft
3531,phrase,sich in die Situation versetzen,to imagine oneself in another person's circumstances,to put oneself in the situation,"Versuchen Sie, sich in die Situation des Kunden zu versetzen.",Try to put yourself in the customer's situation.,B2,reflexive verb phrase,4,high,Common empathy and perspective-taking expression,,,,standard,,communication;empathy,perspective;customer_service,,,,true,true,haben,versetzt sich,versetzte sich,sich versetzt,in + Akk,sich in die Situation eines anderen versetzen; sich in jemanden hineinversetzen,sich hineinversetzen,,,,draft
3532,phrase,um Verständnis bitten,to politely ask others to accept or tolerate a situation,to ask for understanding,Wir bitten um Ihr Verständnis für die Verzögerung.,We ask for your understanding regarding the delay.,B2,verb phrase,5,very_high,Very common formal customer-service expression,,,,formal,,communication;business,politeness;apology,,,,,,,,,um Verständnis bitten; um Ihr Verständnis bitten,Verständnis erbitten,,,,draft
3533,phrase,Verständnis zeigen,to demonstrate empathy or acceptance,to show understanding,Er zeigte Verständnis für meine Situation.,He showed understanding for my situation.,B2,verb phrase,5,very_high,Very common expression in interpersonal and professional contexts,,,,standard,,communication;relationships,empathy;understanding,,,,,,,,,Verständnis für etwas zeigen; großes Verständnis zeigen,Verständnis haben,kein Verständnis zeigen,,,draft
3534,word,die Anforderung,condition or requirement that must be fulfilled,requirement,Die Anforderungen an das neue Produkt sind hoch.,The requirements for the new product are high.,B2,noun,5,very_high,Very common professional and technical term,,,,formal,,work;technology,requirements;standards,die,Anforderungen,der Anforderung,,,,,,,,,Anforderungen erfüllen; hohe Anforderungen; Anforderungen an,Voraussetzung,,,,draft
3535,word,die Norm,officially established standard or rule,standard,Das Bauteil entspricht der europäischen Norm.,The component complies with the European standard.,B2,noun,5,very_high,Common technical, legal and organizational term,,,,formal,,technology;industry,standards;regulation,die,Normen,der Norm,,,,,,,,,einer Norm entsprechen; europäische Norm; Norm einhalten,Standard,,,,draft
3536,word,das Qualitätsmanagementsystem,system for managing and assuring quality,quality management system,Wir führen ein neues Qualitätsmanagementsystem ein.,We are introducing a new quality management system.,B2,noun,3,medium,Specialized business and quality-management term,,,,formal,,business;industry,quality;management,das,Qualitätsmanagementsysteme,des Qualitätsmanagementsystems,,,,,,,,,Qualitätsmanagementsystem einführen; Qualitätsmanagementsystem zertifizieren,QMS,,,,draft
3537,phrase,Arbeitsweisen überprüfen,to examine how work is carried out,to review working methods,Wir sollten unsere Arbeitsweisen regelmäßig überprüfen.,We should regularly review our working methods.,B2,verb phrase,4,high,Common professional improvement expression,,,,formal,,work;management,processes;improvement,,,,,,,,,Arbeitsweisen überprüfen; Arbeitsweise verbessern,Arbeitsprozesse prüfen,,,,draft
3538,phrase,Motivation steigern,to increase willingness or enthusiasm to act,to enhance motivation,Ein gutes Betriebsklima kann die Motivation steigern.,A good working atmosphere can enhance motivation.,B2,verb phrase,5,very_high,Common HR and management expression,,,,formal,,work;HR,motivation;management,,,,,,,,,Motivation steigern; Mitarbeitermotivation steigern,Motivation erhöhen,Motivation senken,,,draft
3539,word,verbessern,to make something better,to improve,Wir wollen unseren Service stetig verbessern.,We want to continuously improve our service.,B2,verb,5,very_high,Extremely common general verb,,,,standard,,work;daily_life,improvement;development,,,,false,false,haben,verbessert,verbesserte,verbessert,Akk,Service verbessern; Qualität verbessern; sich verbessern,optimieren,verschlechtern,,,draft
3540,phrase,Produktionsschritte planen,to organize the individual stages of production,to plan production steps,Wir müssen die einzelnen Produktionsschritte genau planen.,We have to plan the individual production steps exactly.,B2,verb phrase,4,high,Common manufacturing and operations expression,,,,formal,,industry;business,production;planning,,,,,,,,,Produktionsschritte planen; einzelne Produktionsschritte,Produktionsablauf planen,,,,draft
3541,phrase,Prozesse definieren,to formally specify how a process should work,to define processes,Klare Prozesse müssen definiert werden.,Clear processes must be defined.,B2,verb phrase,5,very_high,Common business and process-management expression,,,,formal,,work;management,processes;organization,,,,false,false,haben,definiert,definierte,definiert,Akk,Prozesse definieren; klare Prozesse definieren,Prozesse festlegen,,,,draft
3542,phrase,Qualität sicherstellen,to ensure that required quality is maintained,to assure quality,Wie können wir die Qualität langfristig sicherstellen?,How can we assure quality in the long term?,B2,verb phrase,5,very_high,Common quality and management expression,,,,formal,,business;industry,quality;assurance,,,,true,true,haben,stellt sicher,stellte sicher,sichergestellt,Akk,Qualität sicherstellen; langfristige Qualität sicherstellen,Qualität gewährleisten,,,,draft
3543,phrase,sich richten nach,to follow or be guided by something,to be guided by,Wir richten uns nach den Wünschen der Kunden.,We are guided by the wishes of the customers.,B2,reflexive verb phrase,5,very_high,Very common formal expression,,,,standard,,work;communication,guidelines;preferences,,,,true,true,haben,richtet sich,richtete sich,sich gerichtet,nach + Dat,sich nach Regeln richten; sich nach Wünschen richten,sich orientieren an,,,,draft
3544,word,die Agenda,list of topics to be discussed at a meeting,agenda,Die Agenda für das Meeting wurde gestern verschickt.,The agenda for the meeting was sent out yesterday.,B2,noun,4,high,Very common business term; Besprechungsagenda is also possible,,,,standard,,work;meetings,agenda;planning,die,Agenden,der Agenda,,,,,,,,,Agenda erstellen; Agenda verschicken; auf der Agenda stehen,Tagesordnung,,,,draft
3545,word,die Ankündigung,public or formal statement about something that will happen,announcement,Die Ankündigung der Fusion überraschte alle.,The announcement of the merger surprised everyone.,B2,noun,5,very_high,Very common general and professional noun,,,,standard,,communication;business,announcement;information,die,Ankündigungen,der Ankündigung,,,,,,,,,Ankündigung machen; offizielle Ankündigung,Bekanntgabe,,,,draft
3546,word,der Antrag,formal request submitted to an authority or organization,application,Der Antrag auf Budgeterhöhung wurde abgelehnt.,The application for a budget increase was rejected.,B2,noun,5,very_high,Very common administrative and professional noun,,,,formal,,administration;work,application;request,der,Anträge,des Antrags,,,,,,,,,einen Antrag stellen; Antrag auf; Antrag genehmigen,Gesuch,,,,draft
3547,word,der Bericht,written account of information, events or results,report,Der monatliche Bericht liegt auf Ihrem Tisch.,The monthly report is on your desk.,B2,noun,5,very_high,Extremely common professional and academic noun,,,,formal,,work;academic,report;documentation,der,Berichte,des Berichts,,,,,,,,,Bericht erstellen; Bericht vorlegen; monatlicher Bericht,Dokument,,,,draft
3548,word,das Besprechungsprotokoll,written record of a meeting,minutes of the meeting,Wer schreibt heute das Besprechungsprotokoll?,Who is writing the minutes of the meeting today?,B2,noun,3,medium,Specialized office and meeting term,,,,formal,,work;meetings,minutes;documentation,das,Besprechungsprotokolle,des Besprechungsprotokolls,,,,,,,,,Besprechungsprotokoll schreiben; Protokoll der Besprechung,Sitzungsprotokoll,,,,draft
3549,word,das Ergebnisprotokoll,record focusing on decisions and results,results log,Im Ergebnisprotokoll stehen nur die Beschlüsse.,The results log only contains the decisions.,B2,noun,2,low,Specialized meeting documentation term,,,,formal,,work;meetings,minutes;decisions,das,Ergebnisprotokolle,des Ergebnisprotokolls,,,,,,,,,Ergebnisprotokoll erstellen; Beschlüsse im Ergebnisprotokoll,Beschlussprotokoll,,,,draft
3550,word,die Mitarbeiterbesprechung,meeting among employees or staff,staff meeting,Jeden Montag findet eine Mitarbeiterbesprechung statt.,A staff meeting takes place every Monday.,B2,noun,3,medium,Common workplace compound noun,,,,standard,,work;meetings,staff;communication,die,Mitarbeiterbesprechungen,der Mitarbeiterbesprechung,,,,,,,,,Mitarbeiterbesprechung abhalten; an einer Mitarbeiterbesprechung teilnehmen,Teambesprechung,,,,draft
3551,word,die Projektvorstellung,presentation introducing a project,project presentation,Die Projektvorstellung war sehr überzeugend.,The project presentation was very convincing.,B2,noun,3,medium,Common professional and academic term,,,,standard,,work;academic,presentation;projects,die,Projektvorstellungen,der Projektvorstellung,,,,,,,,,Projektvorstellung vorbereiten; Projektvorstellung halten,Projektpräsentation,,,,draft
3552,word,der Rückblick,review of past events or developments,review,Wir begannen mit einem Rückblick auf das letzte Jahr.,We started with a review of the last year.,B2,noun,4,high,Common presentation and reporting term,,,,standard,,work;time,review;past,der,Rückblicke,des Rückblicks,,,,,,,,,Rückblick auf das letzte Jahr; kurzer Rückblick,Review,Ausblick,,,draft
3553,word,die Sitzung,formal meeting or session,meeting / session,Die Sitzung wurde unterbrochen.,The session was interrupted.,B2,noun,5,very_high,Very common formal organizational term,,,,formal,,work;institutions,meeting;session,die,Sitzungen,der Sitzung,,,,,,,,,Sitzung abhalten; Sitzung unterbrechen; an einer Sitzung teilnehmen,Besprechung,,,,draft
3554,word,der Tagesordnungspunkt,item listed on a meeting agenda,agenda item,Wir kommen nun zum nächsten Tagesordnungspunkt.,We now come to the next agenda item.,B2,noun,4,high,Common formal meeting term,,,,formal,,work;meetings,agenda;discussion,der,Tagesordnungspunkte,des Tagesordnungspunktes,,,,,,,,,nächster Tagesordnungspunkt; Tagesordnungspunkt behandeln,TOP,,,,draft
3555,word,die Teambesprechung,meeting of a team,team meeting,In der Teambesprechung verteilen wir die Aufgaben.,"In the team meeting, we distribute the tasks.",B2,noun,4,high,Common workplace term,,,,standard,,work;meetings,team;tasks,die,Teambesprechungen,der Teambesprechung,,,,,,,,,Teambesprechung abhalten; in der Teambesprechung,Teammeeting,,,,draft
3556,word,das Verlaufsprotokoll,record documenting the course of a discussion or process,minutes / history log,Das Verlaufsprotokoll dokumentiert die gesamte Diskussion.,The history log documents the entire discussion.,B2,noun,2,low,Specialized documentation term,,,,formal,,work;meetings,documentation;discussion,das,Verlaufsprotokolle,des Verlaufsprotokolls,,,,,,,,,Verlaufsprotokoll erstellen; Diskussion dokumentieren,Protokoll,,,,draft
3557,word,die Vorbesprechung,meeting held before a main meeting or event,preliminary discussion,Wir treffen uns zur Vorbesprechung um 9 Uhr.,We meet for the preliminary discussion at 9 a.m.,B2,noun,3,medium,Common professional meeting term,,,,standard,,work;meetings,preparation;discussion,die,Vorbesprechungen,der Vorbesprechung,,,,,,,,,Vorbesprechung abhalten; zur Vorbesprechung treffen,Vorbereitungsgespräch,,,,draft
3558,word,mailen,to send something by email,to email,Können Sie mir die Datei bitte mailen?,Can you email me the file please?,B2,verb,5,very_high,Common modern colloquial/professional verb,,,,informal,,technology;communication,email;digital,,,,false,false,haben,mailt,mailte,gemailt,Akk + Dat,jemandem eine Datei mailen; per E-Mail mailen,per E-Mail schicken,,,,draft
3559,word,nachvollziehen,to understand or reconstruct another person's reasoning,to understand / comprehend,Ich kann Ihre Entscheidung gut nachvollziehen.,I can well understand your decision.,B2,verb,5,very_high,Very common formal and interpersonal verb,,,,standard,,communication;reasoning,understanding;empathy,,,,false,false,haben,vollzieht nach,vollzog nach,nachvollzogen,Akk,eine Entscheidung nachvollziehen; Argumentation nachvollziehen,verstehen,nicht verstehen,,,draft
3560,word,protokollieren,to record events or discussions systematically,to record / take minutes,Herr Müller wird die Sitzung protokollieren.,Mr. Müller will take minutes of the meeting.,B2,verb,4,high,Common formal administrative verb,,,,formal,,work;meetings,documentation;minutes,,,,false,false,haben,protokolliert,protokollierte,protokolliert,Akk,Sitzung protokollieren; Gespräch protokollieren,aufzeichnen,,,,draft
3561,word,widersprechen,to state that one does not agree with something,to contradict,Da muss ich Ihnen leider widersprechen.,"Unfortunately, I have to contradict you there.",B2,verb,5,very_high,Very common verb governing dative,,,,standard,,communication;conflict,disagreement;argument,,,,false,false,haben,widerspricht,widersprach,widersprochen,Dat,jemandem widersprechen; einer Aussage widersprechen,entgegnen,zustimmen,,,draft
3562,phrase,der Ansicht sein,to hold a particular opinion,to be of the opinion,"Ich bin der Ansicht, dass wir warten sollten.",I am of the opinion that we should wait.,B2,adjective phrase,5,very_high,Common formal opinion expression,,,,formal,,communication;academic,opinion;argumentation,,,,,,,,,"der Ansicht sein, dass; meiner Ansicht nach",der Meinung sein,,,,draft
3563,phrase,ein Meeting abhalten,to conduct a meeting,to hold a meeting,Wir müssen dringend ein Meeting abhalten.,We urgently need to hold a meeting.,B2,verb phrase,4,high,Common modern business expression,,,,standard,,work;meetings,meeting;management,,,,,,,,,ein Meeting abhalten; Meeting abhalten,eine Besprechung abhalten,,,,draft
3564,phrase,einen Termin vorziehen,to move an appointment to an earlier time,to bring forward an appointment,Können wir den Termin auf Dienstag vorziehen?,Can we bring the appointment forward to Tuesday?,B2,verb phrase,5,very_high,Very common scheduling expression,,,,standard,,appointments;work,scheduling;time,,,,true,true,haben,zieht vor,zog vor,vorgezogen,Akk,einen Termin vorziehen; Termin vorziehen auf,vorverlegen,verschieben nach hinten,,,draft
3565,word,der Beamer,device used to project images or presentations,video projector,Der Beamer ist leider defekt.,The video projector is unfortunately broken.,B2,noun,5,very_high,Very common German workplace term,,,,informal,,technology;meetings,presentation;equipment,der,Beamer,des Beamers,,,,,,,,,Beamer anschließen; Beamer ist defekt,Projektor,,,,draft
3566,word,die Besprechungsunterlagen,documents needed for a meeting,meeting documents,Haben alle die Besprechungsunterlagen erhalten?,Has everyone received the meeting documents?,B2,noun,3,medium,Common professional compound noun,,,,formal,,work;meetings,documents;preparation,die,Besprechungsunterlagen,der Besprechungsunterlage,,,,,,,,,Besprechungsunterlagen verschicken; Unterlagen erhalten,Sitzungsunterlagen,,,,draft
3567,word,der Flipchart,large stand-mounted pad used for presentations,flip chart,Schreiben Sie die Ideen bitte auf den Flipchart.,Please write the ideas on the flip chart.,B2,noun,4,high,Common presentation equipment term,,,,standard,,work;meetings,presentation;equipment,der,Flipcharts,des Flipcharts,,,,,,,,,auf den Flipchart schreiben; Flipchart benutzen,Pinnwand,,,,draft
3568,word,der Internetzugang,access to the internet,Internet access,Hier im Raum gibt es keinen Internetzugang.,There is no internet access here in the room.,B2,noun,5,very_high,Very common technology noun,,,,standard,,technology;work,internet;connectivity,der,Internetzugänge,des Internetzugangs,,,,,,,,,Internetzugang haben; kostenloser Internetzugang,Internetverbindung,,,,draft
3569,word,die Leinwand,large screen used to display projected images,screen,Bitte fahren Sie die Leinwand herunter.,Please lower the screen.,B2,noun,4,high,Common presentation and media noun,,,,standard,,technology;meetings,presentation;equipment,die,Leinwände,der Leinwand,,,,,,,,,Leinwand herunterfahren; auf die Leinwand projizieren,Projektionsfläche,,,,draft
3570,word,die Moderationskarten,paper cards used during presentations or group moderation,presentation cards,Benutzen Sie Moderationskarten für Ihren Vortrag.,Use presentation cards for your talk.,B2,noun,3,medium,Specialized training and presentation term,,,,standard,,work;education,presentation;moderation,die,Moderationskarten,der Moderationskarte,,,,,,,,,Moderationskarten benutzen; Karten beschriften,,,,,draft
3571,word,der Moderationskoffer,case containing materials for presentations or workshops,presentation case,Im Moderationskoffer fehlen Stifte.,Pens are missing in the presentation case.,B2,noun,2,low,Specialized workshop and training term,,,,standard,,education;work,moderation;equipment,der,Moderationskoffer,des Moderationskoffers,,,,,,,,,Moderationskoffer vorbereiten; Material im Moderationskoffer,,,,,draft
3572,word,der Netzwerkanschluss,connection point for a computer network,network connection,Ich brauche einen Netzwerkanschluss für meinen Laptop.,I need a network connection for my laptop.,B2,noun,3,medium,Technical IT and workplace term,,,,formal,,technology;work,network;IT,der,Netzwerkanschlüsse,des Netzwerkanschlusses,,,,,,,,,Netzwerkanschluss benutzen; Netzwerkanschluss am Arbeitsplatz,Netzwerkverbindung,,,,draft
3573,word,die Pinnwand,board used for displaying notes or cards,pinboard,Wir sammeln die Karten an der Pinnwand.,We adhere the cards to the pinboard.,B2,noun,4,high,Common office and educational noun,,,,standard,,work;education,organization;presentation,die,Pinnwände,der Pinnwand,,,,,,,,,an der Pinnwand befestigen; Pinnwand benutzen,Anschlagtafel,,,,draft
3574,word,der Tagungsraum,room used for conferences or formal meetings,conference room,Der Tagungsraum ist klimatisiert.,The conference room is air-conditioned.,B2,noun,3,medium,Common conference and business term,,,,formal,,work;events,conference;meeting,der,Tagungsräume,des Tagungsraums,,,,,,,,,Tagungsraum reservieren; im Tagungsraum,Konferenzraum,,,,draft
3575,word,das Whiteboard,white writing board used for presentations or collaboration,whiteboard,Bitte wischen Sie das Whiteboard nach Benutzung ab.,Please wipe the whiteboard after use.,B2,noun,4,high,Common modern workplace and educational term,,,,standard,,work;education,presentation;collaboration,das,Whiteboards,des Whiteboards,,,,,,,,,Whiteboard benutzen; Whiteboard abwischen,Schreibtafel,,,,draft
3576,word,der Ausblick,view or assessment of future developments,forecast / outlook,Der Ausblick für das nächste Quartal ist positiv.,The outlook for the next quarter is positive.,B2,noun,5,very_high,Common business and general noun,,,,standard,,business;finance,future;forecast,der,Ausblicke,des Ausblicks,,,,,,,,,positiver Ausblick; Ausblick auf das nächste Jahr,Prognose,Rückblick,,,draft
3577,word,das Controlling,organizational function concerned with planning and monitoring financial performance,controlling,Das Controlling hat die Zahlen geprüft.,Controlling has checked the figures.,B2,noun,4,high,Important German business term, especially in corporate finance,,,,formal,,business;finance,management;finance,das,Controlling,des Controllings,,,,,,,,,im Controlling arbeiten; Controlling-Abteilung,Unternehmenssteuerung,,,,draft
3578,word,die Jahresbilanz,annual financial statement showing a company's financial position,annual balance sheet,Die Jahresbilanz weist einen Gewinn aus.,The annual balance sheet shows a profit.,B2,noun,4,high,Common accounting and business term,,,,formal,,finance;business,accounting;annual_report,die,Jahresbilanzen,der Jahresbilanz,,,,,,,,,Jahresbilanz erstellen; Jahresbilanz vorlegen,Jahresabschluss,,,,draft
3579,word,die Prognose,prediction or estimate concerning future development,forecast,Die Prognose für die Umsatzentwicklung ist gut.,The forecast for sales development is good.,B2,noun,5,very_high,Very common formal and economic term,,,,formal,,business;finance,forecast;future,die,Prognosen,der Prognose,,,,,,,,,Prognose erstellen; wirtschaftliche Prognose; Prognose abgeben,Vorhersage,Rückblick,,,draft
3580,word,die Quartalsaufstellung,statement presenting figures for a quarter,quarterly statement,Er präsentiert die Quartalsaufstellung.,He is presenting the quarterly statement.,B2,noun,2,low,Specialized accounting and reporting term,,,,formal,,finance;business,quarterly_reporting;accounting,die,Quartalsaufstellungen,der Quartalsaufstellung,,,,,,,,,Quartalsaufstellung erstellen; Quartalsaufstellung präsentieren,Quartalsbericht,,,,draft
3581,word,die Quote,proportion,rate or target percentage,quota,Wir müssen die Quote erfüllen.,We have to meet the quota.,B2,noun,5,very_high,Very common word with several senses including quota, rate and proportion,,,,standard,,business;statistics,quota;rate;percentage,die,Quoten,der Quote,,,,,,,,,Quote erfüllen; hohe Quote; Marktanteilsquote,Anteil,keine Quote,,,draft
3582,word,knapp,slightly below or only just meeting a quantity or threshold,just under / scarce,Der Gewinn lag knapp unter einer Million.,The profit was just under one million.,B2,adjective/adverb,5,very_high,Very common word expressing narrow margins or scarcity,,,,standard,,finance;quantity,quantity;limits,,,,,,,,,knapp unter einer Million; knapp über; knapp bemessen,gerade so,reichlich,,,draft
3583,word,ungefähr,approximately,approximately,Das Projekt dauert ungefähr drei Monate.,The project takes approximately three months.,B2,Adverb,5,very_high,Common in everyday German.,AI_estimate,2026-09-27,,neutral,,time;quantity,approximation;quantity,,,,,,,,,,,,,,,,user-provided dataset,,draft
3584,word,die Abdeckung,cover,cover,Öffnen Sie vorsichtig die Abdeckung des Geräts.,Carefully open the cover of the device.,B2,Nomen,3,medium,Common in technical contexts.,AI_estimate,2026-09-27,,neutral,,technology;devices,technology;equipment,f,Abdeckungen,der Abdeckung,false,false,,,,,,die Abdeckung entfernen; die Abdeckung öffnen,Deckel,,,user-provided dataset,,draft
3585,word,der Anschlusskontakt,contact,contact,"Prüfen Sie, ob die Anschlusskontakte sauber sind.",Check if the contacts are clean.,B2,Nomen,2,less_common,Mainly used in technical contexts.,AI_estimate,2026-09-27,,technical,,technology;electronics,electronics;technical,m,Anschlusskontakte,des Anschlusskontakts,false,false,,,,,,Anschlusskontakte prüfen,Kontakt,,,user-provided dataset,,draft
3586,word,das Display,display,display,Das Display zeigt eine Fehlermeldung.,The display shows an error message.,B2,Nomen,5,very_high,Very common in modern technical German.,AI_estimate,2026-09-27,,neutral,,technology;devices,technology;electronics,n,Displays,des Displays,false,false,,,,,,das Display anzeigen; das Display ablesen,Bildschirm,,,user-provided dataset,,draft
3587,word,der Pfeil,arrow,arrow,Drücken Sie den Pfeil nach oben.,Press the arrow up.,B2,Nomen,4,common,Common in instructions and interfaces.,AI_estimate,2026-09-27,,neutral,,technology;directions,interface;directions,m,Pfeile,des Pfeils,false,false,,,,,,den Pfeil anklicken; nach oben zeigen,Symbol,,,user-provided dataset,,draft
3588,word,der QR-Code,QR code,QR code,Scannen Sie den QR-Code mit Ihrem Handy.,Scan the QR code with your mobile phone.,B2,Nomen,4,common,Common in modern everyday and digital contexts.,AI_estimate,2026-09-27,,neutral,,technology;mobile,technology;digital,m,QR-Codes,des QR-Codes,false,false,,,,,,einen QR-Code scannen,Code,,,user-provided dataset,,draft
3589,word,der Standort,location,location,Das Gerät ermittelt Ihren Standort via GPS.,The device determines your location via GPS.,B2,Nomen,5,very_high,Very common in technical and everyday contexts.,AI_estimate,2026-09-27,,neutral,,technology;geography,location;GPS,m,Standorte,des Standorts,false,false,,,,,,den Standort ermitteln; Standort bestimmen,Lage,,,user-provided dataset,,draft
3590,word,der Touchscreen,touchscreen,touchscreen,Der Touchscreen reagiert nicht.,The touchscreen is not responding.,B2,Nomen,4,common,Common in technology contexts.,AI_estimate,2026-09-27,,neutral,,technology;devices,technology;mobile,m,Touchscreens,des Touchscreens,false,false,,,,,,der Touchscreen reagiert nicht,berührungsempfindlicher Bildschirm,,,user-provided dataset,,draft
3591,word,der USB-Anschluss,USB port,USB port,Der Drucker wird über den USB-Anschluss verbunden.,The printer connects via the USB port.,B2,Nomen,4,common,Common in technical contexts.,AI_estimate,2026-09-27,,technical,,technology;hardware,hardware;connectivity,m,USB-Anschlüsse,des USB-Anschlusses,false,false,,,,,,einen USB-Anschluss verwenden; über USB anschließen,USB-Port,,,user-provided dataset,,draft
3592,verb,aktualisieren,to update,to update,Sie müssen die Software regelmäßig aktualisieren.,You must update the software regularly.,B2,Verb,5,very_high,Very common in digital and administrative contexts.,AI_estimate,2026-09-27,,neutral,,technology;software,software;maintenance,,,,false,false,haben,aktualisiert,aktualisierte,aktualisiert,etw. aktualisieren,Software aktualisieren; Daten aktualisieren,updaten,,,user-provided dataset,,draft
3593,verb,einrasten,to click into place,to click into place,Lassen Sie den Akku hörbar einrasten.,Let the battery click into place audibly.,B2,Verb,3,medium,Used mainly for objects and technical instructions.,AI_estimate,2026-09-27,,neutral,,technology;mechanics,technical;assembly,,,,false,true,sein,rastet ein,rastete ein,ist eingerastet,etw. einrasten lassen; in etw. einrasten,einpassen,,,user-provided dataset,,draft
3594,verb,einrichten,to set up,to set up,"Ich helfe Ihnen, das Programm einzurichten.",I will help you set up the program.,B2,Verb,5,very_high,Very common in digital and everyday contexts.,AI_estimate,2026-09-27,,neutral,,technology;household,setup;software,,,,false,true,haben,richtet ein,richtete ein,hat eingerichtet,etw. einrichten,Software einrichten; Wohnung einrichten,installieren,,,user-provided dataset,,draft
3595,verb,herunterladen,to download,to download,Sie können das Formular online herunterladen.,You can download the form online.,B2,Verb,5,very_high,Very common in digital contexts.,AI_estimate,2026-09-27,,neutral,,technology;internet,digital;internet,,,,false,true,haben,lädt herunter,lud herunter,hat heruntergeladen,etw. herunterladen,Datei herunterladen; Formular herunterladen,downloaden,,,user-provided dataset,,draft
3596,verb,navigieren,to navigate,to navigate,Navigieren Sie durch das Menü.,Navigate through the menu.,B2,Verb,4,common,Common in digital contexts and travel contexts.,AI_estimate,2026-09-27,,neutral,,technology;travel,navigation;software,,,,false,false,haben,navigiert,navigierte,hat navigiert,durch etw. navigieren,im Menü navigieren; durch eine Website navigieren,sich orientieren,,,user-provided dataset,,draft
3597,verb,zoomen,to zoom,to zoom,Sie können in das Bild zoomen.,You can zoom into the image.,B2,Verb,4,common,Common in digital contexts.,AI_estimate,2026-09-27,,neutral,,technology;media,digital;images,,,,false,false,haben,zoomt,zoomte,hat gezoomt,in etw. zoomen,ins Bild zoomen; heranzoomen,vergrößern,,,user-provided dataset,,draft
3598,word,die Arbeitsunfähigkeit,incapacity to work,incapacity to work,Die Arbeitsunfähigkeit muss vom Arzt bestätigt werden.,Incapacity to work must be confirmed by a doctor.,B2,Nomen,3,medium,Common in medical and employment administration.,AI_estimate,2026-09-27,,formal,,employment;health,employment;health,f,Arbeitsunfähigkeiten,der Arbeitsunfähigkeit,false,false,,,,,,Arbeitsunfähigkeit bescheinigen; wegen Arbeitsunfähigkeit,Arbeitsunfähigkeit,,,user-provided dataset,,draft
3599,word,die Bestimmungen,regulations,regulations,Bitte beachten Sie die gesetzlichen Bestimmungen.,Please observe the statutory regulations.,B2,Nomen,5,very_high,Very common in formal and legal contexts.,AI_estimate,2026-09-27,,formal,,law;administration,regulations;law,f,Bestimmungen,der Bestimmung,false,false,,,,,,gesetzliche Bestimmungen beachten; Bestimmungen einhalten,Vorschriften,,,user-provided dataset,,draft
3600,word,die Freistellung,release from work,release from work,Er hat eine bezahlte Freistellung für die Fortbildung bekommen.,He got a paid release from work for the training.,B2,Nomen,3,medium,Common in employment contexts.,AI_estimate,2026-09-27,,formal,,employment;education,employment;leave,f,Freistellungen,der Freistellung,false,false,,,,,,bezahlte Freistellung; Freistellung beantragen,Beurlaubung,,,user-provided dataset,,draft
3601,word,der Freizeitausgleich,time off in lieu,time off in lieu,Für Überstunden gibt es Freizeitausgleich.,There is time off in lieu for overtime.,B2,Nomen,3,medium,Common in employment contexts.,AI_estimate,2026-09-27,,formal,,employment,work;leave;migration,m,Freizeitausgleiche,des Freizeitausgleichs,false,false,,,,,,Freizeitausgleich nehmen; Freizeitausgleich erhalten,Zeitausgleich,,,user-provided dataset,,draft
3602,word,das Kalenderjahr,calendar year,calendar year,Der Urlaub muss im laufenden Kalenderjahr genommen werden.,Leave must be taken in the current calendar year.,B2,Nomen,4,common,Common in administrative and legal contexts.,AI_estimate,2026-09-27,,formal,,administration;employment,time;administration,n,Kalenderjahre,des Kalenderjahres,false,false,,,,,,im laufenden Kalenderjahr; pro Kalenderjahr,Kalenderjahr,,,user-provided dataset,,draft
3603,phrase,die betriebliche Notwendigkeit,operational necessity,operational necessity,Urlaub kann bei betrieblicher Notwendigkeit verweigert werden.,Leave can be refused in case of operational necessity.,B2,Phrase/Redewendung,3,medium,Formal employment expression.,AI_estimate,2026-09-27,,formal,,employment;business,work;administration,,,,false,false,,,,,aus betrieblicher Notwendigkeit; bei betrieblicher Notwendigkeit,Notwendigkeit des Betriebs,,,user-provided dataset,,draft
3604,word,die Arbeitsschutzschuhe,protective shoes,protective shoes,Im Lager sind Arbeitsschutzschuhe Pflicht.,Protective shoes are mandatory in the warehouse.,B2,Nomen,2,less_common,Used mainly in occupational safety contexts.,AI_estimate,2026-09-27,,technical,,workplace;safety,safety;workplace,f,Arbeitsschutzschuhe,der Arbeitsschutzschuhe,false,false,,,,,,Arbeitsschutzschuhe tragen; Arbeitsschutzschuhe bereitstellen,Sicherheitsschuhe,,,user-provided dataset,,draft
3605,word,die Berufsgruppe,group of professions,group of professions,Diese Regelung gilt für alle Berufsgruppen.,This regulation applies to all groups of professions.,B2,Nomen,4,common,Common in employment and social contexts.,AI_estimate,2026-09-27,,neutral,,employment;society,careers;employment,f,Berufsgruppen,der Berufsgruppe,false,false,,,,,,verschiedene Berufsgruppen; einer Berufsgruppe angehören,Berufsstand,,,user-provided dataset,,draft
3606,word,die Blutung,bleeding,bleeding,Stoppen Sie die Blutung mit einem Verband.,Stop the bleeding with a bandage.,B2,Nomen,4,common,Common in medical and emergency contexts.,AI_estimate,2026-09-27,,neutral,,health;emergency,health;first_aid,f,Blutungen,der Blutung,false,false,,,,,,eine Blutung stoppen; starke Blutung,Blutverlust,,,user-provided dataset,,draft
3607,word,der Ersthelfer,first responder,first responder,Rufen Sie sofort einen Ersthelfer.,Call a first responder immediately.,B2,Nomen,3,medium,Common in workplace safety and first aid.,AI_estimate,2026-09-27,,neutral,,health;workplace,first_aid;safety,m,Ersthelfer,des Ersthelfers,false,false,,,,,,Ersthelfer sein; Ersthelfer rufen,Ersthelferin,,,user-provided dataset,,draft
3608,word,die Evakuierung,evacuation,evacuation,Die Evakuierung des Gebäudes verlief ruhig.,The evacuation of the building proceeded calmly.,B2,Nomen,4,common,Common in emergency and public safety contexts.,AI_estimate,2026-09-27,,formal,,safety;emergency,emergency;public_safety,f,Evakuierungen,der Evakuierung,false,false,,,,,,eine Evakuierung durchführen; Gebäude evakuieren,Räumung,,,user-provided dataset,,draft
3609,word,der Flucht-/Rettungsweg,escape/emergency route,escape/emergency route,Die Fluchtwege müssen immer frei bleiben.,Escape routes must always remain clear.,B2,Nomen,3,medium,Common in occupational safety contexts.,AI_estimate,2026-09-27,,formal,,safety;workplace,emergency;workplace,m,Flucht-/Rettungswege,des Flucht-/Rettungswegs,false,false,,,,,,Fluchtwege freihalten; Rettungsweg kennzeichnen,Notausgang,,,user-provided dataset,,draft
3610,word,der Gehörschutz,hearing protection,hearing protection,Tragen Sie in der Halle bitte Gehörschutz.,Please wear hearing protection in the hall.,B2,Nomen,3,medium,Common in occupational safety contexts.,AI_estimate,2026-09-27,,technical,,workplace;safety,safety;industrial,m,Gehörschutze,des Gehörschutzes,false,false,,,,,,Gehörschutz tragen; Gehörschutz verwenden,Ohrenschutz,,,user-provided dataset,,draft
3611,word,der Notausgang,emergency exit,emergency exit,Der Notausgang ist grün gekennzeichnet.,The emergency exit is marked green.,B2,Nomen,4,common,Common in public safety contexts.,AI_estimate,2026-09-27,,neutral,,safety;buildings,emergency;building,m,Notausgänge,des Notausgangs,false,false,,,,,,Notausgang benutzen; Notausgang kennzeichnen,Fluchtausgang,,,user-provided dataset,,draft
3612,word,die Platzwunde,laceration,laceration,Er hat sich eine Platzwunde am Kopf zugezogen.,He suffered a laceration on his head.,B2,Nomen,3,medium,Common in medical contexts.,AI_estimate,2026-09-27,,neutral,,health;emergency,medical;injury,f,Platzwunden,der Platzwunde,false,false,,,,,,eine Platzwunde haben; Platzwunde am Kopf,Kopfverletzung,,,user-provided dataset,,draft
3613,word,der Rettungswagen,ambulance,ambulance,Der Rettungswagen war in fünf Minuten da.,The ambulance arrived in five minutes.,B2,Nomen,5,very_high,Very common in emergency contexts.,AI_estimate,2026-09-27,,neutral,,health;emergency,emergency;medical,m,Rettungswagen,des Rettungswagens,false,false,,,,,,Rettungswagen rufen; mit dem Rettungswagen kommen,Ambulanz,,,user-provided dataset,,draft
3614,word,die Rutschgefahr,slip hazard,slip hazard,"Vorsicht, hier besteht Rutschgefahr!","Caution, there is a slip hazard here!",B2,Nomen,3,medium,Common in safety warnings.,AI_estimate,2026-09-27,,formal,,safety;workplace,safety;warning,f,Rutschgefahren,der Rutschgefahr,false,false,,,,,,Rutschgefahr besteht; Rutschgefahr vermeiden,Ausrutschgefahr,,,user-provided dataset,,draft
3615,word,die Sammelstelle,assembly point,assembly point,Bei Feueralarm treffen wir uns an der Sammelstelle.,"In case of fire alarm, we meet at the assembly point.",B2,Nomen,3,medium,Common in emergency instructions.,AI_estimate,2026-09-27,,neutral,,safety;emergency,emergency;evacuation,f,Sammelstellen,der Sammelstelle,false,false,,,,,,Sammelstelle aufsuchen; zur Sammelstelle gehen,Versammlungsort,,,user-provided dataset,,draft
3616,word,der Sanitäter,paramedic,paramedic,Der Sanitäter versorgte den Verletzten.,The paramedic treated the injured person.,B2,Nomen,4,common,Common in emergency and medical contexts.,AI_estimate,2026-09-27,,neutral,,health;emergency,medical;first_aid,m,Sanitäter,des Sanitäters,false,false,,,,,,Sanitäter rufen; als Sanitäter arbeiten,Rettungssanitäter,,,user-provided dataset,,draft
3617,word,die Schutzausrüstung,protective equipment,protective equipment,Ohne Schutzausrüstung darf nicht gearbeitet werden.,Work is not allowed without protective equipment.,B2,Nomen,4,common,Common in occupational safety.,AI_estimate,2026-09-27,,formal,,workplace;safety,safety;equipment,f,Schutzausrüstungen,der Schutzausrüstung,false,false,,,,,,Schutzausrüstung tragen; persönliche Schutzausrüstung,Schutzkleidung,,,user-provided dataset,,draft
3618,word,die Schutzbrille,safety goggles,safety goggles,Setzen Sie beim Schweißen eine Schutzbrille auf.,Put on safety goggles when welding.,B2,Nomen,4,common,Common in workplace safety.,AI_estimate,2026-09-27,,neutral,,workplace;safety,safety;equipment,f,Schutzbrillen,der Schutzbrille,false,false,,,,,,Schutzbrille tragen; Schutzbrille aufsetzen,Sicherheitsbrille,,,user-provided dataset,,draft
3619,word,der Schutzhelm,hard hat,hard hat,Auf der Baustelle ist Helmpflicht.,Hard hats are mandatory on the construction site.,B2,Nomen,4,common,Common in construction and safety contexts.,AI_estimate,2026-09-27,,neutral,,workplace;construction,safety;construction,m,Schutzhelme,des Schutzhelms,false,false,,,,,,Schutzhelm tragen; Helmpflicht bestehen,Helm,,,user-provided dataset,,draft
3620,word,die Stolpergefahr,risk of tripping,risk of tripping,Kabel am Boden sind eine Stolpergefahr.,Cables on the floor are a tripping hazard.,B2,Nomen,3,medium,Common in safety contexts.,AI_estimate,2026-09-27,,formal,,safety;workplace,safety;hazard,f,Stolpergefahren,der Stolpergefahr,false,false,,,,,,Stolpergefahr vermeiden; Stolpergefahr beseitigen,Stolperrisiko,,,user-provided dataset,,draft
3621,phrase,das Gleichgewicht verlieren,to lose one's balance,to lose one's balance,Er verlor das Gleichgewicht und fiel von der Leiter.,He lost his balance and fell off the ladder.,B2,Phrase/Redewendung,5,very_high,Very common everyday expression.,AI_estimate,2026-09-27,,neutral,,health;movement,movement;accident,,,,false,false,haben,verliert,verlor,hat verloren,etw. verlieren,das Gleichgewicht verlieren; das Gleichgewicht halten,ins Wanken geraten,,,user-provided dataset,,draft
3622,phrase,Erste Hilfe leisten,to administer first aid,to administer first aid,Jeder Mitarbeiter sollte Erste Hilfe leisten können.,Every employee should be able to administer first aid.,B2,Phrase/Redewendung,4,common,Common in safety and medical contexts.,AI_estimate,2026-09-27,,formal,,health;workplace,first_aid;safety,,,,false,false,haben,leistet,leistete,hat geleistet,Erste Hilfe leisten,Erste Hilfe leisten; Erste Hilfe benötigen,helfen,,,user-provided dataset,,draft
3623,phrase,in Gefahr bringen,to put in danger,to put in danger,Bringen Sie sich nicht selbst in Gefahr.,Do not put yourself in danger.,B2,Phrase/Redewendung,5,very_high,Very common expression.,AI_estimate,2026-09-27,,neutral,,safety;danger,safety;danger,,,,true,false,haben,bringt,brachte,hat gebracht,jdn./sich in Gefahr bringen,jdn. in Gefahr bringen; sich in Gefahr bringen,gefährden,,,user-provided dataset,,draft
3624,verb,befolgen,to follow / obey,to follow / obey,Bitte befolgen Sie die Sicherheitsvorschriften.,Please follow the safety regulations.,B2,Verb,5,very_high,Very common in formal instructions.,AI_estimate,2026-09-27,,formal,,law;safety,instructions;rules,,,,false,false,haben,befolgt,befolgte,befolgt,etw. befolgen,Vorschriften befolgen; Anweisungen befolgen,einhalten,,,user-provided dataset,,draft
3625,word,die Abmahnung,warning,warning,Er erhielt eine Abmahnung wegen Zuspätkommens.,He received a warning for being late.,B2,Nomen,4,common,Common in employment and legal contexts.,AI_estimate,2026-09-27,,formal,,employment;law,employment;discipline,f,Abmahnungen,der Abmahnung,false,false,,,,,,eine Abmahnung erhalten; eine Abmahnung aussprechen,Verwarnung,,,user-provided dataset,,draft
3626,word,die Ausnahmegenehmigung,special authorisation,special authorisation,Für Nachtarbeit brauchen wir eine Ausnahmegenehmigung.,We need a special authorisation for night work.,B2,Nomen,3,medium,Common in administrative contexts.,AI_estimate,2026-09-27,,formal,,law;administration,permit;regulation,f,Ausnahmegenehmigungen,der Ausnahmegenehmigung,false,false,,,,,,eine Ausnahmegenehmigung beantragen; erteilen,Ausnahmebewilligung,,,user-provided dataset,,draft
3627,word,die Beförderung,promotion,promotion,Sie hofft auf eine baldige Beförderung.,She is hoping for a promotion soon.,B2,Nomen,4,common,Common in employment contexts.,AI_estimate,2026-09-27,,neutral,,employment;career,career;promotion,f,Beförderungen,der Beförderung,false,false,,,,,,eine Beförderung erhalten; auf Beförderung hoffen,Aufstieg,,,user-provided dataset,,draft
3628,word,die Führungsqualitäten,leadership qualities,leadership qualities,Er besitzt ausgezeichnete Führungsqualitäten.,He possesses excellent leadership qualities.,B2,Nomen,3,medium,Common in professional contexts.,AI_estimate,2026-09-27,,neutral,,employment;management,leadership;career,f,Führungsqualitäten,der Führungsqualität,false,false,,,,,,Führungsqualitäten besitzen; gute Führungsqualitäten,Leadership-Fähigkeiten,,,user-provided dataset,,draft
3629,word,die Honorartätigkeit,fee-based work,fee-based work,Sie macht eine Honorartätigkeit neben dem Studium.,She does fee-based work alongside her studies.,B2,Nomen,2,less_common,Used mainly in professional and administrative contexts.,AI_estimate,2026-09-27,,formal,,employment;education,freelance;work,f,Honorartätigkeiten,der Honorartätigkeit,false,false,,,,,,eine Honorartätigkeit ausüben; nebenberufliche Honorartätigkeit,freiberufliche Tätigkeit,,,user-provided dataset,,draft
3630,word,der Minijob,mini-job,mini-job,Wir suchen eine Aushilfe auf Minijob-Basis.,We are looking for temporary help on a mini-job basis.,B2,Nomen,5,very_high,Very common in German employment contexts.,AI_estimate,2026-09-27,,neutral,,employment;finance,employment;part_time,m,Minijobs,des Minijobs,false,false,,,,,,einen Minijob haben; auf Minijob-Basis arbeiten,geringfügige Beschäftigung,,,user-provided dataset,,draft
3631,word,die Nebentätigkeit,part-time work / secondary employment,secondary employment,Jede Nebentätigkeit muss dem Arbeitgeber gemeldet werden.,Any secondary employment must be reported to the employer.,B2,Nomen,4,common,Common in employment contracts and administration.,AI_estimate,2026-09-27,,formal,,employment;law,employment;side_job,f,Nebentätigkeiten,der Nebentätigkeit,false,false,,,,,,eine Nebentätigkeit ausüben; Nebentätigkeit melden,Nebenjob,,,user-provided dataset,,draft
3632,word,die Sperrzeit,blocking time,blocking period,Bei Eigenkündigung droht eine Sperrzeit beim Arbeitslosengeld.,"If you resign yourself, you risk a blocking time for unemployment benefits.",B2,Nomen,3,medium,Specific to employment and social-security contexts.,AI_estimate,2026-09-27,,formal,,employment;social_security,unemployment;benefits,f,Sperrzeiten,der Sperrzeit,false,false,,,,,,eine Sperrzeit verhängen; Sperrzeit beim Arbeitslosengeld,Leistungssperre,,,user-provided dataset,,draft
3633,word,der Werkvertrag,contract for work and services,contract for work and services,Der Grafiker arbeitet über einen Werkvertrag.,The graphic designer works via a contract for work and services.,B2,Nomen,3,medium,Common in German legal and employment contexts.,AI_estimate,2026-09-27,,formal,,law;employment,contract;freelance,m,Werkverträge,des Werkvertrags,false,false,,,,,,einen Werkvertrag abschließen; nach Werkvertrag arbeiten,Dienstvertrag,,,user-provided dataset,,draft
3634,word,die Zeitarbeit,temporary employment,temporary employment,Er fand den Einstieg über eine Zeitarbeitsfirma.,He found his entry via a temporary employment agency.,B2,Nomen,4,common,Common in employment contexts.,AI_estimate,2026-09-27,,neutral,,employment,temporary_work;career,f,,der Zeitarbeit,false,false,,,,,,in Zeitarbeit arbeiten; Zeitarbeitsfirma,Leiharbeit,,,user-provided dataset,,draft
3635,word,befristet,temporary / limited,temporary / limited,Der Arbeitsvertrag ist auf zwei Jahre befristet.,The employment contract is limited to two years.,B2,Adjektiv,5,very_high,Very common in employment contexts.,AI_estimate,2026-09-27,,formal,,employment;contracts,contracts;employment,,,,,,,,,,,,befristeter Vertrag; befristete Stelle,zeitlich begrenzt,unbefristet,,,user-provided dataset,,draft
3636,word,beiderseits,mutual,mutual,Der Vertrag wurde beiderseits unterschrieben.,The contract was signed by both sides.,B2,Adverb,3,medium,Formal written expression.,AI_estimate,2026-09-27,,formal,,law;contracts,contracts;legal,,,,,,,,,,beiderseits unterschreiben; beiderseits anerkennen,gegenseitig,,,user-provided dataset,,draft
3637,phrase,der Ablauf der Kündigungsfrist,expiry of the notice period,expiry of the notice period,Das Arbeitsverhältnis endet mit Ablauf der Kündigungsfrist.,The employment relationship ends with the expiry of the notice period.,B2,Phrase/Redewendung,3,medium,Formal employment expression.,AI_estimate,2026-09-27,,formal,,employment;law,contracts;termination,,,,false,false,,,,,Ablauf der Kündigungsfrist; nach Ablauf der Kündigungsfrist,Kündigungsfrist,,,user-provided dataset,,draft
3638,word,die Anrechnung,crediting,crediting,Die Anrechnung von Vorzeiten ist möglich.,Crediting of previous periods is possible.,B2,Nomen,3,medium,Common in administrative contexts.,AI_estimate,2026-09-27,,formal,,administration;employment,administration;recognition,f,Anrechnungen,der Anrechnung,false,false,,,,,,Anrechnung von Vorzeiten; Anrechnung von Leistungen,Berücksichtigung,,,user-provided dataset,,draft
3639,word,die ärztliche Bescheinigung,medical certificate,medical certificate,Ab dem dritten Tag brauchen wir eine ärztliche Bescheinigung.,"From the third day on, we need a medical certificate.",B2,Nomen,4,common,Common in employment and healthcare contexts.,AI_estimate,2026-09-27,,formal,,health;employment,medical;work,f,ärztliche Bescheinigungen,der ärztlichen Bescheinigung,false,false,,,,,,eine ärztliche Bescheinigung vorlegen; benötigen,Attest,,,user-provided dataset,,draft
3640,phrase,aus betrieblichen Gründen,for operational reasons,for operational reasons,Der Urlaub wurde aus betrieblichen Gründen abgelehnt.,Leave was refused for operational reasons.,B2,Phrase/Redewendung,4,common,Common formal employment expression.,AI_estimate,2026-09-27,,formal,,employment;business,work;administration,,,,false,false,,,,,aus betrieblichen Gründen ablehnen; aus betrieblichen Gründen erforderlich,aus organisatorischen Gründen,,,user-provided dataset,,draft
3641,phrase,die betriebsbedingte Kündigung,redundancy,redundancy,Wegen der Krise gab es betriebsbedingte Kündigungen.,"Due to the crisis, there were redundancies.",B2,Phrase/Redewendung,4,common,Common in German employment law.,AI_estimate,2026-09-27,,formal,,employment;law,termination;employment,f, betriebsbedingte Kündigungen,der betriebsbedingten Kündigung,false,false,,,,,,betriebsbedingte Kündigung aussprechen; erhalten,Kündigung aus betrieblichen Gründen,,,user-provided dataset,,draft
3642,phrase,bedarf der Schriftform,requires the written form,requires the written form,Jede Änderung bedarf der Schriftform.,Any change requires the written form.,B2,Phrase/Redewendung,3,medium,Formal legal expression.,AI_estimate,2026-09-27,,legal,,law;contracts,legal;contracts,,,,false,false,haben,bedarf,bedurfte,bedurft,etw. bedarf der Schriftform,der Schriftform bedürfen,schriftlich erforderlich,,,user-provided dataset,,draft
3643,word,die Fortzahlung,continued payment,continued payment,Im Krankheitsfall haben Sie Anspruch auf Lohnfortzahlung.,"In case of illness, you are entitled to continued payment of wages.",B2,Nomen,3,medium,Common in employment and social law.,AI_estimate,2026-09-27,,formal,,employment;health,employment;salary,f,Fortzahlungen,der Fortzahlung,false,false,,,,,,Lohnfortzahlung; Fortzahlung des Gehalts,Weiterzahlung,,,user-provided dataset,,draft
3644,phrase,im Homeoffice arbeiten,to work from home,to work from home,Darf ich morgen im Homeoffice arbeiten?,May I work from home tomorrow?,B2,Phrase/Redewendung,5,very_high,Very common modern workplace expression.,AI_estimate,2026-09-27,,neutral,,employment;technology,remote_work;work,,,,false,false,haben,arbeitet,arbeitete,gearbeitet,im Homeoffice arbeiten,im Homeoffice arbeiten; dauerhaft im Homeoffice arbeiten,remote arbeiten,,,user-provided dataset,,draft
3645,phrase,die interne Angelegenheit,internal affairs,internal matter,"Das ist eine interne Angelegenheit, die nicht nach außen dringen darf.",That is an internal matter that must not leak out.,B2,Phrase/Redewendung,4,common,Common in workplace and administrative contexts.,AI_estimate,2026-09-27,,formal,,business;administration,confidentiality;business,f,interne Angelegenheiten,der internen Angelegenheit,false,false,,,,,,eine interne Angelegenheit; interne Angelegenheiten klären,interne Sache,,,user-provided dataset,,draft
3646,phrase,die regelmäßige Arbeitszeit,regular working hours,regular working hours,Die regelmäßige wöchentliche Arbeitszeit beträgt 40 Stunden.,The regular weekly working hours are 40 hours.,B2,Phrase/Redewendung,4,common,Common in employment contexts.,AI_estimate,2026-09-27,,formal,,employment,working_hours;employment,f,regelmäßige Arbeitszeiten,der regelmäßigen Arbeitszeit,false,false,,,,,,regelmäßige Arbeitszeit; wöchentliche Arbeitszeit,Arbeitszeit,,,user-provided dataset,,draft
3647,phrase,sich arbeitssuchend melden,to register as a jobseeker,to register as a jobseeker,Sie müssen sich drei Monate vor Ende des Vertrags arbeitssuchend melden.,You must register as a jobseeker three months before the end of the contract.,B2,Phrase/Redewendung,4,common,Common in German employment administration.,AI_estimate,2026-09-27,,formal,,employment;administration,job_search;employment,,,,true,false,haben,meldet sich arbeitssuchend, meldete sich arbeitssuchend,hat sich arbeitssuchend gemeldet,sich arbeitssuchend melden,sich bei der Agentur für Arbeit arbeitssuchend melden,arbeitslos melden,,,user-provided dataset,,draft
3648,phrase,den Vertrag verlängern,to extend the contract,to extend the contract,Wir möchten Ihren Vertrag gerne verlängern.,We would like to extend your contract.,B2,Phrase/Redewendung,5,very_high,Very common in employment and contract contexts.,AI_estimate,2026-09-27,,neutral,,employment;contracts,contracts;employment,,,,false,false,haben,verlängert,verlängerte,verlängert,jdn./etw. verlängern,einen Vertrag verlängern; Frist verlängern,erweitern,,,user-provided dataset,,draft
3649,word,die Arbeitslosenversicherung,unemployment insurance,unemployment insurance,Die Arbeitslosenversicherung ist eine Pflichtversicherung.,Unemployment insurance is a mandatory insurance.,B2,Nomen,4,common,Common in social-security contexts.,AI_estimate,2026-09-27,,formal,,social_security;employment,insurance;employment,f,Arbeitslosenversicherungen,der Arbeitslosenversicherung,false,false,,,,,,in die Arbeitslosenversicherung einzahlen; Beiträge zahlen,Arbeitslosenversicherung,,,user-provided dataset,,draft
3650,word,die Bruttovergütung,gross remuneration,gross remuneration,Die monatliche Bruttovergütung beträgt 3000 Euro.,The monthly gross remuneration is 3000 euros.,B2,Nomen,3,medium,Common in formal employment and payroll contexts.,AI_estimate,2026-09-27,,formal,,employment;finance,salary;finance,f,Bruttovergütungen,der Bruttovergütung,false,false,,,,,,Bruttovergütung erhalten; monatliche Bruttovergütung,Bruttogehalt,,,user-provided dataset,,draft
3651,word,die Kirchensteuer,church tax,church tax,Sind Sie kirchensteuerpflichtig?,Are you liable for church tax?,B2,Nomen,4,common,Common in German tax contexts.,AI_estimate,2026-09-27,,formal,,finance;tax,taxation;religion,f,Kirchensteuern,der Kirchensteuer,false,false,,,,,,Kirchensteuer zahlen; kirchensteuerpflichtig sein,Kirchenabgabe,,,user-provided dataset,,draft
3652,word,die Konfession,denomination,denomination,Die Konfession spielt für die Kirchensteuer eine Rolle.,The denomination plays a role for church tax.,B2,Nomen,4,common,Common in administrative contexts.,AI_estimate,2026-09-27,,formal,,administration;religion,religion;identity,f,Konfessionen,der Konfession,false,false,,,,,,die Konfession angeben; einer Konfession angehören,Glaubensrichtung,,,user-provided dataset,,draft
3653,word,die Lohnsteuer,wage tax,wage tax,Die Lohnsteuer wird direkt vom Gehalt abgezogen.,Wage tax is deducted directly from the salary.,B2,Nomen,4,common,Common in German payroll and tax contexts.,AI_estimate,2026-09-27,,formal,,finance;employment,tax;salary,f,Lohnsteuern,der Lohnsteuer,false,false,,,,,,Lohnsteuer zahlen; Lohnsteuer abführen,Einkommensteuer,,,user-provided dataset,,draft
3654,word,der Nettoverdienst,net earnings,net earnings,Vom Brutto bleibt ein Nettoverdienst übrig.,Net earnings remain from the gross.,B2,Nomen,3,medium,Common in employment and salary contexts.,AI_estimate,2026-09-27,,neutral,,employment;finance,salary;finance,m,Nettoverdienste,des Nettoverdienstes,false,false,,,,,,Nettoverdienst erhalten; monatlicher Nettoverdienst,Nettolohn,,,user-provided dataset,,draft
3655,word,die Pflegeversicherung,long-term care insurance,long-term care insurance,Jeder Arbeitnehmer zahlt in die Pflegeversicherung ein.,Every employee pays into the long-term care insurance.,B2,Nomen,4,common,Common in German social-security contexts.,AI_estimate,2026-09-27,,formal,,social_security;health,insurance;health,f,Pflegeversicherungen,der Pflegeversicherung,false,false,,,,,,in die Pflegeversicherung einzahlen; Beiträge zur Pflegeversicherung,soziale Pflegeversicherung,,,user-provided dataset,,draft
3656,word,die Rentenversicherung,pension insurance,pension insurance,Die Rentenversicherung dient der Altersvorsorge.,Pension insurance serves as old-age provision.,B2,Nomen,5,very_high,Very common in German social-security contexts.,AI_estimate,2026-09-27,,formal,,social_security;finance,insurance;retirement,f,Rentenversicherungen,der Rentenversicherung,false,false,,,,,,in die Rentenversicherung einzahlen; gesetzliche Rentenversicherung,Altersvorsorge,,,user-provided dataset,,draft
3657,word,der Solidaritätszuschlag,solidarity surcharge,solidarity surcharge,Der Solidaritätszuschlag wurde teilweise abgeschafft.,The solidarity surcharge was partially abolished.,B2,Nomen,4,common,Common in German tax contexts.,AI_estimate,2026-09-27,,formal,,finance;tax,taxation,m,Solidaritätszuschläge,des Solidaritätszuschlags,false,false,,,,,,Solidaritätszuschlag zahlen; Solidaritätszuschlag berechnen,Soli,,,user-provided dataset,,draft
3658,word,die Steuerklasse,tax bracket,tax bracket,Nach der Heirat wechselten sie die Steuerklasse.,"After marriage, they changed tax brackets.",B2,Nomen,5,very_high,Very common in German payroll contexts.,AI_estimate,2026-09-27,,formal,,finance;employment,tax;salary,f,Steuerklassen,der Steuerklasse,false,false,,,,,,die Steuerklasse wechseln; Steuerklasse ändern,Steuerkategorie,,,user-provided dataset,,draft
3659,verb,abziehen,to subtract / deduct,to subtract / deduct,Steuern werden vom Bruttolohn abgezogen.,Taxes are deducted from the gross wage.,B2,Verb,5,very_high,Very common verb with several meanings.,AI_estimate,2026-09-27,,neutral,,finance;mathematics,tax;deduction,,,,false,true,haben,zieht ab,zog ab,hat abgezogen,etw. abziehen,Steuern abziehen; Betrag abziehen; Schuhe ausziehen,subtrahieren,,,user-provided dataset,,draft
3660,verb,einbehalten,to retain / withhold,to retain / withhold,Der Arbeitgeber muss die Lohnsteuer einbehalten.,The employer must withhold the wage tax.,B2,Verb,4,common,Common in finance and administration.,AI_estimate,2026-09-27,,formal,,finance;employment,tax;withholding,,,,false,true,haben,behält ein,behielt ein,hat einbehalten,etw. einbehalten,Lohnsteuer einbehalten; Betrag einbehalten,zurückhalten,,,user-provided dataset,,draft
3661,word,die Belegschaft,workforce,workforce,Die gesamte Belegschaft wurde informiert.,The entire workforce was informed.,B2,Nomen,4,common,Common in formal workplace contexts.,AI_estimate,2026-09-27,,formal,,employment;business,workforce;company,f,Belegschaften,der Belegschaft,false,false,,,,,,die Belegschaft informieren; gesamte Belegschaft,Mitarbeiterschaft,,,user-provided dataset,,draft
3662,word,die Gleichberechtigung,equal rights,equal rights,Wir setzen uns für Gleichberechtigung am Arbeitsplatz ein.,We advocate for equal rights in the workplace.,B2,Nomen,5,very_high,Very common social and workplace term.,AI_estimate,2026-09-27,,neutral,,society;workplace,equality;work,f,Gleichberechtigungen,der Gleichberechtigung,false,false,,,,,,für Gleichberechtigung eintreten; Gleichberechtigung fördern,Gleichstellung,,,user-provided dataset,,draft
3663,word,die Integration,integration,integration,Die Integration neuer Mitarbeiter ist wichtig.,The integration of new employees is important.,B2,Nomen,5,very_high,Very common across social and professional contexts.,AI_estimate,2026-09-27,,neutral,,society;workplace,integration;employment,f,Integrationen,der Integration,false,false,,,,,,Integration fördern; Integration neuer Mitarbeiter,Einbindung,,,user-provided dataset,,draft
3664,word,der Nachfolger,successor,successor,Wir suchen einen Nachfolger für den Abteilungsleiter.,We are looking for a successor for the department head.,B2,Nomen,4,common,Common in professional and organizational contexts.,AI_estimate,2026-09-27,,neutral,,employment;management,management;succession,m,Nachfolger,des Nachfolgers,false,false,,,,,,einen Nachfolger suchen; Nachfolger von jmdm.,Vorgänger,Vorläufer,,user-provided dataset,,draft
3665,word,der Schwerbehinderte,severely disabled person,severely disabled person,Schwerbehinderte genießen besonderen Kündigungsschutz.,Severely disabled persons enjoy special protection against dismissal.,B2,Nomen,3,medium,Formal administrative term; person-first alternatives are often preferred in current usage.,AI_estimate,2026-09-27,,formal,,law;employment,disability;employment,m,Schwerbehinderte,des Schwerbehinderten,false,false,,,,,,schwerbehindert sein; Schwerbehindertenschutz,Person mit Schwerbehinderung,,,user-provided dataset,,draft
3666,verb,auflösen,to dissolve / to break up,to dissolve / to break up,Das Salz lässt sich in warmem Wasser leicht auflösen.,The salt dissolves easily in warm water.,B2,Verb,5,very_high,Very common verb with multiple meanings.,AI_estimate,2026-09-27,,neutral,,chemistry;organizations,everyday;science,,,,false,false,haben,löst auf,löste auf,hat aufgelöst,etw. auflösen,eine Verbindung auflösen; einen Vertrag auflösen; Salz auflösen,lösen,,,user-provided dataset,,draft
3667,verb,leichtfallen,to come easily to someone,to come easily to someone,Das Lernen von Sprachen ist ihm schon immer leichtgefallen.,Learning languages has always come easily to him.,B2,Verb,4,common,Common expression with dative experiencer.,AI_estimate,2026-09-27,,neutral,,learning;skills,learning;ability,,,,false,false,sein,fällt leicht,fiel leicht,ist leichtgefallen,jmdm. leichtfallen,etw. fällt jmdm. leicht,schwerfallen,,,user-provided dataset,,draft
3668,verb,austeilen,to hand out / distribute,to hand out / distribute,Der Lehrer hat heute die korrigierten Prüfungen ausgeteilt.,The teacher handed out the corrected exams today.,B2,Verb,4,common,Common in education and everyday contexts.,AI_estimate,2026-09-27,,neutral,,education;everyday,distribution;school,,,,false,true,haben,teilt aus,teilte aus,hat ausgeteilt,etw. austeilen,Arbeitsblätter austeilen; Essen austeilen,verteilen,,,user-provided dataset,,draft
3669,verb,auffordern,to request / call upon,to request / call upon,"Sie forderte ihn auf, das Zimmer sofort zu verlassen.",She requested him to leave the room immediately.,B2,Verb,5,very_high,Very common formal verb.,AI_estimate,2026-09-27,,formal,,communication;law,request;instruction,,,,false,false,haben,fordert auf,forderte auf,hat aufgefordert,jdn. zu etw. auffordern,jdn. auffordern; zum Handeln auffordern,bitten,,,user-provided dataset,,draft
3670,word,die Aussicht,the view / prospect,the view / prospect,Von diesem Berg hat man eine fantastische Aussicht.,One has a fantastic view from this mountain.,B2,Nomen,5,very_high,Very common noun with multiple meanings.,AI_estimate,2026-09-27,,neutral,,travel;future,view;prospect,f,Aussichten,der Aussicht,false,false,,,,,,eine gute Aussicht haben; Aussicht auf etw. haben,Perspektive,,,user-provided dataset,,draft
3671,verb,erzeugen,to produce / generate,to produce / generate,Windräder erzeugen umweltfreundlichen Strom.,Wind turbines generate environmentally friendly electricity.,B2,Verb,5,very_high,Very common in technical and formal contexts.,AI_estimate,2026-09-27,,formal,,technology;energy,production;energy,,,,false,false,haben,erzeugt,erzeugte,erzeugt,etw. erzeugen,Strom erzeugen; Energie erzeugen; Wärme erzeugen,produzieren,,,user-provided dataset,,draft
3672,word,die Unstimmigkeit,discrepancy / disagreement,discrepancy / disagreement,Es gab einige Unstimmigkeiten im Vertrag.,There were some discrepancies in the contract.,B2,Nomen,3,medium,Common in formal and business contexts.,AI_estimate,2026-09-27,,formal,,business;law,disagreement;contracts,f,Unstimmigkeiten,der Unstimmigkeit,false,false,,,,,,Unstimmigkeiten feststellen; Unstimmigkeiten klären,Differenz,,,user-provided dataset,,draft
3673,word,die Verteilung,the distribution,the distribution,Die Verteilung der Hilfsgüter war gut organisiert.,The distribution of relief goods was well organized.,B2,Nomen,4,common,Common in formal and everyday contexts.,AI_estimate,2026-09-27,,neutral,,society;business,distribution;organization,f,Verteilungen,der Verteilung,false,false,,,,,,Verteilung von etw.; gerechte Verteilung,Aufteilung,,,user-provided dataset,,draft
3674,verb,vorkommen,to happen / to occur,to happen / to occur,So ein Fehler ist mir bisher noch nie vorgekommen.,Such a mistake has never happened to me before.,B2,Verb,5,very_high,Very common verb with several meanings.,AI_estimate,2026-09-27,,neutral,,everyday;language,occurrence;experience,,,,false,false,sein,kommt vor,kam vor,ist vorgekommen,jmdm. vorkommen; vorkommen,etw. kommt vor; häufig vorkommen,geschehen,,,user-provided dataset,,draft
3675,word,betreiben,to operate / conduct,to operate / conduct,Meine Großeltern betreiben seit Jahren ein kleines Café.,My grandparents have operated a small café for years.,B2,Verb,5,very_high,Very common in business and everyday contexts.,AI_estimate,2026-09-27,,neutral,,business;everyday,business;operation,,,,false,false,haben,betreibt,betrieb,hat betrieben,etw. betreiben,einen Betrieb betreiben; Sport betreiben; Forschung betreiben,führen,,,user-provided dataset,,draft
3676,word,der Geruchssinn,the sense of smell,the sense of smell,Hunde haben einen weitaus besseren Geruchssinn als Menschen.,Dogs have a far better sense of smell than humans.,B2,Nomen,3,medium,Common in health and descriptive contexts.,AI_estimate,2026-09-27,,neutral,,health;biology,senses;biology,m,Geruchssinne,des Geruchssinns,false,false,,,,,,einen guten Geruchssinn haben; Geruchssinn besitzen,olfaktorischer Sinn,,,user-provided dataset,,draft
3677,word,die Durchführung,implementation / execution,implementation / execution,Die Durchführung des Projekts wird zwei Monate dauern.,The execution of the project will take two months.,B2,Nomen,5,very_high,Very common formal noun.,AI_estimate,2026-09-27,,formal,,business;projects,implementation;project,f,Durchführungen,der Durchführung,false,false,,,,,,Durchführung eines Projekts; Durchführung planen,Umsetzung,,,user-provided dataset,,draft
3678,word,übersichtlich,clear / easy to survey,clear / easy to survey,Die neue App ist sehr übersichtlich gestaltet.,The new app is designed to be very clear.,B2,Adjektiv,4,common,Common for interfaces, layouts, and information.,AI_estimate,2026-09-27,,neutral,,technology;organization,clarity;design,,,,,,,,,,,,eine übersichtliche Darstellung; übersichtlich gestaltet,geordnet,unübersichtlich,,,user-provided dataset,,draft
3679,word,umfangreich,extensive / comprehensive,extensive / comprehensive,Das Buch bietet eine umfangreiche Analyse des Themas.,The book offers an extensive analysis of the topic.,B2,Adjektiv,5,very_high,Very common formal adjective.,AI_estimate,2026-09-27,,formal,,education;business,quantity;analysis,,,,,,,,,,,,umfangreiche Analyse; umfangreiche Erfahrung,ausführlich,begrenzt,,,user-provided dataset,,draft
3680,word,die Anschrift,the address,the address,Bitte geben Sie Ihre aktuelle Anschrift in das Formular ein.,Please enter your current address into the form.,B2,Nomen,4,common,Common in formal and administrative contexts.,AI_estimate,2026-09-27,,formal,,administration;forms,address;documents,f,Anschriften,der Anschrift,false,false,,,,,,aktuelle Anschrift; Anschrift angeben,Adresse,,,user-provided dataset,,draft
3681,word,konkurrenzfähig,competitive,competitive,Unsere Preise müssen auf dem Weltmarkt konkurrenzfähig bleiben.,Our prices must remain competitive on the world market.,B2,Adjektiv,4,common,Common in business and economics.,AI_estimate,2026-09-27,,formal,,business;economics,competition;business,,,,,,,,,,,,konkurrenzfähige Preise; konkurrenzfähig bleiben,wettbewerbsfähig,nicht konkurrenzfähig,,,user-provided dataset,,draft
3682,verb,erregen,to stir up / excite / cause,to cause / arouse,Die Nachricht hat in der Stadt großes Aufsehen erregt.,The news caused a great sensation in the city.,B2,Verb,4,common,Common in formal and journalistic contexts.,AI_estimate,2026-09-27,,formal,,media;communication,attention;reaction,,,,false,false,haben,erregt,erregte,erregt,etw. erregen,Aufsehen erregen; Aufmerksamkeit erregen,verursachen,,,user-provided dataset,,draft
3683,verb,verankern,to anchor / establish,to anchor / establish,Die Meinungsfreiheit ist fest im Grundgesetz verankert.,Freedom of opinion is firmly anchored in the constitution.,B2,Verb,4,common,Common in formal and political/legal language.,AI_estimate,2026-09-27,,formal,,law;society,law;principles,,,,false,false,haben,verankert,verankerte,verankert,etw. verankern,im Gesetz verankern; fest verankert sein,etablieren,,,user-provided dataset,,draft
3684,verb,zutrauen,to trust someone to do,to trust someone to do,"Ich traue dir zu, diese schwierige Aufgabe allein zu lösen.",I trust you to solve this difficult task alone.,B2,Verb,4,common,Common with dative person and zu-infinitive.,AI_estimate,2026-09-27,,neutral,,communication;relationships,trust;ability,,,,false,false,haben,traut zu,traute zu,hat zugetraut,jmdm. etw. zutrauen,jmdm. etwas zutrauen; sich etwas zutrauen,vertrauen,,,user-provided dataset,,draft
3685,verb,beibringen,to teach a skill,to teach a skill,Mein Vater hat mir letztes Jahr das Kochen beigebracht.,My father taught me how to cook last year.,B2,Verb,5,very_high,Very common verb for teaching practical skills.,AI_estimate,2026-09-27,,neutral,,education;family,learning;skills,,,,false,true,haben,bringt bei,brachte bei,hat beigebracht,jmdm. etw. beibringen,jmdm. das Kochen beibringen; eine Fähigkeit beibringen,lehren,,,user-provided dataset,,draft
3686,word,jeweilig,respective / particular,respective / particular,Bitte beachten Sie die jeweiligen Sicherheitsvorschriften.,Please observe the respective safety regulations.,B2,Adjektiv,5,very_high,Very common formal adjective.,AI_estimate,2026-09-27,,formal,,administration;business,reference;formal_language,,,,,,,,,,,,jeweilige Situation; jeweilige Vorschriften,entsprechend,,,user-provided dataset,,draft
3687,verb,unterbringen,to accommodate / house,to accommodate / house,Wir konnten alle Gäste im Hotel unterbringen.,We were able to accommodate all guests in the hotel.,B2,Verb,4,common,Common in travel and accommodation contexts.,AI_estimate,2026-09-27,,neutral,,travel;housing,accommodation;organization,,,,false,true,haben,bringt unter,bracht unter,hat untergebracht,jdn./etw. unterbringen,Gäste unterbringen; jemanden vorübergehend unterbringen,beherbergen,,,user-provided dataset,,draft
3688,word,gewaltig,enormous / powerful,enormous / powerful,Der Sturm hat gewaltige Schäden in der Stadt angerichtet.,The storm caused enormous damage in the city.,B2,Adjektiv,4,common,Common adjective with strong intensifying meaning.,AI_estimate,2026-09-27,,neutral,,weather;description,intensity;size,,,,,,,,,,,,gewaltige Schäden; gewaltiger Unterschied,enorm,gering,,,user-provided dataset,,draft
3689,verb,vermehren,to increase / multiply,to increase / multiply,Die Bakterien vermehren sich bei Wärme sehr schnell.,Bacteria multiply very quickly in warmth.,B2,Verb,4,common,Common in scientific and everyday contexts.,AI_estimate,2026-09-27,,neutral,,science;quantity,growth;biology,,,,true,false,haben,vermehrt,vermehrte,hat vermehrt,sich vermehren; etw. vermehren,sich schnell vermehren; Kapital vermehren,verringern,,,user-provided dataset,,draft
3690,verb,wischen,to wipe / mop,to wipe / mop,Kannst du bitte den Tisch kurz abwischen?,Can you please wipe the table quickly?,B2,Verb,4,common,Common everyday verb.,AI_estimate,2026-09-27,,neutral,,household;everyday,cleaning;household,,,,false,false,haben,wischt,wischte,hat gewischt,etw. wischen,den Tisch abwischen; den Boden wischen,abwischen,,,user-provided dataset,,draft
3691,word,herrenlos,stray / ownerless,stray / ownerless,Die Polizei hat einen herrenlosen Koffer am Bahnhof gefunden.,The police found an unattended suitcase at the station.,B2,Adjektiv,3,medium,Used mainly in formal or descriptive contexts.,AI_estimate,2026-09-27,,formal,,public_safety;law,ownership;security,,,,,,,,,,,,herrenloser Koffer; herrenloses Tier,unbeaufsichtigt,,,user-provided dataset,,draft
3692,word,verwahrlost,neglected / dilapidated,neglected / dilapidated,Der Garten sieht völlig verwahrlost aus.,The garden looks completely neglected.,B2,Adjektiv,3,medium,Common in descriptions of neglected places or people.,AI_estimate,2026-09-27,,neutral,,housing;society,neglect;condition,,,,,,,,,,,,verwahrloster Garten; verwahrlost aussehen,vernachlässigt,gepflegt,,,user-provided dataset,,draft
3693,verb,zufügen,to inflict / cause harm,to inflict / cause harm,Ich wollte dir mit meiner Kritik keinen Schmerz zufügen.,I did not want to cause you any pain with my criticism.,B2,Verb,4,common,Common in formal expressions involving harm or damage.,AI_estimate,2026-09-27,,formal,,health;relationships,harm;emotion,,,,false,false,haben,fügt zu,fügte zu,hat zugefügt,jmdm. etw. zufügen,jmdm. Schmerzen zufügen; Schaden zufügen,verursachen,,,user-provided dataset,,draft
3694,verb,einhaken,to hook in / link arms,to hook in / link arms,"Sie hakte sich bei ihrem Mann ein, als sie spazieren gingen.",She linked arms with her husband as they went for a walk.,B2,Verb,3,medium,Common in physical interaction contexts.,AI_estimate,2026-09-27,,neutral,,relationships;movement,physical_contact;movement,,,,true,true,haben,hakt ein,hakte ein,hat eingehakt,sich bei jmdm. einhaken,sich unterhaken; sich einhaken,anhaken,,,user-provided dataset,,draft
3695,verb,beliefern,to supply / deliver to,to supply / deliver to,Die Bäckerei beliefert täglich mehrere Cafés.,The bakery supplies several cafes daily.,B2,Verb,4,common,Common in business and logistics.,AI_estimate,2026-09-27,,formal,,business;logistics,supply;delivery,,,,false,false,haben,beliefert,belieferte,hat beliefert,jdn. mit etw. beliefern,einen Kunden beliefern; Geschäfte beliefern,versorgen,,,user-provided dataset,,draft
3696,word,das Reh,the deer / doe,the deer / doe,Im Morgengrauen haben wir ein Reh am Waldrand gesehen.,"At dawn, we saw a deer at the edge of the forest.",B2,Nomen,4,common,Common animal vocabulary.,AI_estimate,2026-09-27,,neutral,,nature;animals,wildlife;nature,n,Rehe,des Rehs,false,false,,,,,,ein Reh sehen; Rehe beobachten,Hirsch,Rehkalb,,user-provided dataset,,draft
3697,word,unzählig,countless / innumerable,countless / innumerable,Es gibt unzählige Sterne am Nachthimmel.,There are countless stars in the night sky.,B2,Adjektiv,5,very_high,Very common intensifying adjective.,AI_estimate,2026-09-27,,neutral,,quantity;description,quantity;intensity,,,,,,,,,,,,unzählige Male; unzählige Möglichkeiten,zahlreich,wenige,,,user-provided dataset,,draft
3698,word,innerhalb,within / inside of,within / inside of,Bitte bezahlen Sie die Rechnung innerhalb von 14 Tagen.,Please pay the invoice within 14 days.,B2,Präposition/Adverb,5,very_high,Very common formal preposition/adverb.,AI_estimate,2026-09-27,,formal,,time;space,deadline;location,,,,,,,,,,,,innerhalb von zwei Wochen; innerhalb des Gebäudes,in,außerhalb,,,user-provided dataset,,draft
3699,word,kostbar,precious / valuable,precious / valuable,Zeit ist unser kostbarstes Gut.,Time is our most precious asset.,B2,Adjektiv,4,common,Common in formal and expressive language.,AI_estimate,2026-09-27,,formal,,values;resources,value;importance,,,,,,,,,,,,kostbare Zeit; kostbares Gut,wertvoll,wertlos,,,user-provided dataset,,draft
3700,word,die Dürre,the drought,the drought,Die langanhaltende Dürre schadet der Landwirtschaft.,The long-lasting drought is harming agriculture.,B2,Nomen,4,common,Common in environmental and news contexts.,AI_estimate,2026-09-27,,formal,,environment;weather,climate;agriculture,f,Dürren,der Dürre,false,false,,,,,,anhaltende Dürre; unter einer Dürre leiden,Trockenheit,Überschwemmung,,user-provided dataset,,draft
3701,word,fließend,fluent / flowing,fluent / flowing,Nach zwei Jahren in Berlin sprach er fließend Deutsch.,"After two years in Berlin, he spoke fluent German.",B2,Adjektiv/Adverb,5,very_high,Very common for language ability and liquids.,AI_estimate,2026-09-27,,neutral,,language;movement,language;fluency,,,,,,,,,,,,fließend Deutsch sprechen; fließend sprechen,gewandt,stockend,,,user-provided dataset,,draft
3702,word,damalig,then / at that time,then / at that time,Mein damaliger Lehrer hat mich sehr inspiriert.,My teacher at that time inspired me a lot.,B2,Adjektiv,4,common,Common written adjective referring to a past period.,AI_estimate,2026-09-27,,formal,,time;biography,past;reference,,,,,,,,,,,,mein damaliger Chef; die damalige Situation,früher,heutig,,,user-provided dataset,,draft
3703,word,das Gewissen,the conscience,the conscience,"Er hat ein schlechtes Gewissen, weil er den Termin vergessen hat.",He has a guilty conscience because he forgot the appointment.,B2,Nomen,5,very_high,Very common everyday noun.,AI_estimate,2026-09-27,,neutral,,psychology;relationships,emotion;morality,n,Gewissen,des Gewissens,false,false,,,,,,ein schlechtes Gewissen haben; das Gewissen beruhigen,Gewissensbisse,,,user-provided dataset,,draft
3704,word,maßgeblich,significant / decisive,significant / decisive,Sie war maßgeblich am Erfolg der Verhandlungen beteiligt.,She played a decisive role in the success of the negotiations.,B2,Adjektiv/Adverb,4,common,Common in formal and academic language.,AI_estimate,2026-09-27,,formal,,business;academia,importance;influence,,,,,,,,,,,,maßgeblich beteiligt sein; maßgeblich beeinflussen,entscheidend,unbedeutend,,,user-provided dataset,,draft
3705,word,der Verstand,the mind / intellect / reason,the mind / intellect / reason,Benutz doch bitte deinen gesunden Menschenverstand!,Please just use your common sense!,B2,Nomen,5,very_high,Very common in everyday and formal language.,AI_estimate,2026-09-27,,neutral,,psychology;everyday,reason;judgment,m,Verstände,des Verstandes,false,false,,,,,,gesunder Menschenverstand; den Verstand verlieren,Vernunft,Unvernunft,,user-provided dataset,,draft
3706,word,der Vordergrund,the foreground,the foreground,Im Vordergrund des Fotos sieht man spielende Kinder.,"In the foreground of the photo, one can see playing children.",B2,Nomen,5,very_high,Very common with literal and figurative meanings.,AI_estimate,2026-09-27,,neutral,,media;description,visual;priority,m,Vordergründe,des Vordergrunds,false,false,,,,,,im Vordergrund stehen; in den Vordergrund rücken,Fokus,Hintergrund,,user-provided dataset,,draft
3707,word,der Hintergrund,the background,the background,Was ist der Hintergrund dieser Entscheidung?,What is the background of this decision?,B2,Nomen,5,very_high,Very common literal and figurative noun.,AI_estimate,2026-09-27,,neutral,,communication;media,context;visual,m,Hintergründe,des Hintergrunds,false,false,,,,,,den Hintergrund erklären; im Hintergrund stehen,Kontext,Vordergrund,,user-provided dataset,,draft
3708,word,drauf,on it / atop,on it / atop,Leg das Buch einfach oben drauf.,Just put the book on top.,B2,Adverb,4,common,Colloquial shortened form of darauf.,AI_estimate,2026-09-27,,informal,,everyday;conversation,colloquial;location,,,,,,,,,,,,oben drauf; etwas drauflegen,darauf,,,user-provided dataset,,draft
3709,word,der Hinflug,the outward flight,the outward flight,Der Hinflug nach Tokio dauert elf Stunden.,The outward flight to Tokyo takes eleven hours.,B2,Nomen,4,common,Common travel vocabulary.,AI_estimate,2026-09-27,,neutral,,travel;transport,flight;travel,m,Hinflüge,des Hinflugs,false,false,,,,,,Hinflug buchen; Hinflug nach Tokio,Richtungflug,Rückflug,,user-provided dataset,,draft
3710,word,der Rückflug,the return flight,the return flight,Wann ist dein Rückflug für Sonntag geplant?,When is your return flight scheduled for Sunday?,B2,Nomen,4,common,Common travel vocabulary.,AI_estimate,2026-09-27,,neutral,,travel;transport,flight;travel,m,Rückflüge,des Rückflugs,false,false,,,,,,Rückflug buchen; Rückflug nach Deutschland,Rückreise,Hinflug,,user-provided dataset,,draft
3711,word,dazugehörig,associated / belonging,associated / belonging,Hier ist die Tasche und das dazugehörige Kabel.,Here is the bag and the associated cable.,B2,Adjektiv,4,common,Common in descriptions of related objects.,AI_estimate,2026-09-27,,neutral,,objects;relationships,association;reference,,,,,,,,,,,,dazugehöriges Zubehör; dazugehörige Unterlagen,zugehörig,,,user-provided dataset,,draft
3712,word,erheblich,considerable / significant,considerable / significant,Es gibt erhebliche Unterschiede zwischen den Preisen.,There are significant differences between the prices.,B2,Adjektiv,5,very_high,Very common formal adjective.,AI_estimate,2026-09-27,,formal,,business;comparison,quantity;importance,,,,,,,,,,,,erhebliche Unterschiede; erheblich steigen,deutlich,geringfügig,,,user-provided dataset,,draft
3713,word,der Hafen,the harbor / port,the harbor / port,Die Schiffe liegen sicher im Hafen.,The ships are lying safely in the harbor.,B2,Nomen,5,very_high,Very common travel and transport noun.,AI_estimate,2026-09-27,,neutral,,travel;transport,shipping;travel,m,Häfen,des Hafens,false,false,,,,,,im Hafen liegen; in den Hafen einlaufen,Hafenbecken,,,user-provided dataset,,draft
3714,verb,stammen,to originate / stem,to originate / stem,Dieser Wein stammt aus einem kleinen Dorf in Italien.,This wine comes from a small village in Italy.,B2,Verb,5,very_high,Very common verb for origin.,AI_estimate,2026-09-27,,neutral,,origin;geography,origin;identity,,,,false,false,haben,stammt,stammte,hat gestammt,aus etw. stammen,aus Deutschland stammen; ursprünglich aus etw. stammen,kommen,,,user-provided dataset,,draft
3715,word,die Unannehmlichkeit,inconvenience,inconvenience,Wir entschuldigen uns für die Unannehmlichkeit.,We apologize for the inconvenience.,B2,Nomen,3,medium,Common in formal customer-service language.,AI_estimate,2026-09-27,,formal,,business;service,customer_service;apology,f,Unannehmlichkeiten,der Unannehmlichkeit,false,false,,,,,,für die Unannehmlichkeiten entschuldigen; Unannehmlichkeiten verursachen,Unbequemlichkeit,,,user-provided dataset,,draft
3716,verb,vermeiden,to avoid,to avoid,Man sollte Stress so gut wie möglich vermeiden.,One should avoid stress as much as possible.,B2,Verb,5,very_high,Very common verb.,AI_estimate,2026-09-27,,neutral,,everyday;health,avoidance;health,,,,false,false,haben,vermeidet,vermied,hat vermieden,etw. vermeiden,Stress vermeiden; Fehler vermeiden,ausweichen,suchen,,,user-provided dataset,,draft
3717,word,geeignet,suitable / appropriate,suitable / appropriate,Dieser Film ist nicht für Kinder geeignet.,This film is not suitable for children.,B2,Adjektiv,5,very_high,Very common adjective with für + Akkusativ.,AI_estimate,2026-09-27,,neutral,,everyday;assessment,suitability;assessment,,,,,,,,,,,,für etw. geeignet sein; besonders geeignet für,passend,ungeeignet,,,user-provided dataset,,draft
3718,word,unaufdringlich,unobtrusive / discreet,unobtrusive / discreet,"Das Parfüm hat einen angenehmen, unaufdringlichen Duft.","The perfume has a pleasant, unobtrusive scent.",B2,Adjektiv,3,medium,Used in descriptive and consumer contexts.,AI_estimate,2026-09-27,,neutral,,consumer;description,style;appearance,,,,,,,,,,,,unaufdringlicher Duft; unaufdringliche Art,diskret,aufdringlich,,,user-provided dataset,,draft
3719,word,zweckmäßig,practical / functional,practical / functional,Die Kleidung für die Wanderung sollte zweckmäßig sein.,The clothing for the hike should be practical.,B2,Adjektiv,3,medium,Common in formal and practical descriptions.,AI_estimate,2026-09-27,,formal,,everyday;design,functionality;practicality,,,,,,,,,,,,zweckmäßige Kleidung; zweckmäßig eingerichtet,praktisch,unpraktisch,,,user-provided dataset,,draft
3720,word,vornehm,posh / elegant,posh / elegant,Sie wohnen in einem sehr vornehmen Viertel.,They live in a very posh neighborhood.,B2,Adjektiv,3,medium,Common descriptive adjective with social and stylistic nuance.,AI_estimate,2026-09-27,,neutral,,society;appearance,status;style,,,,,,,,,,,,vornehmes Viertel; vornehme Kleidung,elegant,gewöhnlich,,,user-provided dataset,,draft
3721,verb,vergnügen,to enjoy oneself,to enjoy oneself,Die Kinder vergnügen sich auf dem Spielplatz.,The children are enjoying themselves on the playground.,B2,Verb,3,medium,Common mainly in reflexive use.,AI_estimate,2026-09-27,,neutral,,leisure;children,recreation;leisure,,,,true,false,haben,vergnügt sich,vergnügte sich,hat sich vergnügt,sich vergnügen,sich gut vergnügen; sich auf dem Spielplatz vergnügen,sich amüsieren,sich langweilen,,user-provided dataset,,draft
3722,word,zahlreich,numerous,numerous,Es gab zahlreiche Beschwerden über den Lärm.,There were numerous complaints about the noise.,B2,Adjektiv,5,very_high,Very common formal adjective.,AI_estimate,2026-09-27,,formal,,quantity;business,quantity;complaints,,,,,,,,,,,,zahlreiche Beschwerden; zahlreiche Möglichkeiten,viele,wenige,,,user-provided dataset,,draft
3723,verb,streichen,to paint / to cancel,to paint / to cancel,Wir haben das Wohnzimmer hellblau gestrichen.,We painted the living room light blue.,B2,Verb,5,very_high,Very common verb with multiple meanings.,AI_estimate,2026-09-27,,neutral,,household;business,painting;cancelation,,,,false,false,haben,streicht,strich,hat gestrichen,etw. streichen,die Wand streichen; einen Termin streichen; von der Liste streichen,malen,,,user-provided dataset,,draft
3724,verb,abreisen / anreisen,to depart / to arrive,to depart / to arrive,Die Gäste sind gestern Abend bereits abgereist.,The guests already departed yesterday evening.,B2,Verb,5,very_high,Very common travel verbs.,AI_estimate,2026-09-27,,neutral,,travel;transport,travel;arrival,,,,false,true,sein,reist ab / reist an,reiste ab / reiste an,ist abgereist / ist angereist,abreisen / anreisen,abreisen; anreisen; pünktlich anreisen,abfahren / eintreffen,,,user-provided dataset,,draft
3725,word,die Bestätigung,the confirmation,the confirmation,Ich warte noch auf die Bestätigung meiner Buchung.,I am still waiting for the confirmation of my booking.,B2,Nomen,5,very_high,Very common in administrative and everyday contexts.,AI_estimate,2026-09-27,,neutral,,business;travel,confirmation;booking,f,Bestätigungen,der Bestätigung,false,false,,,,,,eine Bestätigung erhalten; Buchungsbestätigung,Beleg,,,user-provided dataset,,draft
3726,verb,erfragen,to inquire / find out,to inquire / find out,Die genauen Details müssen wir erst noch erfragen.,We still have to inquire about the exact details.,B2,Verb,3,medium,Common in formal communication.,AI_estimate,2026-09-27,,formal,,communication;administration,information;inquiry,,,,false,false,haben,erfragt,erfragte,erfragt,etw. erfragen,Informationen erfragen; Details erfragen,nachfragen,,,user-provided dataset,,draft
3727,verb,umarmen,to hug,to hug,Sie umarmten sich herzlich zur Begrüßung.,They hugged each other warmly in greeting.,B2,Verb,5,very_high,Very common everyday verb.,AI_estimate,2026-09-27,,neutral,,relationships;social,physical_contact;greeting,,,,true,false,haben,umarmt,umarmte,hat umarmt,jdn. umarmen,sich herzlich umarmen; jemanden zur Begrüßung umarmen,drücken,,,user-provided dataset,,draft
3728,word,die Aussicht,the view / prospect,the view / prospect,Von diesem Berg hat man eine fantastische Aussicht.,One has a fantastic view from this mountain.,B2,Nomen,5,very_high,Very common noun with multiple meanings.,AI_estimate,2026-09-27,,neutral,,travel;future,view;prospect,f,Aussichten,der Aussicht,false,false,,,,,,eine gute Aussicht haben; Aussicht auf etw. haben,Perspektive,,,user-provided dataset,,draft
3729,word,die Bestätigung,the confirmation,the confirmation,Ich warte noch auf die Bestätigung meiner Buchung.,I am still waiting for the confirmation of my booking.,B2,Nomen,5,very_high,Very common in administrative and everyday contexts.,AI_estimate,2026-09-27,,neutral,,business;travel,confirmation;booking,f,Bestätigungen,der Bestätigung,false,false,,,,,,eine Bestätigung erhalten; Buchungsbestätigung,Beleg,,,user-provided dataset,,draft
3730,word,erkunden,to explore,to explore,Wir wollen morgen die Altstadt erkunden.,We want to explore the old town tomorrow.,B2,Verb,4,common,AI estimate based on general contemporary German usage; not a corpus frequency.,AI_estimate,2026-09-27,,neutral,,travel;places,explore a city; Umgebung erkunden,,, , ,false,false,haben,erkundet,erkundete,erkundet,Akk,eine Stadt erkunden; eine Gegend erkunden,entdecken,,user-provided dataset,,draft
3731,word,erben,to inherit,to inherit,Er hat das Haus von seinem Großvater geerbt.,He inherited the house from his grandfather.,B2,Verb,4,common,AI estimate based on general contemporary German usage; not a corpus frequency.,AI_estimate,2026-09-27,,neutral,,family;inheritance,etwas erben; von jemandem erben,,,,false,false,haben,erbt,erbte,geerbt,Akk,ein Haus erben; Vermögen erben,,enterben,,user-provided dataset,,draft
3732,word,umfassend,comprehensive,comprehensive,Das Buch bietet eine umfassende Übersicht.,The book offers a comprehensive overview.,B2,Adjektiv,4,common,AI estimate based on general contemporary German usage; not a corpus frequency.,AI_estimate,2026-09-27,,formal,,academic;business,umfassende Informationen; umfassende Kenntnisse,,,,,false,false,,,,,,,,gründlich;weitreichend,begrenzt,,user-provided dataset,,draft
3733,word,der Auflauf,casserole / crowd,casserole / crowd,Meine Mutter macht den besten Nudelauflauf.,My mother makes the best noodle casserole.,B2,Nomen,3,medium,AI estimate based on general contemporary German usage; not a corpus frequency.,AI_estimate,2026-09-27,,neutral,,food;everyday,Nudelauflauf;Menschenauflauf,m,Aufläufe,Auflaufs,false,false,,,,,,,,,,,,user-provided dataset,,draft
3734,word,erwischen,to catch / nab,to catch / nab,Ich habe ihn beim Lügen erwischt.,I caught him lying.,B2,Verb,4,common,AI estimate based on general contemporary German usage; not a corpus frequency.,AI_estimate,2026-09-27,,neutral,,everyday;social,jemanden beim Lügen erwischen; den Bus erwischen,,,,false,false,haben,erwischt,erwischte,erwischt,Akk,jemanden erwischen; beim Schlafen erwischen,fangen,,user-provided dataset,,draft
3735,word,das Leder,leather,leather,Meine neue Tasche ist aus echtem Leder gefertigt.,My new bag is made of genuine leather.,B2,Nomen,4,common,AI estimate based on general contemporary German usage; not a corpus frequency.,AI_estimate,2026-09-27,,neutral,,clothing;materials,echtes Leder; aus Leder,n,Leder,Leders,false,false,,,,,,,,,,,,user-provided dataset,,draft
3736,word,die Umschreibung,paraphrase / description,paraphrase / description,Das Wort ist eine gute Umschreibung für diesen Zustand.,The word is a good description for this condition.,B2,Nomen,3,medium,AI estimate based on general contemporary German usage; not a corpus frequency.,AI_estimate,2026-09-27,,formal,,language;academic,eine Umschreibung verwenden; als Umschreibung dienen,f,Umschreibungen,der Umschreibung,false,false,,,,,,,,Paraphrase,,user-provided dataset,,draft
3737,word,der Auswanderer,emigrant,emigrant,Viele Auswanderer ziehen wegen des Wetters nach Spanien.,Many emigrants move to Spain because of the weather.,B2,Nomen,3,medium,AI estimate based on general contemporary German usage; not a corpus frequency.,AI_estimate,2026-09-27,,neutral,,migration;travel,ins Ausland auswandern; Auswanderer sein,m,Auswanderer,des Auswanderers,false,false,,,,,,,,Emigrant,,user-provided dataset,,draft
3738,verb_preposition,hinweisen (auf + Akk),to point out / refer to,to point out / refer to,Der Lehrer hat auf die Fehler in der Prüfung hingewiesen.,The teacher pointed out the mistakes in the exam.,B2,Verb,4,common,AI estimate based on general contemporary German usage; not a corpus frequency.,AI_estimate,2026-09-27,,formal,,academic;communication,auf etwas hinweisen; darauf hinweisen,,,,false,true,haben,weist hin,wies hin,hingewiesen,auf + Akk,auf einen Fehler hinweisen; auf etwas hinweisen,aufmerksam machen,,user-provided dataset,,draft
3739,word,verbinden,to connect / link,to connect / link,Diese Brücke verbindet die beiden Stadtteile.,This bridge connects the two parts of the city.,B2,Verb,5,very_common,AI estimate based on general contemporary German usage; not a corpus frequency.,AI_estimate,2026-09-27,,neutral,,technology;relationships,zwei Dinge verbinden; Menschen verbinden,,,,false,false,haben,verbindet,verband,verbunden,Akk,Theorie und Praxis verbinden; zwei Punkte verbinden,verknüpfen,trennen,user-provided dataset,,draft
3740,verb_preposition,animieren (zu + Dat),to encourage / stimulate,to encourage / stimulate,Die Sonne animiert uns zu einem langen Spaziergang.,The sun encourages us to take a long walk.,B2,Verb,3,medium,AI estimate based on general contemporary German usage; not a corpus frequency.,AI_estimate,2026-09-27,,neutral,,behavior;motivation,jemanden zu etwas animieren,,,,false,false,haben,animiert,animierte,animiert,zu + Dat,zu etwas animieren; jemanden zum Sport animieren,ermutigen,entmutigen,user-provided dataset,,draft
3741,word,der Appell,appeal,appeal,Der Politiker richtete einen dringenden Appell an das Volk.,The politician directed an urgent appeal to the people.,B2,Nomen,3,medium,AI estimate based on general contemporary German usage; not a corpus frequency.,AI_estimate,2026-09-27,,formal,,politics;communication,einen Appell richten; dringender Appell,m,Appelle,Appells,false,false,,,,,,,,Aufruf,,user-provided dataset,,draft
3742,word,begrenzt,limited / finite,limited / finite,Die Plätze für den Kurs sind leider stark begrenzt.,The places for the course are unfortunately strictly limited.,B2,Adjektiv,4,common,AI estimate based on general contemporary German usage; not a corpus frequency.,AI_estimate,2026-09-27,,neutral,,quantity;business,begrenzte Anzahl; begrenzte Zeit,,,,,false,false,,,,,,,,limitiert,unbegrenzt,,user-provided dataset,,draft
3743,word,der Duft,fragrance / scent,fragrance / scent,Der Duft von frischem Kaffee am Morgen ist herrlich.,The scent of fresh coffee in the morning is wonderful.,B2,Nomen,4,common,AI estimate based on general contemporary German usage; not a corpus frequency.,AI_estimate,2026-09-27,,neutral,,senses;food,Duft von Kaffee;angenehmer Duft,m,Düfte,Duftes,false,false,,,,,,,,Geruch,,user-provided dataset,,draft
3744,word,der Gipfel,peak / summit,peak / summit,Nach fünf Stunden haben wir endlich den Gipfel erreicht.,After five hours we finally reached the summit.,B2,Nomen,4,common,AI estimate based on general contemporary German usage; not a corpus frequency.,AI_estimate,2026-09-27,,neutral,,nature;travel,einen Gipfel erreichen; auf dem Gipfel,m,Gipfel,Gipfels,false,false,,,,,,,,Bergspitze,,user-provided dataset,,draft
3745,word,die Offenheit,openness / candor,openness / candor,Ich schätze deine Offenheit in dieser schwierigen Angelegenheit.,I appreciate your openness in this difficult matter.,B2,Nomen,3,medium,AI estimate based on general contemporary German usage; not a corpus frequency.,AI_estimate,2026-09-27,,neutral,,communication;relationships,Offenheit zeigen; für Offenheit sorgen,f,Offenheiten,der Offenheit,false,false,,,,,,,,Ehrlichkeit,Zurückhaltung,,user-provided dataset,,draft
3746,word,subventionieren,to subsidize,to subsidize,Der Staat subventioniert umweltfreundliche Technologien.,The state subsidizes environmentally friendly technologies.,B2,Verb,3,medium,AI estimate based on general contemporary German usage; not a corpus frequency.,AI_estimate,2026-09-27,,formal,,economy;politics,Produkte subventionieren; staatlich subventionieren,,,,false,false,haben,subventioniert,subventionierte,subventioniert,Akk,etwas staatlich subventionieren,fördern,,user-provided dataset,,draft
3747,word,der Schatz,treasure / darling,treasure / darling,Die Kinder suchten im Garten nach einem vergrabenen Schatz.,The children looked for a buried treasure in the garden.,B2,Nomen,4,common,AI estimate based on general contemporary German usage; not a corpus frequency.,AI_estimate,2026-09-27,,neutral,,family;relationships,einen Schatz finden; vergrabener Schatz,m,Schätze,Schatzes,false,false,,,,,,,,Vermögen,,user-provided dataset,,draft
3748,word,zusammenzählen,to add up,to add up,"Wenn man alles zusammenzählt, ist es doch recht teuer.","When you add everything up, it is quite expensive.",B2,Verb,3,medium,AI estimate based on general contemporary German usage; not a corpus frequency.,AI_estimate,2026-09-27,,neutral,,math;finance,etwas zusammenzählen; alles zusammenzählen,,,,false,true,haben,zählt zusammen,zählte zusammen,zusammengezählt,Akk,Kosten zusammenzählen; Zahlen zusammenzählen,addieren,,user-provided dataset,,draft
3749,word,die Beschaffung,procurement,procurement,Die Beschaffung der Materialien dauert länger als geplant.,The procurement of materials is taking longer than planned.,B2,Nomen,3,medium,AI estimate based on general contemporary German usage; not a corpus frequency.,AI_estimate,2026-09-27,,formal,,business;procurement,Beschaffung von Materialien;öffentliche Beschaffung,f,Beschaffungen,der Beschaffung,false,false,,,,,,,,Einkauf,,user-provided dataset,,draft
3750,word,der/die Anhalter/in,hitchhiker,hitchhiker,Wir haben einen Anhalter mit in die nächste Stadt genommen.,We took a hitchhiker with us to the next city.,B2,Nomen,2,less_common,AI estimate based on general contemporary German usage; not a corpus frequency.,AI_estimate,2026-09-27,,neutral,,travel;transport,per Anhalter fahren; einen Anhalter mitnehmen,m/f,Anhalter / Anhalterinnen,des Anhalters / der Anhalterin,false,false,,,,,,,,Hitchhiker,,user-provided dataset,,draft
3751,konnektor,solange,as long as,as long as,"Solange es regnet, bleiben wir lieber im Haus.","As long as it is raining, we prefer to stay indoors.",B2,Konjunktion,5,very_common,AI estimate based on general contemporary German usage; not a corpus frequency.,AI_estimate,2026-09-27,,neutral,,grammar;conditions,solange wie; solange es ...,,,,,,,,,,,,,,,,,user-provided dataset,,draft
3752,word,die Abfolge,sequence / order,sequence / order,Die chronologische Abfolge der Ereignisse ist unklar.,The chronological sequence of events is unclear.,B2,Nomen,3,medium,AI estimate based on general contemporary German usage; not a corpus frequency.,AI_estimate,2026-09-27,,formal,,academic;events,chronologische Abfolge; in dieser Abfolge,f,Abfolgen,der Abfolge,false,false,,,,,,,,Reihenfolge,,user-provided dataset,,draft
3753,word,gesellschaftlich,social / societal,social / societal,Das ist eine wichtige gesellschaftliche Debatte.,That is an important societal debate.,B2,Adjektiv,4,common,AI estimate based on general contemporary German usage; not a corpus frequency.,AI_estimate,2026-09-27,,formal,,society;politics,gesellschaftliche Debatte;gesellschaftliche Entwicklung,,,,,false,false,,,,,,,,sozial,privat,,user-provided dataset,,draft
3754,word,der/die Einheimische,local / native,local / native,Die Einheimischen kennen die besten Restaurants der Stadt.,The locals know the best restaurants in the city.,B2,Nomen,4,common,AI estimate based on general contemporary German usage; not a corpus frequency.,AI_estimate,2026-09-27,,neutral,,travel;community,Einheimische fragen;die Einheimischen,m/f,Einheimische,des Einheimischen,false,false,,,,,,,,Ortsansässige,,user-provided dataset,,draft
3755,word,die Ablehnung,rejection / denial,rejection / denial,Sein Vorschlag stieß leider auf allgemeine Ablehnung.,His proposal unfortunately met with general rejection.,B2,Nomen,4,common,AI estimate based on general contemporary German usage; not a corpus frequency.,AI_estimate,2026-09-27,,formal,,communication;decisions,auf Ablehnung stoßen; Ablehnung erfahren,f,Ablehnungen,der Ablehnung,false,false,,,,,,,,Zurückweisung,Akzeptanz,,user-provided dataset,,draft
3756,word,ausnutzen,to exploit / use,to exploit / use,Er hat meine Gutmütigkeit schamlos ausgenutzt.,He shamelessly exploited my good nature.,B2,Verb,4,common,AI estimate based on general contemporary German usage; not a corpus frequency.,AI_estimate,2026-09-27,,neutral,,relationships;business,jemanden ausnutzen; eine Gelegenheit ausnutzen,,,,false,false,haben,nutzt aus,nutzte aus,ausgenutzt,Akk,jemanden schamlos ausnutzen; eine Chance ausnutzen,nutzen,schonen,user-provided dataset,,draft
3757,word,bezweifeln,to doubt / dispute,to doubt / dispute,"Ich bezweifle, dass dieser Plan wirklich funktioniert.",I doubt that this plan really works.,B2,Verb,4,common,AI estimate based on general contemporary German usage; not a corpus frequency.,AI_estimate,2026-09-27,,neutral,,communication;reasoning,etwas bezweifeln; stark bezweifeln,,,,false,false,haben,bezweifelt,bezweifelte,bezweifelt,Akk,eine Aussage bezweifeln; Erfolg bezweifeln,anzweifeln,bestätigen,user-provided dataset,,draft
3758,word,der Auszug,excerpt / move-out,excerpt / move-out,Dies ist ein kurzer Auszug aus seinem neuen Roman.,This is a short excerpt from his new novel.,B2,Nomen,4,common,AI estimate based on general contemporary German usage; not a corpus frequency.,AI_estimate,2026-09-27,,neutral,,literature;housing,Auszug aus einem Buch;aus der Wohnung ausziehen,m,Auszüge,Auszugs,false,false,,,,,,,,Exzerpt,,user-provided dataset,,draft
3759,word,auszeichnen,to distinguish / award,to distinguish / award,Er wurde für seine Leistungen ausgezeichnet.,He was awarded for his achievements.,B2,Verb,4,common,AI estimate based on general contemporary German usage; not a corpus frequency.,AI_estimate,2026-09-27,,formal,,awards;achievements,für Leistungen auszeichnen; jemanden auszeichnen,,,,false,false,haben,zeichnet aus,zeichnete aus,ausgezeichnet,Akk,für seine Leistungen ausgezeichnet werden,ehren,,user-provided dataset,,draft
3760,phrase,darüber hinaus,furthermore / besides,furthermore / besides,Es ist teuer und darüber hinaus unnötig.,It is expensive and furthermore unnecessary.,B2,Adverbialphrase,5,very_common,AI estimate based on general contemporary German usage; not a corpus frequency.,AI_estimate,2026-09-27,,formal,,academic;argumentation,darüber hinausgehen; darüber hinaus,,,,,,,,,,,,,,,,,user-provided dataset,,draft
3761,word,entscheiden,to decide,to decide,Wir müssen uns bald entscheiden.,We have to decide soon.,B2,Verb,5,very_common,AI estimate based on general contemporary German usage; not a corpus frequency.,AI_estimate,2026-09-27,,neutral,,decisions;everyday,sich entscheiden; eine Entscheidung treffen,,,,true,false,haben,entscheidet,entschied,entschieden,sich für/gegen + Akk,sich für etwas entscheiden; sich endgültig entscheiden,beschließen,zögern,user-provided dataset,,draft
3762,word,die Angabe,statement / detail,statement / detail,Alle Angaben sind ohne Gewähr.,All information is subject to change.,B2,Nomen,5,very_common,AI estimate based on general contemporary German usage; not a corpus frequency.,AI_estimate,2026-09-27,,formal,,documents;information,Angaben machen; persönliche Angaben,f,Angaben,der Angabe,false,false,,,,,,,,Information,,user-provided dataset,,draft
3763,word,schweben,to float / hover,to float / hover,Die Wolken schweben über den Bergen.,The clouds are floating above the mountains.,B2,Verb,3,medium,AI estimate based on general contemporary German usage; not a corpus frequency.,AI_estimate,2026-09-27,,neutral,,nature;movement,über etwas schweben; in der Luft schweben,,,,false,false,sein,schwebt,schwebte,geschwebt,in/über + Dat,über dem Boden schweben,fliegen,,user-provided dataset,,draft
3764,word,entsprechen,to correspond to,to correspond to,Das Ergebnis entspricht meinen Erwartungen.,The result corresponds to my expectations.,B2,Verb,4,common,AI estimate based on general contemporary German usage; not a corpus frequency.,AI_estimate,2026-09-27,,formal,,academic;business,den Erwartungen entsprechen; einer Norm entsprechen,,,,false,false,haben,entspricht,entsprach,entsprochen,Dat,den Anforderungen entsprechen; einer Norm entsprechen,übereinstimmen,widersprechen,user-provided dataset,,draft
3765,word,komischerweise,strangely enough,strangely enough,Komischerweise habe ich ihn heute nicht gesehen.,"Strangely enough, I didn't see him today.",B2,Adverb,4,common,AI estimate based on general contemporary German usage; not a corpus frequency.,AI_estimate,2026-09-27,,informal,,conversation;everyday,komischerweise passieren; komischerweise sein,,,,,,,,,,,,,,,,,user-provided dataset,,draft
3766,word,nachholen,to catch up on,to catch up on,Ich muss den verpassten Stoff nachholen.,I have to catch up on the missed material.,B2,Verb,4,common,AI estimate based on general contemporary German usage; not a corpus frequency.,AI_estimate,2026-09-27,,neutral,,education;work,Stoff nachholen; einen Termin nachholen,,,,false,true,haben,holt nach,holte nach,nachgeholt,Akk,versäumten Stoff nachholen; einen Termin nachholen,aufholen,,user-provided dataset,,draft
3767,verb_preposition,richten (nach + Dat),to align with / follow,to align with / follow,Ich richte mich ganz nach deinen Wünschen.,I will align myself entirely with your wishes.,B2,Verb,4,common,AI estimate based on general contemporary German usage; not a corpus frequency.,AI_estimate,2026-09-27,,neutral,,decisions;relationships,sich nach etwas richten; sich nach jemandem richten,,,,true,false,haben,richtet,richtete,gerichtet,nach + Dat,sich nach den Bedürfnissen richten,orientieren,,user-provided dataset,,draft
3768,word,abbestellen,to cancel a subscription/order,to cancel a subscription/order,Ich habe die Zeitung abbestellt.,I canceled the newspaper subscription.,B2,Verb,3,medium,AI estimate based on general contemporary German usage; not a corpus frequency.,AI_estimate,2026-09-27,,neutral,,shopping;services,eine Zeitung abbestellen; ein Abo abbestellen,,,,false,true,haben,abbestellt,abbestellte,abbestellt,Akk,ein Abonnement abbestellen; einen Newsletter abbestellen,kündigen,bestellen,user-provided dataset,,draft
3769,word,ausdauernd,persistent / enduring,persistent / enduring,Sie ist eine sehr ausdauernde Läuferin.,She is a very persistent runner.,B2,Adjektiv,3,medium,AI estimate based on general contemporary German usage; not a corpus frequency.,AI_estimate,2026-09-27,,neutral,,sports;personality,ausdauernd trainieren; ausdauernde Person,,,,,false,false,,,,,,,,beharrlich,unbeständig,,user-provided dataset,,draft
3770,word,sinkend,decreasing / falling,decreasing / falling,Die Preise sind momentan sinkend.,Prices are currently falling.,B2,Adjektiv,3,medium,AI estimate based on general contemporary German usage; not a corpus frequency.,AI_estimate,2026-09-27,,formal,,economy;statistics,sinkende Preise; sinkende Nachfrage,,,,,false,false,,,,,,,,fallend,steigend,,user-provided dataset,,draft
3771,word,die Verzeihung,forgiveness,forgiveness,Ich bitte vielmals um Verzeihung.,I sincerely ask for forgiveness.,B2,Nomen,3,medium,AI estimate based on general contemporary German usage; not a corpus frequency.,AI_estimate,2026-09-27,,formal,,apologies;relationships,um Verzeihung bitten; vielmals um Verzeihung bitten,f,Verzeihungen,der Verzeihung,false,false,,,,,,,,Vergebung,,user-provided dataset,,draft
3772,word,verzeihen,to forgive,to forgive,Kannst du mir bitte verzeihen?,Can you please forgive me?,B2,Verb,4,common,AI estimate based on general contemporary German usage; not a corpus frequency.,AI_estimate,2026-09-27,,neutral,,relationships;apologies,jemandem verzeihen; einen Fehler verzeihen,,,,false,false,haben,verzeiht,verzieh,verziehen,Dat,jemandem verzeihen; sich selbst verzeihen,vergeben,,user-provided dataset,,draft
3773,word,humorvoll,humorous,humorous,Er erzählte eine humorvolle Geschichte.,He told a humorous story.,B2,Adjektiv,3,medium,AI estimate based on general contemporary German usage; not a corpus frequency.,AI_estimate,2026-09-27,,neutral,,personality;communication,humorvoller Mensch; humorvolle Geschichte,,,,,false,false,,,,,,,,witzig,humorlos,,user-provided dataset,,draft
3774,word,schüchtern,shy,shy,Das Kind ist Fremden gegenüber schüchtern.,The child is shy towards strangers.,B2,Adjektiv,4,common,AI estimate based on general contemporary German usage; not a corpus frequency.,AI_estimate,2026-09-27,,neutral,,personality;social,schüchtern sein; schüchtern wirken,,,,,false,false,,,,,,,,zurückhaltend,selbstbewusst,,user-provided dataset,,draft
3775,word,verärgert,angry / annoyed,angry / annoyed,Sie war sichtlich verärgert über den Fehler.,She was visibly annoyed about the mistake.,B2,Adjektiv,4,common,AI estimate based on general contemporary German usage; not a corpus frequency.,AI_estimate,2026-09-27,,neutral,,emotions;work,verärgert sein; über etwas verärgert sein,,,,,false,false,,,,,,,,ungehalten,zufrieden,,user-provided dataset,,draft
3776,word,vermeintlich,alleged / supposed,alleged / supposed,Es war nur ein vermeintliches Problem.,It was only a supposed problem.,B2,Adjektiv,4,common,AI estimate based on general contemporary German usage; not a corpus frequency.,AI_estimate,2026-09-27,,formal,,media;academic,vermeintlicher Täter; vermeintliches Problem,,,,,false,false,,,,,,,,angeblich,tatsächlich,,user-provided dataset,,draft
3777,word,zierlich,delicate / dainty,delicate / dainty,Sie hat eine zierliche Figur.,She has a petite figure.,B2,Adjektiv,3,medium,AI estimate based on general contemporary German usage; not a corpus frequency.,AI_estimate,2026-09-27,,neutral,,appearance;people,zierliche Figur; zierliche Hände,,,,,false,false,,,,,,,,fein,kräftig,,user-provided dataset,,draft
3778,word,heikel,delicate / awkward,delicate / awkward,Das ist eine heikle Angelegenheit.,That is a delicate matter.,B2,Adjektiv,4,common,AI estimate based on general contemporary German usage; not a corpus frequency.,AI_estimate,2026-09-27,,formal,,communication;problems,heikle Situation; heikle Frage,,,,,false,false,,,,,,,,kritisch,unkritisch,,user-provided dataset,,draft
3779,word,die Verteidigung,defense,defense,Die Verteidigung des Titels war schwer.,The defense of the title was difficult.,B2,Nomen,4,common,AI estimate based on general contemporary German usage; not a corpus frequency.,AI_estimate,2026-09-27,,neutral,,sports;law,Verteidigung des Titels; Verteidigung übernehmen,f,Verteidigungen,der Verteidigung,false,false,,,,,,,,Abwehr,Angriff,,user-provided dataset,,draft
3780,word,alleinstehend,single / unmarried,single / unmarried,Sie ist eine alleinstehende Frau.,She is a single woman.,B2,Adjektiv,3,medium,AI estimate based on general contemporary German usage; not a corpus frequency.,AI_estimate,2026-09-27,,neutral,,family;society,alleinstehende Person; alleinstehend leben,,,,,false,false,,,,,,,,ledig,,user-provided dataset,,draft
3781,word,verfassen,to write / compose,to write / compose,Er hat einen langen Brief verfasst.,He wrote a long letter.,B2,Verb,4,common,AI estimate based on general contemporary German usage; not a corpus frequency.,AI_estimate,2026-09-27,,formal,,writing;academic,einen Brief verfassen; einen Text verfassen,,,,false,false,haben,verfasst,verfasste,verfasst,Akk,einen Bericht verfassen; einen Antrag verfassen,schreiben,,user-provided dataset,,draft
3782,word,die Ferne,distance / far distance,distance / far distance,In der Ferne sah man die Lichter der Stadt.,"In the distance, one could see the lights of the city.",B2,Nomen,3,medium,AI estimate based on general contemporary German usage; not a corpus frequency.,AI_estimate,2026-09-27,,literary,,nature;travel,in der Ferne; aus der Ferne,f,Fernen,der Ferne,false,false,,,,,,,,Entfernung,Nähe,,user-provided dataset,,draft
3783,word,flach,flat / shallow,flat / shallow,Das Wasser hier am Ufer ist sehr flach.,The water here at the shore is very shallow.,B2,Adjektiv,4,common,AI estimate based on general contemporary German usage; not a corpus frequency.,AI_estimate,2026-09-27,,neutral,,physical;geography,flaches Wasser; flache Fläche,,,,,false,false,,,,,,,,eben,tief,,user-provided dataset,,draft
3784,word,beklagen,to complain / lament,to complain / lament,Viele Bürger beklagen die hohen Mietpreise.,Many citizens complain about the high rents.,B2,Verb,4,common,AI estimate based on general contemporary German usage; not a corpus frequency.,AI_estimate,2026-09-27,,formal,,society;complaints,hohe Preise beklagen; einen Zustand beklagen,,,,false,false,haben,beklagt,beklagte,beklagt,Akk,sich über etwas beklagen; einen Mangel beklagen,beschweren,,user-provided dataset,,draft
3785,word,der Drehbuchautor,screenwriter,screenwriter,Der Drehbuchautor schreibt gerade an einem neuen Krimi.,The screenwriter is currently writing a new thriller.,B2,Nomen,3,medium,AI estimate based on general contemporary German usage; not a corpus frequency.,AI_estimate,2026-09-27,,neutral,,media;literature,Drehbuchautor sein; ein Drehbuch schreiben,m,Drehbuchautoren,des Drehbuchautors,false,false,,,,,,,,,,user-provided dataset,,draft
3786,word,einleuchtend,logical / plausible,logical / plausible,Deine Erklärung für das Problem ist absolut einleuchtend.,Your explanation for the problem is absolutely plausible.,B2,Adjektiv,4,common,AI estimate based on general contemporary German usage; not a corpus frequency.,AI_estimate,2026-09-27,,neutral,,reasoning;communication,einleuchtende Erklärung; logisch und einleuchtend,,,,,false,false,,,,,,,,plausibel,unlogisch,,user-provided dataset,,draft
3787,word,die Gegenwartsliteratur,contemporary literature,contemporary literature,In der Uni haben wir viel über Gegenwartsliteratur gelernt.,At university we learned a lot about contemporary literature.,B2,Nomen,2,less_common,AI estimate based on general contemporary German usage; not a corpus frequency.,AI_estimate,2026-09-27,,academic,,literature;education,zeitgenössische Literatur; Gegenwartsliteratur lesen,f,Gegenwartsliteraturen,der Gegenwartsliteratur,false,false,,,,,,,,,,user-provided dataset,,draft
3788,word,die Vorsorge,precaution / provision,precaution / provision,Regelmäßige Vorsorge ist wichtig für die Gesundheit.,Regular preventive care is important for health.,B2,Nomen,4,common,AI estimate based on general contemporary German usage; not a corpus frequency.,AI_estimate,2026-09-27,,formal,,health;finance,Vorsorge treffen; private Vorsorge,f,Vorsorgen,der Vorsorge,false,false,,,,,,,,Prävention,,user-provided dataset,,draft
3789,word,die Ausrede,excuse,excuse,Das ist doch nur eine schlechte Ausrede für dein Zuspätkommen!,That is just a bad excuse for your lateness!,B2,Nomen,5,very_common,AI estimate based on general contemporary German usage; not a corpus frequency.,AI_estimate,2026-09-27,,informal,,conversation;everyday,eine Ausrede finden; schlechte Ausrede,f,Ausreden,der Ausrede,false,false,,,,,,,,Entschuldigung,,user-provided dataset,,draft
3790,word,ersetzen,to replace,to replace,Wir müssen die alte Batterie durch eine neue ersetzen.,We have to replace the old battery with a new one.,B2,Verb,5,very_common,AI estimate based on general contemporary German usage; not a corpus frequency.,AI_estimate,2026-09-27,,neutral,,technology;everyday,etwas durch etwas ersetzen; einen Mitarbeiter ersetzen,,,,false,false,haben,ersetzt,ersetzte,ersetzt,Akk,durch + Akk,etwas durch etwas ersetzen,austauschen,,user-provided dataset,,draft
3791,word,fressen,to eat (for animals),to eat (for animals),Der Hund hat sein Futter in Sekundenschnelle gefressen.,The dog ate its food in seconds.,B2,Verb,4,common,AI estimate based on general contemporary German usage; not a corpus frequency.,AI_estimate,2026-09-27,,neutral,,animals;food,Futter fressen; wie ein Tier fressen,,,,false,false,haben,frisst,aß,gefressen,Akk,Futter fressen; etwas gierig fressen,essen,,user-provided dataset,,draft
3792,word,die Begeisterung,enthusiasm,enthusiasm,Ihre Begeisterung für Musik ist wirklich ansteckend.,Her enthusiasm for music is really contagious.,B2,Nomen,5,very_common,AI estimate based on general contemporary German usage; not a corpus frequency.,AI_estimate,2026-09-27,,neutral,,emotions;hobbies,Begeisterung für etwas; Begeisterung zeigen,f,Begeisterungen,der Begeisterung,false,false,,,,,,,,Enthusiasmus,Gleichgültigkeit,,user-provided dataset,,draft
3793,phrase,ernst nehmen,to take seriously,to take seriously,Du solltest die Warnungen deines Arztes ernst nehmen.,You should take your doctor's warnings seriously.,B2,Redewendung,5,very_common,AI estimate based on general contemporary German usage; not a corpus frequency.,AI_estimate,2026-09-27,,neutral,,communication;advice,etwas ernst nehmen; jemanden ernst nehmen,,,,,false,false,haben,nimmt ernst,nahm ernst,ernst genommen,Akk,eine Warnung ernst nehmen,berücksichtigen,,user-provided dataset,,draft
3794,word,fordern / fördern,to demand / promote,to demand / promote,Die Arbeiter fordern mehr Lohn; der Staat fördert Bildung.,The workers demand higher wages; the state promotes education.,B2,Verben,5,very_common,AI estimate based on general contemporary German usage; not a corpus frequency.,AI_estimate,2026-09-27,,neutral,,work;education,mehr Lohn fordern; Bildung fördern,,,,,false,false,,,,,,,,,,,,user-provided dataset,,draft
3795,word,gegenwärtig,current / present,current / present,Die gegenwärtige Situation erfordert viel Geduld.,The current situation requires a lot of patience.,B2,Adjektiv,4,common,AI estimate based on general contemporary German usage; not a corpus frequency.,AI_estimate,2026-09-27,,formal,,academic;business,gegenwärtige Situation; gegenwärtige Lage,,,,,false,false,,,,,,,,aktuell,vergangen,,user-provided dataset,,draft
3796,word,souverän,confident / sovereign,confident / sovereign,Sie hat die schwierige Prüfung ganz souverän gemeistert.,She mastered the difficult exam quite confidently.,B2,Adjektiv,4,common,AI estimate based on general contemporary German usage; not a corpus frequency.,AI_estimate,2026-09-27,,neutral,,personality;performance,souverän auftreten; souveräne Leistung,,,,,false,false,,,,,,,,selbstsicher,unsicher,,user-provided dataset,,draft
3797,word,zufällig,accidental / by chance,accidental / by chance,Ich habe ihn gestern ganz zufällig im Supermarkt getroffen.,I met him yesterday quite by chance.,B2,Adjektiv,5,very_common,AI estimate based on general contemporary German usage; not a corpus frequency.,AI_estimate,2026-09-27,,neutral,,everyday;events,zufällig treffen; ganz zufällig,,,,,false,false,,,,,,,,ungeplant,absichtlich,,user-provided dataset,,draft
3798,word,zwingen,to force,to force,"Niemand kann dich zwingen, diese Entscheidung zu treffen.",No one can force you to make this decision.,B2,Verb,5,very_common,AI estimate based on general contemporary German usage; not a corpus frequency.,AI_estimate,2026-09-27,,neutral,,decisions;social,jemanden zwingen; zu etwas zwingen,,,,false,false,haben,zwingt,zwang,gezwungen,Akk + zu,jemanden zu etwas zwingen,nötigen,erlauben,user-provided dataset,,draft
3799,word,beabsichtigen,to intend,to intend,"Wir beabsichtigen, nächstes Jahr nach Kanada zu ziehen.",We intend to move to Canada next year.,B2,Verb,3,medium,AI estimate based on general contemporary German usage; not a corpus frequency.,AI_estimate,2026-09-27,,formal,,plans;business,etwas beabsichtigen; zu tun beabsichtigen,,,,false,false,haben,beabsichtigt,beabsichtigte,beabsichtigt,Akk,eine Änderung beabsichtigen,vorhaben,,user-provided dataset,,draft
3800,word,gestatten,to allow / permit,to allow / permit,Rauchen ist in diesem Gebäude nicht gestattet.,Smoking is not permitted in this building.,B2,Verb,3,medium,AI estimate based on general contemporary German usage; not a corpus frequency.,AI_estimate,2026-09-27,,formal,,rules;law,jemandem etwas gestatten; gestattet sein,,,,false,false,haben,gestattet,gestattete,gestattet,Dat + Akk,jemandem etwas gestatten,erlauben,verbieten,user-provided dataset,,draft
3801,word,der Fettfleck,grease stain,grease stain,Wie bekomme ich diesen Fettfleck aus meiner Krawatte?,How do I get this grease stain out of my tie?,B2,Nomen,2,less_common,AI estimate based on general contemporary German usage; not a corpus frequency.,AI_estimate,2026-09-27,,neutral,,household;clothing,Fettfleck entfernen; einen Fettfleck haben,m,Fettflecken,Fettflecks,false,false,,,,,,,,Fleck,,user-provided dataset,,draft
3802,word,einschätzen,to assess / estimate,to assess / estimate,"Es ist schwer, die Kosten für die Renovierung einzuschätzen.",It is difficult to estimate the costs of the renovation.,B2,Verb,4,common,AI estimate based on general contemporary German usage; not a corpus frequency.,AI_estimate,2026-09-27,,neutral,,business;decisions,Kosten einschätzen; Situation einschätzen,,,,false,false,haben,schätzt ein,schätzte ein,eingeschätzt,Akk,etwas realistisch einschätzen,beurteilen,,user-provided dataset,,draft
3803,word,bereuen,to regret,to regret,"Ich habe es nie bereut, diese Reise gemacht zu haben.",I have never regretted taking this trip.,B2,Verb,4,common,AI estimate based on general contemporary German usage; not a corpus frequency.,AI_estimate,2026-09-27,,neutral,,emotions;decisions,etwas bereuen; eine Entscheidung bereuen,,,,false,false,haben,bereut,bereute,bereut,Akk,eine Entscheidung bereuen,bedauern,,user-provided dataset,,draft
3804,word,die Konkurrenz,competition,competition,Die Konkurrenz auf dem Markt ist momentan sehr groß.,The competition in the market is currently very strong.,B2,Nomen,5,very_common,AI estimate based on general contemporary German usage; not a corpus frequency.,AI_estimate,2026-09-27,,neutral,,business;economy,starke Konkurrenz; gegen die Konkurrenz,f,Konkurrenzen,der Konkurrenz,false,false,,,,,,,,Wettbewerb,,user-provided dataset,,draft
3805,word,heimisch,domestic / local,domestic / local,Wir verwenden für das Essen nur heimische Produkte.,We use only local products for the food.,B2,Adjektiv,3,medium,AI estimate based on general contemporary German usage; not a corpus frequency.,AI_estimate,2026-09-27,,neutral,,food;region,heimische Produkte; heimische Bevölkerung,,,,,false,false,,,,,,,,einheimisch,ausländisch,,user-provided dataset,,draft
3806,verb_preposition,gewöhnen (sich an + Akk),to get used to,to get used to,Ich muss mich erst noch an das frühe Aufstehen gewöhnen.,I still have to get used to getting up early.,B2,Verb,5,very_common,AI estimate based on general contemporary German usage; not a corpus frequency.,AI_estimate,2026-09-27,,neutral,,everyday;adaptation,sich an etwas gewöhnen; daran gewöhnt sein,,,,true,false,haben,gewöhnt,gewöhnte,gewöhnt,an + Akk,sich an etwas gewöhnen,sich einstellen auf,,user-provided dataset,,draft
3807,word,die Anlage,facility / investment,facility / investment,Die neue sportliche Anlage ist sehr modern.,The new sports facility is very modern.,B2,Nomen,5,very_common,AI estimate based on general contemporary German usage; not a corpus frequency.,AI_estimate,2026-09-27,,neutral,,sports;finance;technology,Sportanlage; Geldanlage; technische Anlage,f,Anlagen,Anlage,false,false,,,,,,,,Einrichtung,,user-provided dataset,,draft
3808,word,der Aufschwung,upturn / improvement,upturn / improvement,Die Wirtschaft erlebt gerade einen großen Aufschwung.,The economy is currently experiencing a major upturn.,B2,Nomen,3,medium,AI estimate based on general contemporary German usage; not a corpus frequency.,AI_estimate,2026-09-27,,formal,,economy;business,wirtschaftlicher Aufschwung; Aufschwung erleben,m,Aufschwünge,Aufschwungs,false,false,,,,,,,,Erholung,Abschwung,,user-provided dataset,,draft
3809,word,aufteilen,to split / divide,to split / divide,Wir sollten die Kosten für das Abendessen aufteilen.,We should split the costs for dinner.,B2,Verb,5,very_common,AI estimate based on general contemporary German usage; not a corpus frequency.,AI_estimate,2026-09-27,,neutral,,everyday;finance,Kosten aufteilen; Aufgaben aufteilen,,,,false,true,haben,teilt auf,teilte auf,aufgeteilt,Akk,etwas gleichmäßig aufteilen,teilen,,user-provided dataset,,draft
3810,word,erwerben,to purchase / acquire,to purchase / acquire,Er hat das Haus von seinem Onkel erworben.,He acquired the house from his uncle.,B2,Verb,4,common,AI estimate based on general contemporary German usage; not a corpus frequency.,AI_estimate,2026-09-27,,formal,,business;finance,Kenntnisse erwerben; Eigentum erwerben,,,,false,false,haben,erwirbt,erwarb,erworben,Akk,Kenntnisse erwerben; eine Immobilie erwerben,kaufen,,user-provided dataset,,draft
3811,word,überstehen,to withstand / get through,to withstand / get through,Wir haben die schwierige Zeit gemeinsam überstanden.,We got through the difficult time together.,B2,Verb,4,common,AI estimate based on general contemporary German usage; not a corpus frequency.,AI_estimate,2026-09-27,,neutral,,difficulties;life,eine Krise überstehen; schwierige Zeit überstehen,,,,false,true,haben,übersteht,überstand,überstanden,Akk,eine schwere Zeit überstehen,bewältigen,,user-provided dataset,,draft
3812,word,überwiegend,predominantly,predominantly,Die Gäste waren überwiegend mit dem Service zufrieden.,The guests were predominantly satisfied with the service.,B2,Adverb,4,common,AI estimate based on general contemporary German usage; not a corpus frequency.,AI_estimate,2026-09-27,,formal,,statistics;description,überwiegend positiv; überwiegend aus,,,,,,,,,,,,,,,,,user-provided dataset,,draft
3813,word,verknüpfen,to link / connect,to link / connect,Man kann Theorie und Praxis in diesem Projekt gut verknüpfen.,One can link theory and practice well in this project.,B2,Verb,4,common,AI estimate based on general contemporary German usage; not a corpus frequency.,AI_estimate,2026-09-27,,formal,,academic;technology,Theorie und Praxis verknüpfen; Daten verknüpfen,,,,false,false,haben,verknüpft,verknüpfte,verknüpft,Akk,Informationen miteinander verknüpfen,verbinden,trennen,user-provided dataset,,draft
3814,word,darstellen,to represent / portray,to represent / portray,Der Schauspieler hat die Rolle sehr überzeugend dargestellt.,The actor portrayed the role very convincingly.,B2,Verb,5,very_common,AI estimate based on general contemporary German usage; not a corpus frequency.,AI_estimate,2026-09-27,,formal,,academic;media,etwas darstellen; eine Situation darstellen,,,,false,true,haben,stellt dar,stellte dar,dargestellt,Akk,Daten grafisch darstellen; eine Rolle darstellen,repräsentieren,,user-provided dataset,,draft
3815,word,fortlaufen,to run away / continue,to continue / run on,Die Zeit läuft uns langsam fort.,Time is slowly running away from us.,B2,Verb,2,less_common,AI estimate based on general contemporary German usage; not a corpus frequency.,AI_estimate,2026-09-27,,neutral,,time;movement,Zeit läuft fort; fortlaufend,,,,false,true,sein,läuft fort,lief fort,fortgelaufen,,weiterlaufen,,user-provided dataset,,draft
3816,word,hinfallen,to fall down,to fall down,"Pass auf, dass du auf dem glatten Eis nicht hinfällst!",Watch out that you don't fall on the slippery ice!,B2,Verb,4,common,AI estimate based on general contemporary German usage; not a corpus frequency.,AI_estimate,2026-09-27,,neutral,,movement;everyday,hinfallen; auf den Boden hinfallen,,,,false,true,sein,fällt hin,fiel hin,hingefallen,,stürzen,,user-provided dataset,,draft
3817,word,weglaufen,to run away,to run away,"Der Hund ist weggelaufen, als er das Feuerwerk hörte.",The dog ran away when he heard the fireworks.,B2,Verb,4,common,AI estimate based on general contemporary German usage; not a corpus frequency.,AI_estimate,2026-09-27,,neutral,,animals;movement,weglaufen; vor jemandem weglaufen,,,,false,true,sein,läuft weg,lief weg,wegge laufen,,davonlaufen,,user-provided dataset,,draft
3818,word,die Versuchung,temptation,temptation,Schokolade ist für mich eine große Versuchung.,Chocolate is a great temptation for me.,B2,Nomen,4,common,AI estimate based on general contemporary German usage; not a corpus frequency.,AI_estimate,2026-09-27,,neutral,,emotions;behavior,einer Versuchung widerstehen; große Versuchung,f,Versuchungen,der Versuchung,false,false,,,,,,,,Verlockung,,user-provided dataset,,draft
3819,word,enthalten,to contain,to contain,Dieser Saft enthält keinen künstlichen Zucker.,This juice contains no artificial sugar.,B2,Verb,5,very_common,AI estimate based on general contemporary German usage; not a corpus frequency.,AI_estimate,2026-09-27,,neutral,,food;documents,etwas enthalten; Informationen enthalten,,,,false,false,haben,enthält,enthielt,enthalten,Akk,Zucker enthalten; wichtige Informationen enthalten,beinhalten,,user-provided dataset,,draft
3820,word,entstehen,to arise / develop,to arise / develop,Hier soll in den nächsten Jahren ein neuer Park entstehen.,A new park is supposed to be developed here in the next few years.,B2,Verb,5,very_common,AI estimate based on general contemporary German usage; not a corpus frequency.,AI_estimate,2026-09-27,,neutral,,development;events,Kosten entstehen; ein Problem entsteht,,,,false,false,sein,entsteht,entstand,entstanden,,Kosten entstehen; ein Konflikt entsteht,sich entwickeln,,user-provided dataset,,draft
3821,word,das Vergnügen,pleasure / fun,pleasure / fun,"Es war mir ein großes Vergnügen, Sie kennenzulernen.",It was a great pleasure for me to meet you.,B2,Nomen,4,common,AI estimate based on general contemporary German usage; not a corpus frequency.,AI_estimate,2026-09-27,,formal,,social;leisure,ein Vergnügen sein; großes Vergnügen,n,Vergnügen,Vergnügens,false,false,,,,,,,,Freude,Unlust,,user-provided dataset,,draft
3822,word,verraten,to betray / reveal,to betray / reveal,Bitte verrate niemandem mein Geheimnis.,Please don't reveal my secret to anyone.,B2,Verb,5,very_common,AI estimate based on general contemporary German usage; not a corpus frequency.,AI_estimate,2026-09-27,,neutral,,relationships;secrets,ein Geheimnis verraten; jemanden verraten,,,,false,false,haben,verrät,verriet,verraten,Dat + Akk,jemandem ein Geheimnis verraten,offenbaren,verschweigen,user-provided dataset,,draft
3823,word,die Vermutung,assumption / guess,assumption / guess,"Das ist bisher nur eine Vermutung, kein Fakt.","That is so far only an assumption, not a fact.",B2,Nomen,4,common,AI estimate based on general contemporary German usage; not a corpus frequency.,AI_estimate,2026-09-27,,neutral,,reasoning;uncertainty,eine Vermutung haben; eine Vermutung äußern,f,Vermutungen,der Vermutung,false,false,,,,,,,,Annahme,Gewissheit,,user-provided dataset,,draft
3824,word,ekelig,disgusting,disgusting,Ich finde den Geruch von altem Fisch total ekelig.,I find the smell of old fish totally disgusting.,B2,Adjektiv,4,common,AI estimate based on general contemporary German usage; not a corpus frequency.,AI_estimate,2026-09-27,,informal,,food;senses,ekelig riechen; total ekelig,,,,,false,false,,,,,,,,ekelhaft,appetitlich,,user-provided dataset,,draft
3825,word,herzhaft,hearty / savory,hearty / savory,Nach der Wanderung hatten wir Lust auf ein herzhaftes Essen.,After the hike we felt like a hearty meal.,B2,Adjektiv,3,medium,AI estimate based on general contemporary German usage; not a corpus frequency.,AI_estimate,2026-09-27,,neutral,,food,herzhaftes Essen; herzhaft würzen,,,,,false,false,,,,,,,,deftig,süß,,user-provided dataset,,draft
3826,verb_preposition,anregen (zu + Dat),to encourage / stimulate,to encourage / stimulate,Das Buch hat mich zum Nachdenken angeregt.,The book stimulated me to think.,B2,Verb,4,common,AI estimate based on general contemporary German usage; not a corpus frequency.,AI_estimate,2026-09-27,,formal,,thinking;motivation,zum Nachdenken anregen; zu etwas anregen,,,,false,false,haben,regt an,regte an,angeregt,zu + Dat,jemanden zum Nachdenken anregen,ermutigen,,user-provided dataset,,draft
3827,word,fließen,to flow,to flow,Der Rhein fließt durch mehrere europäische Länder.,The Rhine flows through several European countries.,B2,Verb,5,very_common,AI estimate based on general contemporary German usage; not a corpus frequency.,AI_estimate,2026-09-27,,neutral,,nature;geography,Wasser fließt; durch eine Stadt fließen,,,,false,false,sein,fließt,floss,geflossen,durch + Akk,durch einen Fluss fließen,strömen,,user-provided dataset,,draft
3828,word,mühevoll,laborious / arduous,laborious / arduous,Die Renovierung des alten Hauses war sehr mühevoll.,The renovation of the old house was very arduous.,B2,Adjektiv,3,medium,AI estimate based on general contemporary German usage; not a corpus frequency.,AI_estimate,2026-09-27,,formal,,work;effort,mühevolle Arbeit; mühevoller Prozess,,,,,false,false,,,,,,,,aufwendig,leicht,,user-provided dataset,,draft
3829,word,verringern,to reduce / decrease,to reduce / decrease,"Wir müssen versuchen, unsere Ausgaben zu verringern.",We must try to reduce our expenses.,B2,Verb,4,common,AI estimate based on general contemporary German usage; not a corpus frequency.,AI_estimate,2026-09-27,,formal,,finance;business,Kosten verringern; Risiko verringern,,,,false,false,haben,verringert,verringerte,verringert,Akk,Ausgaben verringern; Risiko verringern,reduzieren,erhöhen,user-provided dataset,,draft
3830,word,schwerfallen,to be difficult for someone,to be difficult for someone,"Es fällt mir schwer, morgens so früh aufzustehen.",It is difficult for me to get up so early.,B2,Verb,5,very_common,AI estimate based on general contemporary German usage; not a corpus frequency.,AI_estimate,2026-09-27,,neutral,,everyday;learning,jemandem schwerfallen; etwas fällt mir schwer,,,,false,false,sein,fällt schwer,fiel schwer,schwergefallen,Dat,Das fällt mir schwer.,schwerfallen,leichtfallen,user-provided dataset,,draft
3831,konnektor,beziehungsweise,or rather / respectively,or rather / respectively,Wir treffen uns am Montag bzw. am Dienstag.,"We are meeting on Monday or Tuesday, respectively.",B2,Konjunktion,5,very_common,AI estimate based on general contemporary German usage; not a corpus frequency.,AI_estimate,2026-09-27,,formal,,academic;communication,beziehungsweise; bzw.,,,,,,,,,,,,,,,,,user-provided dataset,,draft
3832,word,Leistungshoch/-tief,performance peak / low,performance peak / low,Nach dem Mittagessen habe ich meistens ein Leistungstief.,After lunch I usually have a performance slump.,B2,Nomen,2,less_common,AI estimate based on general contemporary German usage; not a corpus frequency.,AI_estimate,2026-09-27,,neutral,,work;productivity,Leistungstief haben; Leistungshoch erreichen,n,Leistungshochs / Leistungstiefs,Leistungshochs / Leistungstiefs,false,false,,,,,,,,Leistungsschwankung,,user-provided dataset,,draft
3833,word,verstellen (Uhr),to adjust / move the clock,to adjust / move the clock,Im Frühling wird die Uhr um eine Stunde verstellt.,"In spring, the clock is adjusted by one hour.",B2,Verb,4,common,AI estimate based on general contemporary German usage; not a corpus frequency.,AI_estimate,2026-09-27,,neutral,,time;everyday,die Uhr verstellen; die Uhr umstellen,,,,false,false,haben,verstellt,verstellte,verstellt,Akk,die Uhr verstellen,umstellen,,user-provided dataset,,draft
3834,word,überfordert,overwhelmed,overwhelmed,Er fühlte sich mit der neuen Aufgabe völlig überfordert.,He felt completely overwhelmed with the new task.,B2,Adjektiv,4,common,AI estimate based on general contemporary German usage; not a corpus frequency.,AI_estimate,2026-09-27,,neutral,,work;emotions,sich überfordert fühlen; völlig überfordert sein,,,,,false,false,,,,,,,,belastet,unterfordert,,user-provided dataset,,draft
3835,word,der Gliederungspunkt,outline point / item,outline point / item,Kommen wir nun zum nächsten Gliederungspunkt der Präsentation.,Let us now come to the next item of the presentation.,B2,Nomen,2,less_common,AI estimate based on general contemporary German usage; not a corpus frequency.,AI_estimate,2026-09-27,,formal,,presentations;academic,nächster Gliederungspunkt; Gliederungspunkte behandeln,m,Gliederungspunkte,Gliederungspunktes,false,false,,,,,,,,Punkt,,user-provided dataset,,draft
3836,word,der Absatz,paragraph / sales,paragraph / sales,Bitte lesen Sie den zweiten Absatz auf Seite zehn.,Please read the second paragraph on page ten.,B2,Nomen,5,very_common,AI estimate based on general contemporary German usage; not a corpus frequency.,AI_estimate,2026-09-27,,neutral,,writing;business,zweiter Absatz; Absatz machen,m,Absätze,Absatzes,false,false,,,,,,,,Paragraph,,user-provided dataset,,draft
3837,word,davon,from it / thereof,from it / thereof,"Ich habe davon gehört, aber ich weiß keine Details.","I have heard of it, but I don't know any details.",B2,Adverb,5,very_common,AI estimate based on general contemporary German usage; not a corpus frequency.,AI_estimate,2026-09-27,,neutral,,grammar;everyday,davon ausgehen; davon wissen,,,,,,,,,,,,,,,,,user-provided dataset,,draft
3838,word,die Ernüchterung,disillusionment / sobering,disillusionment / sobering,Nach dem ersten Erfolg folgte schnell die Ernüchterung.,Disillusionment quickly followed the initial success.,B2,Nomen,3,medium,AI estimate based on general contemporary German usage; not a corpus frequency.,AI_estimate,2026-09-27,,formal,,emotions;experience,Ernüchterung erleben; Ernüchterung folgt,f,Ernüchterungen,der Ernüchterung,false,false,,,,,,,,Enttäuschung,Begeisterung,,user-provided dataset,,draft
3839,word,unterbringen,to accommodate,to accommodate,Wir konnten alle Gäste im Haus unterbringen.,We were able to accommodate all guests in the house.,B2,Verb,4,common,AI estimate based on general contemporary German usage; not a corpus frequency.,AI_estimate,2026-09-27,,neutral,,housing;travel,Gäste unterbringen; jemanden unterbringen,,,,false,true,haben,bringt unter,bracht unter,untergebracht,Akk,Gäste in einem Hotel unterbringen,beherbergen,,user-provided dataset,,draft
3840,word,pflegen,to care for / maintain,to care for / maintain,Sie pflegt ihren Garten mit sehr viel Liebe.,She cares for her garden with a lot of love.,B2,Verb,5,very_common,AI estimate based on general contemporary German usage; not a corpus frequency.,AI_estimate,2026-09-27,,neutral,,health;household,jemanden pflegen; einen Garten pflegen,,,,false,false,haben,pflegt,pflegte,gepflegt,Akk,Kranke pflegen; Kontakte pflegen,betreuen,,user-provided dataset,,draft
3841,word,fassen,to grasp / seize,to grasp / seize,Ich kann dieses Glück kaum fassen.,I can hardly grasp this luck.,B2,Verb,5,very_common,AI estimate based on general contemporary German usage; not a corpus frequency.,AI_estimate,2026-09-27,,neutral,,thinking;language,etwas kaum fassen; einen Entschluss fassen,,,,false,false,haben,fasst,fasste,gefasst,Akk,einen Entschluss fassen; etwas nicht fassen können,begreifen,,user-provided dataset,,draft
3842,word,gelingen,to succeed / turn out well,to succeed / turn out well,Der Kuchen ist dir wirklich sehr gut gelungen.,The cake turned out really well for you.,B2,Verb,5,very_common,AI estimate based on general contemporary German usage; not a corpus frequency.,AI_estimate,2026-09-27,,neutral,,everyday;success,etwas gelingt; gut gelingen,,,,false,false,sein,gelingt,gelang,gelungen,Dat,jemandem gelingen; gut gelingen,klappen,scheitern,user-provided dataset,,draft
3843,word,aushängen,to post / unhinge,to post / unhinge,Der neue Plan wurde am Schwarzen Brett ausgehängt.,The new plan was posted on the notice board.,B2,Verb,3,medium,AI estimate based on general contemporary German usage; not a corpus frequency.,AI_estimate,2026-09-27,,neutral,,work;school,einen Plan aushängen; am Schwarzen Brett aushängen,,,,false,true,haben,hängt aus,hing aus,ausgehängt,Akk,einen Aushang aushängen,,,user-provided dataset,,draft
3844,word,die Sternschnuppe,shooting star,shooting star,Hast du die Sternschnuppe am Nachthimmel gesehen?,Did you see the shooting star in the night sky?,B2,Nomen,3,medium,AI estimate based on general contemporary German usage; not a corpus frequency.,AI_estimate,2026-09-27,,neutral,,nature;astronomy,eine Sternschnuppe sehen; Sternschnuppe beobachten,f,Sternschnuppen,der Sternschnuppe,false,false,,,,,,,,Meteor,,user-provided dataset,,draft
3845,word,die Ansicht,opinion / view,opinion / view,"Ich bin der Ansicht, dass wir mehr Zeit brauchen.",I am of the opinion that we need more time.,B2,Nomen,5,very_common,AI estimate based on general contemporary German usage; not a corpus frequency.,AI_estimate,2026-09-27,,neutral,,opinions;communication,der Ansicht sein; meiner Ansicht nach,f,Ansichten,der Ansicht,false,false,,,,,,,,Meinung,,user-provided dataset,,draft
3846,word,die Überschrift,heading / title,heading / title,Die Überschrift des Artikels ist sehr reißerisch.,The headline of the article is very sensational.,B2,Nomen,4,common,AI estimate based on general contemporary German usage; not a corpus frequency.,AI_estimate,2026-09-27,,neutral,,media;writing,eine Überschrift schreiben; Überschrift des Artikels,f,Überschriften,der Überschrift,false,false,,,,,,,,Titel,,user-provided dataset,,draft
3847,word,abergläubisch,superstitious,superstitious,Er ist sehr abergläubisch und geht nie unter Leitern durch.,He is very superstitious and never walks under ladders.,B2,Adjektiv,3,medium,AI estimate based on general contemporary German usage; not a corpus frequency.,AI_estimate,2026-09-27,,neutral,,culture;belief,abergläubisch sein; abergläubische Menschen,,,,,false,false,,,,,,,,superstitious,rational,,user-provided dataset,,draft
3848,word,bloß,just / only / naked,just / only / naked,Ich wollte bloß kurz Hallo sagen.,I just wanted to say hello briefly.,B2,Adverb,5,very_common,AI estimate based on general contemporary German usage; not a corpus frequency.,AI_estimate,2026-09-27,,informal,,conversation;everyday,bloß nicht; bloß sagen,,,,,,,,,,,,,,,,,user-provided dataset,,draft
3849,word,greifen,to grasp / reach,to grasp / reach,Sie greift nach dem Glas auf dem Tisch.,She reaches for the glass on the table.,B2,Verb,5,very_common,AI estimate based on general contemporary German usage; not a corpus frequency.,AI_estimate,2026-09-27,,neutral,,movement;everyday,nach etwas greifen; zu etwas greifen,,,,false,false,haben,greift,griff,gegriffen,nach + Dat,nach dem Glas greifen; zu einem Mittel greifen,nehmen,,user-provided dataset,,draft
3850,word,die Kaffeekanne,coffee pot,coffee pot,Die Kaffeekanne steht fertig in der Küche.,The coffee pot is ready in the kitchen.,B2,Nomen,2,less_common,AI estimate based on general contemporary German usage; not a corpus frequency.,AI_estimate,2026-09-27,,neutral,,household;food,Kaffeekanne füllen; Kaffee aus der Kanne,f,Kaffeekannen,der Kaffeekanne,false,false,,,,,,,,Kanne,,user-provided dataset,,draft
3851,word,das Schicksal,fate / destiny,fate / destiny,Manchmal muss man sein Schicksal selbst in die Hand nehmen.,Sometimes you have to take your fate into your own hands.,B2,Nomen,4,common,AI estimate based on general contemporary German usage; not a corpus frequency.,AI_estimate,2026-09-27,,neutral,,life;philosophy,Schicksal akzeptieren; sein Schicksal bestimmen,n,Schicksale,Schicksals,false,false,,,,,,,,Bestimmung,,user-provided dataset,,draft
3852,word,das Missgeschick,misfortune / mishap,misfortune / mishap,Ein kleines Missgeschick ruinierte ihr weißes Kleid.,A small mishap ruined her white dress.,B2,Nomen,3,medium,AI estimate based on general contemporary German usage; not a corpus frequency.,AI_estimate,2026-09-27,,neutral,,everyday;problems,ein Missgeschick passieren; kleines Missgeschick,n,Missgeschicke,Missgeschicks,false,false,,,,,,,,Panne,,user-provided dataset,,draft
3853,word,der Spiegel,mirror,mirror,"Sie schaute kurz in den Spiegel, bevor sie ging.",She looked briefly in the mirror before she left.,B2,Nomen,5,very_common,AI estimate based on general contemporary German usage; not a corpus frequency.,AI_estimate,2026-09-27,,neutral,,household;appearance,in den Spiegel schauen; Spiegelbild,m,Spiegel,Spiegels,false,false,,,,,,,,,,user-provided dataset,,draft
3854,word,verlaufen,to proceed / run,to proceed / run,Das Gespräch ist sehr positiv verlaufen.,The conversation went very positively.,B2,Verb,5,very_common,AI estimate based on general contemporary German usage; not a corpus frequency.,AI_estimate,2026-09-27,,neutral,,events;communication,ein Gespräch verläuft; sich verlaufen,,,,false,false,sein,verläuft,verlief,verlaufen,,gut verlaufen; sich verlaufen,ablaufen,,user-provided dataset,,draft
3855,word,riesig,huge / giant,huge / giant,Wir hatten einen riesigen Spaß auf der Party.,We had huge fun at the party.,B2,Adjektiv,5,very_common,AI estimate based on general contemporary German usage; not a corpus frequency.,AI_estimate,2026-09-27,,informal,,everyday;description,riesiger Spaß; riesiges Problem,,,,,false,false,,,,,,,,gigantisch,winzig,,user-provided dataset,,draft
3856,word,ständig,constant / constantly,constant / constantly,Es regnet hier in letzter Zeit ständig.,It has been raining constantly here lately.,B2,Adverb,5,very_common,AI estimate based on general contemporary German usage; not a corpus frequency.,AI_estimate,2026-09-27,,neutral,,everyday;time,ständig passieren; ständig sein,,,,,,,,,,,,,,,,,user-provided dataset,,draft
3857,word,auffällig,conspicuous / flashy,conspicuous / flashy,Sein auffälliges Verhalten machte alle nervös.,His conspicuous behavior made everyone nervous.,B2,Adjektiv,4,common,AI estimate based on general contemporary German usage; not a corpus frequency.,AI_estimate,2026-09-27,,neutral,,behavior;appearance,auffälliges Verhalten; auffällige Kleidung,,,,,false,false,,,,,,,,markant,unauffällig,,user-provided dataset,,draft
3858,word,gemütlich,cozy / comfortable,cozy / comfortable,Machen wir es uns im Wohnzimmer gemütlich.,Let's make ourselves comfortable in the living room.,B2,Adjektiv,5,very_common,AI estimate based on general contemporary German usage; not a corpus frequency.,AI_estimate,2026-09-27,,informal,,home;social,gemütlich machen; gemütliche Atmosphäre,,,,,false,false,,,,,,,,behaglich,ungemütlich,,user-provided dataset,,draft
3859,word,immerhin,anyway / at least,anyway / at least,"Es war teuer, aber immerhin ist die Qualität gut.","It was expensive, but at least the quality is good.",B2,Adverb,5,very_common,AI estimate based on general contemporary German usage; not a corpus frequency.,AI_estimate,2026-09-27,,neutral,,conversation;argumentation,aber immerhin; immerhin noch,,,,,,,,,,,,,,,,,user-provided dataset,,draft
3860,word,die Mauer,wall,wall,Die alte Mauer muss dringend repariert werden.,The old wall needs to be repaired urgently.,B2,Nomen,5,very_common,AI estimate based on general contemporary German usage; not a corpus frequency.,AI_estimate,2026-09-27,,neutral,,construction;history,eine Mauer bauen; Mauer reparieren,f,Mauern,der Mauer,false,false,,,,,,,,Wand,,user-provided dataset,,draft
3861,word,weitsichtig,long-sighted / far-sighted,long-sighted / far-sighted,Seine weitsichtige Planung rettete das Unternehmen.,His far-sighted planning saved the company.,B2,Adjektiv,3,medium,AI estimate based on general contemporary German usage; not a corpus frequency.,AI_estimate,2026-09-27,,formal,,business;vision,weitsichtige Planung; weitsichtig handeln,,,,,false,false,,,,,,,,vorausschauend,kurzsichtig,,user-provided dataset,,draft
3862,word,wesentlich,essential / significant,essential / significant,Das ist ein wesentlicher Punkt in unserer Diskussion.,That is an essential point in our discussion.,B2,Adjektiv,5,very_common,AI estimate based on general contemporary German usage; not a corpus frequency.,AI_estimate,2026-09-27,,formal,,academic;business,wesentlicher Punkt; wesentliche Unterschiede,,,,,false,false,,,,,,,,grundlegend,unwesentlich,,user-provided dataset,,draft
3863,word,laufend,continuous / current,continuous / current,Ich halte dich über die laufenden Kosten informiert.,I will keep you informed about the ongoing costs.,B2,Adjektiv,5,very_common,AI estimate based on general contemporary German usage; not a corpus frequency.,AI_estimate,2026-09-27,,formal,,business;finance,laufende Kosten; laufendes Verfahren,,,,,false,false,,,,,,,,fortlaufend,beendet,,user-provided dataset,,draft
3864,word,widmen,to devote / dedicate,to devote / dedicate,Sie widmet ihre ganze Freizeit ihrem neuen Hobby.,She devotes all her free time to her new hobby.,B2,Verb,4,common,AI estimate based on general contemporary German usage; not a corpus frequency.,AI_estimate,2026-09-27,,formal,,time;hobbies,jemandem Zeit widmen; sich einer Sache widmen,,,,true,false,haben,widmet,widmete,gewidmet,Dat,seine Zeit einem Projekt widmen,zuwenden,,user-provided dataset,,draft
3865,word,ablegen,to put down / take an exam,to put down / take an exam,Ich möchte im Sommer meine Sprachprüfung ablegen.,I would like to take my language exam in the summer.,B2,Verb,4,common,AI estimate based on general contemporary German usage; not a corpus frequency.,AI_estimate,2026-09-27,,neutral,,education;everyday,eine Prüfung ablegen; etwas ablegen,,,,false,true,haben,legt ab,legte ab,abgelegt,Akk,eine Prüfung ablegen; eine Datei ablegen,ablegen,,user-provided dataset,,draft
3866,word,würfeln,to roll a die,to roll a die,Wer ist an der Reihe zu würfeln?,Whose turn is it to roll a die?,B2,Verb,3,medium,AI estimate based on general contemporary German usage; not a corpus frequency.,AI_estimate,2026-09-27,,neutral,,games;leisure,um Geld würfeln; mit Würfeln würfeln,,,,false,false,haben,würfelt,würfelte,gewürfelt,,würfeln um; mit einem Würfel würfeln,,,user-provided dataset,,draft
3867,word,der Würfel,die,die,Der Würfel ist unter den Tisch gefallen.,The die fell under the table.,B2,Nomen,4,common,AI estimate based on general contemporary German usage; not a corpus frequency.,AI_estimate,2026-09-27,,neutral,,games;math,einen Würfel werfen; Würfel rollen,m,Würfel,Würfels,false,false,,,,,,,,Kubus,,user-provided dataset,,draft
3868,word,aufbrechen,to set out / break open,to set out / break open,Wir müssen morgen sehr früh zum Flughafen aufbrechen.,We have to set out for the airport very early tomorrow.,B2,Verb,4,common,AI estimate based on general contemporary German usage; not a corpus frequency.,AI_estimate,2026-09-27,,neutral,,travel;movement,früh aufbrechen; eine Reise aufbrechen,,,,false,true,sein,bricht auf,brach auf,aufgebrochen,,früh aufbrechen; zu einer Reise aufbrechen,losfahren,,user-provided dataset,,draft
3869,word,lächerlich,ridiculous / laughable,ridiculous / laughable,Der Preis für dieses alte Auto ist absolut lächerlich.,The price for this old car is absolutely ridiculous.,B2,Adjektiv,5,very_common,AI estimate based on general contemporary German usage; not a corpus frequency.,AI_estimate,2026-09-27,,informal,,opinions;conversation,lächerlicher Preis; völlig lächerlich,,,,,false,false,,,,,,,,absurd,ernst,,user-provided dataset,,draft
3870,word,merkwürdig,strange / odd,strange / odd,"Es ist merkwürdig, dass er heute nicht angerufen hat.",It is strange that he didn't call today.,B2,Adjektiv,5,very_common,AI estimate based on general contemporary German usage; not a corpus frequency.,AI_estimate,2026-09-27,,neutral,,description;conversation,merkwürdig sein; merkwürdiges Verhalten,,,,,false,false,,,,,,,,seltsam,normal,,user-provided dataset,,draft
3871,word,verzweifelt,desperate,desperate,"Sie war verzweifelt, weil sie ihren Schlüssel verloren hatte.",She was desperate because she had lost her key.,B2,Adjektiv,4,common,AI estimate based on general contemporary German usage; not a corpus frequency.,AI_estimate,2026-09-27,,neutral,,emotions;problems,verzweifelt sein; verzweifelte Lage,,,,,false,false,,,,,,,,hoffnungslos,zuversichtlich,,user-provided dataset,,draft
3872,word,der Herzinfarkt,heart attack,heart attack,Er musste nach einem Herzinfarkt im Krankenhaus bleiben.,He had to stay in the hospital after a heart attack.,B2,Nomen,4,common,AI estimate based on general contemporary German usage; not a corpus frequency.,AI_estimate,2026-09-27,,medical,,health,einen Herzinfarkt erleiden; nach einem Herzinfarkt,m,Herzinfarkte,Herzinfarkts,false,false,,,,,,,,Herzattacke,,user-provided dataset,,draft
3873,word,die Unterhaltung,conversation / entertainment,conversation / entertainment,Vielen Dank für die interessante Unterhaltung!,Thank you very much for the interesting conversation!,B2,Nomen,5,very_common,AI estimate based on general contemporary German usage; not a corpus frequency.,AI_estimate,2026-09-27,,neutral,,communication;leisure,eine interessante Unterhaltung; sich unterhalten,f,Unterhaltungen,der Unterhaltung,false,false,,,,,,,,Gespräch,,user-provided dataset,,draft
3874,word,die Spannung,tension / suspense,tension / suspense,Die Spannung im Film war kaum zu ertragen.,The suspense in the film was hard to bear.,B2,Nomen,5,very_common,AI estimate based on general contemporary German usage; not a corpus frequency.,AI_estimate,2026-09-27,,neutral,,media;emotions,Spannung erzeugen; unter Spannung stehen,f,Spannungen,der Spannung,false,false,,,,,,,,Anspannung,Entspannung,,user-provided dataset,,draft
3875,word,andauern,to last / persist,to last / persist,Der Regen wird vermutlich noch den ganzen Tag andauern.,The rain will probably last the whole day.,B2,Verb,4,common,AI estimate based on general contemporary German usage; not a corpus frequency.,AI_estimate,2026-09-27,,formal,,time;events,lange andauern; mehrere Stunden andauern,,,,false,false,haben,dauert an,dauerte an,angedauert,,lange andauern; noch andauern,anhalten,,user-provided dataset,,draft
3876,word,geistreich,witty / ingenious,witty / ingenious,Er machte eine sehr geistreiche Bemerkung zum Thema.,He made a very witty remark on the topic.,B2,Adjektiv,3,medium,AI estimate based on general contemporary German usage; not a corpus frequency.,AI_estimate,2026-09-27,,formal,,communication;personality,geistreiche Bemerkung; geistreicher Kommentar,,,,,false,false,,,,,,,,witzig,geistlos,,user-provided dataset,,draft
3877,word,räumen,to clear / vacate,to clear / vacate,Wir müssen das Zimmer bis morgen Mittag räumen.,We must vacate the room by noon tomorrow.,B2,Verb,5,very_common,AI estimate based on general contemporary German usage; not a corpus frequency.,AI_estimate,2026-09-27,,neutral,,housing;household,ein Zimmer räumen; einen Tisch räumen,,,,false,false,haben,räumt,räumte,geräumt,Akk,eine Wohnung räumen; den Tisch räumen,leeren,,user-provided dataset,,draft
3878,word,der Zeichner,illustrator / draftsman,the illustrator / draftsman,Der Zeichner arbeitet an einem neuen Comic-Heft.,The illustrator is working on a new comic book.,B2,noun,3,medium,,,,,neutral,,arts;media,illustration;drawing,m,Zeichner,Zeichners,false,false,,,,,,an einem Comic arbeiten; technischer Zeichner,Illustrator,,,user-provided dataset,,draft
3879,word,ausschließlich,exclusively,exclusively,Dieses Angebot gilt ausschließlich für Neukunden.,This offer applies exclusively to new customers.,B2,adverb,4,high,,,,,formal,,business;general,restriction;exclusivity,,,,,,,,ausschließlich für; ausschließlich aus,nur,,,user-provided dataset,,draft
3880,phrase,einen Gegenvorschlag machen,to make a counterproposal,to make a counterproposal,Wenn Sie mit dem Preis nicht einverstanden sind, machen Sie bitte einen Gegenvorschlag.,If you do not agree with the price please make a counterproposal.,B2,phrase,3,medium,,,,,formal,,business;negotiation,negotiation;offers,,,,,,,,einen Gegenvorschlag machen; einen Vorschlag unterbreiten,Gegenvorschlag unterbreiten,,,user-provided dataset,,draft
3881,phrase,den Laptop herunterfahren,to shut down the laptop,to shut down the laptop,Vergessen Sie nicht, am Feierabend den Laptop herunterzufahren.,Do not forget to shut down the laptop at the end of the workday.,B2,phrase,3,medium,,,,,neutral,,technology;work,computer;shutdown,,,,,,,,den Laptop herunterfahren; den Computer herunterfahren,,,user-provided dataset,,draft
3882,word,der Aufkleber,sticker / label,the sticker / label,Auf dem Paket klebt ein auffälliger roter Aufkleber.,A conspicuous red sticker is stuck to the package.,B2,noun,3,medium,,,,,neutral,,shipping;everyday,packaging;label,m,Aufkleber,Aufklebers,false,false,,,,,,einen Aufkleber anbringen; Aufkleber entfernen,Etikett,,,user-provided dataset,,draft
3883,word,der Aussteller,exhibitor / issuer,the exhibitor / issuer,Die Aussteller auf der Messe präsentieren ihre neuesten Produkte.,The exhibitors at the trade fair are presenting their latest products.,B2,noun,3,medium,,,,,neutral,,business;events,trade_fair;exhibition,m,Aussteller,Ausstellers,false,false,,,,,,auf einer Messe ausstellen; Ausstellerverzeichnis,,,user-provided dataset,,draft
3884,word,der Veranstalter,organizer,the organizer,Der Veranstalter hat das Konzert wegen des Regens abgesagt.,The organizer cancelled the concert because of the rain.,B2,noun,3,medium,,,,,neutral,,events;business,event_organization;m,Veranstalter,Veranstalters,false,false,,,,,,Veranstalter einer Veranstaltung; Veranstalter kontaktieren,Organisator,,,user-provided dataset,,draft
3885,adjective,einzigartig,unique / one of a kind,unique,Das Design dieses Gebäudes ist wirklich einzigartig.,The design of this building is truly unique.,B2,adjective,4,high,,,,,neutral,,general,uniqueness,,,,,,,,einzigartige Gelegenheit; einzigartiges Design,einmalig,,,user-provided dataset,,draft
3886,word,die Abmahnung,formal warning / reprimand,formal warning,Nach dem dritten Zuspätkommen erhielt er eine schriftliche Abmahnung.,After the third late arrival he received a written warning.,B2,noun,3,medium,,,,,formal,,employment;law,disciplinary_action;warning,f,Abmahnungen,Abmahnung,false,false,,,,,,eine Abmahnung erhalten; schriftliche Abmahnung,Verwarnung,,,user-provided dataset,,draft
3887,word,die Ausnahmegenehmigung,special permit / exception,special permit,Für das Parken in der Fußgängerzone braucht man eine Ausnahmegenehmigung.,You need a special permit for parking in the pedestrian zone.,B2-C1,noun,2,less_common,,,,,formal,,administration;law,permit;exception,f,Ausnahmegenehmigungen,Ausnahmegenehmigung,false,false,,,,,,eine Ausnahmegenehmigung beantragen; eine Genehmigung erteilen,Sondergenehmigung,,,user-provided dataset,,draft
3888,word,die Zugangsvoraussetzung,admission requirement,admission requirement,Was ist die wichtigste Zugangsvoraussetzung für das Studium?,What is the most important admission requirement for the degree program?,B2,noun,3,medium,,,,,formal,,education;admission,requirements;university,f,Zugangsvoraussetzungen,Zugangsvoraussetzung,false,false,,,,,,Zugangsvoraussetzungen erfüllen; Zugangsvoraussetzung für ein Studium,Voraussetzung,,,user-provided dataset,,draft
3889,word,die beglaubigte Kopie,certified copy,certified copy,Ich brauche eine beglaubigte Kopie meines Zeugnisses.,I need a certified copy of my certificate.,B2,noun,3,medium,,,,,formal,,administration;education,documents;certification,f,beglaubigte Kopien,beglaubigten Kopie,false,false,,,,,,eine beglaubigte Kopie vorlegen; beglaubigte Kopie beantragen,,,user-provided dataset,,draft
3890,word,die beglaubigte Übersetzung,certified translation,certified translation,Die Behörde verlangt eine beglaubigte Übersetzung der Geburtsurkunde.,The authority requires a certified translation of the birth certificate.,B2,noun,3,medium,,,,,formal,,administration;documents,translation;certification,f,beglaubigte Übersetzungen,beglaubigten Übersetzung,false,false,,,,,,eine beglaubigte Übersetzung einreichen; beglaubigte Übersetzung verlangen,,,user-provided dataset,,draft
3891,word,die Spezialisierung,specialization,specialization,Seine Spezialisierung liegt im Bereich IT-Sicherheit.,His specialization lies in the field of IT security.,B2,noun,3,medium,,,,,academic,,education;career,specialization;expertise,f,Spezialisierungen,Spezialisierung,false,false,,,,,,Spezialisierung auf; berufliche Spezialisierung,Schwerpunkt,,,user-provided dataset,,draft
3892,adjective,verhandlungssicher,business fluent,business fluent,Sie spricht verhandlungssicheres Englisch.,She speaks business-fluent English.,B2-C1,adjective,3,medium,,,,,formal,,work;languages,language_skills;business,,,,,,,,verhandlungssicheres Deutsch; verhandlungssichere Englischkenntnisse,,,user-provided dataset,,draft
3893,phrase,die ausgeschriebene Stelle,advertised position,advertised position,Ich interessiere mich für die ausgeschriebene Stelle als Manager.,I am interested in the advertised position as a manager.,B2,phrase,3,medium,,,,,formal,,employment;recruitment,job_application;career,f,ausgeschriebene Stellen,ausgeschriebenen Stelle,false,false,,,,,,eine ausgeschriebene Stelle; sich auf eine Stelle bewerben,Stellenausschreibung,,,user-provided dataset,,draft
3894,phrase,Quittungen aufheben,to keep receipts,to keep receipts,Du solltest alle Quittungen für die Steuer aufheben.,You should keep all receipts for tax purposes.,B2,phrase,3,medium,,,,,neutral,,finance;tax,receipts;documents,,,,false,true,haben,hebt auf,hob auf,aufgehoben,Akk,Quittungen aufheben; Belege aufheben,aufbewahren,,,user-provided dataset,,draft
3895,word,vorbeikommen,to drop by / stop by,to drop by,Ich kann morgen kurz bei dir vorbeikommen.,Can I drop by your place briefly tomorrow?,B2,verb,4,high,,,,,neutral,,social;everyday,visiting;appointments,,,,false,true,sein,kommt vorbei,kam vorbei,vorbeigekommen,bei jmdm. vorbeikommen,kurz vorbeikommen; bei jemandem vorbeikommen,,,user-provided dataset,,draft
3896,word,die Haltbarkeit,shelf life / durability,shelf life,Wie lange ist die Haltbarkeit dieser Milch?,What is the shelf life of this milk?,B2,noun,3,medium,,,,,neutral,,food;products,expiration;quality,f,Haltbarkeiten,Haltbarkeit,false,false,,,,,,die Haltbarkeit prüfen; begrenzte Haltbarkeit,Lebensdauer,,,user-provided dataset,,draft
3897,word,der Abdruck,impression / print,impression,Der Zahnarzt macht einen Abdruck von meinen Zähnen.,The dentist is making an impression of my teeth.,B2,noun,3,medium,,,,,neutral,,health;printing,dentistry;printing,m,Abdrücke,Abdrucks,false,false,,,,,,einen Abdruck machen; Zahnabdruck,Impression,,,user-provided dataset,,draft
3898,word,die provisorische Füllung,temporary filling,temporary filling,Ich habe heute nur eine provisorische Füllung bekommen.,I only got a temporary filling today.,B2,noun,2,less_common,,,,,medical,,health;dentistry,dental_treatment,f,provisorische Füllungen,provisorischen Füllung,false,false,,,,,,eine provisorische Füllung bekommen; Füllung erneuern,,,user-provided dataset,,draft
3899,word,die Kinderbetreuung,childcare,childcare,Die Kinderbetreuung in dieser Stadt ist sehr teuer.,Childcare in this city is very expensive.,B2,noun,4,high,,,,,neutral,,family;society,childcare;work,f,Kinderbetreuungen,Kinderbetreuung,false,false,,,,,,Kinderbetreuung organisieren; Kosten der Kinderbetreuung,Betreuung,,,user-provided dataset,,draft
3900,word,das Anliegen,concern / request,concern / request,Was ist Ihr genaues Anliegen?,What is your exact request?,B2,noun,4,high,,,,,formal,,business;service,request;concern,n,dAnliegen,Anliegens,false,false,,,,,,ein Anliegen haben; ein Anliegen vorbringen,Bitte,,,user-provided dataset,,draft
3901,adjective,derzeitig,current / present,current,Meine derzeitige Adresse ist in Berlin.,My current address is in Berlin.,B2,adjective,4,high,,,,,neutral,,general,time;status,,,,,,,,derzeitige Situation; derzeitiger Stand,aktuell,,,user-provided dataset,,draft
3902,word,der Außentermin,field appointment / off-site meeting,off-site appointment,Heute Nachmittag habe ich einen wichtigen Außentermin.,I have an important off-site meeting this afternoon.,B2,noun,2,less_common,,,,,business,,work;business,appointments;field_work,m,Außentermine,Außentermins,false,false,,,,,,einen Außentermin haben; zum Außentermin fahren,Termin,,,user-provided dataset,,draft
3903,word,das Entgegenkommen,compromise / courtesy,accommodation / goodwill,Vielen Dank für Ihr Entgegenkommen bei den Preisverhandlungen.,Thank you for your accommodation during the price negotiations.,B2-C1,noun,3,medium,,,,,formal,,business;negotiation,concession;goodwill,n,Entgegenkommen,Entgegenkommens,false,false,,,,,,jemandem entgegenkommen; für das Entgegenkommen danken,Kulanz,,,user-provided dataset,,draft
3904,word,die Gleitzeit,flexitime,flexitime,Wir haben Gleitzeit und können zwischen 7 und 10 Uhr anfangen.,We have flexitime and can start between 7 and 10 a.m.,B2,noun,3,medium,,,,,neutral,,work,working_hours;flexitime,f,Gleitzeiten,Gleitzeit,false,false,,,,,,Gleitzeit haben; flexible Arbeitszeiten,flexible Arbeitszeit,,,user-provided dataset,,draft
3905,adjective,alleinerziehend,single parent,single parent,Es ist nicht einfach, alleinerziehend zu sein.,It is not easy to be a single parent.,B2,adjective,3,medium,,,,,neutral,,family;society,parenting,,,,,,,,alleinerziehende Mutter; alleinerziehender Vater,Single-Elternteil,,,user-provided dataset,,draft
3906,word,das Gewerbegebiet,industrial estate / business park,industrial estate,Unsere Firma befindet sich im Gewerbegebiet am Stadtrand.,Our company is located in the industrial estate on the outskirts of the city.,B2,noun,3,medium,,,,,neutral,,business;city,industry;location,n,Gewerbegebiete,Gewerbegebiets,false,false,,,,,,im Gewerbegebiet liegen; Gewerbegebiet am Stadtrand,Industriegebiet,,,user-provided dataset,,draft
3907,adjective,erstaunlich,amazing / astonishing,astonishing,Es ist erstaunlich, wie schnell er Deutsch lernt.,It is astonishing how quickly he learns German.,B2,adjective,4,high,,,,,neutral,,general,evaluation;surprise,,,,,,,,erstaunlich schnell; erstaunlich gut,beeindruckend,,,user-provided dataset,,draft
3908,verb,belästigen,to bother / harass,to bother / harass,Entschuldigung, ich möchte Sie nicht belästigen.,Excuse me, I do not want to bother you.,B2,verb,3,medium,,,,,neutral,,social;law,harassment;disturbance,,,,false,false,haben,belästigt,belästigte,belästigt,Akk,jmdn. belästigen; sexuell belästigen,stören,,,user-provided dataset,,draft
3909,verb,bestreiten,to deny / dispute,to deny,Er bestreitet, das Geld genommen zu haben.,He denies having taken the money.,B2,verb,3,medium,,,,,neutral,,law;argument,denial;dispute,,,,false,false,haben,bestreitet,bestritt,bestritten,Akk,etwas bestreiten; eine Behauptung bestreiten,leugnen,,,user-provided dataset,,draft
3910,adjective,vorhersagbar,predictable,predictable,Das Ende des Films war leider sehr vorhersagbar.,The end of the movie was unfortunately very predictable.,B2,adjective,3,medium,,,,,neutral,,media;general,predictability,,,,,,,,vorhersagbares Ende; leicht vorhersagbar,absehbar,,,user-provided dataset,,draft
3911,adjective,widerwillig,reluctant / unwilling,reluctant,Er hat die Hausarbeit nur widerwillig erledigt.,He did the housework only reluctantly.,B2,adjective,3,medium,,,,,neutral,,general,reluctance,,,,,,,,etwas widerwillig tun; widerwillig zustimmen,ungern,,,user-provided dataset,,draft
3912,verb,einstürzen,to collapse,to collapse,Das alte Gebäude droht einzustürzen.,The old building threatens to collapse.,B2,verb,3,medium,,,,,neutral,,construction;disaster,collapse;buildings,,,,false,true,sein,stürzt ein,stürzte ein,eingestürzt,zu + Inf,ein Gebäude stürzt ein; einzustürzen drohen,zusammenbrechen,,,user-provided dataset,,draft
3913,verb,aufladen,to recharge / load,to recharge,Ich muss mein Handy dringend aufladen.,I urgently need to recharge my cell phone.,B2,verb,4,high,,,,,neutral,,technology;transport,battery;loading,,,,false,true,haben,lädt auf,lud auf,aufgeladen,Akk,Handy aufladen; Akku aufladen,laden,,,user-provided dataset,,draft
3914,verb,sichern,to back up / secure,to back up / secure,Vergiss nicht, deine Daten regelmäßig zu sichern.,Don't forget to back up your data regularly.,B2,verb,4,high,,,,,neutral,,technology;security,data;backup,,,,false,false,haben,sichert,sicherte,gesichert,Akk,Daten sichern; Daten regelmäßig sichern,backupen,,,user-provided dataset,,draft
3915,adjective,überwältigend,overwhelming,overwhelming,Die Aussicht von den Bergen war überwältigend.,The view from the mountains was overwhelming.,B2,adjective,3,medium,,,,,neutral,,general;emotion,impression;intensity,,,,,,,,überwältigender Eindruck; überwältigende Aussicht,beeindruckend,,,user-provided dataset,,draft
3916,adjective,bedeutend,significant / important,significant,Das ist eine bedeutende Entdeckung für die Wissenschaft.,That is a significant discovery for science.,B2,adjective,4,high,,,,,neutral,,academic;general,importance;significance,,,,,,,,bedeutende Rolle; bedeutende Entdeckung,wichtig,,,user-provided dataset,,draft
3917,adjective,vertraulich,confidential,confidential,Diese Informationen sind streng vertraulich.,This information is strictly confidential.,B2,adjective,3,medium,,,,,formal,,business;law,privacy;information,,,,,,,,vertrauliche Informationen; streng vertraulich,geheim,,,user-provided dataset,,draft
3918,word,die Übereinstimmung,agreement / consensus,agreement,Wir haben in diesem Punkt eine volle Übereinstimmung.,We have full agreement on this point.,B2-C1,noun,3,medium,,,,,formal,,business;discussion,agreement;consensus,f,Übereinstimmungen,Übereinstimmung,false,false,,,,,,in Übereinstimmung mit; völlige Übereinstimmung,Einigkeit,,,user-provided dataset,,draft
3919,word,die Falle,trap,trap,Er ist direkt in die Falle getappt.,He walked right into the trap.,B2,noun,4,high,,,,,neutral,,general;figurative,danger;deception,f,Fallen,Falle,false,false,,,,,,in eine Falle tappen; eine Falle stellen,Trap,,,user-provided dataset,,draft
3920,adjective,rein,purely / pure,purely / pure,Das war eine reine Vorsichtsmaßnahme.,That was purely a precautionary measure.,B2,adjective,4,high,,,,,neutral,,general,emphasis;purity,,,,,,,,reine Vorsichtsmaßnahme; reines Interesse,lediglich,,,user-provided dataset,,draft
3921,verb,beschäftigen,to employ / occupy,to employ,Die Firma beschäftigt über 500 Mitarbeiter.,The company employs over 500 employees.,B2,verb,5,very_high,,,,,neutral,,business;work,employment;occupation,,,,false,false,haben,beschäftigt,beschäftigte,beschäftigt,Akk,Mitarbeiter beschäftigen; sich mit etwas beschäftigen,anstellen,,,user-provided dataset,,draft
3922,word,mehr als / weniger als,more than / less than,more than / less than,Das kostet mehr als zwanzig Euro.,That costs more than twenty euros.,B1-B2,phrase,5,very_high,,,,,neutral,,general,comparison;quantity,,,,,,,,mehr als erwartet; weniger als gedacht,,,user-provided dataset,,draft
3923,word,Pflicht sein,to be mandatory,to be mandatory,In Deutschland ist die Schulpflicht gesetzlich geregelt.,In Germany compulsory schooling is regulated by law.,B2,phrase,4,high,,,,,formal,,law;education,obligation;requirement,,,,,,,,Pflicht sein; gesetzlich vorgeschrieben sein,vorgeschrieben sein,,,user-provided dataset,,draft
3924,word,die Schwäche,weakness,weakness,Jeder Mensch hat seine Stärken und Schwächen.,Every person has strengths and weaknesses.,B2, noun,4,high,,,,,neutral,,general;business,weakness;ability,f,Schwächen,Schwäche,false,false,,,,,,eine Schwäche haben; Schwächen zeigen,Defizit,Stärke,,user-provided dataset,,draft
3925,word,der Arbeitsablauf,workflow,workflow,Wir müssen den Arbeitsablauf im Büro verbessern.,We must improve the workflow in the office.,B2,noun,3,medium,,,,,business,,work;office,workflow;process,m,Arbeitsabläufe,Arbeitsablaufs,false,false,,,,,,Arbeitsabläufe optimieren; Arbeitsablauf verbessern,Prozess,,,user-provided dataset,,draft
3926,word,die Berechtigung,authorization / entitlement,authorization,Haben Sie die Berechtigung, dieses Gebäude zu betreten?,Do you have authorization to enter this building?,B2,noun,3,medium,,,,,formal,,law;administration,permission;access,f,Berechtigungen,Berechtigung,false,false,,,,,,Berechtigung haben; Zugangsberechtigung,Erlaubnis,,,user-provided dataset,,draft
3927,adjective,unbewacht,unguarded / unattended,unattended,Lassen Sie Ihr Gepäck nie unbewacht.,Never leave your luggage unattended.,B2,adjective,3,medium,,,,,neutral,,travel;security,luggage;security,,,,,,,,Gepäck unbewacht lassen; unbewachter Gegenstand,unbeaufsichtigt,,,user-provided dataset,,draft
3928,verb,flüstern,to whisper,to whisper,Sie flüsterten leise in der Bibliothek.,They whispered quietly in the library.,B2,verb,4,high,,,,,neutral,,social;education,communication;quiet,,,,false,false,haben,flüstert,flüsterte,geflüstert,mit jmdm. flüstern,leise flüstern,,,user-provided dataset,,draft
3929,phrase,ohne Weiteres,without further ado / easily,without further ado,Ich kann das nicht ohne Weiteres entscheiden.,I cannot decide that just like that.,B2,adverbial phrase,3,medium,,,,,neutral,,general,effort;ease,,,,,,,,ohne Weiteres möglich sein; nicht ohne Weiteres,,,user-provided dataset,,draft
3930,word,der Knöchel,ankle,ankle,Ich bin beim Laufen mit dem Knöchel umgeknickt.,I twisted my ankle while running.,B2,noun,3,medium,,,,,neutral,,health;sports,body;injury,m,Knöchel,Knöchels,false,false,,,,,,sich den Knöchel verstauchen; am Knöchel verletzen,,,user-provided dataset,,draft
3931,word,der Knochen,bone,bone,Der Arzt prüfte, ob der Knochen gebrochen ist.,The doctor checked whether the bone is broken.,B2,noun,4,high,,,,,neutral,,health;body,anatomy;injury,m,Knochen,Knochens,false,false,,,,,,einen Knochen brechen; Knochen untersuchen,,,user-provided dataset,,draft
3932,word,die Brust,chest / breast,chest,Er spürte einen starken Druck in der Brust.,He felt strong pressure in his chest.,B2,noun,4,high,,,,,neutral,,health;body,anatomy;chest,f,Brüste,Brust,false,false,,,,,,Druck in der Brust; Brustschmerzen,,,user-provided dataset,,draft
3933,word,das Kinn,chin,chin,Sie hat ein markantes Kinn.,She has a striking chin.,B2,noun,3,medium,,,,,neutral,,body,anatomy,n,Kinne,Kinns,false,false,,,,,,ein markantes Kinn; am Kinn,,,user-provided dataset,,draft
3934,word,die Hüfte,hip,hip,Nach dem Sturz hatte er Schmerzen in der Hüfte.,After the fall he had pain in his hip.,B2,noun,3,medium,,,,,neutral,,health;body,anatomy;injury,f,Hüften,Hüfte,false,false,,,,,,Schmerzen in der Hüfte; Hüftschmerzen,,,user-provided dataset,,draft
3935,word,die Niere,kidney,kidney,Trinken ist wichtig für die Nieren.,Drinking is important for the kidneys.,B2,noun,3,medium,,,,,neutral,,health;body,anatomy;organs,f,Nieren,Niere,false,false,,,,,,Nierenerkrankung; Nierenfunktion,,,user-provided dataset,,draft
3936,word,die Leber,liver,liver,Alkohol schadet der Leber.,Alcohol damages the liver.,B2,noun,4,high,,,,,neutral,,health;body,anatomy;organs,f,Lebern,Leber,false,false,,,,,,der Leber schaden; Lebererkrankung,,,user-provided dataset,,draft
3937,word,die Lunge,lung,lung,Atmen Sie tief in die Lunge ein.,Breathe deeply into your lungs.,B2,noun,4,high,,,,,neutral,,health;body,anatomy;organs,f,Lungen,Lunge,false,false,,,,,,in die Lunge einatmen; Lungenerkrankung,,,user-provided dataset,,draft
3938,word,der Schenkel,thigh,thigh,Er hat sich eine Zerrung am Schenkel zugezogen.,He pulled a muscle in his thigh.,B2,noun,3,medium,,,,,neutral,,health;sports,body;injury,m,Schenkel,Schenkels,false,false,,,,,,Zerrung am Schenkel; Oberschenkel,,,user-provided dataset,,draft
3939,word,die Zunge,tongue,tongue,Der Arzt sagte: „Zeigen Sie mir bitte Ihre Zunge.“,"The doctor said: ""Please show me your tongue.""",B2,noun,4,high,,,,,neutral,,health;body,anatomy;mouth,f,Zungen,Zunge,false,false,,,,,,die Zunge zeigen; Zunge herausstrecken,,,user-provided dataset,,draft
3940,word,die Ader,vein / artery,vein / artery,Man kann die Adern an seinen Händen sehen.,You can see the veins on his hands.,B2,noun,3,medium,,,,,neutral,,health;body,anatomy;blood,f,Adern,Ader,false,false,,,,,,eine Ader sichtbar sein; Blutgefäß,,,user-provided dataset,,draft
3941,word,das Handgelenk,wrist,wrist,Ich trage meine Uhr am linken Handgelenk.,I wear my watch on my left wrist.,B2,noun,3,medium,,,,,neutral,,body;sports,anatomy;injury,n,Handgelenke,Handgelenks,false,false,,,,,,am Handgelenk tragen; Handgelenkschmerzen,,,user-provided dataset,,draft
3942,verb,verdrehen,to twist / sprain,to twist,Ich habe mir beim Sport das Knie verdreht.,I twisted my knee while playing sports.,B2,verb,3,medium,,,,,neutral,,health;sports,injury;movement,,,,true,false,haben,verdreht,verdrehte,verdreht,Akk,sich das Knie verdrehen; den Knöchel verdrehen,,,user-provided dataset,,draft
3943,phrase,das Bewusstsein verlieren,to lose consciousness,to lose consciousness,Er verlor nach dem Unfall kurz das Bewusstsein.,He briefly lost consciousness after the accident.,B2,phrase,3,medium,,,,,neutral,,health;accidents,consciousness;emergency,,,,false,false,haben,verliert,verlor,verloren,Akk,das Bewusstsein verlieren; kurz das Bewusstsein verlieren,bewusstlos werden,,,user-provided dataset,,draft
3944,word,der Ursprung,origin / source,origin,Die Geschichte hat ihren Ursprung im Mittelalter.,The story has its origin in the Middle Ages.,B2,noun,4,high,,,,,neutral,,history;general,origin;source,m,Ursprünge,Ursprungs,false,false,,,,,,seinen Ursprung haben; Ursprung einer Idee,Herkunft,,,user-provided dataset,,draft
3945,adjective,nagelneu,brand new,brand new,Ich habe mir ein nagelneues Fahrrad gekauft.,I bought myself a brand new bicycle.,B2,adjective,3,medium,,,,,informal,,everyday,objects;newness,,,,,,,,nagelneues Fahrrad; nagelneues Auto,neu,,,user-provided dataset,,draft
3946,adjective,altmodisch,old-fashioned,old-fashioned,Dieses Kleid sieht ein bisschen altmodisch aus.,This dress looks a bit old-fashioned.,B2,adjective,3,medium,,,,,neutral,,fashion;general,style;tradition,,,,,,,,altmodische Kleidung; altmodisch aussehen,modern,,,user-provided dataset,,draft
3947,verb,beschuldigen,to accuse,to accuse,Man kann ihn nicht ohne Beweise beschuldigen.,One cannot accuse him without evidence.,B2,verb,4,high,,,,,formal,,law;conflict,accusation;blame,,,,false,false,haben,beschuldigt,beschuldigte,beschuldigt,Akk,jmdn. beschuldigen; zu Unrecht beschuldigen,anklagen,,,user-provided dataset,,draft
3948,word,die Oberfläche,surface,surface,Die Oberfläche des Tisches ist sehr glatt.,The surface of the table is very smooth.,B2,noun,4,high,,,,,neutral,,general;technology,physical_surface,f,Oberflächen,Oberfläche,false,false,,,,,,glatte Oberfläche; Oberfläche eines Tisches,Außenfläche,,,user-provided dataset,,draft
3949,verb,verfolgen,to follow / pursue,to pursue,Die Polizei verfolgte den Dieb durch die Stadt.,The police pursued the thief through the city.,B2,verb,5,very_high,,,,,neutral,,law;general,pursuit;tracking,,,,false,false,haben,verfolgt,verfolgte,verfolgt,Akk,eine Spur verfolgen; ein Ziel verfolgen,folgen,,,user-provided dataset,,draft
3950,adjective,trivial,trivial / simple,trivial,Das Problem scheint auf den ersten Blick trivial zu sein.,The problem seems to be trivial at first glance.,B2-C1,adjective,3,medium,,,,,academic,,academic;general,evaluation;complexity,,,,,,,,triviales Problem; scheinbar trivial,komplex,,,user-provided dataset,,draft
3951,word,die Spitze,top / peak / lace,peak,Wir haben endlich die Spitze des Berges erreicht.,We finally reached the peak of the mountain.,B2,noun,4,high,,,,,neutral,,nature;sports,mountain;top,f,Spitzen,Spitze,false,false,,,,,,die Spitze des Berges; an der Spitze stehen,Gipfel,,,user-provided dataset,,draft
3952,adjective,lebhaft,lively / vivid,lively,In der Innenstadt herrscht ein lebhaftes Treiben.,There is lively hustle and bustle in the city center.,B2,adjective,4,high,,,,,neutral,,city;social,activity;atmosphere,,,,,,,,lebhaftes Treiben; lebhafte Diskussion,ruhig,,,user-provided dataset,,draft
3953,adjective,bescheiden,modest / humble,modest,Trotz seines Erfolges ist er sehr bescheiden geblieben.,Despite his success he remained very modest.,B2,adjective,4,high,,,,,neutral,,personality;social,personality;humility,,,,,,,,bescheiden bleiben; bescheidene Person,arrogant,,,user-provided dataset,,draft
3954,word,der Wahnsinn,madness / insanity,madness,Es ist der reinste Wahnsinn, bei diesem Wetter ohne Jacke rauszugehen!,It is pure madness to go out without a jacket in this weather!,B2,noun,4,high,Also frequently used colloquially as an intensifier.,,,informal,,everyday;emotion,intensity;reaction,m,Wahnsinn,Wahnsinns,false,false,,,,,,der reinste Wahnsinn; Das ist Wahnsinn!,Unsinn,,,user-provided dataset,,draft
3955,word,das Vermögen,fortune / assets,fortune,Nach dem Tod des Vaters erbte sie ein großes Vermögen.,After the death of her father she inherited a large fortune.,B2,noun,4,high,,,,,neutral,,finance;law,wealth;assets,n,Vermögen,Vermögens,false,false,,,,,,ein großes Vermögen besitzen; Vermögen erben,Reichtum,,,user-provided dataset,,draft
3956,adjective,hervorragend,excellent / outstanding,excellent,Das Essen in diesem Restaurant schmeckt hervorragend.,The food in this restaurant tastes excellent.,B2,adjective,4,high,,,,,neutral,,general;evaluation,quality;assessment,,,,,,,,hervorragende Leistung; hervorragend schmecken,ausgezeichnet,,,user-provided dataset,,draft
3957,word,die Pfote,paw,paw,Der Hund hat sich an der Pfote verletzt.,The dog hurt its paw.,B2,noun,3,medium,,,,,neutral,,animals;health,animal_body;injury,f, Pfoten,Pfote,false,false,,,,,,sich an der Pfote verletzen; Pfote heben,,,user-provided dataset,,draft
3958,adjective,sensationell,sensational,sensational,Die Entdeckung war eine sensationelle Neuigkeit.,The discovery was sensational news.,B2,adjective,3,medium,,,,,informal,,media;general,intensity;news,,,,,,,,sensationelle Nachricht; sensationeller Erfolg,beeindruckend,,,user-provided dataset,,draft
3959,adjective,konventionell,conventional,conventional,Er bevorzugt konventionelle Methoden gegenüber neuen Experimenten.,He prefers conventional methods over new experiments.,B2-C1,adjective,3,medium,,,,,formal,,academic;business,methods;tradition,,,,,,,,konventionelle Methode; konventionelle Lösung,unkonventionell,,,user-provided dataset,,draft
3960,verb,nachlassen,to diminish / fade,to diminish,Der Regen hat am Nachmittag endlich nachgelassen.,The rain finally subsided in the afternoon.,B2,verb,4,high,,,,,neutral,,weather;general,decrease;intensity,,,,false,true,haben,lässt nach,ließ nach,nachgelassen,Nom,Regen lässt nach; Schmerzen lassen nach,abnehmen,,,user-provided dataset,,draft
3961,verb,streiten,to argue / fight,to argue,Die Geschwister streiten sich oft um das Spielzeug.,The siblings often argue over the toy.,B2,verb,5,very_high,,,,,neutral,,family;social,conflict;argument,,,,true,false,haben,streitet,stritt,gestritten,sich mit jmdm. streiten;sich um etw. streiten,sich zanken,,,user-provided dataset,,draft
3962,word,die Zweigstelle,branch office,branch office,Die Bank hat eine neue Zweigstelle in unserem Viertel eröffnet.,The bank has opened a new branch in our neighborhood.,B2,noun,3,medium,,,,,business,,banking;business,branch;office,f,Zweigstellen,Zweigstelle,false,false,,,,,,eine Zweigstelle eröffnen; in einer Zweigstelle arbeiten,Filiale,,,user-provided dataset,,draft
3963,verb,überfliegen,to skim / fly over,to skim,Ich habe den Artikel nur kurz überflogen.,I only briefly skimmed the article.,B2,verb,3,medium,,,,,neutral,,education;media,reading;skimming,,,,false,true,haben,überfliegt,überflog,überflogen,Akk,einen Artikel überfliegen; Text überfliegen,skimmen,,,user-provided dataset,,draft
3964,conjunction,wohingegen,whereas / while,whereas,Er liebt Kaffee, wohingegen sie lieber Tee trinkt.,He loves coffee whereas she prefers drinking tea.,B2,conjunction,3,medium,,,,,formal,,grammar;comparison,contrast;conjunction,,,,,,,,wohingegen sie; wohingegen er,wo,,,,user-provided dataset,,draft
3965,verb,schlucken,to swallow,to swallow,Die Tablette ist so groß, dass ich sie kaum schlucken kann.,The tablet is so large that I can hardly swallow it.,B2,verb,4,high,,,,,neutral,,health;food,swallowing;medicine,,,,false,false,haben,schluckt,schluckte,geschluckt,Akk,eine Tablette schlucken; schwer zu schlucken,herunterschlucken,,,user-provided dataset,,draft
3966,verb,täuschen,to deceive / trick,to deceive,Man sollte sich nicht von seinem Lächeln täuschen lassen.,One should not let oneself be deceived by his smile.,B2,verb,4,high,,,,,neutral,,social;general,deception;misjudgment,,,,true,false,haben,täuscht,täuschte,getäuscht,sich täuschen lassen; jmdn. täuschen,sich irren,,,user-provided dataset,,draft
3967,adverb,übrigens,by the way / incidentally,by the way,Ich habe übrigens gestern deinen Bruder getroffen.,By the way I met your brother yesterday.,B2,adverb,5,very_high,,,,,neutral,,conversation,discourse_marker,,,,,,,,übrigens noch; übrigens auch,,,user-provided dataset,,draft
3968,verb,erscheinen,to appear / be published,to appear,Das neue Buch wird nächsten Monat erscheinen.,The new book will appear next month.,B2,verb,5,very_high,,,,,neutral,,media;general,publication;appearance,,,,false,false,sein,erscheint,erschien,erschienen,Nom,Buch erscheint; in der Zeitung erscheinen,auftauchen,,,user-provided dataset,,draft
3969,word,das Ausrufezeichen,exclamation mark,exclamation mark,Vergiss nicht das Ausrufezeichen am Ende des Satzes!,Don't forget the exclamation mark at the end of the sentence!,B2,noun,3,medium,,,,,neutral,,writing;education,punctuation,n,Ausrufezeichen,Ausrufezeichens,false,false,,,,,,ein Ausrufezeichen setzen; mit Ausrufezeichen,,,user-provided dataset,,draft
3970,verb,entdecken,to discover,to discover,Wissenschaftler haben einen neuen Planeten entdeckt.,Scientists have discovered a new planet.,B2,verb,5,very_high,,,,,neutral,,science;general,discovery;research,,,,false,false,haben,entdeckt,entdeckte,entdeckt,Akk,einen Fehler entdecken; etwas Neues entdecken,finden,,,user-provided dataset,,draft
3971,adjective,vernünftig,reasonable / sensible,sensible,Das ist eine sehr vernünftige Entscheidung.,That is a very sensible decision.,B2,adjective,4,high,,,,,neutral,,general;decision-making,reasoning;judgment,,,,,,,,vernünftige Entscheidung; vernünftig handeln,sinnvoll,,,user-provided dataset,,draft
3972,phrase,im Freien,outdoors / in the open air,outdoors,Wir verbringen den ganzen Tag im Freien.,We are spending the whole day outdoors.,B2,phrase,4,high,,,,,neutral,,leisure;nature,outdoors;activities,,,,,,,,im Freien sein; im Freien arbeiten,draußen,,,user-provided dataset,,draft
3973,reflexive_verb,sich leisten,to afford,to afford,Ich kann mir diesen Luxus leider nicht leisten.,Unfortunately I cannot afford this luxury.,B2,verb,4,high,,,,,neutral,,finance;shopping,affordability;money,,,,true,false,haben,leistet sich,leistete sich,sich geleistet,Dat + Akk,sich etwas leisten können; sich einen Urlaub leisten,kaufen können,,,user-provided dataset,,draft
3974,word,die Ablenkung,distraction,distraction,Beim Lernen brauche ich absolute Ruhe, keine Ablenkung.,When studying I need absolute quiet, no distraction.,B2,noun,4,high,,,,,neutral,,education;work,focus;distraction,f,Ablenkungen,Ablenkung,false,false,,,,,,Ablenkung vermeiden; eine Ablenkung sein,Störung,,,user-provided dataset,,draft
3975,verb,vorankommen,to make progress,to make progress,Wir kommen mit dem Projekt gut voran.,We are making good progress with the project.,B2,verb,4,high,,,,,neutral,,work;education,progress;projects,,,,false,true,sein,kommt voran,kam voran,vorangekommen,mit etw. vorankommen,gut vorankommen; im Projekt vorankommen,Fortschritte machen,,,user-provided dataset,,draft
3976,adverb,dennoch,nevertheless / yet,nevertheless,Es regnete stark, dennoch gingen wir spazieren.,It rained heavily; nevertheless we went for a walk.,B2,adverb,4,high,,,,,formal,,grammar;writing,contrast;discourse,,,,,,,,dennoch weiter; dennoch gehen,aber,,,user-provided dataset,,draft
3977,phrase,aufgrund (+ Genitiv),due to / on the basis of,due to,Aufgrund des Wetters wurde das Spiel abgesagt.,Due to the weather the game was cancelled.,B2,preposition,5,very_high,,,,,formal,,writing;business,cause;reason,,,,,,,,aufgrund des Wetters; aufgrund von etwas,wegen,,,user-provided dataset,,draft
3978,adverb,allmählich,gradually / bit by bit,gradually,Die Situation verbessert sich allmählich.,The situation is gradually improving.,B2,adverb,3,medium,,,,,neutral,,general,time;change,,,,,,,,allmählich besser werden; allmählich zunehmen,nach und nach,,,user-provided dataset,,draft
3979,verb,verschwinden,to disappear,to disappear,Der Zauberer ließ das Kaninchen verschwinden.,The magician made the rabbit disappear.,B2,verb,5,very_high,,,,,neutral,,general;magic,disappearance;movement,,,,false,false,sein,verschwindet,verschwand,verschwunden,Nom,spurlos verschwinden; plötzlich verschwinden,auftauchen,,,user-provided dataset,,draft
3980,word,Verabredung / Abkommen,appointment / agreement,appointment / agreement,Ich habe heute Abend eine Verabredung mit Freunden.,I have a date with friends tonight.,B2,noun,4,high,,,,,neutral,,social;business,appointment;agreement,f,Verabredungen; Abkommen,Verabredung; Abkommens,false,false,,,,,,eine Verabredung haben; ein Abkommen schließen,Treffen; Vereinbarung,,,user-provided dataset,,draft
3981,verb,zusammenstoßen,to collide / clash,to collide,Zwei Autos sind an der Kreuzung zusammengestoßen.,Two cars collided at the intersection.,B2,verb,3,medium,,,,,neutral,,traffic;conflict,collision;accident,,,,false,true,sein,stößt zusammen,stieß zusammen,zusammengestoßen,mit etw. zusammenstoßen,frontal zusammenstoßen,kollidieren,,,user-provided dataset,,draft
3982,verb,begegnen,to encounter / meet,to encounter,Ich bin ihm zufällig im Supermarkt begegnet.,I bumped into him by chance at the supermarket.,B2,verb,5,very_high,,,,,neutral,,social;everyday,meeting;encounter,,,,false,false,sein,begegnet,begegnete,begegnet,Dat,jmdm. begegnen; zufällig begegnen,treffen,,,user-provided dataset,,draft
3983,verb,vernichten,to destroy / annihilate,to destroy,Das Feuer hat die gesamte Ernte vernichtet.,The fire destroyed the entire harvest.,B2-C1,verb,3,medium,,,,,formal,,disaster;war,destruction;damage,,,,false,false,haben,vernichtet,vernichtete,vernichtet,Akk,etwas vollständig vernichten,zerstören,erhalten,,,user-provided dataset,,draft
3984,verb,zerstören,to destroy / ruin,to destroy,Der Sturm hat viele Häuser zerstört.,The storm destroyed many houses.,B2,verb,5,very_high,,,,,neutral,,disaster;general,destruction;damage,,,,false,false,haben,zerstört,zerstörte,zerstört,Akk,Häuser zerstören; Umwelt zerstören,vernichten,aufbauen,,,user-provided dataset,,draft
3985,word,das Bruchstück,fragment / scrap,fragment,Archäologen fanden Bruchstücke alter Vasen.,Archaeologists found fragments of old vases.,B2,noun,3,medium,,,,,neutral,,archaeology;general,fragment;piece,n,Bruchstücke,Bruchstücks,false,false,,,,,,Bruchstücke finden; in Bruchstücke zerfallen,Fragment,,,user-provided dataset,,draft
3986,adjective,unvermeidlich,inevitable,inevitable,Einige Fehler sind am Anfang unvermeidlich.,Some mistakes are inevitable in the beginning.,B2-C1,adjective,4,high,,,,,formal,,general,necessity;certainty,,,,,,,,unvermeidliche Folgen; unvermeidlich sein,vermeidbar,,,user-provided dataset,,draft
3987,word,der Zweck,purpose / aim,purpose,Was ist der Zweck dieser Übung?,What is the purpose of this exercise?,B2, noun,5,very_high,,,,,neutral,,general;academic,purpose;aim,m,Zwecke,Zwecks,false,false,,,,,,zum Zweck von; einen Zweck erfüllen,Ziel,,,user-provided dataset,,draft
3988,word,das Spülbecken,kitchen sink,kitchen sink,Das Geschirr steht noch im Spülbecken.,The dishes are still in the kitchen sink.,B2,noun,3,medium,,,,,neutral,,household,kitchen;cleaning,n,Spülbecken,Spülbeckens,false,false,,,,,,Geschirr im Spülbecken; Spülbecken reinigen,Waschbecken,,,user-provided dataset,,draft
3989,word,der Neffe / die Nichte,nephew / niece,nephew / niece,Mein Neffe und meine Nichte kommen uns am Wochenende besuchen.,My nephew and niece are coming to visit us this weekend.,B2,noun,4,high,,,,,neutral,,family,kinship,m/f,Neffen; Nichten,Neffen; Nichte,false,false,,,,,,Neffe und Nichte; meine Nichte,,,user-provided dataset,,draft
3990,word,die Zwillinge,twins,twins,Die beiden Mädchen sind Zwillinge und sehen sich sehr ähnlich.,The two girls are twins and look very similar.,B2,noun,4,high,,,,,neutral,,family,kinship;birth,f,Zwillinge,Zwillinge,false,false,,,,,,eineiige Zwillinge; Zwillinge sein,,,user-provided dataset,,draft
3991,verb,füttern,to feed animals,to feed,Hast du die Katze heute schon gefüttert?,Have you already fed the cat today?,B2,verb,4,high,,,,,neutral,,animals;everyday,feeding;pets,,,,false,false,haben,füttert,fütterte,gefüttert,Akk,einen Hund füttern; Tiere füttern,füttern geben,,,user-provided dataset,,draft
3992,word,das Kaninchen,rabbit,rabbit,Das Kaninchen hoppelt durch den Garten.,The rabbit hops through the garden.,B2,noun,4,high,,,,,neutral,,animals,pets;wildlife,n,Kaninchen,Kaninchens,false,false,,,,,,Kaninchen füttern; Kaninchen halten,,,user-provided dataset,,draft
3993,word,die Kuh,cow,cow,Auf der Wiese steht eine braune Kuh.,A brown cow is standing in the meadow.,B2,noun,4,high,,,,,neutral,,animals,farm;livestock,f,Kühe,Kuh,false,false,,,,,,eine Kuh melken; Kühe halten,,,user-provided dataset,,draft
3994,word,das Schaf,sheep,sheep,Die Wolle vom Schaf ist sehr weich.,The wool from the sheep is very soft.,B2,noun,4,high,,,,,neutral,,animals,farm;livestock,n,Schafe,Schafs,false,false,,,,,,Schafe halten; Schafwolle,,,user-provided dataset,,draft
3995,word,die Schildkröte,tortoise / turtle,tortoise / turtle,Schildkröten können sehr alt werden.,Tortoises can get very old.,B2,noun,4,high,,,,,neutral,,animals,wildlife;pets,f,Schildkröten,Schildkröte,false,false,,,,,,Schildkröten halten; Schildkröte füttern,,,user-provided dataset,,draft
3996,word,die Schlange,snake / queue,snake / queue,Dort vorne ist eine lange Schlange an der Kasse.,There is a long line at the checkout over there.,B2,noun,5,very_high,Very common because of both the animal and queue meanings.,,,neutral,,everyday;animals,queue;snake,f,Schlangen,Schlange,false,false,,,,,,in der Schlange stehen; lange Schlange,Reihe,,,user-provided dataset,,draft
3997,word,der Backstein,brick,brick,Das Haus wurde aus roten Backsteinen gebaut.,The house was built from red bricks.,B2,noun,3,medium,,,,,neutral,,construction,building;material,m,Backsteine,Backsteins,false,false,,,,,,aus Backsteinen gebaut; rote Backsteine,Ziegelstein,,,user-provided dataset,,draft
3998,word,der Alptraum,nightmare,nightmare,Ich hatte gestern Nacht einen schrecklichen Alptraum.,I had a terrible nightmare last night.,B2,noun,4,high,,,,,neutral,,sleep;emotion,dream;fear,m,Alpträume,Alptraums,false,false,,,,,,einen Alptraum haben; schrecklicher Alptraum,Albtraum,,,user-provided dataset,,draft
3999,adjective,artig,well-behaved,well-behaved,Sei bitte artig, wenn wir bei Oma sind.,Please be well-behaved when we are at Grandma's.,B2,adjective,3,medium,,,,,informal,,family;children,behavior;children,,,,,,,,artig sein; ein artiges Kind,brav,,,user-provided dataset,,draft
4000,verb,begießen,to water plants,to water,Vergiss nicht, die Blumen auf dem Balkon zu begießen.,Don't forget to water the flowers on the balcony.,B2,verb,3,medium,,,,,neutral,,household;plants,gardening;watering,,,,false,false,haben,begießt,begoss,begossen,Akk,Blumen begießen; Pflanzen begießen,gießen,,,user-provided dataset,,draft
4001,verb,beißen,to bite,to bite,Keine Sorge, der Hund beißt nicht.,Don't worry, the dog doesn't bite.,B2,verb,4,high,,,,,neutral,,animals;health,biting;injury,,,,false,false,haben,beißt,biss,gebissen,Akk,jmdn. beißen; in etwas beißen,zubeißen,,,user-provided dataset,,draft
4002,verb,bewundern,to admire,to admire,Ich bewundere deinen Mut.,I admire your courage.,B2,verb,4,high,,,,,neutral,,social;emotion,admiration;respect,,,,false,false,haben,bewundert,bewunderte,bewundert,Akk,jmdn. bewundern; Mut bewundern,schätzen,,,user-provided dataset,,draft
4003,word,die Braut,bride,bride,Die Braut trug ein wunderschönes weißes Kleid.,The bride wore a beautiful white dress.,B2,noun,4,high,,,,,neutral,,family;events,wedding;marriage,f,Bräute,Braut,false,false,,,,,,die Braut tragen; Brautkleid,,,user-provided dataset,,draft
4004,word,der Fensterladen,shutter,shutter,Nachts schließen wir immer die Fensterläden.,At night we always close the shutters.,B2,noun,3,medium,,,,,neutral,,household,windows;house,m,Fensterläden,Fensterladens,false,false,,,,,,Fensterläden schließen; Fensterladen öffnen,,,user-provided dataset,,draft
4005,word,die Gebrauchsanweisung,instruction manual,instruction manual,Ich muss erst die Gebrauchsanweisung für die Waschmaschine lesen.,I first have to read the instruction manual for the washing machine.,B2,noun,4,high,,,,,neutral,,household;technology,instructions;manual,f,Gebrauchsanweisungen,Gebrauchsanweisung,false,false,,,,,,Gebrauchsanweisung lesen; Gebrauchsanweisung beachten,Anleitung,,,user-provided dataset,,draft
4006,word,angeln,to fish,to fish,Mein Vater geht am Wochenende oft am See angeln.,My father often goes fishing at the lake on weekends.,B2,verb,3,medium,,,,,neutral,,leisure;nature,fishing;outdoors,,,,false,false,haben,angelt,angelte,geangelt,an einem See angeln,angeln gehen,,,user-provided dataset,,draft
4007,verb,segeln,to sail,to sail,Im Sommer wollen wir auf der Ostsee segeln.,In summer we want to sail on the Baltic Sea.,B2,verb,3,medium,,,,,neutral,,leisure;travel,water;boating,,,,false,false,sein,segeln,segelte,gesegelt,auf dem Meer segeln,segeln gehen,,,user-provided dataset,,draft
4008,word,das Schließfach,locker / safe deposit box,locker,Du kannst deine Tasche im Schließfach am Bahnhof lassen.,You can leave your bag in the locker at the train station.,B2,noun,3,medium,,,,,neutral,,travel;public_services,storage;security,n,Schließfächer,Schließfachs,false,false,,,,,,ein Schließfach mieten; Tasche im Schließfach lassen,Locker,,,user-provided dataset,,draft
4009,verb,begleiten,to accompany,to accompany,Darf ich dich nach Hause begleiten?,May I accompany you home?,B2,verb,5,very_high,,,,,neutral,,social;travel,company;escort,,,,false,false,haben,begleitet,begleitete,begleitet,Akk,jmdn. nach Hause begleiten; jemanden begleiten,mitgehen,,,user-provided dataset,,draft
4010,word,die Ermäßigung,discount / reduction,discount,Studenten bekommen eine Ermäßigung auf den Eintrittspreis.,Students receive a discount on the entrance price.,B2,noun,4,high,,,,,neutral,,shopping;education,discount;students,f,Ermäßigungen,Ermäßigung,false,false,,,,,,eine Ermäßigung bekommen; Studenten-Ermäßigung,Rabatt,,,user-provided dataset,,draft
4011,verb,kleben,to stick / glue,to stick,Das Plakat klebt an der Wand.,The poster is sticking to the wall.,B2,verb,4,high,,,,,neutral,,household;crafts,adhesive;objects,,,,false,false,haben,klebt,klebte,geklebt,an + Dat,an der Wand kleben; etwas festkleben,,,user-provided dataset,,draft
4012,reflexive_verb,lohnen (sich),to be worth it,to be worth it,Die Mühe hat sich gelohnt, das Ergebnis ist toll.,The effort was worth it; the result is great.,B2,verb,4,high,,,,,neutral,,general;effort,value;reward,,,,true,false,haben,lohnt sich,lohnte sich,sich gelohnt,sich lohnen,es lohnt sich; die Mühe lohnt sich,sich auszahlen,,,user-provided dataset,,draft
4013,word,Quatsch,nonsense / rubbish,nonsense,Erzähl doch keinen Quatsch!,Don't talk nonsense!,B2,noun,4,high,,,,,informal,,conversation,disagreement;nonsense,m,Quatsch,Quatschs,false,false,,,,,,Quatsch erzählen; keinen Quatsch machen,Unsinn,,,user-provided dataset,,draft
4014,verb,schreien,to scream / shout,to shout,Warum schreist du so laut?,Why are you shouting so loudly?,B2,verb,5,very_high,,,,,neutral,,communication;emotion,voice;conflict,,,,false,false,haben,schreit,schrie,geschrien,Nom/über + Akk,laut schreien; nach Hilfe schreien,rufen,,,user-provided dataset,,draft
4015,verb,ahnen,to suspect / have a hunch,to suspect,Ich ahne nichts Gutes.,I suspect nothing good.,B2,verb,3,medium,,,,,neutral,,emotion;general,intuition;suspicion,,,,false,false,haben,ahnt,ahnte,geahnt,Akk/Inf,etwas ahnen; nichts Gutes ahnen,vermuten,,,user-provided dataset,,draft
4016,adjective,irren (sich),to be mistaken,to be mistaken,Ich glaube, Sie irren sich in der Adresse.,I think you are mistaken about the address.,B2,reflexive verb,4,high,,,,,neutral,,communication;general,error;misunderstanding,,,,true,false,haben,irrt sich,irrte sich,sich geirrt,sich in etwas irren,sich irren; sich gewaltig irren,falschliegen,,,user-provided dataset,,draft
4017,phrase,vor kurzem,recently,recently,Ich habe ihn erst vor kurzem getroffen.,I met him only recently.,B2,adverbial phrase,4,high,,,,,neutral,,time,everyday;past,,,,,,,,vor kurzem erst; erst vor kurzem,kürzlich,,,user-provided dataset,,draft
4018,verb,wagen,to dare,to dare,Er wagte es nicht, sie anzurufen.,He did not dare to call her.,B2,verb,3,medium,,,,,neutral,,emotion;decision,courage;risk,,,,false,false,haben,wagt,wagte,gewagt,zu + Inf,es wagen zu tun; etwas wagen,sich trauen,,,user-provided dataset,,draft
4019,pronoun,derselbe / dieselbe,the very same,the very same,Wir haben denselben Geschmack bei Musik.,We have the same taste in music.,B2,pronoun,4,high,,,,,neutral,,grammar;general,identity;comparison,,,,,,,,derselbe Mann; dieselbe Sache,gleich,,,user-provided dataset,,draft
4020,preposition,während,while / during,while / during,Während der Arbeit darf ich nicht telefonieren.,I am not allowed to make calls during work.,B2,preposition/conjunction,5,very_high,,,,,formal,,grammar;time,time;contrast,,,,,,,,während der Arbeit; während ich arbeite,bei,,,user-provided dataset,,draft
4021,reflexive_verb,auskommen mit,to get on with,to get along with,Ich komme gut mit meinen Nachbarn aus.,I get along well with my neighbors.,B2,verb,4,high,,,,,neutral,,social;relationships,compatibility;relationships,,,,true,true,sein,kommt aus,kam aus,ausgekommen,mit + Dat,gut mit jemandem auskommen,klarkommen mit,,,user-provided dataset,,draft
4022,verb,bürsten,to brush,to brush,Du solltest dir die Haare bürsten.,You should brush your hair.,B2,verb,4,high,,,,,neutral,,personal_care,hair;hygiene,,,,false,false,haben,bürstet,bürstete,gebürstet,Akk,sich die Haare bürsten; Zähne bürsten,streichen,,,user-provided dataset,,draft
4023,verb,decken,to set / cover,to set the table,Kannst du bitte den Tisch decken?,Can you please set the table?,B2,verb,4,high,,,,,neutral,,household,table;food,,,,false,false,haben,deckt,deckte,gedeckt,Akk,den Tisch decken; einen Tisch decken,abdecken,,,user-provided dataset,,draft
4024,reflexive_verb,hinlegen (sich),to lie down,to lie down,Ich bin müde und möchte mich kurz hinlegen.,I am tired and would like to lie down for a bit.,B2,verb,4,high,,,,,neutral,,health;everyday,rest;position,,,,true,true,haben,legt sich hin,legte sich hin,sich hingelegt,sich hinlegen,sich kurz hinlegen,niederlegen,,,user-provided dataset,,draft
4025,verb,stecken,to put inside / stick,to put inside,Er steckt den Schlüssel in die Tasche.,He puts the key in his pocket.,B2,verb,5,very_high,,,,,neutral,,everyday,objects;movement,,,,false,false,haben,steckt,steckte,gesteckt,Akk + in + Akk,einen Schlüssel in die Tasche stecken,legen,,,user-provided dataset,,draft
4026,verb,mähen,to mow,to mow,Er muss heute den Rasen mähen.,He has to mow the lawn today.,B2,verb,3,medium,,,,,neutral,,household;garden,gardening;maintenance,,,,false,false,haben,mäht,mähte,gemäht,Akk,Rasen mähen; Wiese mähen,,,user-provided dataset,,draft
4027,reflexive_verb,hinsetzen (sich),to sit down,to sit down,Bitte setzen Sie sich doch hin.,Please do sit down.,B2,verb,4,high,,,,,neutral,,everyday,position;social,,,,true,true,haben,setzt sich hin,setzte sich hin,sich hingesetzt,sich hinsetzen,sich hinsetzen; sich auf einen Stuhl setzen,,,user-provided dataset,,draft
4028,word,der Chirurg,surgeon,surgeon,Der Chirurg führt heute drei wichtige Operationen durch.,The surgeon is performing three important operations today.,B2,noun,3,medium,,,,,medical,,health;medicine,surgery;profession,m,Chirurgen,Chirurgen,false,false,,,,,,ein erfahrener Chirurg; Operation durchführen,,,user-provided dataset,,draft
4029,word,die Vorsorgeuntersuchung,preventive checkup,preventive medical checkup,Eine regelmäßige Vorsorgeuntersuchung kann Leben retten.,A regular preventive checkup can save lives.,B2,noun,3,medium,,,,,medical,,health;medicine,prevention;checkup,f,Vorsorgeuntersuchungen,Vorsorgeuntersuchung,false,false,,,,,,eine Vorsorgeuntersuchung machen; regelmäßig zur Vorsorge gehen,Check-up,,,user-provided dataset,,draft
4030,word,die Ansteckung,infection / contagion,contagion,Wir müssen Maßnahmen ergreifen, um die Ansteckung zu verhindern.,We must take measures to prevent infection.,B2,noun,3,medium,,,,,formal,,health;medicine,infection;prevention,f,Ansteckungen,Ansteckung,false,false,,,,,,Ansteckung verhindern; Gefahr der Ansteckung,Infektion,,,user-provided dataset,,draft
4031,adjective,ansteckend,contagious / infectious,contagious,Ist diese Krankheit für andere Menschen ansteckend?,Is this disease contagious to other people?,B2,adjective,4,high,,,,,medical,,health;medicine,disease;infection,,,,,,,,ansteckende Krankheit; ansteckend sein,infektiös,,,user-provided dataset,,draft
4032,word,das Gewissen,conscience,conscience,Er hat ein schlechtes Gewissen, weil er gelogen hat.,He has a guilty conscience because he lied.,B2,noun,4,high,,,,,neutral,,emotion;ethics,guilt;morality,n,Gewissen,Gewissens,false,false,,,,,,ein schlechtes Gewissen haben; das Gewissen beruhigen,Gewissensbisse,,,user-provided dataset,,draft
4033,word,die Pflichtverletzung,breach of duty,breach of duty,Die Kündigung erfolgte aufgrund einer schweren Pflichtverletzung.,The termination occurred due to a serious breach of duty.,B2-C1,noun,2,less_common,,,,,formal,,law;employment,duty;misconduct,f,Pflichtverletzungen,Pflichtverletzung,false,false,,,,,,schwere Pflichtverletzung; Pflichtverletzung begehen,Verstoß,,,user-provided dataset,,draft
4034,word,die Solidarität,solidarity,solidarity,In Krisenzeiten ist gesellschaftliche Solidarität besonders wichtig.,Social solidarity is particularly important in times of crisis.,B2, noun,4,high,,,,,formal,,society;politics,support;community,f,Solidaritäten,Solidarität,false,false,,,,,,Solidarität zeigen; gesellschaftliche Solidarität,Zusammenhalt,,,user-provided dataset,,draft
4035,word,die Zivilcourage,moral courage,moral courage,Es erfordert viel Zivilcourage, in so einer Situation einzugreifen.,It requires a lot of moral courage to intervene in such a situation.,B2-C1,noun,3,medium,,,,,formal,,society;ethics,courage;intervention,f,Zivilcourage,Zivilcourage,false,false,,,,,,Zivilcourage zeigen; Zivilcourage beweisen,Mut,,,user-provided dataset,,draft
4036,word,das Engagement,commitment / involvement,commitment,Sein soziales Engagement in der Gemeinde ist vorbildlich.,His social commitment in the community is exemplary.,B2, noun,4,high,,,,,neutral,,society;work,commitment;volunteering,n,Engagements,Engagements,false,false,,,,,,soziales Engagement; sich engagieren, Einsatz,,,user-provided dataset,,draft
4037,reflexive_verb,sich engagieren (für),to get involved in,to get involved,Viele junge Leute engagieren sich heute für den Klimaschutz.,Many young people are getting involved in climate protection today.,B2,verb,4,high,,,,,neutral,,society;volunteering,commitment;activism,,,,true,false,haben,engagiert sich,engagierte sich,sich engagiert,sich für + Akk engagieren,sich sozial engagieren; sich für etwas einsetzen,sich beteiligen,,,user-provided dataset,,draft
4038,word,das Vorurteil,prejudice / bias,prejudice,Wir müssen versuchen, unsere Vorurteile abzubauen.,We must try to break down our prejudices.,B2, noun,4,high,,,,,neutral,,society;psychology,bias;stereotype,n,Vorurteile,Vorurteils,false,false,,,,,,Vorurteile abbauen; Vorurteile haben,Klischee,,,user-provided dataset,,draft
4039,word,die Obdachlosigkeit,homelessness,homelessness,Die Stadt versucht, die Obdachlosigkeit im Winter zu bekämpfen.,The city is trying to combat homelessness in winter.,B2-C1,noun,3,medium,,,,,formal,,society;social_issues,poverty;housing,f,Obdachlosigkeit,Obdachlosigkeit,false,false,,,,,,Obdachlosigkeit bekämpfen; von Obdachlosigkeit betroffen sein,Hauslosigkeit,,,user-provided dataset,,draft
4040,phrase,der soziale Aufstieg,social advancement,social advancement,Bildung ist oft der Schlüssel für einen sozialen Aufstieg.,Education is often the key to social advancement.,B2-C1,phrase,3,medium,,,,,formal,,society;education,social_mobility;career,m,soziale Aufstiege,sozialen Aufstiegs,false,false,,,,,,sozialer Aufstieg; sozialen Aufstieg ermöglichen,Aufstieg,,,user-provided dataset,,draft
4041,word,der Reichtum,wealth / riches,wealth,Reichtum allein macht nicht unbedingt glücklich.,Wealth alone does not necessarily make one happy.,B2, noun,4,high,,,,,neutral,,finance;society,wealth;money,m,Reichtümer,Reichtums,false,false,,,,,,großer Reichtum; materieller Reichtum,Vermögen,Armut,,user-provided dataset,,draft
4042,word,der Verbraucher / Konsument,consumer,consumer,Verbraucher achten heute verstärkt auf nachhaltige Produkte.,Consumers are paying more attention to sustainable products today.,B2,noun,4,high,,,,,formal,,business;shopping,consumer;market,m,Verbraucher;Konsumenten,Verbrauchers;Konsumenten,false,false,,,,,,Verbraucher schützen; Konsumverhalten, Kunde,,,user-provided dataset,,draft
4043,word,der Bedarf / das Bedürfnis,demand / need,need,Es gibt einen großen Bedarf an bezahlbarem Wohnraum.,There is a great need for affordable housing.,B2,noun,5,very_high,,,,,neutral,,business;society,need;demand,m/n,Bedarfe; Bedürfnisse,Bedarfs; Bedürfnisses,false,false,,,,,,Bedarf an etwas haben; ein Bedürfnis haben,Notwendigkeit,,,user-provided dataset,,draft
4044,word,das Konsumverhalten,consumer behavior,consumer behavior,Das Konsumverhalten hat sich durch das Internet stark verändert.,Consumer behavior has changed significantly due to the internet.,B2-C1,noun,3,medium,,,,,academic,,business;economics,consumption;behavior,n,Konsumverhalten,Konsumverhaltens,false,false,,,,,,Konsumverhalten analysieren; Konsumverhalten verändern,Konsumverhalten,,,user-provided dataset,,draft
4045,word,der Werbespot / das Plakat,commercial / poster,commercial / poster,Der neue Werbespot im Fernsehen ist sehr lustig gemacht.,The new commercial on TV is made very humorously.,B2,noun,4,high,,,,,neutral,,marketing;media,advertising;promotion,m/n,Werbespots; Plakate,Werbespots; Plakats,false,false,,,,,,Werbespot im Fernsehen; Plakat aufhängen,Werbung,,,user-provided dataset,,draft
4046,word,die Markenbindung,brand loyalty,brand loyalty,Eine hohe Markenbindung ist für Unternehmen sehr wertvoll.,High brand loyalty is very valuable for companies.,B2-C1,noun,3,medium,,,,,business,,marketing;business,brand;loyalty,f,Markenbindungen,Markenbindung,false,false,,,,,,Markenbindung stärken; hohe Markenbindung,Kundenbindung,,,user-provided dataset,,draft
4047,word,das Markenbewusstsein,brand awareness,brand awareness,Bei Jugendlichen ist das Markenbewusstsein oft sehr ausgeprägt.,Brand awareness is often very pronounced among young people.,B2-C1,noun,3,medium,,,,,business,,marketing;consumer,brand;awareness,n,Markenbewusstsein,Markenbewusstseins,false,false,,,,,,Markenbewusstsein stärken; ausgeprägtes Markenbewusstsein,,,user-provided dataset,,draft
4048,word,die Preisgestaltung,pricing / price structure,pricing,Die Preisgestaltung der neuen Kollektion ist recht exklusiv.,The pricing of the new collection is quite exclusive.,B2-C1,noun,3,medium,,,,,business,,business;marketing,pricing;strategy,f,Preisgestaltungen,Preisgestaltung,false,false,,,,,,Preisgestaltung optimieren; flexible Preisgestaltung,Preispolitik,,,user-provided dataset,,draft
4049,word,der Preisvergleich,price comparison,price comparison,Ein kurzer Preisvergleich im Internet kann viel Geld sparen.,A short price comparison on the internet can save a lot of money.,B2,noun,3,medium,,,,,neutral,,shopping;finance,comparison;prices,m,Preisvergleiche,Preisvergleichs,false,false,,,,,,Preisvergleich durchführen; online Preisvergleich,,,user-provided dataset,,draft
4050,verb,reduzieren,to reduce / cut,to reduce,Wir müssen unsere Ausgaben für Luxusgüter reduzieren.,We must reduce our expenses for luxury goods.,B2,verb,5,very_high,,,,,neutral,,finance;business,costs;reduction,,,,false,false,haben,reduziert,reduzierte,reduziert,Akk,Kosten reduzieren; Ausgaben reduzieren,verringern,erhöhen,,user-provided dataset,,draft
4051,word,das Sonderangebot,special offer / sale,special offer,Ich habe diese Schuhe als Sonderangebot gekauft.,I bought these shoes as a special offer.,B2,noun,4,high,,,,,neutral,,shopping;retail,discount;promotion,n,Sonderangebote,Sonderangebots,false,false,,,,,,im Sonderangebot sein; Sonderangebot kaufen,Angebot,,,user-provided dataset,,draft
4052,word,das Schnäppchen,bargain,bargain,Auf dem Flohmarkt habe ich ein echtes Schnäppchen gemacht.,I got a real bargain at the flea market.,B2,noun,4,high,,,,,informal,,shopping;finance,bargain;price,n,Schnäppchen,Schnäppchens,false,false,,,,,,ein Schnäppchen machen; echtes Schnäppchen,Sonderangebot,,,user-provided dataset,,draft
4053,word,der Kaufrausch,shopping spree,shopping frenzy,In der Weihnachtszeit verfallen viele Menschen in einen Kaufrausch.,During the Christmas season many people fall into a shopping frenzy.,B2-C1,noun,3,medium,,,,,informal,,shopping;psychology,consumption;impulse,m,Kaufrausche,Kaufrauschs,false,false,,,,,,in einen Kaufrausch geraten; Kaufrausch bekommen,Kaufwut,,,user-provided dataset,,draft
4054,word,die Kaufkraft,purchasing power,purchasing power,Durch die Inflation sinkt die Kaufkraft der Bevölkerung.,Due to inflation the purchasing power of the population is falling.,B2-C1,noun,4,high,,,,,economic,,economics;finance,income;inflation,f,Kaufkräfte,Kaufkraft,false,false,,,,,,Kaufkraft sinkt; Kaufkraft stärken,Kaufkraft,,,user-provided dataset,,draft
4055,word,das Zahlungsmittel,means of payment,means of payment,Kreditkarten sind ein weltweit akzeptiertes Zahlungsmittel.,Credit cards are a globally accepted means of payment.,B2,noun,3,medium,,,,,formal,,finance;banking,payment;money,n,Zahlungsmittel,Zahlungsmittels,false,false,,,,,,Zahlungsmittel verwenden; digitales Zahlungsmittel,Zahlungsart,,,user-provided dataset,,draft
4056,verb,zunehmen / abnehmen,to increase / decrease,to increase / decrease,Die Zahl der Teilnehmer nimmt stetig zu.,The number of participants is steadily increasing.,B2,verb,5,very_high,,,,,neutral,,general;statistics,increase;decrease,,,,false,true,haben,nimmt zu; nimmt ab,nahm zu; nahm ab,zugenommen; abgenommen,Nom,stetig zunehmen; deutlich abnehmen,steigen; sinken,,,user-provided dataset,,draft
4057,verb,anfallen,to arise / accrue,to accrue,Bei der Arbeit fallen viele Überstunden an.,Many overtime hours accrue at work.,B2,verb,4,high,,,,,neutral,,work;finance,costs;hours,,,,false,true,sein,fällt an,fiel an,angefallen,etwas fällt an,Kosten fallen an; Überstunden fallen an,entstehen,,,user-provided dataset,,draft
4058,verb,ausgehen (von),to assume / originate,to assume,Ich gehe davon aus, dass wir pünktlich fertig werden.,I assume that we will finish on time.,B2,verb,5,very_high,,,,,neutral,,general;business,assumption;reasoning,,,,false,true,sein,geht aus,ging aus,ausgegangen,von + Dat,ich gehe davon aus; von etwas ausgehen,annehmen,,,user-provided dataset,,draft
4059,verb,einsetzen,to use / deploy,to deploy,Wir setzen eine neue Software ein.,We are using new software.,B2,verb,5,very_high,,,,,neutral,,technology;business,software;deployment,,,,false,true,haben,setzt ein,setzte ein,eingesetzt,Akk,Software einsetzen; Mitarbeiter einsetzen,verwenden,,,user-provided dataset,,draft
4060,verb,feststellen,to determine / realize,to determine,Der Arzt konnte keine Krankheit feststellen.,The doctor could not determine any illness.,B2,verb,5,very_high,,,,,neutral,,health;general,diagnosis;finding,,,,false,false,haben,stellt fest,stellte fest,festgestellt,Akk,einen Fehler feststellen; eine Krankheit feststellen,ermitteln,,,user-provided dataset,,draft
4061,verb,untergehen,to go down / set / sink,to sink,Das Schiff ist im Sturm untergegangen.,The ship sank in the storm.,B2,verb,4,high,,,,,neutral,,weather;transport,ship;sun,,,,false,true,sein,geht unter,ging unter,untergegangen,Nom,Schiff geht unter; Sonne geht unter,versinken,,,user-provided dataset,,draft
4062,verb,zustehen,to be entitled to,to be entitled to,Diese Entschädigung steht Ihnen rechtlich zu.,You are legally entitled to this compensation.,B2,verb,3,medium,,,,,formal,,law;finance,rights;entitlement,,,,false,false,haben,steht zu,stand zu,zustehen,Dat,jemandem zustehen; rechtlich zustehen,gebühren,,,user-provided dataset,,draft
4063,verb,zurückziehen,to withdraw / retract,to withdraw,Er hat sein Angebot kurzfristig zurückgezogen.,He withdrew his offer at short notice.,B2,verb,4,high,,,,,neutral,,business;general,withdrawal;offer,,,,false,true,haben,zieht zurück,zog zurück,zurückgezogen,Akk,Angebot zurückziehen; Antrag zurückziehen,aufheben,,,user-provided dataset,,draft
4064,verb,anfordern,to request,to request,Sie können die Unterlagen per E-Mail anfordern.,You can request the documents by email.,B2,verb,3,medium,,,,,formal,,business;administration,documents;request,,,,false,false,haben,fordert an,forderte an,angefordert,Akk,Unterlagen anfordern; Informationen anfordern,beantragen,,,user-provided dataset,,draft
4065,verb,beitragen (zu),to contribute to,to contribute, Jeder kann zum Umweltschutz beitragen.,Everyone can contribute to environmental protection.,B2,verb,4,high,,,,,neutral,,society;environment,contribution;environment,,,,false,false,haben,trägt bei,trug bei,beigetragen,zu + Dat,zu etwas beitragen; Beitrag leisten,mitwirken,,,user-provided dataset,,draft
4066,verb,vorgehen (gegen),to proceed / take action against,to take action against,Die Polizei geht gegen den Lärm vor.,The police are taking action against the noise.,B2,verb,4,high,,,,,formal,,law;conflict,action;procedure,,,,false,true,sein,geht vor,ging vor,vorgegangen,gegen + Akk,gegen etwas vorgehen,handeln,,,user-provided dataset,,draft
4067,verb,zusammenfassen,to summarize,to summarize,Können Sie die Ergebnisse kurz zusammenfassen?,Can you briefly summarize the results?,B2,verb,4,high,,,,,academic,,education;business,summary;reporting,,,,false,true,haben,fässt zusammen,fasste zusammen,zusammengefasst,Akk,Ergebnisse zusammenfassen; Text zusammenfassen,resümieren,,,user-provided dataset,,draft
4068,verb,einhalten,to keep / comply with,to comply with,Wir müssen die Frist unbedingt einhalten.,We must absolutely meet the deadline.,B2,verb,5,very_high,,,,,formal,,business;law,deadline;rules,,,,false,true,haben,hält ein,hielt ein,eingehalten,Akk,Frist einhalten; Regeln einhalten,beachten,,,user-provided dataset,,draft
4069,verb,mitteilen,to inform / announce,to inform,Der Chef teilte uns die Neuigkeiten gestern mit.,The boss informed us of the news yesterday.,B2,verb,5,very_high,,,,,formal,,business;communication,information;announcement,,,,false,true,haben,teilt mit,teilte mit,mitgeteilt,Dat + Akk,jmdm. etwas mitteilen; schriftlich mitteilen,informieren,,,user-provided dataset,,draft
4070,verb,aufzeigen,to point out / show,to point out,Die Studie zeigt neue Möglichkeiten auf.,The study points out new possibilities.,B2,verb,4,high,,,,,formal,,academic;business,analysis;findings,,,,false,true,haben,zeigt auf,zeigte auf,aufgezeigt,Akk,Möglichkeiten aufzeigen; Probleme aufzeigen,darstellen,,,user-provided dataset,,draft
4071,verb,nachweisen,to prove / verify,to prove,Die Echtheit wurde im Labor nachgewiesen.,The authenticity was proven in the laboratory.,B2-C1,verb,4,high,,,,,formal,,science;law,evidence;verification,,,,false,false,haben,weist nach,wies nach,nachgewiesen,Akk,Echtheit nachweisen; Schuld nachweisen,belegen,,,user-provided dataset,,draft
4072,verb,nachfragen,to inquire / check,to inquire,Ich muss im Büro nochmal nachfragen.,I have to ask again in the office.,B2,verb,4,high,,,,,neutral,,communication;work,follow_up;question,,,,false,true,haben,fragt nach,fragte nach,nachgefragt,bei + Dat / nach + Dat,noch einmal nachfragen; bei jemandem nachfragen,nachhaken,,,user-provided dataset,,draft
4073,verb,durchsetzen,to enforce / assert,to enforce,Er konnte seinen Willen schließlich durchsetzen.,He was finally able to enforce his will.,B2,verb,4,high,,,,,neutral,,business;conflict,assertion;enforcement,,,,false,true,haben,setzt durch,setzte durch,durchgesetzt,Akk,seinen Willen durchsetzen; eine Regel durchsetzen,sich behaupten,,,user-provided dataset,,draft
4074,phrase,unter Druck stehen,to be under pressure,to be under pressure,Er steht bei der Arbeit ständig unter Druck.,He is constantly under pressure at work.,B2,phrase,4,high,,,,,neutral,,work;emotion,pressure;stress,,,,,,,,unter großem Druck stehen; unter Zeitdruck stehen,,,user-provided dataset,,draft
4075,adjective,verängstigt,frightened / scared,frightened,Das kleine Kind wirkte sehr verängstigt.,The small child seemed very frightened.,B2,adjective,3,medium,,,,,neutral,,emotion;children,fear;emotion,,,,,,,,verängstigtes Kind; verängstigt wirken,ängstlich,,,user-provided dataset,,draft
4076,word,der Selbstzweifel,self-doubt,self-doubt,Selbstzweifel können den Fortschritt behindern.,Self-doubt can hinder progress.,B2-C1,noun,3,medium,,,,,formal,,psychology;emotion,self-confidence;doubt,m,Selbstzweifel,Selbstzweifels,false,false,,,,,,Selbstzweifel haben; Selbstzweifel überwinden,Zweifel,,,user-provided dataset,,draft
4077,word,der Therapeut,therapist,therapist,Der Therapeut hilft ihm, die Krise zu bewältigen.,The therapist helps him overcome the crisis.,B2,noun,4,high,,,,,medical,,health;psychology,therapy;profession,m,Therapeuten,Therapeuten,false,false,,,,,,mit einem Therapeuten sprechen; Therapeut konsultieren,,,user-provided dataset,,draft
4078,adjective,emotional,emotional,emotional,Das war ein sehr emotionaler Moment.,That was a very emotional moment.,B2,adjective,5,very_high,,,,,neutral,,emotion;communication,feelings;reaction,,,,,,,,emotionaler Moment; emotional reagieren,gefühlsbetont,,,user-provided dataset,,draft
4079,adjective,eifersüchtig / neidisch,jealous / envious,jealous / envious,Er ist eifersüchtig auf den Erfolg seines Kollegen.,He is jealous of his colleague's success.,B2,adjective,4,high,,,,,neutral,,emotion;relationships,jealousy;envy,,,,,,,,eifersüchtig auf jemanden sein; neidisch auf jemanden sein,missgünstig,,,user-provided dataset,,draft
4080,adjective,mitfühlend / das Mitgefühl,compassionate / compassion,compassionate / compassion,Sie ist eine sehr mitfühlende Person.,She is a very compassionate person.,B2,adjective/noun,3,medium,,,,,neutral,,emotion;social,empathy;compassion,f,Mitgefühle,Mitgefühls,false,false,,,,,,mitfühlender Mensch; Mitgefühl zeigen,empathisch,,,user-provided dataset,,draft
4081,word,die Reizbarkeit / gereizt,irritability / irritated,irritability / irritated,Schlafmangel führt oft zu erhöhter Reizbarkeit.,Sleep deprivation often leads to increased irritability.,B2,adjective/noun,3,medium,,,,,medical,,health;emotion,irritability;sleep,f,Reizbarkeiten,Reizbarkeit,false,false,,,,,,erhöhte Reizbarkeit; gereizt reagieren,genervt,,,user-provided dataset,,draft
4082,adjective,deprimiert,depressed / down,down / depressed,An grauen Wintertagen fühlen sich viele deprimiert.,On gray winter days many people feel depressed.,B2,adjective,4,high,,,,,neutral,,emotion;health,mood;mental_state,,,,,,,,deprimiert sein; sich deprimiert fühlen,niedergeschlagen,,,user-provided dataset,,draft
4083,word,die Beratung,consultation / counseling,counseling,Ich war heute bei einer professionellen Berufsberatung.,I was at a professional career counseling session today.,B2,noun,5,very_high,,,,,neutral,,work;education,consultation;career,f,Beratungen,Beratung,false,false,,,,,,professionelle Beratung; Beratungsgespräch,Beratung,,,user-provided dataset,,draft
4084,adjective,verletzlich,vulnerable,vulnerable,Jeder Mensch hat eine verletzliche Seite.,Every person has a vulnerable side.,B2-C1,adjective,3,medium,,,,,neutral,,emotion;psychology,vulnerability;emotion,,,,,,,,verletzliche Seite; emotional verletzlich,verwundbar,,,user-provided dataset,,draft
4085,adjective,gefühlsbetont,emotive / sentimental,emotive,Seine Rede war sehr gefühlsbetont.,His speech was very emotional.,B2-C1,adjective,3,medium,,,,,formal,,communication;emotion,speech;emotion,,,,,,,,gefühlsbetonte Rede; gefühlsbetonte Sprache,emotional,,,user-provided dataset,,draft
4086,word,der Neid,envy,envy,Neid ist kein guter Ratgeber.,Envy is not a good counselor.,B2, noun,4,high,,,,,neutral,,emotion;social,envy;comparison,m,Neid,Neides,false,false,,,,,,Neid empfinden; aus Neid handeln,eifersucht,,,user-provided dataset,,draft
4087,adjective,ausgeglichen,balanced / level-headed,balanced,Yoga hilft mir dabei, ausgeglichen zu bleiben.,Yoga helps me to stay balanced.,B2,adjective,4,high,,,,,neutral,,emotion;health,balance;wellbeing,,,,,,,,ausgeglichene Person; ausgeglichen bleiben,unausgeglichen,,,user-provided dataset,,draft
4088,word,die Selbstwahrnehmung,self-perception,self-perception,Eine gesunde Selbstwahrnehmung ist wichtig.,A healthy self-perception is important.,B2-C1,noun,3,medium,,,,,academic,,psychology;health,self-awareness;identity,f,Selbstwahrnehmungen,Selbstwahrnehmung,false,false,,,,,,gesunde Selbstwahrnehmung; Selbstwahrnehmung verbessern,Selbstbild,,,user-provided dataset,,draft
4089,word,die Verabschiedung,farewell / closing,closing,Die Verabschiedung „Mit freundlichen Grüßen“ ist Standard.,The closing “Sincerely” is standard.,B2,noun,3,medium,,,,,formal,,communication;business,letters;farewell,f,Verabschiedungen,Verabschiedung,false,false,,,,,,freundliche Verabschiedung; Verabschiedung am Ende,,,user-provided dataset,,draft
4090,word,die Verwechslung,mix-up / confusion,mix-up,Tut mir leid, das war eine Verwechslung der Namen.,Sorry, that was a mix-up of the names.,B2,noun,4,high,,,,,neutral,,communication;everyday,error;confusion,f,Verwechslungen,Verwechslung,false,false,,,,,,Verwechslung der Namen; es kam zu einer Verwechslung,Verwirrung,,,user-provided dataset,,draft
4091,word,die Beziehungsebene,relationship level,relationship level,Wir verstehen uns auf der Beziehungsebene sehr gut.,We get along very well on the relationship level.,B2-C1,noun,2,less_common,,,,,academic,,communication;psychology,relationships;communication,f,Beziehungsebenen,Beziehungsebene,false,false,,,,,,auf der Beziehungsebene; Sachebene und Beziehungsebene,,,user-provided dataset,,draft
4092,word,die Etikette,etiquette,etiquette,Business-Etikette ist in dieser Firma sehr wichtig.,Business etiquette is very important in this company.,B2-C1,noun,3,medium,,,,,formal,,business;social,etiquette;behavior,f,Etiketten,Etikette,false,false,,,,,,Business-Etikette; Regeln der Etikette,Höflichkeit,,,user-provided dataset,,draft
4093,verb,aufstellen,to establish / set up,to establish,Wir müssen neue Regeln für das Team aufstellen.,We must establish new rules for the team.,B2,verb,4,high,,,,,neutral,,business;organization,rules;setup,,,,false,true,haben,stellt auf,stellte auf,aufgestellt,Akk,Regeln aufstellen; einen Plan aufstellen,festlegen,,,user-provided dataset,,draft
4094,verb,ausarbeiten,to elaborate / work out,to work out,Können Sie den Plan bis morgen genauer ausarbeiten?,Can you work out the plan in more detail by tomorrow?,B2,verb,4,high,,,,,formal,,business;education,planning;detail,,,,false,false,haben,arbeitet aus,arbeitete aus,ausgearbeitet,Akk,einen Plan ausarbeiten; Konzept ausarbeiten,entwickeln,,,user-provided dataset,,draft
4095,verb,eingehen (auf),to address / respond to,to address,Ich möchte kurz auf Ihre Frage eingehen.,I would like to briefly address your question.,B2,verb,5,very_high,,,,,formal,,communication;business,response;discussion,,,,false,true,sein,geht ein,ging ein,eingegangen,auf + Akk,auf eine Frage eingehen; auf Kritik eingehen,beantworten,,,user-provided dataset,,draft
4096,verb,gegenüberstellen,to compare / contrast,to contrast,Man muss die Vor- und Nachteile gegenüberstellen.,One has to contrast the advantages and disadvantages.,B2-C1,verb,3,medium,,,,,academic,,analysis;decision-making,comparison;pros_cons,,,,false,true,haben,stellt gegenüber,stellte gegenüber,gegenübergestellt,Akk,Vor- und Nachteile gegenüberstellen,vergleichen,,,user-provided dataset,,draft
4097,verb,wiederherstellen,to restore / recover,to restore,Er konnte die gelöschten Daten wiederherstellen.,He was able to restore the deleted data.,B2,verb,4,high,,,,,neutral,,technology;data,recovery;restoration,,,,false,true,haben,stellt wieder her,stellte wieder her,wiederhergestellt,Akk,Daten wiederherstellen; System wiederherstellen,rekonstruieren,,,user-provided dataset,,draft
4098,verb,beistehen,to stand by / support,to support,In schwierigen Zeiten muss man einander beistehen.,In difficult times people must stand by one another.,B2-C1,verb,3,medium,,,,,formal,,social;emotion,support;help,,,,false,false,sein,steht bei,stand bei,beigestanden,Dat,jmdm. beistehen; jemandem in schwierigen Zeiten beistehen,helfen,,,user-provided dataset,,draft
4099,verb,hervorgehen,to emerge / result,to emerge,Aus dem Bericht geht hervor, dass wir sparen müssen.,It emerges from the report that we have to save money.,B2-C1,verb,4,high,,,,,formal,,business;academic,reports;results,,,,false,true,sein,geht hervor,ging hervor,hervorgegangen,aus + Dat,aus einem Bericht hervorgehen; daraus hervorgehen,sich ergeben,,,user-provided dataset,,draft
4100,verb,zurücktreten,to resign / step back,to resign,Der Minister ist von seinem Amt zurückgetreten.,The minister resigned from his office.,B2-C1,verb,3,medium,,,,,formal,,politics;work,resignation;withdrawal,,,,false,true,sein,tritt zurück,trat zurück,zurückgetreten,von + Dat,von einem Amt zurücktreten; zurücktreten als,aufhören,,,user-provided dataset,,draft
4101,word,der Kommilitone / die Kommilitonin,fellow student,fellow student,Ich lerne oft zusammen mit meinen Kommilitonen.,I often study together with my fellow students.,B2,noun,3,medium,,,,,academic,,education;university,students;peers,m/f,Kommilitonen; Kommilitoninnen,Kommilitonen; Kommilitonin,false,false,,,,,,mit Kommilitonen lernen; fellow students,,,user-provided dataset,,draft
4102,verb,publizieren,to publish,to publish,Professor Müller hat einen neuen Artikel publiziert.,Professor Müller published a new article.,B2-C1,verb,3,medium,,,,,academic,,education;research,publication;academic,,,,false,false,haben,publiziert,publizierte,publiziert,Akk,einen Artikel publizieren; Forschungsergebnisse publizieren,veröffentlichen,,,user-provided dataset,,draft
4103,word,die Anwesenheitspflicht,mandatory attendance,mandatory attendance,In diesem Seminar herrscht strenge Anwesenheitspflicht.,Strict mandatory attendance applies in this seminar.,B2,noun,3,medium,,,,,formal,,education;university,attendance;seminar,f,Anwesenheitspflichten,Anwesenheitspflicht,false,false,,,,,,strenge Anwesenheitspflicht; Anwesenheitspflicht herrscht,Teilnahmepflicht,,,user-provided dataset,,draft
4104,word,das Vorlesungsverzeichnis,course catalog,course catalog,Schau im Vorlesungsverzeichnis nach den Zeiten.,Look in the course catalog for the times.,B2,noun,3,medium,,,,,academic,,education;university,courses;schedule,n,Vorlesungsverzeichnisse,Vorlesungsverzeichnisses,false,false,,,,,,im Vorlesungsverzeichnis nachsehen; Vorlesungsverzeichnis online,,,user-provided dataset,,draft
4105,word,der Leistungsnachweis,certificate of achievement,academic achievement record,Für das Stipendium brauche ich einen Leistungsnachweis.,I need a certificate of achievement for the scholarship.,B2,noun,3,medium,,,,,academic,,education;university,grades;certification,m,Leistungsnachweise,Leistungsnachweises,false,false,,,,,,Leistungsnachweis erbringen; Leistungsnachweis vorlegen,Nachweis,,,user-provided dataset,,draft
4106,word,die Studienleistung,academic achievement,academic achievement,Ihre Studienleistungen im letzten Semester waren sehr gut.,Her academic achievements in the last semester were very good.,B2,noun,3,medium,,,,,academic,,education;university,academic_work;assessment,f,Studienleistungen,Studienleistung,false,false,,,,,,Studienleistungen erbringen; gute Studienleistungen,,,user-provided dataset,,draft
4107,word,der Betriebsrat,works council,works council,Der Betriebsrat setzt sich für die Rechte der Angestellten ein.,The works council advocates for the rights of the employees.,B2,noun,4,high,,,,,formal,,work;law,employment;representation,m,Betriebsräte,Betriebsrats,false,false,,,,,,Betriebsrat wählen; Betriebsrat setzt sich ein,Arbeitnehmervertretung,,,user-provided dataset,,draft
4108,word,die Zuständigkeit,responsibility / jurisdiction,responsibility,Das fällt leider nicht in meine Zuständigkeit.,That unfortunately does not fall within my responsibility.,B2-C1,noun,4,high,,,,,formal,,business;administration,responsibility;authority,f,Zuständigkeiten,Zuständigkeit,false,false,,,,,,in jemandes Zuständigkeit fallen; Zuständigkeit klären,Verantwortung,,,user-provided dataset,,draft
